solid OpenSCAD_Model
  facet normal 0 -1 0
    outer loop
      vertex -107 -8 -17
      vertex -101.125 -8 5.051442841485013
      vertex -101.25003302429411 -8 5.129193372319273
    endloop
  endfacet
  facet normal 0 -1 0
    outer loop
      vertex -107 -8 -17
      vertex -100.99514955299276 -8 4.982036331551452
      vertex -101.125 -8 5.051442841485013
    endloop
  endfacet
  facet normal 0 -1 0
    outer loop
      vertex -107 -8 -17
      vertex -100.86103772282145 -8 4.921271051849605
      vertex -100.99514955299276 -8 4.982036331551452
    endloop
  endfacet
  facet normal 0 -1 0
    outer loop
      vertex -107 -8 -17
      vertex -100.72323879693211 -8 4.869407208636012
      vertex -100.86103772282145 -8 4.921271051849605
    endloop
  endfacet
  facet normal 0 -1 0
    outer loop
      vertex -107 -8 -17
      vertex -101.6916395668277 -8 5.5164719160248445
      vertex -101.78504501565529 -8 5.630286784730378
    endloop
  endfacet
  facet normal 0 -1 0
    outer loop
      vertex -107 -8 -17
      vertex -101.36971321526963 -8 5.214954984344721
      vertex -101.48352808397516 -8 5.3083604331723
    endloop
  endfacet
  facet normal 0 -1 0
    outer loop
      vertex -107 -8 -17
      vertex -101.59099025766973 -8 5.409009742330268
      vertex -101.6916395668277 -8 5.5164719160248445
    endloop
  endfacet
  facet normal 0 -1 0
    outer loop
      vertex -107 -8 -17
      vertex -101.48352808397516 -8 5.3083604331723
      vertex -101.59099025766973 -8 5.409009742330268
    endloop
  endfacet
  facet normal 0 -1 0
    outer loop
      vertex -107 -8 -17
      vertex -101.78504501565529 -8 5.630286784730378
      vertex -101.87080662768072 -8 5.749966975705895
    endloop
  endfacet
  facet normal 0 -1 0
    outer loop
      vertex -107 -8 -17
      vertex -101.87080662768072 -8 5.749966975705895
      vertex -101.94855715851499 -8 5.875
    endloop
  endfacet
  facet normal 0 -1 0
    outer loop
      vertex -107 -8 -17
      vertex -101.94855715851499 -8 5.875
      vertex -102.01796366844854 -8 6.004850447007247
    endloop
  endfacet
  facet normal 0 -1 0
    outer loop
      vertex -107 -8 -17
      vertex -101.25003302429411 -8 5.129193372319273
      vertex -101.36971321526963 -8 5.214954984344721
    endloop
  endfacet
  facet normal 0 -1 0
    outer loop
      vertex -107 -8 -17
      vertex -100.58234285148067 -8 4.826666890849596
      vertex -100.72323879693211 -8 4.869407208636012
    endloop
  endfacet
  facet normal 0 -1 0
    outer loop
      vertex -107 -8 -17
      vertex -100.43895322453629 -8 4.793233119092731
      vertex -100.58234285148067 -8 4.826666890849596
    endloop
  endfacet
  facet normal 0 -1 0
    outer loop
      vertex -107 -8 -17
      vertex -100.29368393249511 -8 4.769249061908926
      vertex -100.43895322453629 -8 4.793233119092731
    endloop
  endfacet
  facet normal 0 -1 0
    outer loop
      vertex -107 -8 -17
      vertex -100.14715704076782 -8 4.754817422713142
      vertex -100.29368393249511 -8 4.769249061908926
    endloop
  endfacet
  facet normal 0 -1 0
    outer loop
      vertex -107 -8 -17
      vertex -102.01796366844854 -8 6.004850447007247
      vertex -102.0787289481504 -8 6.138962277178548
    endloop
  endfacet
  facet normal 0 -1 0
    outer loop
      vertex -107 -8 -17
      vertex -102.0787289481504 -8 6.138962277178548
      vertex -102.130592791364 -8 6.2767612030678865
    endloop
  endfacet
  facet normal 0 -1 0
    outer loop
      vertex -107 -8 -17
      vertex -102.130592791364 -8 6.2767612030678865
      vertex -102.1733331091504 -8 6.417657148519329
    endloop
  endfacet
  facet normal 0 -1 0
    outer loop
      vertex -107 -8 -17
      vertex -102.1733331091504 -8 6.417657148519329
      vertex -102.20676688090727 -8 6.561046775463711
    endloop
  endfacet
  facet normal 0 -1 0
    outer loop
      vertex -107 -8 -17
      vertex -102.20676688090727 -8 6.561046775463711
      vertex -102.23075093809108 -8 6.706316067504884
    endloop
  endfacet
  facet normal 0 -1 0
    outer loop
      vertex -107 -8 -17
      vertex -102.23075093809108 -8 6.706316067504884
      vertex -102.24518257728685 -8 6.852842959232178
    endloop
  endfacet
  facet normal 0 -1 0
    outer loop
      vertex -107 -8 -17
      vertex -76.2 -8 -3
      vertex -100.14715704076782 -8 4.754817422713142
    endloop
  endfacet
  facet normal 0 -1 0
    outer loop
      vertex -76.2 -8 -3
      vertex -100 -8 4.75
      vertex -100.14715704076782 -8 4.754817422713142
    endloop
  endfacet
  facet normal 0 -1 0
    outer loop
      vertex -76.2 -8 -3
      vertex -99.85284295923218 -8 4.754817422713142
      vertex -100 -8 4.75
    endloop
  endfacet
  facet normal 0 -1 0
    outer loop
      vertex -76.2 -8 -3
      vertex -99.70631606750489 -8 4.769249061908926
      vertex -99.85284295923218 -8 4.754817422713142
    endloop
  endfacet
  facet normal 0 -1 0
    outer loop
      vertex -76.2 -8 -3
      vertex -99.56104677546371 -8 4.793233119092731
      vertex -99.70631606750489 -8 4.769249061908926
    endloop
  endfacet
  facet normal 0 -1 0
    outer loop
      vertex -76.2 -8 -3
      vertex -99.41765714851933 -8 4.826666890849596
      vertex -99.56104677546371 -8 4.793233119092731
    endloop
  endfacet
  facet normal 0 -1 0
    outer loop
      vertex -76.2 -8 -3
      vertex -99.27676120306789 -8 4.869407208636012
      vertex -99.41765714851933 -8 4.826666890849596
    endloop
  endfacet
  facet normal 0 -1 0
    outer loop
      vertex -76.2 -8 -3
      vertex -99.13896227717855 -8 4.921271051849605
      vertex -99.27676120306789 -8 4.869407208636012
    endloop
  endfacet
  facet normal 0 -1 0
    outer loop
      vertex -76.2 -8 -3
      vertex -99.00485044700724 -8 4.982036331551452
      vertex -99.13896227717855 -8 4.921271051849605
    endloop
  endfacet
  facet normal 0 -1 0
    outer loop
      vertex -76.2 -8 -3
      vertex -98.875 -8 5.051442841485013
      vertex -99.00485044700724 -8 4.982036331551452
    endloop
  endfacet
  facet normal 0 -1 0
    outer loop
      vertex -76.2 -8 -3
      vertex -98.74996697570589 -8 5.129193372319273
      vertex -98.875 -8 5.051442841485013
    endloop
  endfacet
  facet normal 0 -1 0
    outer loop
      vertex -76.2 -8 -3
      vertex -98.63028678473037 -8 5.214954984344721
      vertex -98.74996697570589 -8 5.129193372319273
    endloop
  endfacet
  facet normal 0 -1 0
    outer loop
      vertex -76.2 -8 -3
      vertex -98.51647191602484 -8 5.3083604331723
      vertex -98.63028678473037 -8 5.214954984344721
    endloop
  endfacet
  facet normal 0 -1 0
    outer loop
      vertex -76.2 -8 -3
      vertex -98.40900974233027 -8 5.409009742330268
      vertex -98.51647191602484 -8 5.3083604331723
    endloop
  endfacet
  facet normal 0 -1 0
    outer loop
      vertex -76.2 -8 -3
      vertex -98.3083604331723 -8 5.5164719160248445
      vertex -98.40900974233027 -8 5.409009742330268
    endloop
  endfacet
  facet normal 0 -1 0
    outer loop
      vertex -76.2 -8 -3
      vertex -98.21495498434471 -8 5.630286784730378
      vertex -98.3083604331723 -8 5.5164719160248445
    endloop
  endfacet
  facet normal 0 -1 0
    outer loop
      vertex -76.2 -8 -3
      vertex -98.12919337231928 -8 5.749966975705895
      vertex -98.21495498434471 -8 5.630286784730378
    endloop
  endfacet
  facet normal 0 -1 0
    outer loop
      vertex -76.2 -8 -3
      vertex -98.05144284148501 -8 5.875
      vertex -98.12919337231928 -8 5.749966975705895
    endloop
  endfacet
  facet normal 0 -1 0
    outer loop
      vertex -76.2 -8 -3
      vertex -97.98203633155146 -8 6.004850447007247
      vertex -98.05144284148501 -8 5.875
    endloop
  endfacet
  facet normal 0 -1 0
    outer loop
      vertex -76.2 -8 -3
      vertex -97.9212710518496 -8 6.138962277178548
      vertex -97.98203633155146 -8 6.004850447007247
    endloop
  endfacet
  facet normal 0 -1 0
    outer loop
      vertex -76.2 -8 -3
      vertex -97.869407208636 -8 6.2767612030678865
      vertex -97.9212710518496 -8 6.138962277178548
    endloop
  endfacet
  facet normal 0 -1 0
    outer loop
      vertex -76.2 -8 -3
      vertex -97.8266668908496 -8 6.417657148519329
      vertex -97.869407208636 -8 6.2767612030678865
    endloop
  endfacet
  facet normal 0 -1 0
    outer loop
      vertex -76.2 -8 -3
      vertex -97.79323311909273 -8 6.561046775463711
      vertex -97.8266668908496 -8 6.417657148519329
    endloop
  endfacet
  facet normal 0 -1 0
    outer loop
      vertex -102.01796366844854 -8 7.995149552992753
      vertex -101.94855715851499 -8 8.125
      vertex -102.01796366844854 -8 64.00485044700724
    endloop
  endfacet
  facet normal 0 -1 0
    outer loop
      vertex -102.0787289481504 -8 7.861037722821452
      vertex -102.01796366844854 -8 7.995149552992753
      vertex -102.0787289481504 -8 64.13896227717855
    endloop
  endfacet
  facet normal 0 -1 0
    outer loop
      vertex -102.130592791364 -8 7.7232387969321135
      vertex -102.0787289481504 -8 7.861037722821452
      vertex -102.130592791364 -8 64.27676120306789
    endloop
  endfacet
  facet normal 0 -1 0
    outer loop
      vertex -102.1733331091504 -8 7.582342851480671
      vertex -102.130592791364 -8 7.7232387969321135
      vertex -102.1733331091504 -8 64.41765714851933
    endloop
  endfacet
  facet normal 0 -1 0
    outer loop
      vertex -101.87080662768072 -8 8.250033024294105
      vertex -101.78504501565529 -8 8.369713215269622
      vertex -101.87080662768072 -8 63.749966975705895
    endloop
  endfacet
  facet normal 0 -1 0
    outer loop
      vertex -101.94855715851499 -8 8.125
      vertex -101.87080662768072 -8 8.250033024294105
      vertex -101.94855715851499 -8 63.875
    endloop
  endfacet
  facet normal 0 -1 0
    outer loop
      vertex -101.6916395668277 -8 8.483528083975155
      vertex -101.59099025766973 -8 8.590990257669732
      vertex -101.6916395668277 -8 63.51647191602485
    endloop
  endfacet
  facet normal 0 -1 0
    outer loop
      vertex -101.78504501565529 -8 8.369713215269622
      vertex -101.6916395668277 -8 8.483528083975155
      vertex -101.78504501565529 -8 63.63028678473038
    endloop
  endfacet
  facet normal 0 -1 0
    outer loop
      vertex -101.36971321526963 -8 8.785045015655278
      vertex -101.48352808397516 -8 63.308360433172304
      vertex -101.48352808397516 -8 8.6916395668277
    endloop
  endfacet
  facet normal 0 -1 0
    outer loop
      vertex -101.59099025766973 -8 8.590990257669732
      vertex -101.48352808397516 -8 8.6916395668277
      vertex -101.59099025766973 -8 63.40900974233027
    endloop
  endfacet
  facet normal 0 -1 0
    outer loop
      vertex -101.125 -8 8.948557158514987
      vertex -101.25003302429411 -8 63.12919337231927
      vertex -101.25003302429411 -8 8.870806627680727
    endloop
  endfacet
  facet normal 0 -1 0
    outer loop
      vertex -101.25003302429411 -8 8.870806627680727
      vertex -101.36971321526963 -8 63.21495498434472
      vertex -101.36971321526963 -8 8.785045015655278
    endloop
  endfacet
  facet normal 0 -1 0
    outer loop
      vertex -100.86103772282145 -8 9.078728948150395
      vertex -100.99514955299276 -8 62.98203633155145
      vertex -100.99514955299276 -8 9.017963668448548
    endloop
  endfacet
  facet normal 0 -1 0
    outer loop
      vertex -100.99514955299276 -8 9.017963668448548
      vertex -101.125 -8 63.05144284148501
      vertex -101.125 -8 8.948557158514987
    endloop
  endfacet
  facet normal 0 -1 0
    outer loop
      vertex -76.2 -8 114.15
      vertex -100.86103772282145 -8 9.078728948150395
      vertex -100.72323879693211 -8 9.130592791363988
    endloop
  endfacet
  facet normal 0 -1 0
    outer loop
      vertex -76.2 -8 114.15
      vertex -100.72323879693211 -8 9.130592791363988
      vertex -100.58234285148067 -8 9.173333109150404
    endloop
  endfacet
  facet normal 0 -1 0
    outer loop
      vertex -76.2 -8 114.15
      vertex -100.58234285148067 -8 9.173333109150404
      vertex -100.43895322453629 -8 9.206766880907269
    endloop
  endfacet
  facet normal 0 -1 0
    outer loop
      vertex -76.2 -8 114.15
      vertex -100.43895322453629 -8 9.206766880907269
      vertex -100.29368393249511 -8 9.230750938091074
    endloop
  endfacet
  facet normal 0 -1 0
    outer loop
      vertex -76.2 -8 114.15
      vertex -100.29368393249511 -8 9.230750938091074
      vertex -100.14715704076782 -8 9.245182577286858
    endloop
  endfacet
  facet normal 0 -1 0
    outer loop
      vertex -76.2 -8 114.15
      vertex -100.14715704076782 -8 9.245182577286858
      vertex -100 -8 9.25
    endloop
  endfacet
  facet normal 0 -1 0
    outer loop
      vertex -76.2 -8 114.15
      vertex -100 -8 9.25
      vertex -99.85284295923218 -8 9.245182577286858
    endloop
  endfacet
  facet normal 0 -1 0
    outer loop
      vertex -76.2 -8 114.15
      vertex -97.76924906190892 -8 6.706316067504884
      vertex -97.79323311909273 -8 6.561046775463711
    endloop
  endfacet
  facet normal 0 -1 0
    outer loop
      vertex -76.2 -8 114.15
      vertex -97.75481742271315 -8 6.852842959232178
      vertex -97.76924906190892 -8 6.706316067504884
    endloop
  endfacet
  facet normal 0 -1 0
    outer loop
      vertex -76.2 -8 114.15
      vertex -97.75 -8 7
      vertex -97.75481742271315 -8 6.852842959232178
    endloop
  endfacet
  facet normal 0 -1 0
    outer loop
      vertex -76.2 -8 114.15
      vertex -97.75481742271315 -8 7.147157040767822
      vertex -97.75 -8 7
    endloop
  endfacet
  facet normal 0 -1 0
    outer loop
      vertex -76.2 -8 114.15
      vertex -97.76924906190892 -8 7.293683932495116
      vertex -97.75481742271315 -8 7.147157040767822
    endloop
  endfacet
  facet normal 0 -1 0
    outer loop
      vertex -76.2 -8 114.15
      vertex -97.79323311909273 -8 7.438953224536289
      vertex -97.76924906190892 -8 7.293683932495116
    endloop
  endfacet
  facet normal 0 -1 0
    outer loop
      vertex -76.2 -8 114.15
      vertex -97.8266668908496 -8 7.582342851480671
      vertex -97.79323311909273 -8 7.438953224536289
    endloop
  endfacet
  facet normal 0 -1 0
    outer loop
      vertex -76.2 -8 114.15
      vertex -97.869407208636 -8 7.7232387969321135
      vertex -97.8266668908496 -8 7.582342851480671
    endloop
  endfacet
  facet normal 0 -1 0
    outer loop
      vertex -76.2 -8 114.15
      vertex -99.56104677546371 -8 9.206766880907269
      vertex -99.41765714851933 -8 9.173333109150404
    endloop
  endfacet
  facet normal 0 -1 0
    outer loop
      vertex -76.2 -8 114.15
      vertex -99.41765714851933 -8 9.173333109150404
      vertex -99.27676120306789 -8 9.130592791363988
    endloop
  endfacet
  facet normal 0 -1 0
    outer loop
      vertex -76.2 -8 114.15
      vertex -99.27676120306789 -8 9.130592791363988
      vertex -99.13896227717855 -8 9.078728948150395
    endloop
  endfacet
  facet normal 0 -1 0
    outer loop
      vertex -76.2 -8 114.15
      vertex -99.85284295923218 -8 9.245182577286858
      vertex -99.70631606750489 -8 9.230750938091074
    endloop
  endfacet
  facet normal 0 -1 0
    outer loop
      vertex -76.2 -8 114.15
      vertex -99.70631606750489 -8 9.230750938091074
      vertex -99.56104677546371 -8 9.206766880907269
    endloop
  endfacet
  facet normal 0 -1 0
    outer loop
      vertex -76.2 -8 114.15
      vertex -99.13896227717855 -8 9.078728948150395
      vertex -99.00485044700724 -8 9.017963668448548
    endloop
  endfacet
  facet normal 0 -1 0
    outer loop
      vertex -76.2 -8 114.15
      vertex -99.00485044700724 -8 9.017963668448548
      vertex -98.875 -8 8.948557158514987
    endloop
  endfacet
  facet normal 0 -1 0
    outer loop
      vertex -76.2 -8 114.15
      vertex -98.74996697570589 -8 8.870806627680727
      vertex -98.63028678473037 -8 8.785045015655278
    endloop
  endfacet
  facet normal 0 -1 0
    outer loop
      vertex -76.2 -8 114.15
      vertex -98.875 -8 8.948557158514987
      vertex -98.74996697570589 -8 8.870806627680727
    endloop
  endfacet
  facet normal 0 -1 0
    outer loop
      vertex -76.2 -8 114.15
      vertex -97.98203633155146 -8 7.995149552992753
      vertex -97.9212710518496 -8 7.861037722821452
    endloop
  endfacet
  facet normal 0 -1 0
    outer loop
      vertex -76.2 -8 114.15
      vertex -98.05144284148501 -8 8.125
      vertex -97.98203633155146 -8 7.995149552992753
    endloop
  endfacet
  facet normal 0 -1 0
    outer loop
      vertex -76.2 -8 114.15
      vertex -98.12919337231928 -8 8.250033024294105
      vertex -98.05144284148501 -8 8.125
    endloop
  endfacet
  facet normal 0 -1 0
    outer loop
      vertex -76.2 -8 114.15
      vertex -98.40900974233027 -8 8.590990257669732
      vertex -98.3083604331723 -8 8.483528083975155
    endloop
  endfacet
  facet normal 0 -1 0
    outer loop
      vertex -76.2 -8 114.15
      vertex -98.51647191602484 -8 8.6916395668277
      vertex -98.40900974233027 -8 8.590990257669732
    endloop
  endfacet
  facet normal 0 -1 0
    outer loop
      vertex -76.2 -8 114.15
      vertex -98.21495498434471 -8 8.369713215269622
      vertex -98.12919337231928 -8 8.250033024294105
    endloop
  endfacet
  facet normal 0 -1 0
    outer loop
      vertex -76.2 -8 114.15
      vertex -98.3083604331723 -8 8.483528083975155
      vertex -98.21495498434471 -8 8.369713215269622
    endloop
  endfacet
  facet normal 0 -1 0
    outer loop
      vertex -76.2 -8 114.15
      vertex -97.9212710518496 -8 7.861037722821452
      vertex -97.869407208636 -8 7.7232387969321135
    endloop
  endfacet
  facet normal 0 -1 0
    outer loop
      vertex -76.2 -8 114.15
      vertex -98.63028678473037 -8 8.785045015655278
      vertex -98.51647191602484 -8 8.6916395668277
    endloop
  endfacet
  facet normal 0 -1 0
    outer loop
      vertex -76.2 -8 -3
      vertex -76.2 -8 114.15
      vertex -97.79323311909273 -8 6.561046775463711
    endloop
  endfacet
  facet normal 0 -1 0
    outer loop
      vertex -107 -8 -17
      vertex -102.24518257728685 -8 6.852842959232178
      vertex -107 -8 147
    endloop
  endfacet
  facet normal 0 -1 0
    outer loop
      vertex -102.01796366844854 -8 7.995149552992753
      vertex -102.01796366844854 -8 64.00485044700724
      vertex -102.0787289481504 -8 64.13896227717855
    endloop
  endfacet
  facet normal 0 -1 0
    outer loop
      vertex -102.0787289481504 -8 7.861037722821452
      vertex -102.0787289481504 -8 64.13896227717855
      vertex -102.130592791364 -8 64.27676120306789
    endloop
  endfacet
  facet normal 0 -1 0
    outer loop
      vertex -102.1733331091504 -8 7.582342851480671
      vertex -102.20676688090727 -8 64.56104677546371
      vertex -102.23075093809108 -8 64.70631606750489
    endloop
  endfacet
  facet normal 0 -1 0
    outer loop
      vertex -102.1733331091504 -8 7.582342851480671
      vertex -102.23075093809108 -8 64.70631606750489
      vertex -102.24518257728685 -8 64.85284295923218
    endloop
  endfacet
  facet normal 0 -1 0
    outer loop
      vertex -102.130592791364 -8 7.7232387969321135
      vertex -102.130592791364 -8 64.27676120306789
      vertex -102.1733331091504 -8 64.41765714851933
    endloop
  endfacet
  facet normal 0 -1 0
    outer loop
      vertex -102.1733331091504 -8 7.582342851480671
      vertex -102.1733331091504 -8 64.41765714851933
      vertex -102.20676688090727 -8 64.56104677546371
    endloop
  endfacet
  facet normal 0 -1 0
    outer loop
      vertex -101.36971321526963 -8 8.785045015655278
      vertex -101.36971321526963 -8 63.21495498434472
      vertex -101.48352808397516 -8 63.308360433172304
    endloop
  endfacet
  facet normal 0 -1 0
    outer loop
      vertex -101.48352808397516 -8 8.6916395668277
      vertex -101.48352808397516 -8 63.308360433172304
      vertex -101.59099025766973 -8 63.40900974233027
    endloop
  endfacet
  facet normal 0 -1 0
    outer loop
      vertex -101.125 -8 8.948557158514987
      vertex -101.125 -8 63.05144284148501
      vertex -101.25003302429411 -8 63.12919337231927
    endloop
  endfacet
  facet normal 0 -1 0
    outer loop
      vertex -101.25003302429411 -8 8.870806627680727
      vertex -101.25003302429411 -8 63.12919337231927
      vertex -101.36971321526963 -8 63.21495498434472
    endloop
  endfacet
  facet normal 0 -1 0
    outer loop
      vertex -101.78504501565529 -8 8.369713215269622
      vertex -101.78504501565529 -8 63.63028678473038
      vertex -101.87080662768072 -8 63.749966975705895
    endloop
  endfacet
  facet normal 0 -1 0
    outer loop
      vertex -101.87080662768072 -8 8.250033024294105
      vertex -101.87080662768072 -8 63.749966975705895
      vertex -101.94855715851499 -8 63.875
    endloop
  endfacet
  facet normal 0 -1 0
    outer loop
      vertex -101.94855715851499 -8 8.125
      vertex -101.94855715851499 -8 63.875
      vertex -102.01796366844854 -8 64.00485044700724
    endloop
  endfacet
  facet normal 0 -1 0
    outer loop
      vertex -101.59099025766973 -8 8.590990257669732
      vertex -101.59099025766973 -8 63.40900974233027
      vertex -101.6916395668277 -8 63.51647191602485
    endloop
  endfacet
  facet normal 0 -1 0
    outer loop
      vertex -101.6916395668277 -8 8.483528083975155
      vertex -101.6916395668277 -8 63.51647191602485
      vertex -101.78504501565529 -8 63.63028678473038
    endloop
  endfacet
  facet normal 0 -1 0
    outer loop
      vertex -100.99514955299276 -8 9.017963668448548
      vertex -100.99514955299276 -8 62.98203633155145
      vertex -101.125 -8 63.05144284148501
    endloop
  endfacet
  facet normal 0 -1 0
    outer loop
      vertex -100.86103772282145 -8 9.078728948150395
      vertex -100.72323879693211 -8 62.86940720863601
      vertex -100.86103772282145 -8 62.92127105184961
    endloop
  endfacet
  facet normal 0 -1 0
    outer loop
      vertex -100.86103772282145 -8 9.078728948150395
      vertex -100.86103772282145 -8 62.92127105184961
      vertex -100.99514955299276 -8 62.98203633155145
    endloop
  endfacet
  facet normal 0 -1 0
    outer loop
      vertex -100.86103772282145 -8 9.078728948150395
      vertex -100.29368393249511 -8 62.76924906190893
      vertex -100.43895322453629 -8 62.79323311909273
    endloop
  endfacet
  facet normal 0 -1 0
    outer loop
      vertex -100.86103772282145 -8 9.078728948150395
      vertex -100.43895322453629 -8 62.79323311909273
      vertex -100.58234285148067 -8 62.826666890849594
    endloop
  endfacet
  facet normal 0 -1 0
    outer loop
      vertex -100.86103772282145 -8 9.078728948150395
      vertex -100.58234285148067 -8 62.826666890849594
      vertex -100.72323879693211 -8 62.86940720863601
    endloop
  endfacet
  facet normal 0 -1 0
    outer loop
      vertex -100.86103772282145 -8 9.078728948150395
      vertex -100 -8 62.75
      vertex -100.14715704076782 -8 62.754817422713145
    endloop
  endfacet
  facet normal 0 -1 0
    outer loop
      vertex -100.86103772282145 -8 9.078728948150395
      vertex -100.14715704076782 -8 62.754817422713145
      vertex -100.29368393249511 -8 62.76924906190893
    endloop
  endfacet
  facet normal 0 -1 0
    outer loop
      vertex -107 -8 147
      vertex -102.24518257728685 -8 6.852842959232178
      vertex -102.25 -8 7
    endloop
  endfacet
  facet normal 0 -1 0
    outer loop
      vertex -107 -8 147
      vertex -102.25 -8 7
      vertex -102.24518257728685 -8 7.147157040767822
    endloop
  endfacet
  facet normal 0 -1 0
    outer loop
      vertex -107 -8 147
      vertex -102.24518257728685 -8 7.147157040767822
      vertex -102.23075093809108 -8 7.293683932495116
    endloop
  endfacet
  facet normal 0 -1 0
    outer loop
      vertex -107 -8 147
      vertex -102.23075093809108 -8 7.293683932495116
      vertex -102.20676688090727 -8 7.438953224536289
    endloop
  endfacet
  facet normal 0 -1 0
    outer loop
      vertex -107 -8 147
      vertex -102.20676688090727 -8 7.438953224536289
      vertex -102.1733331091504 -8 7.582342851480671
    endloop
  endfacet
  facet normal 0 -1 0
    outer loop
      vertex -100.86103772282145 -8 9.078728948150395
      vertex -99.85284295923218 -8 62.754817422713145
      vertex -100 -8 62.75
    endloop
  endfacet
  facet normal 0 -1 0
    outer loop
      vertex -100.86103772282145 -8 9.078728948150395
      vertex -99.70631606750489 -8 62.76924906190893
      vertex -99.85284295923218 -8 62.754817422713145
    endloop
  endfacet
  facet normal 0 -1 0
    outer loop
      vertex -100.86103772282145 -8 9.078728948150395
      vertex -99.56104677546371 -8 62.79323311909273
      vertex -99.70631606750489 -8 62.76924906190893
    endloop
  endfacet
  facet normal 0 -1 0
    outer loop
      vertex -100.86103772282145 -8 9.078728948150395
      vertex -99.41765714851933 -8 62.826666890849594
      vertex -99.56104677546371 -8 62.79323311909273
    endloop
  endfacet
  facet normal 0 -1 0
    outer loop
      vertex -100.86103772282145 -8 9.078728948150395
      vertex -99.27676120306789 -8 62.86940720863601
      vertex -99.41765714851933 -8 62.826666890849594
    endloop
  endfacet
  facet normal 0 -1 0
    outer loop
      vertex -100.86103772282145 -8 9.078728948150395
      vertex -99.13896227717855 -8 62.92127105184961
      vertex -99.27676120306789 -8 62.86940720863601
    endloop
  endfacet
  facet normal 0 -1 0
    outer loop
      vertex -100.86103772282145 -8 9.078728948150395
      vertex -99.00485044700724 -8 62.98203633155145
      vertex -99.13896227717855 -8 62.92127105184961
    endloop
  endfacet
  facet normal 0 -1 0
    outer loop
      vertex -100.86103772282145 -8 9.078728948150395
      vertex -98.875 -8 63.05144284148501
      vertex -99.00485044700724 -8 62.98203633155145
    endloop
  endfacet
  facet normal 0 -1 0
    outer loop
      vertex -100.86103772282145 -8 9.078728948150395
      vertex -98.74996697570589 -8 63.12919337231927
      vertex -98.875 -8 63.05144284148501
    endloop
  endfacet
  facet normal 0 -1 0
    outer loop
      vertex -100.86103772282145 -8 9.078728948150395
      vertex -98.63028678473037 -8 63.21495498434472
      vertex -98.74996697570589 -8 63.12919337231927
    endloop
  endfacet
  facet normal 0 -1 0
    outer loop
      vertex -100.86103772282145 -8 9.078728948150395
      vertex -98.51647191602484 -8 63.308360433172304
      vertex -98.63028678473037 -8 63.21495498434472
    endloop
  endfacet
  facet normal 0 -1 0
    outer loop
      vertex -100.86103772282145 -8 9.078728948150395
      vertex -98.40900974233027 -8 63.40900974233027
      vertex -98.51647191602484 -8 63.308360433172304
    endloop
  endfacet
  facet normal 0 -1 0
    outer loop
      vertex -100.86103772282145 -8 9.078728948150395
      vertex -98.3083604331723 -8 63.51647191602485
      vertex -98.40900974233027 -8 63.40900974233027
    endloop
  endfacet
  facet normal 0 -1 0
    outer loop
      vertex -100.86103772282145 -8 9.078728948150395
      vertex -98.21495498434471 -8 63.63028678473038
      vertex -98.3083604331723 -8 63.51647191602485
    endloop
  endfacet
  facet normal 0 -1 0
    outer loop
      vertex -100.86103772282145 -8 9.078728948150395
      vertex -98.12919337231928 -8 63.749966975705895
      vertex -98.21495498434471 -8 63.63028678473038
    endloop
  endfacet
  facet normal 0 -1 0
    outer loop
      vertex -100.86103772282145 -8 9.078728948150395
      vertex -98.05144284148501 -8 63.875
      vertex -98.12919337231928 -8 63.749966975705895
    endloop
  endfacet
  facet normal 0 -1 0
    outer loop
      vertex -100.86103772282145 -8 9.078728948150395
      vertex -97.98203633155146 -8 64.00485044700724
      vertex -98.05144284148501 -8 63.875
    endloop
  endfacet
  facet normal 0 -1 0
    outer loop
      vertex -100.86103772282145 -8 9.078728948150395
      vertex -97.9212710518496 -8 64.13896227717855
      vertex -97.98203633155146 -8 64.00485044700724
    endloop
  endfacet
  facet normal 0 -1 0
    outer loop
      vertex -76.2 -8 114.15
      vertex -97.9212710518496 -8 64.13896227717855
      vertex -100.86103772282145 -8 9.078728948150395
    endloop
  endfacet
  facet normal 0 1 0
    outer loop
      vertex -107 0 -17
      vertex -101.125 0 5.051442841485013
      vertex -100.99514955299276 0 4.982036331551452
    endloop
  endfacet
  facet normal 0 1 0
    outer loop
      vertex -107 0 -17
      vertex -101.25003302429411 0 5.129193372319273
      vertex -101.125 0 5.051442841485013
    endloop
  endfacet
  facet normal 0 1 0
    outer loop
      vertex -107 0 -17
      vertex -100.86103772282145 0 4.921271051849605
      vertex -100.72323879693211 0 4.869407208636012
    endloop
  endfacet
  facet normal 0 1 0
    outer loop
      vertex -107 0 -17
      vertex -100.99514955299276 0 4.982036331551452
      vertex -100.86103772282145 0 4.921271051849605
    endloop
  endfacet
  facet normal 0 1 0
    outer loop
      vertex -107 0 -17
      vertex -101.78504501565529 0 5.630286784730378
      vertex -101.6916395668277 0 5.5164719160248445
    endloop
  endfacet
  facet normal 0 1 0
    outer loop
      vertex -107 0 -17
      vertex -101.48352808397516 0 5.3083604331723
      vertex -101.36971321526963 0 5.214954984344721
    endloop
  endfacet
  facet normal 0 1 0
    outer loop
      vertex -107 0 -17
      vertex -101.59099025766973 0 5.409009742330268
      vertex -101.48352808397516 0 5.3083604331723
    endloop
  endfacet
  facet normal 0 1 0
    outer loop
      vertex -107 0 -17
      vertex -101.6916395668277 0 5.5164719160248445
      vertex -101.59099025766973 0 5.409009742330268
    endloop
  endfacet
  facet normal 0 1 0
    outer loop
      vertex -107 0 -17
      vertex -101.87080662768072 0 5.749966975705895
      vertex -101.78504501565529 0 5.630286784730378
    endloop
  endfacet
  facet normal 0 1 0
    outer loop
      vertex -107 0 -17
      vertex -101.94855715851499 0 5.875
      vertex -101.87080662768072 0 5.749966975705895
    endloop
  endfacet
  facet normal 0 1 0
    outer loop
      vertex -107 0 -17
      vertex -102.01796366844854 0 6.004850447007247
      vertex -101.94855715851499 0 5.875
    endloop
  endfacet
  facet normal 0 1 0
    outer loop
      vertex -107 0 -17
      vertex -101.36971321526963 0 5.214954984344721
      vertex -101.25003302429411 0 5.129193372319273
    endloop
  endfacet
  facet normal 0 1 0
    outer loop
      vertex -107 0 -17
      vertex -100.58234285148067 0 4.826666890849596
      vertex -100.43895322453629 0 4.793233119092731
    endloop
  endfacet
  facet normal 0 1 0
    outer loop
      vertex -107 0 -17
      vertex -100.72323879693211 0 4.869407208636012
      vertex -100.58234285148067 0 4.826666890849596
    endloop
  endfacet
  facet normal 0 1 0
    outer loop
      vertex -107 0 -17
      vertex -100.29368393249511 0 4.769249061908926
      vertex -100.14715704076782 0 4.754817422713142
    endloop
  endfacet
  facet normal 0 1 0
    outer loop
      vertex -107 0 -17
      vertex -100.43895322453629 0 4.793233119092731
      vertex -100.29368393249511 0 4.769249061908926
    endloop
  endfacet
  facet normal 0 1 0
    outer loop
      vertex -107 0 -17
      vertex -100.14715704076782 0 4.754817422713142
      vertex -100 0 4.75
    endloop
  endfacet
  facet normal 0 1 0
    outer loop
      vertex -107 0 -17
      vertex -102.0787289481504 0 6.138962277178548
      vertex -102.01796366844854 0 6.004850447007247
    endloop
  endfacet
  facet normal 0 1 0
    outer loop
      vertex -107 0 -17
      vertex -102.130592791364 0 6.2767612030678865
      vertex -102.0787289481504 0 6.138962277178548
    endloop
  endfacet
  facet normal 0 1 0
    outer loop
      vertex -107 0 -17
      vertex -102.1733331091504 0 6.417657148519329
      vertex -102.130592791364 0 6.2767612030678865
    endloop
  endfacet
  facet normal 0 1 0
    outer loop
      vertex -107 0 -17
      vertex -102.20676688090727 0 6.561046775463711
      vertex -102.1733331091504 0 6.417657148519329
    endloop
  endfacet
  facet normal 0 1 0
    outer loop
      vertex -107 0 -17
      vertex -102.23075093809108 0 6.706316067504884
      vertex -102.20676688090727 0 6.561046775463711
    endloop
  endfacet
  facet normal 0 1 0
    outer loop
      vertex -107 0 -17
      vertex -102.24518257728685 0 6.852842959232178
      vertex -102.23075093809108 0 6.706316067504884
    endloop
  endfacet
  facet normal 0 1 0
    outer loop
      vertex -107 0 -17
      vertex -102.25 0 7
      vertex -102.24518257728685 0 6.852842959232178
    endloop
  endfacet
  facet normal 0 1 0
    outer loop
      vertex -107 0 -17
      vertex -102.24518257728685 0 7.147157040767822
      vertex -102.25 0 7
    endloop
  endfacet
  facet normal 0 1 0
    outer loop
      vertex -107 0 -17
      vertex -100 0 4.75
      vertex -73.60000000000001 0 -0.4
    endloop
  endfacet
  facet normal 0 1 0
    outer loop
      vertex -99.85284295923218 0 4.754817422713142
      vertex -73.60000000000001 0 -0.4
      vertex -100 0 4.75
    endloop
  endfacet
  facet normal 0 1 0
    outer loop
      vertex -99.56104677546371 0 4.793233119092731
      vertex -73.60000000000001 0 -0.4
      vertex -99.70631606750489 0 4.769249061908926
    endloop
  endfacet
  facet normal 0 1 0
    outer loop
      vertex -99.70631606750489 0 4.769249061908926
      vertex -73.60000000000001 0 -0.4
      vertex -99.85284295923218 0 4.754817422713142
    endloop
  endfacet
  facet normal 0 1 0
    outer loop
      vertex -99.27676120306789 0 4.869407208636012
      vertex -73.60000000000001 0 -0.4
      vertex -99.41765714851933 0 4.826666890849596
    endloop
  endfacet
  facet normal 0 1 0
    outer loop
      vertex -99.41765714851933 0 4.826666890849596
      vertex -73.60000000000001 0 -0.4
      vertex -99.56104677546371 0 4.793233119092731
    endloop
  endfacet
  facet normal 0 1 0
    outer loop
      vertex -99.00485044700724 0 4.982036331551452
      vertex -73.60000000000001 0 -0.4
      vertex -99.13896227717855 0 4.921271051849605
    endloop
  endfacet
  facet normal 0 1 0
    outer loop
      vertex -99.13896227717855 0 4.921271051849605
      vertex -73.60000000000001 0 -0.4
      vertex -99.27676120306789 0 4.869407208636012
    endloop
  endfacet
  facet normal 0 1 0
    outer loop
      vertex -98.875 0 5.051442841485013
      vertex -73.60000000000001 0 -0.4
      vertex -99.00485044700724 0 4.982036331551452
    endloop
  endfacet
  facet normal 0 1 0
    outer loop
      vertex -98.63028678473037 0 5.214954984344721
      vertex -73.60000000000001 0 -0.4
      vertex -98.74996697570589 0 5.129193372319273
    endloop
  endfacet
  facet normal 0 1 0
    outer loop
      vertex -98.74996697570589 0 5.129193372319273
      vertex -73.60000000000001 0 -0.4
      vertex -98.875 0 5.051442841485013
    endloop
  endfacet
  facet normal 0 1 0
    outer loop
      vertex -98.40900974233027 0 5.409009742330268
      vertex -73.60000000000001 0 -0.4
      vertex -98.51647191602484 0 5.3083604331723
    endloop
  endfacet
  facet normal 0 1 0
    outer loop
      vertex -98.51647191602484 0 5.3083604331723
      vertex -73.60000000000001 0 -0.4
      vertex -98.63028678473037 0 5.214954984344721
    endloop
  endfacet
  facet normal 0 1 0
    outer loop
      vertex -107 0 -17
      vertex -102.23075093809108 0 64.70631606750489
      vertex -102.24518257728685 0 7.147157040767822
    endloop
  endfacet
  facet normal 0 1 0
    outer loop
      vertex -98.40900974233027 0 5.409009742330268
      vertex -98.3083604331723 0 5.5164719160248445
      vertex -73.60000000000001 0 -0.4
    endloop
  endfacet
  facet normal 0 1 0
    outer loop
      vertex -98.21495498434471 0 5.630286784730378
      vertex -98.12919337231928 0 5.749966975705895
      vertex -73.60000000000001 0 -0.4
    endloop
  endfacet
  facet normal 0 1 0
    outer loop
      vertex -98.3083604331723 0 5.5164719160248445
      vertex -98.21495498434471 0 5.630286784730378
      vertex -73.60000000000001 0 -0.4
    endloop
  endfacet
  facet normal 0 1 0
    outer loop
      vertex -98.12919337231928 0 5.749966975705895
      vertex -98.05144284148501 0 5.875
      vertex -73.60000000000001 0 -0.4
    endloop
  endfacet
  facet normal 0 1 0
    outer loop
      vertex -98.05144284148501 0 5.875
      vertex -97.98203633155146 0 6.004850447007247
      vertex -73.60000000000001 0 -0.4
    endloop
  endfacet
  facet normal 0 1 0
    outer loop
      vertex -97.98203633155146 0 6.004850447007247
      vertex -97.9212710518496 0 6.138962277178548
      vertex -73.60000000000001 0 -0.4
    endloop
  endfacet
  facet normal 0 1 0
    outer loop
      vertex -97.869407208636 0 6.2767612030678865
      vertex -97.8266668908496 0 6.417657148519329
      vertex -73.60000000000001 0 -0.4
    endloop
  endfacet
  facet normal 0 1 0
    outer loop
      vertex -97.9212710518496 0 6.138962277178548
      vertex -97.869407208636 0 6.2767612030678865
      vertex -73.60000000000001 0 -0.4
    endloop
  endfacet
  facet normal 0 1 0
    outer loop
      vertex -97.79323311909273 0 6.561046775463711
      vertex -97.76924906190892 0 6.706316067504884
      vertex -73.60000000000001 0 -0.4
    endloop
  endfacet
  facet normal 0 1 0
    outer loop
      vertex -97.8266668908496 0 6.417657148519329
      vertex -97.79323311909273 0 6.561046775463711
      vertex -73.60000000000001 0 -0.4
    endloop
  endfacet
  facet normal 0 1 0
    outer loop
      vertex -97.76924906190892 0 6.706316067504884
      vertex -97.75481742271315 0 6.852842959232178
      vertex -73.60000000000001 0 -0.4
    endloop
  endfacet
  facet normal 0 1 0
    outer loop
      vertex -97.75 0 7
      vertex -97.75481742271315 0 7.147157040767822
      vertex -73.60000000000001 0 -0.4
    endloop
  endfacet
  facet normal 0 1 0
    outer loop
      vertex -97.75481742271315 0 6.852842959232178
      vertex -97.75 0 7
      vertex -73.60000000000001 0 -0.4
    endloop
  endfacet
  facet normal 0 1 0
    outer loop
      vertex -97.76924906190892 0 7.293683932495116
      vertex -97.79323311909273 0 7.438953224536289
      vertex -73.60000000000001 0 -0.4
    endloop
  endfacet
  facet normal 0 1 0
    outer loop
      vertex -97.75481742271315 0 7.147157040767822
      vertex -97.76924906190892 0 7.293683932495116
      vertex -73.60000000000001 0 -0.4
    endloop
  endfacet
  facet normal 0 1 0
    outer loop
      vertex -97.98203633155146 0 7.995149552992753
      vertex -98.05144284148501 0 8.125
      vertex -73.60000000000001 0 -0.4
    endloop
  endfacet
  facet normal 0 1 0
    outer loop
      vertex -98.12919337231928 0 8.250033024294105
      vertex -98.21495498434471 0 8.369713215269622
      vertex -73.60000000000001 0 -0.4
    endloop
  endfacet
  facet normal 0 1 0
    outer loop
      vertex -98.05144284148501 0 8.125
      vertex -98.12919337231928 0 8.250033024294105
      vertex -73.60000000000001 0 -0.4
    endloop
  endfacet
  facet normal 0 1 0
    outer loop
      vertex -97.79323311909273 0 7.438953224536289
      vertex -97.8266668908496 0 7.582342851480671
      vertex -73.60000000000001 0 -0.4
    endloop
  endfacet
  facet normal 0 1 0
    outer loop
      vertex -97.869407208636 0 7.7232387969321135
      vertex -97.9212710518496 0 7.861037722821452
      vertex -73.60000000000001 0 -0.4
    endloop
  endfacet
  facet normal 0 1 0
    outer loop
      vertex -97.8266668908496 0 7.582342851480671
      vertex -97.869407208636 0 7.7232387969321135
      vertex -73.60000000000001 0 -0.4
    endloop
  endfacet
  facet normal 0 1 0
    outer loop
      vertex -97.9212710518496 0 7.861037722821452
      vertex -97.98203633155146 0 7.995149552992753
      vertex -73.60000000000001 0 -0.4
    endloop
  endfacet
  facet normal 0 1 0
    outer loop
      vertex -98.21495498434471 0 8.369713215269622
      vertex -98.21495498434471 0 63.63028678473038
      vertex -73.60000000000001 0 -0.4
    endloop
  endfacet
  facet normal 0 1 0
    outer loop
      vertex -107 0 -17
      vertex -73.60000000000001 0 -0.4
      vertex -38.45000000000001 0 -0.4
    endloop
  endfacet
  facet normal 0 1 0
    outer loop
      vertex -107 0 -17
      vertex -38.45000000000001 0 -0.4
      vertex -36.25 0 -0.4
    endloop
  endfacet
  facet normal -1 0 0
    outer loop
      vertex -107 -8 -17
      vertex -107 0 147
      vertex -107 0 -17
    endloop
  endfacet
  facet normal 0 1 0
    outer loop
      vertex -102.23075093809108 0 7.293683932495116
      vertex -102.24518257728685 0 7.147157040767822
      vertex -102.23075093809108 0 64.70631606750489
    endloop
  endfacet
  facet normal 0 1 0
    outer loop
      vertex -102.20676688090727 0 7.438953224536289
      vertex -102.23075093809108 0 7.293683932495116
      vertex -102.20676688090727 0 64.56104677546371
    endloop
  endfacet
  facet normal 0 1 0
    outer loop
      vertex -102.130592791364 0 7.7232387969321135
      vertex -102.1733331091504 0 7.582342851480671
      vertex -102.130592791364 0 64.27676120306789
    endloop
  endfacet
  facet normal 0 1 0
    outer loop
      vertex -102.1733331091504 0 7.582342851480671
      vertex -102.20676688090727 0 7.438953224536289
      vertex -102.1733331091504 0 64.41765714851933
    endloop
  endfacet
  facet normal 0 1 0
    outer loop
      vertex -102.01796366844854 0 7.995149552992753
      vertex -102.0787289481504 0 7.861037722821452
      vertex -102.01796366844854 0 64.00485044700724
    endloop
  endfacet
  facet normal 0 1 0
    outer loop
      vertex -102.0787289481504 0 7.861037722821452
      vertex -102.130592791364 0 7.7232387969321135
      vertex -102.0787289481504 0 64.13896227717855
    endloop
  endfacet
  facet normal 0 1 0
    outer loop
      vertex -101.87080662768072 0 8.250033024294105
      vertex -101.94855715851499 0 8.125
      vertex -101.87080662768072 0 63.749966975705895
    endloop
  endfacet
  facet normal 0 1 0
    outer loop
      vertex -101.94855715851499 0 8.125
      vertex -102.01796366844854 0 7.995149552992753
      vertex -101.94855715851499 0 63.875
    endloop
  endfacet
  facet normal 0 1 0
    outer loop
      vertex -101.78504501565529 0 8.369713215269622
      vertex -101.87080662768072 0 8.250033024294105
      vertex -101.78504501565529 0 63.63028678473038
    endloop
  endfacet
  facet normal 0 1 0
    outer loop
      vertex -101.59099025766973 0 8.590990257669732
      vertex -101.6916395668277 0 8.483528083975155
      vertex -101.59099025766973 0 63.40900974233027
    endloop
  endfacet
  facet normal 0 1 0
    outer loop
      vertex -101.6916395668277 0 8.483528083975155
      vertex -101.78504501565529 0 8.369713215269622
      vertex -101.6916395668277 0 63.51647191602485
    endloop
  endfacet
  facet normal 0 1 0
    outer loop
      vertex -101.59099025766973 0 8.590990257669732
      vertex -101.48352808397516 0 63.308360433172304
      vertex -101.48352808397516 0 8.6916395668277
    endloop
  endfacet
  facet normal 0 1 0
    outer loop
      vertex -101.48352808397516 0 8.6916395668277
      vertex -101.36971321526963 0 63.21495498434472
      vertex -101.36971321526963 0 8.785045015655278
    endloop
  endfacet
  facet normal 0 1 0
    outer loop
      vertex -101.25003302429411 0 8.870806627680727
      vertex -101.125 0 63.05144284148501
      vertex -101.125 0 8.948557158514987
    endloop
  endfacet
  facet normal 0 1 0
    outer loop
      vertex -101.36971321526963 0 8.785045015655278
      vertex -101.25003302429411 0 63.12919337231927
      vertex -101.25003302429411 0 8.870806627680727
    endloop
  endfacet
  facet normal 0 1 0
    outer loop
      vertex -101.125 0 8.948557158514987
      vertex -100.99514955299276 0 62.98203633155145
      vertex -100.99514955299276 0 9.017963668448548
    endloop
  endfacet
  facet normal 0 1 0
    outer loop
      vertex -100.86103772282145 0 9.078728948150395
      vertex -100.72323879693211 0 62.86940720863601
      vertex -100.72323879693211 0 9.130592791363988
    endloop
  endfacet
  facet normal 0 1 0
    outer loop
      vertex -100.99514955299276 0 9.017963668448548
      vertex -100.86103772282145 0 62.92127105184961
      vertex -100.86103772282145 0 9.078728948150395
    endloop
  endfacet
  facet normal 0 1 0
    outer loop
      vertex -100.72323879693211 0 9.130592791363988
      vertex -100.58234285148067 0 62.826666890849594
      vertex -100.58234285148067 0 9.173333109150404
    endloop
  endfacet
  facet normal 0 1 0
    outer loop
      vertex -100.43895322453629 0 9.206766880907269
      vertex -100.29368393249511 0 62.76924906190893
      vertex -100.29368393249511 0 9.230750938091074
    endloop
  endfacet
  facet normal 0 1 0
    outer loop
      vertex -100.58234285148067 0 9.173333109150404
      vertex -100.43895322453629 0 62.79323311909273
      vertex -100.43895322453629 0 9.206766880907269
    endloop
  endfacet
  facet normal 0 1 0
    outer loop
      vertex -100.29368393249511 0 9.230750938091074
      vertex -100.14715704076782 0 62.754817422713145
      vertex -100.14715704076782 0 9.245182577286858
    endloop
  endfacet
  facet normal 0 1 0
    outer loop
      vertex -100.14715704076782 0 9.245182577286858
      vertex -100 0 62.75
      vertex -100 0 9.25
    endloop
  endfacet
  facet normal 0 1 0
    outer loop
      vertex -100 0 9.25
      vertex -99.85284295923218 0 62.754817422713145
      vertex -99.85284295923218 0 9.245182577286858
    endloop
  endfacet
  facet normal 0 1 0
    outer loop
      vertex -99.85284295923218 0 9.245182577286858
      vertex -99.70631606750489 0 62.76924906190893
      vertex -99.70631606750489 0 9.230750938091074
    endloop
  endfacet
  facet normal 0 1 0
    outer loop
      vertex -99.70631606750489 0 9.230750938091074
      vertex -99.56104677546371 0 62.79323311909273
      vertex -99.56104677546371 0 9.206766880907269
    endloop
  endfacet
  facet normal 0 1 0
    outer loop
      vertex -99.56104677546371 0 9.206766880907269
      vertex -99.41765714851933 0 62.826666890849594
      vertex -99.41765714851933 0 9.173333109150404
    endloop
  endfacet
  facet normal 0 1 0
    outer loop
      vertex -99.41765714851933 0 9.173333109150404
      vertex -99.27676120306789 0 62.86940720863601
      vertex -99.27676120306789 0 9.130592791363988
    endloop
  endfacet
  facet normal 0 1 0
    outer loop
      vertex -99.27676120306789 0 9.130592791363988
      vertex -99.13896227717855 0 62.92127105184961
      vertex -99.13896227717855 0 9.078728948150395
    endloop
  endfacet
  facet normal 0 1 0
    outer loop
      vertex -99.13896227717855 0 9.078728948150395
      vertex -99.00485044700724 0 62.98203633155145
      vertex -99.00485044700724 0 9.017963668448548
    endloop
  endfacet
  facet normal 0 1 0
    outer loop
      vertex -99.00485044700724 0 9.017963668448548
      vertex -98.875 0 63.05144284148501
      vertex -98.875 0 8.948557158514987
    endloop
  endfacet
  facet normal 0 1 0
    outer loop
      vertex -98.875 0 8.948557158514987
      vertex -98.74996697570589 0 63.12919337231927
      vertex -98.74996697570589 0 8.870806627680727
    endloop
  endfacet
  facet normal 0 1 0
    outer loop
      vertex -98.74996697570589 0 8.870806627680727
      vertex -98.63028678473037 0 63.21495498434472
      vertex -98.63028678473037 0 8.785045015655278
    endloop
  endfacet
  facet normal 0 1 0
    outer loop
      vertex -98.3083604331723 0 8.483528083975155
      vertex -98.40900974233027 0 8.590990257669732
      vertex -98.3083604331723 0 63.51647191602485
    endloop
  endfacet
  facet normal 0 1 0
    outer loop
      vertex -98.21495498434471 0 8.369713215269622
      vertex -98.3083604331723 0 8.483528083975155
      vertex -98.21495498434471 0 63.63028678473038
    endloop
  endfacet
  facet normal 0 1 0
    outer loop
      vertex -98.63028678473037 0 8.785045015655278
      vertex -98.51647191602484 0 63.308360433172304
      vertex -98.51647191602484 0 8.6916395668277
    endloop
  endfacet
  facet normal 0 1 0
    outer loop
      vertex -98.51647191602484 0 8.6916395668277
      vertex -98.40900974233027 0 63.40900974233027
      vertex -98.40900974233027 0 8.590990257669732
    endloop
  endfacet
  facet normal 0 1 0
    outer loop
      vertex -107 0 -17
      vertex -102.24518257728685 0 64.85284295923218
      vertex -102.23075093809108 0 64.70631606750489
    endloop
  endfacet
  facet normal 0 1 0
    outer loop
      vertex -107 0 -17
      vertex -102.24518257728685 0 65.14715704076782
      vertex -102.25 0 65
    endloop
  endfacet
  facet normal 0 1 0
    outer loop
      vertex -107 0 -17
      vertex -102.25 0 65
      vertex -102.24518257728685 0 64.85284295923218
    endloop
  endfacet
  facet normal 0 1 0
    outer loop
      vertex -73.60000000000001 0 -0.4
      vertex -98.12919337231928 0 63.749966975705895
      vertex -98.05144284148501 0 63.875
    endloop
  endfacet
  facet normal 0 1 0
    outer loop
      vertex -73.60000000000001 0 -0.4
      vertex -98.21495498434471 0 63.63028678473038
      vertex -98.12919337231928 0 63.749966975705895
    endloop
  endfacet
  facet normal 0 1 0
    outer loop
      vertex -73.60000000000001 0 -0.4
      vertex -98.05144284148501 0 63.875
      vertex -97.98203633155146 0 64.00485044700724
    endloop
  endfacet
  facet normal 0 1 0
    outer loop
      vertex -73.60000000000001 0 -0.4
      vertex -97.9212710518496 0 64.13896227717855
      vertex -97.869407208636 0 64.27676120306789
    endloop
  endfacet
  facet normal 0 1 0
    outer loop
      vertex -73.60000000000001 0 -0.4
      vertex -97.98203633155146 0 64.00485044700724
      vertex -97.9212710518496 0 64.13896227717855
    endloop
  endfacet
  facet normal 0 1 0
    outer loop
      vertex -73.60000000000001 0 -0.4
      vertex -97.8266668908496 0 64.41765714851933
      vertex -97.79323311909273 0 64.56104677546371
    endloop
  endfacet
  facet normal 0 1 0
    outer loop
      vertex -73.60000000000001 0 -0.4
      vertex -97.869407208636 0 64.27676120306789
      vertex -97.8266668908496 0 64.41765714851933
    endloop
  endfacet
  facet normal 0 1 0
    outer loop
      vertex -73.60000000000001 0 -0.4
      vertex -97.76924906190892 0 64.70631606750489
      vertex -97.75481742271315 0 64.85284295923218
    endloop
  endfacet
  facet normal 0 1 0
    outer loop
      vertex -73.60000000000001 0 -0.4
      vertex -97.79323311909273 0 64.56104677546371
      vertex -97.76924906190892 0 64.70631606750489
    endloop
  endfacet
  facet normal 0 1 0
    outer loop
      vertex -73.60000000000001 0 -0.4
      vertex -97.75481742271315 0 64.85284295923218
      vertex -97.75 0 65
    endloop
  endfacet
  facet normal 0 1 0
    outer loop
      vertex -73.60000000000001 0 -0.4
      vertex -97.75481742271315 0 65.14715704076782
      vertex -97.76924906190892 0 65.29368393249511
    endloop
  endfacet
  facet normal 0 1 0
    outer loop
      vertex -73.60000000000001 0 -0.4
      vertex -97.75 0 65
      vertex -97.75481742271315 0 65.14715704076782
    endloop
  endfacet
  facet normal 0 1 0
    outer loop
      vertex -73.60000000000001 0 -0.4
      vertex -97.76924906190892 0 65.29368393249511
      vertex -97.79323311909273 0 65.43895322453629
    endloop
  endfacet
  facet normal 0 1 0
    outer loop
      vertex -73.60000000000001 0 -0.4
      vertex -97.8266668908496 0 65.58234285148067
      vertex -97.869407208636 0 65.72323879693211
    endloop
  endfacet
  facet normal 0 1 0
    outer loop
      vertex -73.60000000000001 0 -0.4
      vertex -97.79323311909273 0 65.43895322453629
      vertex -97.8266668908496 0 65.58234285148067
    endloop
  endfacet
  facet normal 0 1 0
    outer loop
      vertex -102.01796366844854 0 7.995149552992753
      vertex -102.01796366844854 0 64.00485044700724
      vertex -101.94855715851499 0 63.875
    endloop
  endfacet
  facet normal 0 1 0
    outer loop
      vertex -102.0787289481504 0 7.861037722821452
      vertex -102.0787289481504 0 64.13896227717855
      vertex -102.01796366844854 0 64.00485044700724
    endloop
  endfacet
  facet normal 0 1 0
    outer loop
      vertex -102.130592791364 0 7.7232387969321135
      vertex -102.130592791364 0 64.27676120306789
      vertex -102.0787289481504 0 64.13896227717855
    endloop
  endfacet
  facet normal 0 1 0
    outer loop
      vertex -102.1733331091504 0 7.582342851480671
      vertex -102.1733331091504 0 64.41765714851933
      vertex -102.130592791364 0 64.27676120306789
    endloop
  endfacet
  facet normal 0 1 0
    outer loop
      vertex -102.20676688090727 0 7.438953224536289
      vertex -102.20676688090727 0 64.56104677546371
      vertex -102.1733331091504 0 64.41765714851933
    endloop
  endfacet
  facet normal 0 1 0
    outer loop
      vertex -102.23075093809108 0 7.293683932495116
      vertex -102.23075093809108 0 64.70631606750489
      vertex -102.20676688090727 0 64.56104677546371
    endloop
  endfacet
  facet normal 0 1 0
    outer loop
      vertex -101.6916395668277 0 8.483528083975155
      vertex -101.6916395668277 0 63.51647191602485
      vertex -101.59099025766973 0 63.40900974233027
    endloop
  endfacet
  facet normal 0 1 0
    outer loop
      vertex -101.48352808397516 0 8.6916395668277
      vertex -101.48352808397516 0 63.308360433172304
      vertex -101.36971321526963 0 63.21495498434472
    endloop
  endfacet
  facet normal 0 1 0
    outer loop
      vertex -101.59099025766973 0 8.590990257669732
      vertex -101.59099025766973 0 63.40900974233027
      vertex -101.48352808397516 0 63.308360433172304
    endloop
  endfacet
  facet normal 0 1 0
    outer loop
      vertex -101.25003302429411 0 8.870806627680727
      vertex -101.25003302429411 0 63.12919337231927
      vertex -101.125 0 63.05144284148501
    endloop
  endfacet
  facet normal 0 1 0
    outer loop
      vertex -101.36971321526963 0 8.785045015655278
      vertex -101.36971321526963 0 63.21495498434472
      vertex -101.25003302429411 0 63.12919337231927
    endloop
  endfacet
  facet normal 0 1 0
    outer loop
      vertex -101.87080662768072 0 8.250033024294105
      vertex -101.87080662768072 0 63.749966975705895
      vertex -101.78504501565529 0 63.63028678473038
    endloop
  endfacet
  facet normal 0 1 0
    outer loop
      vertex -101.94855715851499 0 8.125
      vertex -101.94855715851499 0 63.875
      vertex -101.87080662768072 0 63.749966975705895
    endloop
  endfacet
  facet normal 0 1 0
    outer loop
      vertex -101.78504501565529 0 8.369713215269622
      vertex -101.78504501565529 0 63.63028678473038
      vertex -101.6916395668277 0 63.51647191602485
    endloop
  endfacet
  facet normal 0 1 0
    outer loop
      vertex -100.99514955299276 0 9.017963668448548
      vertex -100.99514955299276 0 62.98203633155145
      vertex -100.86103772282145 0 62.92127105184961
    endloop
  endfacet
  facet normal 0 1 0
    outer loop
      vertex -101.125 0 8.948557158514987
      vertex -101.125 0 63.05144284148501
      vertex -100.99514955299276 0 62.98203633155145
    endloop
  endfacet
  facet normal 0 1 0
    outer loop
      vertex -100.86103772282145 0 9.078728948150395
      vertex -100.86103772282145 0 62.92127105184961
      vertex -100.72323879693211 0 62.86940720863601
    endloop
  endfacet
  facet normal 0 1 0
    outer loop
      vertex -100.58234285148067 0 9.173333109150404
      vertex -100.58234285148067 0 62.826666890849594
      vertex -100.43895322453629 0 62.79323311909273
    endloop
  endfacet
  facet normal 0 1 0
    outer loop
      vertex -100.72323879693211 0 9.130592791363988
      vertex -100.72323879693211 0 62.86940720863601
      vertex -100.58234285148067 0 62.826666890849594
    endloop
  endfacet
  facet normal 0 1 0
    outer loop
      vertex -100.43895322453629 0 9.206766880907269
      vertex -100.43895322453629 0 62.79323311909273
      vertex -100.29368393249511 0 62.76924906190893
    endloop
  endfacet
  facet normal 0 1 0
    outer loop
      vertex -100.29368393249511 0 9.230750938091074
      vertex -100.29368393249511 0 62.76924906190893
      vertex -100.14715704076782 0 62.754817422713145
    endloop
  endfacet
  facet normal 0 1 0
    outer loop
      vertex -100.14715704076782 0 9.245182577286858
      vertex -100.14715704076782 0 62.754817422713145
      vertex -100 0 62.75
    endloop
  endfacet
  facet normal 0 1 0
    outer loop
      vertex -100 0 9.25
      vertex -100 0 62.75
      vertex -99.85284295923218 0 62.754817422713145
    endloop
  endfacet
  facet normal 0 1 0
    outer loop
      vertex -99.85284295923218 0 9.245182577286858
      vertex -99.85284295923218 0 62.754817422713145
      vertex -99.70631606750489 0 62.76924906190893
    endloop
  endfacet
  facet normal 0 1 0
    outer loop
      vertex -99.70631606750489 0 9.230750938091074
      vertex -99.70631606750489 0 62.76924906190893
      vertex -99.56104677546371 0 62.79323311909273
    endloop
  endfacet
  facet normal 0 1 0
    outer loop
      vertex -99.56104677546371 0 9.206766880907269
      vertex -99.56104677546371 0 62.79323311909273
      vertex -99.41765714851933 0 62.826666890849594
    endloop
  endfacet
  facet normal 0 1 0
    outer loop
      vertex -99.41765714851933 0 9.173333109150404
      vertex -99.41765714851933 0 62.826666890849594
      vertex -99.27676120306789 0 62.86940720863601
    endloop
  endfacet
  facet normal 0 1 0
    outer loop
      vertex -99.27676120306789 0 9.130592791363988
      vertex -99.27676120306789 0 62.86940720863601
      vertex -99.13896227717855 0 62.92127105184961
    endloop
  endfacet
  facet normal 0 1 0
    outer loop
      vertex -99.13896227717855 0 9.078728948150395
      vertex -99.13896227717855 0 62.92127105184961
      vertex -99.00485044700724 0 62.98203633155145
    endloop
  endfacet
  facet normal 0 1 0
    outer loop
      vertex -99.00485044700724 0 9.017963668448548
      vertex -99.00485044700724 0 62.98203633155145
      vertex -98.875 0 63.05144284148501
    endloop
  endfacet
  facet normal 0 1 0
    outer loop
      vertex -98.875 0 8.948557158514987
      vertex -98.875 0 63.05144284148501
      vertex -98.74996697570589 0 63.12919337231927
    endloop
  endfacet
  facet normal 0 1 0
    outer loop
      vertex -98.74996697570589 0 8.870806627680727
      vertex -98.74996697570589 0 63.12919337231927
      vertex -98.63028678473037 0 63.21495498434472
    endloop
  endfacet
  facet normal 0 1 0
    outer loop
      vertex -98.63028678473037 0 8.785045015655278
      vertex -98.63028678473037 0 63.21495498434472
      vertex -98.51647191602484 0 63.308360433172304
    endloop
  endfacet
  facet normal 0 1 0
    outer loop
      vertex -98.51647191602484 0 8.6916395668277
      vertex -98.51647191602484 0 63.308360433172304
      vertex -98.40900974233027 0 63.40900974233027
    endloop
  endfacet
  facet normal 0 1 0
    outer loop
      vertex -98.40900974233027 0 8.590990257669732
      vertex -98.40900974233027 0 63.40900974233027
      vertex -98.3083604331723 0 63.51647191602485
    endloop
  endfacet
  facet normal 0 1 0
    outer loop
      vertex -98.3083604331723 0 8.483528083975155
      vertex -98.3083604331723 0 63.51647191602485
      vertex -98.21495498434471 0 63.63028678473038
    endloop
  endfacet
  facet normal 0 1 0
    outer loop
      vertex -107 0 -17
      vertex -102.1733331091504 0 122.41765714851933
      vertex -102.24518257728685 0 65.14715704076782
    endloop
  endfacet
  facet normal 0 1 0
    outer loop
      vertex -73.60000000000001 0 -0.4
      vertex -97.869407208636 0 65.72323879693211
      vertex -73.60000000000001 0 111.55
    endloop
  endfacet
  facet normal 0 -1 0
    outer loop
      vertex -107 -8 -17
      vertex 76.2 -8 -3
      vertex -76.2 -8 -3
    endloop
  endfacet
  facet normal 0 1 0
    outer loop
      vertex -107 0 -17
      vertex -36.25 0 -0.4
      vertex -1.1000000000000014 0 -0.4
    endloop
  endfacet
  facet normal 0 0 -1
    outer loop
      vertex -107 -8 -17
      vertex -107 0 -17
      vertex 107 0 -17
    endloop
  endfacet
  facet normal 0 1 0
    outer loop
      vertex -107 0 -17
      vertex -1.1000000000000014 0 -0.4
      vertex 1.1 0 -0.4
    endloop
  endfacet
  facet normal 0 1 0
    outer loop
      vertex -38.45000000000001 0 -0.4
      vertex -38.45000000000001 0 111.55
      vertex -36.25 0 -0.4
    endloop
  endfacet
  facet normal 0 1 0
    outer loop
      vertex -1.1000000000000014 0 -0.4
      vertex -1.1000000000000014 0 111.55
      vertex 1.1 0 -0.4
    endloop
  endfacet
  facet normal 0 -1 0
    outer loop
      vertex -107 -8 147
      vertex -102.1733331091504 -8 7.582342851480671
      vertex -102.24518257728685 -8 64.85284295923218
    endloop
  endfacet
  facet normal 0 -1 0
    outer loop
      vertex -102.20676688090727 -8 65.43895322453629
      vertex -102.1733331091504 -8 65.58234285148067
      vertex -102.20676688090727 -8 122.56104677546371
    endloop
  endfacet
  facet normal 0 -1 0
    outer loop
      vertex -102.23075093809108 -8 65.29368393249511
      vertex -102.20676688090727 -8 65.43895322453629
      vertex -102.23075093809108 -8 122.70631606750489
    endloop
  endfacet
  facet normal 0 -1 0
    outer loop
      vertex -102.0787289481504 -8 65.86103772282145
      vertex -102.01796366844854 -8 65.99514955299276
      vertex -102.0787289481504 -8 122.13896227717855
    endloop
  endfacet
  facet normal 0 -1 0
    outer loop
      vertex -102.130592791364 -8 65.72323879693211
      vertex -102.0787289481504 -8 65.86103772282145
      vertex -102.130592791364 -8 122.27676120306789
    endloop
  endfacet
  facet normal 0 -1 0
    outer loop
      vertex -102.1733331091504 -8 65.58234285148067
      vertex -102.130592791364 -8 65.72323879693211
      vertex -102.1733331091504 -8 122.41765714851933
    endloop
  endfacet
  facet normal 0 -1 0
    outer loop
      vertex -102.01796366844854 -8 65.99514955299276
      vertex -101.94855715851499 -8 66.125
      vertex -102.01796366844854 -8 122.00485044700724
    endloop
  endfacet
  facet normal 0 -1 0
    outer loop
      vertex -101.87080662768072 -8 66.25003302429411
      vertex -101.78504501565529 -8 66.36971321526963
      vertex -101.87080662768072 -8 121.74996697570589
    endloop
  endfacet
  facet normal 0 -1 0
    outer loop
      vertex -101.94855715851499 -8 66.125
      vertex -101.87080662768072 -8 66.25003302429411
      vertex -101.94855715851499 -8 121.875
    endloop
  endfacet
  facet normal 0 -1 0
    outer loop
      vertex -101.78504501565529 -8 66.36971321526963
      vertex -101.6916395668277 -8 66.48352808397516
      vertex -101.78504501565529 -8 121.63028678473037
    endloop
  endfacet
  facet normal 0 -1 0
    outer loop
      vertex -101.6916395668277 -8 66.48352808397516
      vertex -101.59099025766973 -8 66.59099025766973
      vertex -101.6916395668277 -8 121.51647191602484
    endloop
  endfacet
  facet normal 0 -1 0
    outer loop
      vertex -101.36971321526963 -8 66.78504501565529
      vertex -101.48352808397516 -8 121.3083604331723
      vertex -101.48352808397516 -8 66.6916395668277
    endloop
  endfacet
  facet normal 0 -1 0
    outer loop
      vertex -101.59099025766973 -8 66.59099025766973
      vertex -101.48352808397516 -8 66.6916395668277
      vertex -101.59099025766973 -8 121.40900974233027
    endloop
  endfacet
  facet normal 0 -1 0
    outer loop
      vertex -101.125 -8 66.94855715851499
      vertex -101.25003302429411 -8 121.12919337231928
      vertex -101.25003302429411 -8 66.87080662768072
    endloop
  endfacet
  facet normal 0 -1 0
    outer loop
      vertex -101.25003302429411 -8 66.87080662768072
      vertex -101.36971321526963 -8 121.21495498434471
      vertex -101.36971321526963 -8 66.78504501565529
    endloop
  endfacet
  facet normal 0 -1 0
    outer loop
      vertex -100.99514955299276 -8 67.01796366844854
      vertex -101.125 -8 121.05144284148501
      vertex -101.125 -8 66.94855715851499
    endloop
  endfacet
  facet normal 0 -1 0
    outer loop
      vertex -100.86103772282145 -8 67.0787289481504
      vertex -100.99514955299276 -8 120.98203633155146
      vertex -100.99514955299276 -8 67.01796366844854
    endloop
  endfacet
  facet normal 0 -1 0
    outer loop
      vertex -100.72323879693211 -8 67.130592791364
      vertex -100.86103772282145 -8 120.9212710518496
      vertex -100.86103772282145 -8 67.0787289481504
    endloop
  endfacet
  facet normal 0 -1 0
    outer loop
      vertex -100.43895322453629 -8 67.20676688090727
      vertex -100.58234285148067 -8 120.8266668908496
      vertex -100.58234285148067 -8 67.1733331091504
    endloop
  endfacet
  facet normal 0 -1 0
    outer loop
      vertex -100.58234285148067 -8 67.1733331091504
      vertex -100.72323879693211 -8 120.869407208636
      vertex -100.72323879693211 -8 67.130592791364
    endloop
  endfacet
  facet normal 0 -1 0
    outer loop
      vertex -100.29368393249511 -8 67.23075093809108
      vertex -100.43895322453629 -8 120.79323311909273
      vertex -100.43895322453629 -8 67.20676688090727
    endloop
  endfacet
  facet normal 0 -1 0
    outer loop
      vertex -100.14715704076782 -8 67.24518257728685
      vertex -100.29368393249511 -8 120.76924906190892
      vertex -100.29368393249511 -8 67.23075093809108
    endloop
  endfacet
  facet normal 0 -1 0
    outer loop
      vertex -100 -8 67.25
      vertex -100.14715704076782 -8 120.75481742271315
      vertex -100.14715704076782 -8 67.24518257728685
    endloop
  endfacet
  facet normal 0 -1 0
    outer loop
      vertex -99.85284295923218 -8 67.24518257728685
      vertex -100 -8 120.75
      vertex -100 -8 67.25
    endloop
  endfacet
  facet normal 0 -1 0
    outer loop
      vertex -99.70631606750489 -8 67.23075093809108
      vertex -99.85284295923218 -8 120.75481742271315
      vertex -99.85284295923218 -8 67.24518257728685
    endloop
  endfacet
  facet normal 0 -1 0
    outer loop
      vertex -99.56104677546371 -8 67.20676688090727
      vertex -99.70631606750489 -8 120.76924906190892
      vertex -99.70631606750489 -8 67.23075093809108
    endloop
  endfacet
  facet normal 0 -1 0
    outer loop
      vertex -99.41765714851933 -8 67.1733331091504
      vertex -99.56104677546371 -8 120.79323311909273
      vertex -99.56104677546371 -8 67.20676688090727
    endloop
  endfacet
  facet normal 0 -1 0
    outer loop
      vertex -99.27676120306789 -8 67.130592791364
      vertex -99.41765714851933 -8 120.8266668908496
      vertex -99.41765714851933 -8 67.1733331091504
    endloop
  endfacet
  facet normal 0 -1 0
    outer loop
      vertex -99.00485044700724 -8 67.01796366844854
      vertex -99.13896227717855 -8 120.9212710518496
      vertex -99.13896227717855 -8 67.0787289481504
    endloop
  endfacet
  facet normal 0 -1 0
    outer loop
      vertex -99.13896227717855 -8 67.0787289481504
      vertex -99.27676120306789 -8 120.869407208636
      vertex -99.27676120306789 -8 67.130592791364
    endloop
  endfacet
  facet normal 0 -1 0
    outer loop
      vertex -98.875 -8 66.94855715851499
      vertex -99.00485044700724 -8 120.98203633155146
      vertex -99.00485044700724 -8 67.01796366844854
    endloop
  endfacet
  facet normal 0 -1 0
    outer loop
      vertex -98.74996697570589 -8 66.87080662768072
      vertex -98.875 -8 121.05144284148501
      vertex -98.875 -8 66.94855715851499
    endloop
  endfacet
  facet normal 0 -1 0
    outer loop
      vertex -98.63028678473037 -8 66.78504501565529
      vertex -98.74996697570589 -8 121.12919337231928
      vertex -98.74996697570589 -8 66.87080662768072
    endloop
  endfacet
  facet normal 0 -1 0
    outer loop
      vertex -98.40900974233027 -8 121.40900974233027
      vertex -98.40900974233027 -8 66.59099025766973
      vertex -98.3083604331723 -8 66.48352808397516
    endloop
  endfacet
  facet normal 0 -1 0
    outer loop
      vertex -98.3083604331723 -8 66.48352808397516
      vertex -98.21495498434471 -8 66.36971321526963
      vertex -98.3083604331723 -8 121.51647191602484
    endloop
  endfacet
  facet normal 0 -1 0
    outer loop
      vertex -98.05144284148501 -8 66.125
      vertex -97.98203633155146 -8 65.99514955299276
      vertex -98.05144284148501 -8 121.875
    endloop
  endfacet
  facet normal 0 -1 0
    outer loop
      vertex -98.21495498434471 -8 66.36971321526963
      vertex -98.12919337231928 -8 66.25003302429411
      vertex -98.21495498434471 -8 121.63028678473037
    endloop
  endfacet
  facet normal 0 -1 0
    outer loop
      vertex -98.12919337231928 -8 66.25003302429411
      vertex -98.05144284148501 -8 66.125
      vertex -98.12919337231928 -8 121.74996697570589
    endloop
  endfacet
  facet normal 0 -1 0
    outer loop
      vertex -97.98203633155146 -8 65.99514955299276
      vertex -97.9212710518496 -8 65.86103772282145
      vertex -97.98203633155146 -8 122.00485044700724
    endloop
  endfacet
  facet normal 0 -1 0
    outer loop
      vertex -98.51647191602484 -8 66.6916395668277
      vertex -98.63028678473037 -8 121.21495498434471
      vertex -98.63028678473037 -8 66.78504501565529
    endloop
  endfacet
  facet normal 0 -1 0
    outer loop
      vertex -98.40900974233027 -8 66.59099025766973
      vertex -98.51647191602484 -8 121.3083604331723
      vertex -98.51647191602484 -8 66.6916395668277
    endloop
  endfacet
  facet normal 0 -1 0
    outer loop
      vertex -76.2 -8 114.15
      vertex -97.869407208636 -8 64.27676120306789
      vertex -97.9212710518496 -8 64.13896227717855
    endloop
  endfacet
  facet normal 0 -1 0
    outer loop
      vertex -76.2 -8 114.15
      vertex -97.8266668908496 -8 64.41765714851933
      vertex -97.869407208636 -8 64.27676120306789
    endloop
  endfacet
  facet normal 0 -1 0
    outer loop
      vertex -76.2 -8 114.15
      vertex -97.79323311909273 -8 64.56104677546371
      vertex -97.8266668908496 -8 64.41765714851933
    endloop
  endfacet
  facet normal 0 -1 0
    outer loop
      vertex -76.2 -8 114.15
      vertex -97.76924906190892 -8 64.70631606750489
      vertex -97.79323311909273 -8 64.56104677546371
    endloop
  endfacet
  facet normal 0 -1 0
    outer loop
      vertex -76.2 -8 114.15
      vertex -97.75481742271315 -8 64.85284295923218
      vertex -97.76924906190892 -8 64.70631606750489
    endloop
  endfacet
  facet normal 0 -1 0
    outer loop
      vertex -76.2 -8 114.15
      vertex -97.75 -8 65
      vertex -97.75481742271315 -8 64.85284295923218
    endloop
  endfacet
  facet normal 0 -1 0
    outer loop
      vertex -76.2 -8 114.15
      vertex -97.75481742271315 -8 65.14715704076782
      vertex -97.75 -8 65
    endloop
  endfacet
  facet normal 0 -1 0
    outer loop
      vertex -76.2 -8 114.15
      vertex -97.76924906190892 -8 65.29368393249511
      vertex -97.75481742271315 -8 65.14715704076782
    endloop
  endfacet
  facet normal 0 -1 0
    outer loop
      vertex -76.2 -8 114.15
      vertex -97.79323311909273 -8 65.43895322453629
      vertex -97.76924906190892 -8 65.29368393249511
    endloop
  endfacet
  facet normal 0 -1 0
    outer loop
      vertex -76.2 -8 114.15
      vertex -97.8266668908496 -8 65.58234285148067
      vertex -97.79323311909273 -8 65.43895322453629
    endloop
  endfacet
  facet normal 0 -1 0
    outer loop
      vertex -76.2 -8 114.15
      vertex -97.869407208636 -8 65.72323879693211
      vertex -97.8266668908496 -8 65.58234285148067
    endloop
  endfacet
  facet normal 0 -1 0
    outer loop
      vertex -76.2 -8 114.15
      vertex -97.9212710518496 -8 65.86103772282145
      vertex -97.869407208636 -8 65.72323879693211
    endloop
  endfacet
  facet normal 0 -1 0
    outer loop
      vertex -107 -8 147
      vertex -102.24518257728685 -8 64.85284295923218
      vertex -102.25 -8 65
    endloop
  endfacet
  facet normal 0 -1 0
    outer loop
      vertex -107 -8 147
      vertex -102.25 -8 65
      vertex -102.24518257728685 -8 65.14715704076782
    endloop
  endfacet
  facet normal 0 -1 0
    outer loop
      vertex -107 -8 147
      vertex -102.24518257728685 -8 65.14715704076782
      vertex -102.23075093809108 -8 65.29368393249511
    endloop
  endfacet
  facet normal 0 -1 0
    outer loop
      vertex -102.01796366844854 -8 122.00485044700724
      vertex -102.0787289481504 -8 122.13896227717855
      vertex -102.01796366844854 -8 65.99514955299276
    endloop
  endfacet
  facet normal 0 -1 0
    outer loop
      vertex -102.0787289481504 -8 65.86103772282145
      vertex -102.0787289481504 -8 122.13896227717855
      vertex -102.130592791364 -8 122.27676120306789
    endloop
  endfacet
  facet normal 0 -1 0
    outer loop
      vertex -101.78504501565529 -8 121.63028678473037
      vertex -101.87080662768072 -8 121.74996697570589
      vertex -101.78504501565529 -8 66.36971321526963
    endloop
  endfacet
  facet normal 0 -1 0
    outer loop
      vertex -101.87080662768072 -8 121.74996697570589
      vertex -101.94855715851499 -8 121.875
      vertex -101.87080662768072 -8 66.25003302429411
    endloop
  endfacet
  facet normal 0 -1 0
    outer loop
      vertex -101.94855715851499 -8 121.875
      vertex -102.01796366844854 -8 122.00485044700724
      vertex -101.94855715851499 -8 66.125
    endloop
  endfacet
  facet normal 0 -1 0
    outer loop
      vertex -101.59099025766973 -8 66.59099025766973
      vertex -101.59099025766973 -8 121.40900974233027
      vertex -101.6916395668277 -8 121.51647191602484
    endloop
  endfacet
  facet normal 0 -1 0
    outer loop
      vertex -101.6916395668277 -8 66.48352808397516
      vertex -101.6916395668277 -8 121.51647191602484
      vertex -101.78504501565529 -8 121.63028678473037
    endloop
  endfacet
  facet normal 0 -1 0
    outer loop
      vertex -101.48352808397516 -8 121.3083604331723
      vertex -101.36971321526963 -8 66.78504501565529
      vertex -101.36971321526963 -8 121.21495498434471
    endloop
  endfacet
  facet normal 0 -1 0
    outer loop
      vertex -101.125 -8 66.94855715851499
      vertex -101.125 -8 121.05144284148501
      vertex -101.25003302429411 -8 121.12919337231928
    endloop
  endfacet
  facet normal 0 -1 0
    outer loop
      vertex -101.25003302429411 -8 66.87080662768072
      vertex -101.25003302429411 -8 121.12919337231928
      vertex -101.36971321526963 -8 121.21495498434471
    endloop
  endfacet
  facet normal 0 -1 0
    outer loop
      vertex -101.59099025766973 -8 121.40900974233027
      vertex -101.48352808397516 -8 66.6916395668277
      vertex -101.48352808397516 -8 121.3083604331723
    endloop
  endfacet
  facet normal 0 -1 0
    outer loop
      vertex -100.99514955299276 -8 67.01796366844854
      vertex -100.99514955299276 -8 120.98203633155146
      vertex -101.125 -8 121.05144284148501
    endloop
  endfacet
  facet normal 0 -1 0
    outer loop
      vertex -100.86103772282145 -8 120.9212710518496
      vertex -100.72323879693211 -8 67.130592791364
      vertex -100.72323879693211 -8 120.869407208636
    endloop
  endfacet
  facet normal 0 -1 0
    outer loop
      vertex -100.86103772282145 -8 67.0787289481504
      vertex -100.86103772282145 -8 120.9212710518496
      vertex -100.99514955299276 -8 120.98203633155146
    endloop
  endfacet
  facet normal 0 -1 0
    outer loop
      vertex -100.58234285148067 -8 67.1733331091504
      vertex -100.58234285148067 -8 120.8266668908496
      vertex -100.72323879693211 -8 120.869407208636
    endloop
  endfacet
  facet normal 0 -1 0
    outer loop
      vertex -100.29368393249511 -8 67.23075093809108
      vertex -100.29368393249511 -8 120.76924906190892
      vertex -100.43895322453629 -8 120.79323311909273
    endloop
  endfacet
  facet normal 0 -1 0
    outer loop
      vertex -100.43895322453629 -8 67.20676688090727
      vertex -100.43895322453629 -8 120.79323311909273
      vertex -100.58234285148067 -8 120.8266668908496
    endloop
  endfacet
  facet normal 0 -1 0
    outer loop
      vertex -102.20676688090727 -8 122.56104677546371
      vertex -102.23075093809108 -8 122.70631606750489
      vertex -102.20676688090727 -8 65.43895322453629
    endloop
  endfacet
  facet normal 0 -1 0
    outer loop
      vertex -102.23075093809108 -8 122.70631606750489
      vertex -102.24518257728685 -8 122.85284295923218
      vertex -102.23075093809108 -8 65.29368393249511
    endloop
  endfacet
  facet normal 0 -1 0
    outer loop
      vertex -102.130592791364 -8 122.27676120306789
      vertex -102.1733331091504 -8 122.41765714851933
      vertex -102.130592791364 -8 65.72323879693211
    endloop
  endfacet
  facet normal 0 -1 0
    outer loop
      vertex -102.1733331091504 -8 122.41765714851933
      vertex -102.20676688090727 -8 122.56104677546371
      vertex -102.1733331091504 -8 65.58234285148067
    endloop
  endfacet
  facet normal 0 -1 0
    outer loop
      vertex -100.14715704076782 -8 67.24518257728685
      vertex -100.14715704076782 -8 120.75481742271315
      vertex -100.29368393249511 -8 120.76924906190892
    endloop
  endfacet
  facet normal 0 -1 0
    outer loop
      vertex -100.14715704076782 -8 120.75481742271315
      vertex -100 -8 67.25
      vertex -100 -8 120.75
    endloop
  endfacet
  facet normal 0 -1 0
    outer loop
      vertex -99.85284295923218 -8 67.24518257728685
      vertex -99.85284295923218 -8 120.75481742271315
      vertex -100 -8 120.75
    endloop
  endfacet
  facet normal 0 -1 0
    outer loop
      vertex -99.70631606750489 -8 67.23075093809108
      vertex -99.70631606750489 -8 120.76924906190892
      vertex -99.85284295923218 -8 120.75481742271315
    endloop
  endfacet
  facet normal 0 -1 0
    outer loop
      vertex -99.56104677546371 -8 67.20676688090727
      vertex -99.56104677546371 -8 120.79323311909273
      vertex -99.70631606750489 -8 120.76924906190892
    endloop
  endfacet
  facet normal 0 -1 0
    outer loop
      vertex -99.41765714851933 -8 67.1733331091504
      vertex -99.41765714851933 -8 120.8266668908496
      vertex -99.56104677546371 -8 120.79323311909273
    endloop
  endfacet
  facet normal 0 -1 0
    outer loop
      vertex -99.27676120306789 -8 67.130592791364
      vertex -99.27676120306789 -8 120.869407208636
      vertex -99.41765714851933 -8 120.8266668908496
    endloop
  endfacet
  facet normal 0 -1 0
    outer loop
      vertex -99.13896227717855 -8 67.0787289481504
      vertex -99.13896227717855 -8 120.9212710518496
      vertex -99.27676120306789 -8 120.869407208636
    endloop
  endfacet
  facet normal 0 -1 0
    outer loop
      vertex -99.00485044700724 -8 67.01796366844854
      vertex -99.00485044700724 -8 120.98203633155146
      vertex -99.13896227717855 -8 120.9212710518496
    endloop
  endfacet
  facet normal 0 -1 0
    outer loop
      vertex -98.875 -8 66.94855715851499
      vertex -98.875 -8 121.05144284148501
      vertex -99.00485044700724 -8 120.98203633155146
    endloop
  endfacet
  facet normal 0 -1 0
    outer loop
      vertex -98.74996697570589 -8 66.87080662768072
      vertex -98.74996697570589 -8 121.12919337231928
      vertex -98.875 -8 121.05144284148501
    endloop
  endfacet
  facet normal 0 -1 0
    outer loop
      vertex -98.63028678473037 -8 66.78504501565529
      vertex -98.63028678473037 -8 121.21495498434471
      vertex -98.74996697570589 -8 121.12919337231928
    endloop
  endfacet
  facet normal 0 -1 0
    outer loop
      vertex -98.51647191602484 -8 66.6916395668277
      vertex -98.51647191602484 -8 121.3083604331723
      vertex -98.63028678473037 -8 121.21495498434471
    endloop
  endfacet
  facet normal 0 -1 0
    outer loop
      vertex -98.40900974233027 -8 66.59099025766973
      vertex -98.40900974233027 -8 121.40900974233027
      vertex -98.51647191602484 -8 121.3083604331723
    endloop
  endfacet
  facet normal 0 -1 0
    outer loop
      vertex -98.3083604331723 -8 66.48352808397516
      vertex -98.3083604331723 -8 121.51647191602484
      vertex -98.40900974233027 -8 121.40900974233027
    endloop
  endfacet
  facet normal 0 -1 0
    outer loop
      vertex -98.21495498434471 -8 66.36971321526963
      vertex -98.21495498434471 -8 121.63028678473037
      vertex -98.3083604331723 -8 121.51647191602484
    endloop
  endfacet
  facet normal 0 -1 0
    outer loop
      vertex -98.12919337231928 -8 66.25003302429411
      vertex -98.12919337231928 -8 121.74996697570589
      vertex -98.21495498434471 -8 121.63028678473037
    endloop
  endfacet
  facet normal 0 -1 0
    outer loop
      vertex -98.05144284148501 -8 66.125
      vertex -98.05144284148501 -8 121.875
      vertex -98.12919337231928 -8 121.74996697570589
    endloop
  endfacet
  facet normal 0 -1 0
    outer loop
      vertex -97.98203633155146 -8 65.99514955299276
      vertex -97.98203633155146 -8 122.00485044700724
      vertex -98.05144284148501 -8 121.875
    endloop
  endfacet
  facet normal 0 -1 0
    outer loop
      vertex -97.9212710518496 -8 65.86103772282145
      vertex -97.9212710518496 -8 122.13896227717855
      vertex -97.98203633155146 -8 122.00485044700724
    endloop
  endfacet
  facet normal 0 -1 0
    outer loop
      vertex -76.2 -8 114.15
      vertex -97.9212710518496 -8 122.13896227717855
      vertex -97.9212710518496 -8 65.86103772282145
    endloop
  endfacet
  facet normal 0 -1 0
    outer loop
      vertex -107 -8 147
      vertex -102.23075093809108 -8 65.29368393249511
      vertex -102.24518257728685 -8 122.85284295923218
    endloop
  endfacet
  facet normal 0 -1 0
    outer loop
      vertex -76.2 -8 114.15
      vertex -97.869407208636 -8 122.27676120306789
      vertex -97.9212710518496 -8 122.13896227717855
    endloop
  endfacet
  facet normal 0 -1 0
    outer loop
      vertex -76.2 -8 114.15
      vertex -97.8266668908496 -8 122.41765714851933
      vertex -97.869407208636 -8 122.27676120306789
    endloop
  endfacet
  facet normal 0 -1 0
    outer loop
      vertex -76.2 -8 114.15
      vertex -97.79323311909273 -8 122.56104677546371
      vertex -97.8266668908496 -8 122.41765714851933
    endloop
  endfacet
  facet normal 0 -1 0
    outer loop
      vertex -76.2 -8 114.15
      vertex -97.76924906190892 -8 122.70631606750489
      vertex -97.79323311909273 -8 122.56104677546371
    endloop
  endfacet
  facet normal 0 -1 0
    outer loop
      vertex -76.2 -8 114.15
      vertex -97.75481742271315 -8 122.85284295923218
      vertex -97.76924906190892 -8 122.70631606750489
    endloop
  endfacet
  facet normal 0 -1 0
    outer loop
      vertex -76.2 -8 114.15
      vertex -97.75 -8 123
      vertex -97.75481742271315 -8 122.85284295923218
    endloop
  endfacet
  facet normal 0 -1 0
    outer loop
      vertex -76.2 -8 114.15
      vertex -97.75481742271315 -8 123.14715704076782
      vertex -97.75 -8 123
    endloop
  endfacet
  facet normal 0 -1 0
    outer loop
      vertex -76.2 -8 114.15
      vertex -97.76924906190892 -8 123.29368393249511
      vertex -97.75481742271315 -8 123.14715704076782
    endloop
  endfacet
  facet normal 0 -1 0
    outer loop
      vertex -76.2 -8 114.15
      vertex -97.79323311909273 -8 123.43895322453629
      vertex -97.76924906190892 -8 123.29368393249511
    endloop
  endfacet
  facet normal 0 -1 0
    outer loop
      vertex -76.2 -8 114.15
      vertex -97.8266668908496 -8 123.58234285148067
      vertex -97.79323311909273 -8 123.43895322453629
    endloop
  endfacet
  facet normal 0 -1 0
    outer loop
      vertex -76.2 -8 114.15
      vertex -97.869407208636 -8 123.72323879693211
      vertex -97.8266668908496 -8 123.58234285148067
    endloop
  endfacet
  facet normal 0 -1 0
    outer loop
      vertex -76.2 -8 114.15
      vertex -97.9212710518496 -8 123.86103772282145
      vertex -97.869407208636 -8 123.72323879693211
    endloop
  endfacet
  facet normal 0 -1 0
    outer loop
      vertex -107 -8 147
      vertex -102.24518257728685 -8 122.85284295923218
      vertex -102.25 -8 123
    endloop
  endfacet
  facet normal 0 -1 0
    outer loop
      vertex -107 -8 147
      vertex -102.25 -8 123
      vertex -102.24518257728685 -8 123.14715704076782
    endloop
  endfacet
  facet normal 0 -1 0
    outer loop
      vertex -107 -8 147
      vertex -102.23075093809108 -8 123.29368393249511
      vertex -102.20676688090727 -8 123.43895322453629
    endloop
  endfacet
  facet normal 0 -1 0
    outer loop
      vertex -107 -8 147
      vertex -102.24518257728685 -8 123.14715704076782
      vertex -102.23075093809108 -8 123.29368393249511
    endloop
  endfacet
  facet normal 0 -1 0
    outer loop
      vertex -107 -8 147
      vertex -102.1733331091504 -8 123.58234285148067
      vertex -102.130592791364 -8 123.72323879693211
    endloop
  endfacet
  facet normal 0 -1 0
    outer loop
      vertex -107 -8 147
      vertex -102.20676688090727 -8 123.43895322453629
      vertex -102.1733331091504 -8 123.58234285148067
    endloop
  endfacet
  facet normal 0 -1 0
    outer loop
      vertex -107 -8 147
      vertex -102.0787289481504 -8 123.86103772282145
      vertex -102.01796366844854 -8 123.99514955299276
    endloop
  endfacet
  facet normal 0 -1 0
    outer loop
      vertex -107 -8 147
      vertex -102.130592791364 -8 123.72323879693211
      vertex -102.0787289481504 -8 123.86103772282145
    endloop
  endfacet
  facet normal 0 -1 0
    outer loop
      vertex -107 -8 147
      vertex -97.98203633155146 -8 123.99514955299276
      vertex -97.9212710518496 -8 123.86103772282145
    endloop
  endfacet
  facet normal 0 -1 0
    outer loop
      vertex -107 -8 147
      vertex -102.01796366844854 -8 123.99514955299276
      vertex -101.94855715851499 -8 124.125
    endloop
  endfacet
  facet normal 0 -1 0
    outer loop
      vertex -107 -8 147
      vertex -101.87080662768072 -8 124.25003302429411
      vertex -101.78504501565529 -8 124.36971321526963
    endloop
  endfacet
  facet normal 0 -1 0
    outer loop
      vertex -107 -8 147
      vertex -101.94855715851499 -8 124.125
      vertex -101.87080662768072 -8 124.25003302429411
    endloop
  endfacet
  facet normal 0 -1 0
    outer loop
      vertex -107 -8 147
      vertex -101.78504501565529 -8 124.36971321526963
      vertex -101.6916395668277 -8 124.48352808397516
    endloop
  endfacet
  facet normal 0 -1 0
    outer loop
      vertex -107 -8 147
      vertex -101.59099025766973 -8 124.59099025766973
      vertex -101.48352808397516 -8 124.6916395668277
    endloop
  endfacet
  facet normal 0 -1 0
    outer loop
      vertex -107 -8 147
      vertex -101.6916395668277 -8 124.48352808397516
      vertex -101.59099025766973 -8 124.59099025766973
    endloop
  endfacet
  facet normal 0 -1 0
    outer loop
      vertex -107 -8 147
      vertex -101.48352808397516 -8 124.6916395668277
      vertex -101.36971321526963 -8 124.78504501565529
    endloop
  endfacet
  facet normal 0 -1 0
    outer loop
      vertex -107 -8 147
      vertex -101.36971321526963 -8 124.78504501565529
      vertex -101.25003302429411 -8 124.87080662768072
    endloop
  endfacet
  facet normal 0 -1 0
    outer loop
      vertex -107 -8 147
      vertex -101.125 -8 124.94855715851499
      vertex -100.99514955299276 -8 125.01796366844854
    endloop
  endfacet
  facet normal 0 -1 0
    outer loop
      vertex -107 -8 147
      vertex -101.25003302429411 -8 124.87080662768072
      vertex -101.125 -8 124.94855715851499
    endloop
  endfacet
  facet normal 0 -1 0
    outer loop
      vertex -107 -8 147
      vertex -100.86103772282145 -8 125.0787289481504
      vertex -100.72323879693211 -8 125.130592791364
    endloop
  endfacet
  facet normal 0 -1 0
    outer loop
      vertex -107 -8 147
      vertex -100.99514955299276 -8 125.01796366844854
      vertex -100.86103772282145 -8 125.0787289481504
    endloop
  endfacet
  facet normal 0 -1 0
    outer loop
      vertex -107 -8 147
      vertex -100.58234285148067 -8 125.1733331091504
      vertex -100.43895322453629 -8 125.20676688090727
    endloop
  endfacet
  facet normal 0 -1 0
    outer loop
      vertex -107 -8 147
      vertex -100.72323879693211 -8 125.130592791364
      vertex -100.58234285148067 -8 125.1733331091504
    endloop
  endfacet
  facet normal 0 -1 0
    outer loop
      vertex -107 -8 147
      vertex -100.29368393249511 -8 125.23075093809108
      vertex -100.14715704076782 -8 125.24518257728685
    endloop
  endfacet
  facet normal 0 -1 0
    outer loop
      vertex -107 -8 147
      vertex -100.43895322453629 -8 125.20676688090727
      vertex -100.29368393249511 -8 125.23075093809108
    endloop
  endfacet
  facet normal 0 -1 0
    outer loop
      vertex -107 -8 147
      vertex -100 -8 125.25
      vertex -99.85284295923218 -8 125.24518257728685
    endloop
  endfacet
  facet normal 0 -1 0
    outer loop
      vertex -107 -8 147
      vertex -100.14715704076782 -8 125.24518257728685
      vertex -100 -8 125.25
    endloop
  endfacet
  facet normal 0 -1 0
    outer loop
      vertex -107 -8 147
      vertex -99.56104677546371 -8 125.20676688090727
      vertex -99.41765714851933 -8 125.1733331091504
    endloop
  endfacet
  facet normal 0 -1 0
    outer loop
      vertex -107 -8 147
      vertex -99.70631606750489 -8 125.23075093809108
      vertex -99.56104677546371 -8 125.20676688090727
    endloop
  endfacet
  facet normal 0 -1 0
    outer loop
      vertex -107 -8 147
      vertex -99.85284295923218 -8 125.24518257728685
      vertex -99.70631606750489 -8 125.23075093809108
    endloop
  endfacet
  facet normal 0 -1 0
    outer loop
      vertex -107 -8 147
      vertex -98.63028678473037 -8 124.78504501565529
      vertex -98.51647191602484 -8 124.6916395668277
    endloop
  endfacet
  facet normal 0 -1 0
    outer loop
      vertex -107 -8 147
      vertex -98.74996697570589 -8 124.87080662768072
      vertex -98.63028678473037 -8 124.78504501565529
    endloop
  endfacet
  facet normal 0 -1 0
    outer loop
      vertex -107 -8 147
      vertex -98.3083604331723 -8 124.48352808397516
      vertex -98.21495498434471 -8 124.36971321526963
    endloop
  endfacet
  facet normal 0 -1 0
    outer loop
      vertex -107 -8 147
      vertex -98.40900974233027 -8 124.59099025766973
      vertex -98.3083604331723 -8 124.48352808397516
    endloop
  endfacet
  facet normal 0 -1 0
    outer loop
      vertex -107 -8 147
      vertex -98.51647191602484 -8 124.6916395668277
      vertex -98.40900974233027 -8 124.59099025766973
    endloop
  endfacet
  facet normal 0 -1 0
    outer loop
      vertex -107 -8 147
      vertex -99.27676120306789 -8 125.130592791364
      vertex -99.13896227717855 -8 125.0787289481504
    endloop
  endfacet
  facet normal 0 -1 0
    outer loop
      vertex -107 -8 147
      vertex -99.41765714851933 -8 125.1733331091504
      vertex -99.27676120306789 -8 125.130592791364
    endloop
  endfacet
  facet normal 0 -1 0
    outer loop
      vertex -107 -8 147
      vertex -99.00485044700724 -8 125.01796366844854
      vertex -98.875 -8 124.94855715851499
    endloop
  endfacet
  facet normal 0 -1 0
    outer loop
      vertex -107 -8 147
      vertex -99.13896227717855 -8 125.0787289481504
      vertex -99.00485044700724 -8 125.01796366844854
    endloop
  endfacet
  facet normal 0 -1 0
    outer loop
      vertex -107 -8 147
      vertex -98.875 -8 124.94855715851499
      vertex -98.74996697570589 -8 124.87080662768072
    endloop
  endfacet
  facet normal 0 -1 0
    outer loop
      vertex -107 -8 147
      vertex -98.05144284148501 -8 124.125
      vertex -97.98203633155146 -8 123.99514955299276
    endloop
  endfacet
  facet normal 0 -1 0
    outer loop
      vertex -107 -8 147
      vertex -98.12919337231928 -8 124.25003302429411
      vertex -98.05144284148501 -8 124.125
    endloop
  endfacet
  facet normal 0 -1 0
    outer loop
      vertex -107 -8 147
      vertex -98.21495498434471 -8 124.36971321526963
      vertex -98.12919337231928 -8 124.25003302429411
    endloop
  endfacet
  facet normal 0 -1 0
    outer loop
      vertex -107 -8 147
      vertex -97.9212710518496 -8 123.86103772282145
      vertex -76.2 -8 114.15
    endloop
  endfacet
  facet normal -1 0 0
    outer loop
      vertex -107 -8 -17
      vertex -107 -8 147
      vertex -107 0 147
    endloop
  endfacet
  facet normal 0 1 0
    outer loop
      vertex -107 0 -17
      vertex -102.20676688090727 0 122.56104677546371
      vertex -102.1733331091504 0 122.41765714851933
    endloop
  endfacet
  facet normal 0 1 0
    outer loop
      vertex -107 0 -17
      vertex -102.24518257728685 0 122.85284295923218
      vertex -102.23075093809108 0 122.70631606750489
    endloop
  endfacet
  facet normal 0 1 0
    outer loop
      vertex -107 0 -17
      vertex -102.23075093809108 0 122.70631606750489
      vertex -102.20676688090727 0 122.56104677546371
    endloop
  endfacet
  facet normal 0 1 0
    outer loop
      vertex -107 0 -17
      vertex -102.25 0 123
      vertex -102.24518257728685 0 122.85284295923218
    endloop
  endfacet
  facet normal 0 1 0
    outer loop
      vertex -107 0 -17
      vertex -102.24518257728685 0 123.14715704076782
      vertex -102.25 0 123
    endloop
  endfacet
  facet normal 0 1 0
    outer loop
      vertex -107 0 -17
      vertex -107 0 147
      vertex -102.24518257728685 0 123.14715704076782
    endloop
  endfacet
  facet normal 0 1 0
    outer loop
      vertex -102.23075093809108 0 65.29368393249511
      vertex -102.24518257728685 0 65.14715704076782
      vertex -102.1733331091504 0 122.41765714851933
    endloop
  endfacet
  facet normal 0 1 0
    outer loop
      vertex -102.20676688090727 0 65.43895322453629
      vertex -102.23075093809108 0 65.29368393249511
      vertex -102.1733331091504 0 122.41765714851933
    endloop
  endfacet
  facet normal 0 1 0
    outer loop
      vertex -102.130592791364 0 65.72323879693211
      vertex -102.1733331091504 0 65.58234285148067
      vertex -102.130592791364 0 122.27676120306789
    endloop
  endfacet
  facet normal 0 1 0
    outer loop
      vertex -102.1733331091504 0 65.58234285148067
      vertex -102.20676688090727 0 65.43895322453629
      vertex -102.1733331091504 0 122.41765714851933
    endloop
  endfacet
  facet normal 0 1 0
    outer loop
      vertex -102.01796366844854 0 65.99514955299276
      vertex -102.0787289481504 0 65.86103772282145
      vertex -102.01796366844854 0 122.00485044700724
    endloop
  endfacet
  facet normal 0 1 0
    outer loop
      vertex -102.0787289481504 0 65.86103772282145
      vertex -102.130592791364 0 65.72323879693211
      vertex -102.0787289481504 0 122.13896227717855
    endloop
  endfacet
  facet normal 0 1 0
    outer loop
      vertex -101.94855715851499 0 66.125
      vertex -102.01796366844854 0 65.99514955299276
      vertex -101.94855715851499 0 121.875
    endloop
  endfacet
  facet normal 0 1 0
    outer loop
      vertex -101.78504501565529 0 66.36971321526963
      vertex -101.87080662768072 0 66.25003302429411
      vertex -101.78504501565529 0 121.63028678473037
    endloop
  endfacet
  facet normal 0 1 0
    outer loop
      vertex -101.87080662768072 0 66.25003302429411
      vertex -101.94855715851499 0 66.125
      vertex -101.87080662768072 0 121.74996697570589
    endloop
  endfacet
  facet normal 0 1 0
    outer loop
      vertex -101.59099025766973 0 66.59099025766973
      vertex -101.6916395668277 0 66.48352808397516
      vertex -101.59099025766973 0 121.40900974233027
    endloop
  endfacet
  facet normal 0 1 0
    outer loop
      vertex -101.6916395668277 0 66.48352808397516
      vertex -101.78504501565529 0 66.36971321526963
      vertex -101.6916395668277 0 121.51647191602484
    endloop
  endfacet
  facet normal 0 1 0
    outer loop
      vertex -101.48352808397516 0 66.6916395668277
      vertex -101.36971321526963 0 121.21495498434471
      vertex -101.36971321526963 0 66.78504501565529
    endloop
  endfacet
  facet normal 0 1 0
    outer loop
      vertex -101.59099025766973 0 66.59099025766973
      vertex -101.48352808397516 0 121.3083604331723
      vertex -101.48352808397516 0 66.6916395668277
    endloop
  endfacet
  facet normal 0 1 0
    outer loop
      vertex -101.25003302429411 0 66.87080662768072
      vertex -101.125 0 121.05144284148501
      vertex -101.125 0 66.94855715851499
    endloop
  endfacet
  facet normal 0 1 0
    outer loop
      vertex -101.36971321526963 0 66.78504501565529
      vertex -101.25003302429411 0 121.12919337231928
      vertex -101.25003302429411 0 66.87080662768072
    endloop
  endfacet
  facet normal 0 1 0
    outer loop
      vertex -101.125 0 66.94855715851499
      vertex -100.99514955299276 0 120.98203633155146
      vertex -100.99514955299276 0 67.01796366844854
    endloop
  endfacet
  facet normal 0 1 0
    outer loop
      vertex -100.99514955299276 0 67.01796366844854
      vertex -100.86103772282145 0 120.9212710518496
      vertex -100.86103772282145 0 67.0787289481504
    endloop
  endfacet
  facet normal 0 1 0
    outer loop
      vertex -100.86103772282145 0 67.0787289481504
      vertex -100.72323879693211 0 120.869407208636
      vertex -100.72323879693211 0 67.130592791364
    endloop
  endfacet
  facet normal 0 1 0
    outer loop
      vertex -100.72323879693211 0 67.130592791364
      vertex -100.58234285148067 0 120.8266668908496
      vertex -100.58234285148067 0 67.1733331091504
    endloop
  endfacet
  facet normal 0 1 0
    outer loop
      vertex -100.43895322453629 0 67.20676688090727
      vertex -100.29368393249511 0 120.76924906190892
      vertex -100.29368393249511 0 67.23075093809108
    endloop
  endfacet
  facet normal 0 1 0
    outer loop
      vertex -100.58234285148067 0 67.1733331091504
      vertex -100.43895322453629 0 120.79323311909273
      vertex -100.43895322453629 0 67.20676688090727
    endloop
  endfacet
  facet normal 0 1 0
    outer loop
      vertex -100.29368393249511 0 67.23075093809108
      vertex -100.14715704076782 0 120.75481742271315
      vertex -100.14715704076782 0 67.24518257728685
    endloop
  endfacet
  facet normal 0 1 0
    outer loop
      vertex -100.14715704076782 0 67.24518257728685
      vertex -100 0 120.75
      vertex -100 0 67.25
    endloop
  endfacet
  facet normal 0 1 0
    outer loop
      vertex -100 0 67.25
      vertex -99.85284295923218 0 120.75481742271315
      vertex -99.85284295923218 0 67.24518257728685
    endloop
  endfacet
  facet normal 0 1 0
    outer loop
      vertex -99.85284295923218 0 67.24518257728685
      vertex -99.70631606750489 0 120.76924906190892
      vertex -99.70631606750489 0 67.23075093809108
    endloop
  endfacet
  facet normal 0 1 0
    outer loop
      vertex -99.70631606750489 0 67.23075093809108
      vertex -99.56104677546371 0 120.79323311909273
      vertex -99.56104677546371 0 67.20676688090727
    endloop
  endfacet
  facet normal 0 1 0
    outer loop
      vertex -99.56104677546371 0 67.20676688090727
      vertex -99.41765714851933 0 120.8266668908496
      vertex -99.41765714851933 0 67.1733331091504
    endloop
  endfacet
  facet normal 0 1 0
    outer loop
      vertex -99.41765714851933 0 67.1733331091504
      vertex -99.27676120306789 0 120.869407208636
      vertex -99.27676120306789 0 67.130592791364
    endloop
  endfacet
  facet normal 0 1 0
    outer loop
      vertex -99.27676120306789 0 67.130592791364
      vertex -99.13896227717855 0 120.9212710518496
      vertex -99.13896227717855 0 67.0787289481504
    endloop
  endfacet
  facet normal 0 1 0
    outer loop
      vertex -99.00485044700724 0 67.01796366844854
      vertex -98.875 0 121.05144284148501
      vertex -98.875 0 66.94855715851499
    endloop
  endfacet
  facet normal 0 1 0
    outer loop
      vertex -99.13896227717855 0 67.0787289481504
      vertex -99.00485044700724 0 120.98203633155146
      vertex -99.00485044700724 0 67.01796366844854
    endloop
  endfacet
  facet normal 0 1 0
    outer loop
      vertex -98.875 0 66.94855715851499
      vertex -98.74996697570589 0 121.12919337231928
      vertex -98.74996697570589 0 66.87080662768072
    endloop
  endfacet
  facet normal 0 1 0
    outer loop
      vertex -98.74996697570589 0 66.87080662768072
      vertex -98.63028678473037 0 121.21495498434471
      vertex -98.63028678473037 0 66.78504501565529
    endloop
  endfacet
  facet normal 0 1 0
    outer loop
      vertex -98.21495498434471 0 66.36971321526963
      vertex -98.3083604331723 0 66.48352808397516
      vertex -98.21495498434471 0 121.63028678473037
    endloop
  endfacet
  facet normal 0 1 0
    outer loop
      vertex -98.63028678473037 0 66.78504501565529
      vertex -98.51647191602484 0 121.3083604331723
      vertex -98.51647191602484 0 66.6916395668277
    endloop
  endfacet
  facet normal 0 1 0
    outer loop
      vertex -98.51647191602484 0 66.6916395668277
      vertex -98.40900974233027 0 121.40900974233027
      vertex -98.40900974233027 0 66.59099025766973
    endloop
  endfacet
  facet normal 0 1 0
    outer loop
      vertex -98.3083604331723 0 66.48352808397516
      vertex -98.40900974233027 0 66.59099025766973
      vertex -98.3083604331723 0 121.51647191602484
    endloop
  endfacet
  facet normal 0 1 0
    outer loop
      vertex -73.60000000000001 0 111.55
      vertex -98.05144284148501 0 66.125
      vertex -98.12919337231928 0 66.25003302429411
    endloop
  endfacet
  facet normal 0 1 0
    outer loop
      vertex -73.60000000000001 0 111.55
      vertex -97.98203633155146 0 65.99514955299276
      vertex -98.05144284148501 0 66.125
    endloop
  endfacet
  facet normal 0 1 0
    outer loop
      vertex -73.60000000000001 0 111.55
      vertex -98.12919337231928 0 66.25003302429411
      vertex -98.21495498434471 0 66.36971321526963
    endloop
  endfacet
  facet normal 0 1 0
    outer loop
      vertex -73.60000000000001 0 111.55
      vertex -97.9212710518496 0 65.86103772282145
      vertex -97.98203633155146 0 65.99514955299276
    endloop
  endfacet
  facet normal 0 1 0
    outer loop
      vertex -73.60000000000001 0 111.55
      vertex -97.869407208636 0 65.72323879693211
      vertex -97.9212710518496 0 65.86103772282145
    endloop
  endfacet
  facet normal 0 1 0
    outer loop
      vertex -102.01796366844854 0 65.99514955299276
      vertex -102.01796366844854 0 122.00485044700724
      vertex -101.94855715851499 0 121.875
    endloop
  endfacet
  facet normal 0 1 0
    outer loop
      vertex -102.0787289481504 0 65.86103772282145
      vertex -102.0787289481504 0 122.13896227717855
      vertex -102.01796366844854 0 122.00485044700724
    endloop
  endfacet
  facet normal 0 1 0
    outer loop
      vertex -102.130592791364 0 65.72323879693211
      vertex -102.130592791364 0 122.27676120306789
      vertex -102.0787289481504 0 122.13896227717855
    endloop
  endfacet
  facet normal 0 1 0
    outer loop
      vertex -102.1733331091504 0 65.58234285148067
      vertex -102.1733331091504 0 122.41765714851933
      vertex -102.130592791364 0 122.27676120306789
    endloop
  endfacet
  facet normal 0 1 0
    outer loop
      vertex -101.87080662768072 0 66.25003302429411
      vertex -101.87080662768072 0 121.74996697570589
      vertex -101.78504501565529 0 121.63028678473037
    endloop
  endfacet
  facet normal 0 1 0
    outer loop
      vertex -101.94855715851499 0 66.125
      vertex -101.94855715851499 0 121.875
      vertex -101.87080662768072 0 121.74996697570589
    endloop
  endfacet
  facet normal 0 1 0
    outer loop
      vertex -101.6916395668277 0 66.48352808397516
      vertex -101.6916395668277 0 121.51647191602484
      vertex -101.59099025766973 0 121.40900974233027
    endloop
  endfacet
  facet normal 0 1 0
    outer loop
      vertex -101.78504501565529 0 66.36971321526963
      vertex -101.78504501565529 0 121.63028678473037
      vertex -101.6916395668277 0 121.51647191602484
    endloop
  endfacet
  facet normal 0 1 0
    outer loop
      vertex -101.48352808397516 0 66.6916395668277
      vertex -101.48352808397516 0 121.3083604331723
      vertex -101.36971321526963 0 121.21495498434471
    endloop
  endfacet
  facet normal 0 1 0
    outer loop
      vertex -101.59099025766973 0 66.59099025766973
      vertex -101.59099025766973 0 121.40900974233027
      vertex -101.48352808397516 0 121.3083604331723
    endloop
  endfacet
  facet normal 0 1 0
    outer loop
      vertex -101.25003302429411 0 66.87080662768072
      vertex -101.25003302429411 0 121.12919337231928
      vertex -101.125 0 121.05144284148501
    endloop
  endfacet
  facet normal 0 1 0
    outer loop
      vertex -101.36971321526963 0 66.78504501565529
      vertex -101.36971321526963 0 121.21495498434471
      vertex -101.25003302429411 0 121.12919337231928
    endloop
  endfacet
  facet normal 0 1 0
    outer loop
      vertex -100.99514955299276 0 67.01796366844854
      vertex -100.99514955299276 0 120.98203633155146
      vertex -100.86103772282145 0 120.9212710518496
    endloop
  endfacet
  facet normal 0 1 0
    outer loop
      vertex -101.125 0 66.94855715851499
      vertex -101.125 0 121.05144284148501
      vertex -100.99514955299276 0 120.98203633155146
    endloop
  endfacet
  facet normal 0 1 0
    outer loop
      vertex -100.86103772282145 0 67.0787289481504
      vertex -100.86103772282145 0 120.9212710518496
      vertex -100.72323879693211 0 120.869407208636
    endloop
  endfacet
  facet normal 0 1 0
    outer loop
      vertex -100.58234285148067 0 67.1733331091504
      vertex -100.58234285148067 0 120.8266668908496
      vertex -100.43895322453629 0 120.79323311909273
    endloop
  endfacet
  facet normal 0 1 0
    outer loop
      vertex -100.72323879693211 0 67.130592791364
      vertex -100.72323879693211 0 120.869407208636
      vertex -100.58234285148067 0 120.8266668908496
    endloop
  endfacet
  facet normal 0 1 0
    outer loop
      vertex -100.43895322453629 0 67.20676688090727
      vertex -100.43895322453629 0 120.79323311909273
      vertex -100.29368393249511 0 120.76924906190892
    endloop
  endfacet
  facet normal 0 1 0
    outer loop
      vertex -100.29368393249511 0 67.23075093809108
      vertex -100.29368393249511 0 120.76924906190892
      vertex -100.14715704076782 0 120.75481742271315
    endloop
  endfacet
  facet normal 0 1 0
    outer loop
      vertex -100.14715704076782 0 67.24518257728685
      vertex -100.14715704076782 0 120.75481742271315
      vertex -100 0 120.75
    endloop
  endfacet
  facet normal 0 1 0
    outer loop
      vertex -99.85284295923218 0 120.75481742271315
      vertex -100 0 67.25
      vertex -100 0 120.75
    endloop
  endfacet
  facet normal 0 1 0
    outer loop
      vertex -99.85284295923218 0 67.24518257728685
      vertex -99.85284295923218 0 120.75481742271315
      vertex -99.70631606750489 0 120.76924906190892
    endloop
  endfacet
  facet normal 0 1 0
    outer loop
      vertex -99.70631606750489 0 67.23075093809108
      vertex -99.70631606750489 0 120.76924906190892
      vertex -99.56104677546371 0 120.79323311909273
    endloop
  endfacet
  facet normal 0 1 0
    outer loop
      vertex -99.56104677546371 0 67.20676688090727
      vertex -99.56104677546371 0 120.79323311909273
      vertex -99.41765714851933 0 120.8266668908496
    endloop
  endfacet
  facet normal 0 1 0
    outer loop
      vertex -99.41765714851933 0 67.1733331091504
      vertex -99.41765714851933 0 120.8266668908496
      vertex -99.27676120306789 0 120.869407208636
    endloop
  endfacet
  facet normal 0 1 0
    outer loop
      vertex -99.13896227717855 0 120.9212710518496
      vertex -99.27676120306789 0 67.130592791364
      vertex -99.27676120306789 0 120.869407208636
    endloop
  endfacet
  facet normal 0 1 0
    outer loop
      vertex -99.13896227717855 0 67.0787289481504
      vertex -99.13896227717855 0 120.9212710518496
      vertex -99.00485044700724 0 120.98203633155146
    endloop
  endfacet
  facet normal 0 1 0
    outer loop
      vertex -99.00485044700724 0 67.01796366844854
      vertex -99.00485044700724 0 120.98203633155146
      vertex -98.875 0 121.05144284148501
    endloop
  endfacet
  facet normal 0 1 0
    outer loop
      vertex -98.875 0 66.94855715851499
      vertex -98.875 0 121.05144284148501
      vertex -98.74996697570589 0 121.12919337231928
    endloop
  endfacet
  facet normal 0 1 0
    outer loop
      vertex -98.74996697570589 0 66.87080662768072
      vertex -98.74996697570589 0 121.12919337231928
      vertex -98.63028678473037 0 121.21495498434471
    endloop
  endfacet
  facet normal 0 1 0
    outer loop
      vertex -98.51647191602484 0 121.3083604331723
      vertex -98.63028678473037 0 66.78504501565529
      vertex -98.63028678473037 0 121.21495498434471
    endloop
  endfacet
  facet normal 0 1 0
    outer loop
      vertex -98.40900974233027 0 121.40900974233027
      vertex -98.51647191602484 0 66.6916395668277
      vertex -98.51647191602484 0 121.3083604331723
    endloop
  endfacet
  facet normal 0 1 0
    outer loop
      vertex -98.40900974233027 0 121.40900974233027
      vertex -98.3083604331723 0 121.51647191602484
      vertex -98.40900974233027 0 66.59099025766973
    endloop
  endfacet
  facet normal 0 1 0
    outer loop
      vertex -98.3083604331723 0 66.48352808397516
      vertex -98.3083604331723 0 121.51647191602484
      vertex -98.21495498434471 0 121.63028678473037
    endloop
  endfacet
  facet normal 0 1 0
    outer loop
      vertex -73.60000000000001 0 111.55
      vertex -98.21495498434471 0 66.36971321526963
      vertex -98.21495498434471 0 121.63028678473037
    endloop
  endfacet
  facet normal 0 1 0
    outer loop
      vertex -73.60000000000001 0 111.55
      vertex -98.63028678473037 0 124.78504501565529
      vertex -98.74996697570589 0 124.87080662768072
    endloop
  endfacet
  facet normal 0 1 0
    outer loop
      vertex -73.60000000000001 0 111.55
      vertex -98.21495498434471 0 121.63028678473037
      vertex -98.12919337231928 0 121.74996697570589
    endloop
  endfacet
  facet normal 0 1 0
    outer loop
      vertex -73.60000000000001 0 111.55
      vertex -98.05144284148501 0 121.875
      vertex -97.98203633155146 0 122.00485044700724
    endloop
  endfacet
  facet normal 0 1 0
    outer loop
      vertex -73.60000000000001 0 111.55
      vertex -98.12919337231928 0 121.74996697570589
      vertex -98.05144284148501 0 121.875
    endloop
  endfacet
  facet normal 0 1 0
    outer loop
      vertex -73.60000000000001 0 111.55
      vertex -97.98203633155146 0 122.00485044700724
      vertex -97.9212710518496 0 122.13896227717855
    endloop
  endfacet
  facet normal 0 1 0
    outer loop
      vertex -73.60000000000001 0 111.55
      vertex -97.869407208636 0 122.27676120306789
      vertex -97.8266668908496 0 122.41765714851933
    endloop
  endfacet
  facet normal 0 1 0
    outer loop
      vertex -73.60000000000001 0 111.55
      vertex -97.9212710518496 0 122.13896227717855
      vertex -97.869407208636 0 122.27676120306789
    endloop
  endfacet
  facet normal 0 1 0
    outer loop
      vertex -73.60000000000001 0 111.55
      vertex -97.79323311909273 0 122.56104677546371
      vertex -97.76924906190892 0 122.70631606750489
    endloop
  endfacet
  facet normal 0 1 0
    outer loop
      vertex -73.60000000000001 0 111.55
      vertex -97.8266668908496 0 122.41765714851933
      vertex -97.79323311909273 0 122.56104677546371
    endloop
  endfacet
  facet normal 0 1 0
    outer loop
      vertex -73.60000000000001 0 111.55
      vertex -97.76924906190892 0 122.70631606750489
      vertex -97.75481742271315 0 122.85284295923218
    endloop
  endfacet
  facet normal 0 1 0
    outer loop
      vertex -73.60000000000001 0 111.55
      vertex -97.75 0 123
      vertex -97.75481742271315 0 123.14715704076782
    endloop
  endfacet
  facet normal 0 1 0
    outer loop
      vertex -73.60000000000001 0 111.55
      vertex -97.75481742271315 0 122.85284295923218
      vertex -97.75 0 123
    endloop
  endfacet
  facet normal 0 1 0
    outer loop
      vertex -73.60000000000001 0 111.55
      vertex -97.76924906190892 0 123.29368393249511
      vertex -97.79323311909273 0 123.43895322453629
    endloop
  endfacet
  facet normal 0 1 0
    outer loop
      vertex -73.60000000000001 0 111.55
      vertex -97.75481742271315 0 123.14715704076782
      vertex -97.76924906190892 0 123.29368393249511
    endloop
  endfacet
  facet normal 0 1 0
    outer loop
      vertex -73.60000000000001 0 111.55
      vertex -97.98203633155146 0 123.99514955299276
      vertex -98.05144284148501 0 124.125
    endloop
  endfacet
  facet normal 0 1 0
    outer loop
      vertex -73.60000000000001 0 111.55
      vertex -98.12919337231928 0 124.25003302429411
      vertex -98.21495498434471 0 124.36971321526963
    endloop
  endfacet
  facet normal 0 1 0
    outer loop
      vertex -73.60000000000001 0 111.55
      vertex -98.05144284148501 0 124.125
      vertex -98.12919337231928 0 124.25003302429411
    endloop
  endfacet
  facet normal 0 1 0
    outer loop
      vertex -73.60000000000001 0 111.55
      vertex -97.79323311909273 0 123.43895322453629
      vertex -97.8266668908496 0 123.58234285148067
    endloop
  endfacet
  facet normal 0 1 0
    outer loop
      vertex -73.60000000000001 0 111.55
      vertex -97.869407208636 0 123.72323879693211
      vertex -97.9212710518496 0 123.86103772282145
    endloop
  endfacet
  facet normal 0 1 0
    outer loop
      vertex -73.60000000000001 0 111.55
      vertex -97.8266668908496 0 123.58234285148067
      vertex -97.869407208636 0 123.72323879693211
    endloop
  endfacet
  facet normal 0 1 0
    outer loop
      vertex -73.60000000000001 0 111.55
      vertex -97.9212710518496 0 123.86103772282145
      vertex -97.98203633155146 0 123.99514955299276
    endloop
  endfacet
  facet normal 0 1 0
    outer loop
      vertex -73.60000000000001 0 111.55
      vertex -98.3083604331723 0 124.48352808397516
      vertex -98.40900974233027 0 124.59099025766973
    endloop
  endfacet
  facet normal 0 1 0
    outer loop
      vertex -73.60000000000001 0 111.55
      vertex -98.51647191602484 0 124.6916395668277
      vertex -98.63028678473037 0 124.78504501565529
    endloop
  endfacet
  facet normal 0 1 0
    outer loop
      vertex -73.60000000000001 0 111.55
      vertex -98.40900974233027 0 124.59099025766973
      vertex -98.51647191602484 0 124.6916395668277
    endloop
  endfacet
  facet normal 0 1 0
    outer loop
      vertex -73.60000000000001 0 111.55
      vertex -98.21495498434471 0 124.36971321526963
      vertex -98.3083604331723 0 124.48352808397516
    endloop
  endfacet
  facet normal 0 1 0
    outer loop
      vertex -107 0 147
      vertex -102.20676688090727 0 123.43895322453629
      vertex -102.23075093809108 0 123.29368393249511
    endloop
  endfacet
  facet normal 0 1 0
    outer loop
      vertex -107 0 147
      vertex -102.23075093809108 0 123.29368393249511
      vertex -102.24518257728685 0 123.14715704076782
    endloop
  endfacet
  facet normal 0 1 0
    outer loop
      vertex -107 0 147
      vertex -102.130592791364 0 123.72323879693211
      vertex -102.1733331091504 0 123.58234285148067
    endloop
  endfacet
  facet normal 0 1 0
    outer loop
      vertex -107 0 147
      vertex -102.1733331091504 0 123.58234285148067
      vertex -102.20676688090727 0 123.43895322453629
    endloop
  endfacet
  facet normal 0 1 0
    outer loop
      vertex -107 0 147
      vertex -102.01796366844854 0 123.99514955299276
      vertex -102.0787289481504 0 123.86103772282145
    endloop
  endfacet
  facet normal 0 1 0
    outer loop
      vertex -107 0 147
      vertex -102.0787289481504 0 123.86103772282145
      vertex -102.130592791364 0 123.72323879693211
    endloop
  endfacet
  facet normal 0 1 0
    outer loop
      vertex -107 0 147
      vertex -101.94855715851499 0 124.125
      vertex -102.01796366844854 0 123.99514955299276
    endloop
  endfacet
  facet normal 0 1 0
    outer loop
      vertex -107 0 147
      vertex -101.78504501565529 0 124.36971321526963
      vertex -101.87080662768072 0 124.25003302429411
    endloop
  endfacet
  facet normal 0 1 0
    outer loop
      vertex -107 0 147
      vertex -101.87080662768072 0 124.25003302429411
      vertex -101.94855715851499 0 124.125
    endloop
  endfacet
  facet normal 0 1 0
    outer loop
      vertex -107 0 147
      vertex -101.6916395668277 0 124.48352808397516
      vertex -101.78504501565529 0 124.36971321526963
    endloop
  endfacet
  facet normal 0 1 0
    outer loop
      vertex -107 0 147
      vertex -101.48352808397516 0 124.6916395668277
      vertex -101.59099025766973 0 124.59099025766973
    endloop
  endfacet
  facet normal 0 1 0
    outer loop
      vertex -107 0 147
      vertex -101.59099025766973 0 124.59099025766973
      vertex -101.6916395668277 0 124.48352808397516
    endloop
  endfacet
  facet normal 0 1 0
    outer loop
      vertex -107 0 147
      vertex -101.36971321526963 0 124.78504501565529
      vertex -101.48352808397516 0 124.6916395668277
    endloop
  endfacet
  facet normal 0 1 0
    outer loop
      vertex -107 0 147
      vertex -101.25003302429411 0 124.87080662768072
      vertex -101.36971321526963 0 124.78504501565529
    endloop
  endfacet
  facet normal 0 1 0
    outer loop
      vertex -107 0 147
      vertex -100.99514955299276 0 125.01796366844854
      vertex -101.125 0 124.94855715851499
    endloop
  endfacet
  facet normal 0 1 0
    outer loop
      vertex -107 0 147
      vertex -101.125 0 124.94855715851499
      vertex -101.25003302429411 0 124.87080662768072
    endloop
  endfacet
  facet normal 0 1 0
    outer loop
      vertex -107 0 147
      vertex -100.72323879693211 0 125.130592791364
      vertex -100.86103772282145 0 125.0787289481504
    endloop
  endfacet
  facet normal 0 1 0
    outer loop
      vertex -107 0 147
      vertex -100.86103772282145 0 125.0787289481504
      vertex -100.99514955299276 0 125.01796366844854
    endloop
  endfacet
  facet normal 0 1 0
    outer loop
      vertex -107 0 147
      vertex -100.43895322453629 0 125.20676688090727
      vertex -100.58234285148067 0 125.1733331091504
    endloop
  endfacet
  facet normal 0 1 0
    outer loop
      vertex -107 0 147
      vertex -100.58234285148067 0 125.1733331091504
      vertex -100.72323879693211 0 125.130592791364
    endloop
  endfacet
  facet normal 0 1 0
    outer loop
      vertex -107 0 147
      vertex -100.14715704076782 0 125.24518257728685
      vertex -100.29368393249511 0 125.23075093809108
    endloop
  endfacet
  facet normal 0 1 0
    outer loop
      vertex -107 0 147
      vertex -100.29368393249511 0 125.23075093809108
      vertex -100.43895322453629 0 125.20676688090727
    endloop
  endfacet
  facet normal 0 1 0
    outer loop
      vertex -107 0 147
      vertex -100 0 125.25
      vertex -100.14715704076782 0 125.24518257728685
    endloop
  endfacet
  facet normal 0 1 0
    outer loop
      vertex -107 0 147
      vertex -99.85284295923218 0 125.24518257728685
      vertex -100 0 125.25
    endloop
  endfacet
  facet normal 0 1 0
    outer loop
      vertex -107 0 147
      vertex -99.70631606750489 0 125.23075093809108
      vertex -99.85284295923218 0 125.24518257728685
    endloop
  endfacet
  facet normal 0 1 0
    outer loop
      vertex -107 0 147
      vertex -99.56104677546371 0 125.20676688090727
      vertex -99.70631606750489 0 125.23075093809108
    endloop
  endfacet
  facet normal 0 1 0
    outer loop
      vertex -107 0 147
      vertex -99.41765714851933 0 125.1733331091504
      vertex -99.56104677546371 0 125.20676688090727
    endloop
  endfacet
  facet normal 0 1 0
    outer loop
      vertex -107 0 147
      vertex -99.13896227717855 0 125.0787289481504
      vertex -99.27676120306789 0 125.130592791364
    endloop
  endfacet
  facet normal 0 1 0
    outer loop
      vertex -107 0 147
      vertex -99.27676120306789 0 125.130592791364
      vertex -99.41765714851933 0 125.1733331091504
    endloop
  endfacet
  facet normal 0 1 0
    outer loop
      vertex -107 0 147
      vertex -99.00485044700724 0 125.01796366844854
      vertex -99.13896227717855 0 125.0787289481504
    endloop
  endfacet
  facet normal 0 1 0
    outer loop
      vertex -107 0 147
      vertex -98.875 0 124.94855715851499
      vertex -99.00485044700724 0 125.01796366844854
    endloop
  endfacet
  facet normal 0 1 0
    outer loop
      vertex -107 0 147
      vertex -98.74996697570589 0 124.87080662768072
      vertex -98.875 0 124.94855715851499
    endloop
  endfacet
  facet normal 0 1 0
    outer loop
      vertex -107 0 147
      vertex -73.60000000000001 0 111.55
      vertex -98.74996697570589 0 124.87080662768072
    endloop
  endfacet
  facet normal 0 1 0
    outer loop
      vertex -107 0 147
      vertex -38.45000000000001 0 111.55
      vertex -73.60000000000001 0 111.55
    endloop
  endfacet
  facet normal 0 1 0
    outer loop
      vertex -107 0 147
      vertex -36.25 0 111.55
      vertex -38.45000000000001 0 111.55
    endloop
  endfacet
  facet normal 0 -1 0
    outer loop
      vertex -107 -8 147
      vertex -76.2 -8 114.15
      vertex 76.2 -8 114.15
    endloop
  endfacet
  facet normal 0 1 0
    outer loop
      vertex -36.25 0 111.55
      vertex -36.25 0 -0.4
      vertex -38.45000000000001 0 111.55
    endloop
  endfacet
  facet normal 0 0 1
    outer loop
      vertex -107 -8 147
      vertex 107 -8 147
      vertex -107 0 147
    endloop
  endfacet
  facet normal 0 1 0
    outer loop
      vertex -107 0 147
      vertex -1.1000000000000014 0 111.55
      vertex -36.25 0 111.55
    endloop
  endfacet
  facet normal 0 1 0
    outer loop
      vertex -107 0 147
      vertex 107 0 147
      vertex -1.1000000000000014 0 111.55
    endloop
  endfacet
  facet normal 0 -1 0
    outer loop
      vertex -107 -8 -17
      vertex 107 -8 -17
      vertex 76.2 -8 -3
    endloop
  endfacet
  facet normal 0 1 0
    outer loop
      vertex -107 0 -17
      vertex 1.1 0 -0.4
      vertex 107 0 -17
    endloop
  endfacet
  facet normal 0 0 -1
    outer loop
      vertex -107 -8 -17
      vertex 107 0 -17
      vertex 107 -8 -17
    endloop
  endfacet
  facet normal 0 1 0
    outer loop
      vertex 107 0 -17
      vertex 1.1 0 -0.4
      vertex 36.25 0 -0.4
    endloop
  endfacet
  facet normal 0 1 0
    outer loop
      vertex 36.25 0 -0.4
      vertex 36.25 0 111.55
      vertex 38.45000000000001 0 -0.4
    endloop
  endfacet
  facet normal 0 -1 0
    outer loop
      vertex 76.2 -8 -3
      vertex 99.56104677546371 -8 4.793233119092731
      vertex 99.41765714851933 -8 4.826666890849596
    endloop
  endfacet
  facet normal 0 -1 0
    outer loop
      vertex 76.2 -8 -3
      vertex 99.85284295923218 -8 4.754817422713142
      vertex 99.70631606750489 -8 4.769249061908926
    endloop
  endfacet
  facet normal 0 -1 0
    outer loop
      vertex 76.2 -8 -3
      vertex 99.70631606750489 -8 4.769249061908926
      vertex 99.56104677546371 -8 4.793233119092731
    endloop
  endfacet
  facet normal 0 -1 0
    outer loop
      vertex 76.2 -8 -3
      vertex 98.63028678473037 -8 5.214954984344721
      vertex 98.51647191602484 -8 5.3083604331723
    endloop
  endfacet
  facet normal 0 -1 0
    outer loop
      vertex 76.2 -8 -3
      vertex 98.3083604331723 -8 5.5164719160248445
      vertex 98.21495498434471 -8 5.630286784730378
    endloop
  endfacet
  facet normal 0 -1 0
    outer loop
      vertex 76.2 -8 -3
      vertex 98.21495498434471 -8 5.630286784730378
      vertex 98.12919337231928 -8 5.749966975705895
    endloop
  endfacet
  facet normal 0 -1 0
    outer loop
      vertex 76.2 -8 -3
      vertex 98.51647191602484 -8 5.3083604331723
      vertex 98.40900974233027 -8 5.409009742330268
    endloop
  endfacet
  facet normal 0 -1 0
    outer loop
      vertex 76.2 -8 -3
      vertex 98.40900974233027 -8 5.409009742330268
      vertex 98.3083604331723 -8 5.5164719160248445
    endloop
  endfacet
  facet normal 0 -1 0
    outer loop
      vertex 76.2 -8 -3
      vertex 97.9212710518496 -8 6.138962277178548
      vertex 97.869407208636 -8 6.2767612030678865
    endloop
  endfacet
  facet normal 0 -1 0
    outer loop
      vertex 76.2 -8 -3
      vertex 97.869407208636 -8 6.2767612030678865
      vertex 97.8266668908496 -8 6.417657148519329
    endloop
  endfacet
  facet normal 0 -1 0
    outer loop
      vertex 76.2 -8 -3
      vertex 97.8266668908496 -8 6.417657148519329
      vertex 97.79323311909273 -8 6.561046775463711
    endloop
  endfacet
  facet normal 0 -1 0
    outer loop
      vertex 76.2 -8 -3
      vertex 98.12919337231928 -8 5.749966975705895
      vertex 98.05144284148501 -8 5.875
    endloop
  endfacet
  facet normal 0 -1 0
    outer loop
      vertex 76.2 -8 -3
      vertex 98.05144284148501 -8 5.875
      vertex 97.98203633155146 -8 6.004850447007247
    endloop
  endfacet
  facet normal 0 -1 0
    outer loop
      vertex 76.2 -8 -3
      vertex 97.98203633155146 -8 6.004850447007247
      vertex 97.9212710518496 -8 6.138962277178548
    endloop
  endfacet
  facet normal 0 -1 0
    outer loop
      vertex 76.2 -8 -3
      vertex 98.875 -8 5.051442841485013
      vertex 98.74996697570589 -8 5.129193372319273
    endloop
  endfacet
  facet normal 0 -1 0
    outer loop
      vertex 76.2 -8 -3
      vertex 98.74996697570589 -8 5.129193372319273
      vertex 98.63028678473037 -8 5.214954984344721
    endloop
  endfacet
  facet normal 0 -1 0
    outer loop
      vertex 76.2 -8 -3
      vertex 99.13896227717855 -8 4.921271051849605
      vertex 99.00485044700724 -8 4.982036331551452
    endloop
  endfacet
  facet normal 0 -1 0
    outer loop
      vertex 76.2 -8 -3
      vertex 99.00485044700724 -8 4.982036331551452
      vertex 98.875 -8 5.051442841485013
    endloop
  endfacet
  facet normal 0 -1 0
    outer loop
      vertex 76.2 -8 -3
      vertex 99.41765714851933 -8 4.826666890849596
      vertex 99.27676120306789 -8 4.869407208636012
    endloop
  endfacet
  facet normal 0 -1 0
    outer loop
      vertex 76.2 -8 -3
      vertex 99.27676120306789 -8 4.869407208636012
      vertex 99.13896227717855 -8 4.921271051849605
    endloop
  endfacet
  facet normal 0 -1 0
    outer loop
      vertex 76.2 -8 -3
      vertex 100.14715704076782 -8 4.754817422713142
      vertex 100 -8 4.75
    endloop
  endfacet
  facet normal 0 -1 0
    outer loop
      vertex 76.2 -8 -3
      vertex 100 -8 4.75
      vertex 99.85284295923218 -8 4.754817422713142
    endloop
  endfacet
  facet normal 0 -1 0
    outer loop
      vertex 76.2 -8 -3
      vertex 107 -8 -17
      vertex 100.14715704076782 -8 4.754817422713142
    endloop
  endfacet
  facet normal 0 -1 0
    outer loop
      vertex 107 -8 -17
      vertex 100.43895322453629 -8 4.793233119092731
      vertex 100.29368393249511 -8 4.769249061908926
    endloop
  endfacet
  facet normal 0 -1 0
    outer loop
      vertex 107 -8 -17
      vertex 100.29368393249511 -8 4.769249061908926
      vertex 100.14715704076782 -8 4.754817422713142
    endloop
  endfacet
  facet normal 0 -1 0
    outer loop
      vertex 107 -8 -17
      vertex 100.72323879693211 -8 4.869407208636012
      vertex 100.58234285148067 -8 4.826666890849596
    endloop
  endfacet
  facet normal 0 -1 0
    outer loop
      vertex 107 -8 -17
      vertex 100.58234285148067 -8 4.826666890849596
      vertex 100.43895322453629 -8 4.793233119092731
    endloop
  endfacet
  facet normal 0 -1 0
    outer loop
      vertex 107 -8 -17
      vertex 100.99514955299276 -8 4.982036331551452
      vertex 100.86103772282145 -8 4.921271051849605
    endloop
  endfacet
  facet normal 0 -1 0
    outer loop
      vertex 107 -8 -17
      vertex 100.86103772282145 -8 4.921271051849605
      vertex 100.72323879693211 -8 4.869407208636012
    endloop
  endfacet
  facet normal 0 -1 0
    outer loop
      vertex 107 -8 -17
      vertex 101.25003302429411 -8 5.129193372319273
      vertex 101.125 -8 5.051442841485013
    endloop
  endfacet
  facet normal 0 -1 0
    outer loop
      vertex 107 -8 -17
      vertex 101.125 -8 5.051442841485013
      vertex 100.99514955299276 -8 4.982036331551452
    endloop
  endfacet
  facet normal 0 -1 0
    outer loop
      vertex 107 -8 -17
      vertex 101.36971321526963 -8 5.214954984344721
      vertex 101.25003302429411 -8 5.129193372319273
    endloop
  endfacet
  facet normal 0 -1 0
    outer loop
      vertex 107 -8 -17
      vertex 101.48352808397516 -8 5.3083604331723
      vertex 101.36971321526963 -8 5.214954984344721
    endloop
  endfacet
  facet normal 0 -1 0
    outer loop
      vertex 107 -8 -17
      vertex 101.6916395668277 -8 5.5164719160248445
      vertex 101.59099025766973 -8 5.409009742330268
    endloop
  endfacet
  facet normal 0 -1 0
    outer loop
      vertex 107 -8 -17
      vertex 101.59099025766973 -8 5.409009742330268
      vertex 101.48352808397516 -8 5.3083604331723
    endloop
  endfacet
  facet normal 0 -1 0
    outer loop
      vertex 107 -8 -17
      vertex 101.78504501565529 -8 5.630286784730378
      vertex 101.6916395668277 -8 5.5164719160248445
    endloop
  endfacet
  facet normal 0 -1 0
    outer loop
      vertex 107 -8 -17
      vertex 101.87080662768072 -8 5.749966975705895
      vertex 101.78504501565529 -8 5.630286784730378
    endloop
  endfacet
  facet normal 0 -1 0
    outer loop
      vertex 107 -8 -17
      vertex 101.94855715851499 -8 5.875
      vertex 101.87080662768072 -8 5.749966975705895
    endloop
  endfacet
  facet normal 0 -1 0
    outer loop
      vertex 107 -8 -17
      vertex 102.01796366844854 -8 6.004850447007247
      vertex 101.94855715851499 -8 5.875
    endloop
  endfacet
  facet normal 0 -1 0
    outer loop
      vertex 107 -8 -17
      vertex 102.0787289481504 -8 6.138962277178548
      vertex 102.01796366844854 -8 6.004850447007247
    endloop
  endfacet
  facet normal 0 -1 0
    outer loop
      vertex 107 -8 -17
      vertex 102.130592791364 -8 6.2767612030678865
      vertex 102.0787289481504 -8 6.138962277178548
    endloop
  endfacet
  facet normal 0 -1 0
    outer loop
      vertex 107 -8 -17
      vertex 102.1733331091504 -8 6.417657148519329
      vertex 102.130592791364 -8 6.2767612030678865
    endloop
  endfacet
  facet normal 0 -1 0
    outer loop
      vertex 107 -8 -17
      vertex 102.20676688090727 -8 6.561046775463711
      vertex 102.1733331091504 -8 6.417657148519329
    endloop
  endfacet
  facet normal 0 -1 0
    outer loop
      vertex 107 -8 -17
      vertex 102.23075093809108 -8 6.706316067504884
      vertex 102.20676688090727 -8 6.561046775463711
    endloop
  endfacet
  facet normal 0 -1 0
    outer loop
      vertex 107 -8 -17
      vertex 102.24518257728685 -8 6.852842959232178
      vertex 102.23075093809108 -8 6.706316067504884
    endloop
  endfacet
  facet normal 0 -1 0
    outer loop
      vertex 76.2 -8 -3
      vertex 97.79323311909273 -8 6.561046775463711
      vertex 76.2 -8 114.15
    endloop
  endfacet
  facet normal 0 -1 0
    outer loop
      vertex 76.2 -8 114.15
      vertex 97.79323311909273 -8 6.561046775463711
      vertex 97.76924906190892 -8 6.706316067504884
    endloop
  endfacet
  facet normal 0 -1 0
    outer loop
      vertex 76.2 -8 114.15
      vertex 97.76924906190892 -8 6.706316067504884
      vertex 97.75481742271315 -8 6.852842959232178
    endloop
  endfacet
  facet normal 0 -1 0
    outer loop
      vertex 76.2 -8 114.15
      vertex 97.75481742271315 -8 6.852842959232178
      vertex 97.75 -8 7
    endloop
  endfacet
  facet normal 0 -1 0
    outer loop
      vertex 76.2 -8 114.15
      vertex 97.75 -8 7
      vertex 97.75481742271315 -8 7.147157040767822
    endloop
  endfacet
  facet normal 0 -1 0
    outer loop
      vertex 76.2 -8 114.15
      vertex 97.75481742271315 -8 7.147157040767822
      vertex 97.76924906190892 -8 7.293683932495116
    endloop
  endfacet
  facet normal 0 -1 0
    outer loop
      vertex 76.2 -8 114.15
      vertex 97.76924906190892 -8 7.293683932495116
      vertex 97.79323311909273 -8 7.438953224536289
    endloop
  endfacet
  facet normal 0 -1 0
    outer loop
      vertex 76.2 -8 114.15
      vertex 97.79323311909273 -8 7.438953224536289
      vertex 97.8266668908496 -8 7.582342851480671
    endloop
  endfacet
  facet normal 0 -1 0
    outer loop
      vertex 76.2 -8 114.15
      vertex 97.8266668908496 -8 7.582342851480671
      vertex 97.869407208636 -8 7.7232387969321135
    endloop
  endfacet
  facet normal 0 -1 0
    outer loop
      vertex 76.2 -8 114.15
      vertex 97.869407208636 -8 7.7232387969321135
      vertex 97.9212710518496 -8 7.861037722821452
    endloop
  endfacet
  facet normal 0 -1 0
    outer loop
      vertex 76.2 -8 114.15
      vertex 97.9212710518496 -8 7.861037722821452
      vertex 97.98203633155146 -8 7.995149552992753
    endloop
  endfacet
  facet normal 0 -1 0
    outer loop
      vertex 76.2 -8 114.15
      vertex 97.98203633155146 -8 7.995149552992753
      vertex 98.05144284148501 -8 8.125
    endloop
  endfacet
  facet normal 0 -1 0
    outer loop
      vertex 76.2 -8 114.15
      vertex 98.05144284148501 -8 8.125
      vertex 98.12919337231928 -8 8.250033024294105
    endloop
  endfacet
  facet normal 0 -1 0
    outer loop
      vertex 76.2 -8 114.15
      vertex 98.12919337231928 -8 8.250033024294105
      vertex 98.21495498434471 -8 8.369713215269622
    endloop
  endfacet
  facet normal 0 -1 0
    outer loop
      vertex 76.2 -8 114.15
      vertex 98.21495498434471 -8 8.369713215269622
      vertex 98.3083604331723 -8 8.483528083975155
    endloop
  endfacet
  facet normal 0 -1 0
    outer loop
      vertex 76.2 -8 114.15
      vertex 98.3083604331723 -8 8.483528083975155
      vertex 98.40900974233027 -8 8.590990257669732
    endloop
  endfacet
  facet normal 0 -1 0
    outer loop
      vertex 76.2 -8 114.15
      vertex 98.40900974233027 -8 8.590990257669732
      vertex 98.51647191602484 -8 8.6916395668277
    endloop
  endfacet
  facet normal 0 -1 0
    outer loop
      vertex 76.2 -8 114.15
      vertex 98.51647191602484 -8 8.6916395668277
      vertex 98.63028678473037 -8 8.785045015655278
    endloop
  endfacet
  facet normal 0 -1 0
    outer loop
      vertex 76.2 -8 114.15
      vertex 98.63028678473037 -8 8.785045015655278
      vertex 98.74996697570589 -8 8.870806627680727
    endloop
  endfacet
  facet normal 0 -1 0
    outer loop
      vertex 76.2 -8 114.15
      vertex 98.74996697570589 -8 8.870806627680727
      vertex 98.875 -8 8.948557158514987
    endloop
  endfacet
  facet normal 0 -1 0
    outer loop
      vertex 76.2 -8 114.15
      vertex 99.00485044700724 -8 9.017963668448548
      vertex 99.13896227717855 -8 9.078728948150395
    endloop
  endfacet
  facet normal 0 -1 0
    outer loop
      vertex 76.2 -8 114.15
      vertex 98.875 -8 8.948557158514987
      vertex 99.00485044700724 -8 9.017963668448548
    endloop
  endfacet
  facet normal 0 -1 0
    outer loop
      vertex 76.2 -8 114.15
      vertex 99.41765714851933 -8 9.173333109150404
      vertex 99.56104677546371 -8 9.206766880907269
    endloop
  endfacet
  facet normal 0 -1 0
    outer loop
      vertex 76.2 -8 114.15
      vertex 99.27676120306789 -8 9.130592791363988
      vertex 99.41765714851933 -8 9.173333109150404
    endloop
  endfacet
  facet normal 0 -1 0
    outer loop
      vertex 76.2 -8 114.15
      vertex 99.13896227717855 -8 9.078728948150395
      vertex 99.27676120306789 -8 9.130592791363988
    endloop
  endfacet
  facet normal 0 -1 0
    outer loop
      vertex 76.2 -8 114.15
      vertex 99.70631606750489 -8 9.230750938091074
      vertex 99.85284295923218 -8 9.245182577286858
    endloop
  endfacet
  facet normal 0 -1 0
    outer loop
      vertex 76.2 -8 114.15
      vertex 99.56104677546371 -8 9.206766880907269
      vertex 99.70631606750489 -8 9.230750938091074
    endloop
  endfacet
  facet normal 0 -1 0
    outer loop
      vertex 76.2 -8 114.15
      vertex 100 -8 9.25
      vertex 100.14715704076782 -8 9.245182577286858
    endloop
  endfacet
  facet normal 0 -1 0
    outer loop
      vertex 76.2 -8 114.15
      vertex 99.85284295923218 -8 9.245182577286858
      vertex 100 -8 9.25
    endloop
  endfacet
  facet normal 0 -1 0
    outer loop
      vertex 76.2 -8 114.15
      vertex 100.29368393249511 -8 9.230750938091074
      vertex 100.43895322453629 -8 9.206766880907269
    endloop
  endfacet
  facet normal 0 -1 0
    outer loop
      vertex 76.2 -8 114.15
      vertex 100.14715704076782 -8 9.245182577286858
      vertex 100.29368393249511 -8 9.230750938091074
    endloop
  endfacet
  facet normal 0 -1 0
    outer loop
      vertex 76.2 -8 114.15
      vertex 100.58234285148067 -8 9.173333109150404
      vertex 100.72323879693211 -8 9.130592791363988
    endloop
  endfacet
  facet normal 0 -1 0
    outer loop
      vertex 76.2 -8 114.15
      vertex 100.43895322453629 -8 9.206766880907269
      vertex 100.58234285148067 -8 9.173333109150404
    endloop
  endfacet
  facet normal 0 -1 0
    outer loop
      vertex 76.2 -8 114.15
      vertex 100.86103772282145 -8 9.078728948150395
      vertex 100.99514955299276 -8 9.017963668448548
    endloop
  endfacet
  facet normal 0 -1 0
    outer loop
      vertex 76.2 -8 114.15
      vertex 100.72323879693211 -8 9.130592791363988
      vertex 100.86103772282145 -8 9.078728948150395
    endloop
  endfacet
  facet normal 0 -1 0
    outer loop
      vertex 102.130592791364 -8 7.7232387969321135
      vertex 102.1733331091504 -8 7.582342851480671
      vertex 102.130592791364 -8 64.27676120306789
    endloop
  endfacet
  facet normal 0 -1 0
    outer loop
      vertex 101.125 -8 8.948557158514987
      vertex 100.99514955299276 -8 62.98203633155145
      vertex 100.99514955299276 -8 9.017963668448548
    endloop
  endfacet
  facet normal 0 -1 0
    outer loop
      vertex 101.59099025766973 -8 8.590990257669732
      vertex 101.48352808397516 -8 63.308360433172304
      vertex 101.48352808397516 -8 8.6916395668277
    endloop
  endfacet
  facet normal 0 -1 0
    outer loop
      vertex 101.25003302429411 -8 8.870806627680727
      vertex 101.125 -8 63.05144284148501
      vertex 101.125 -8 8.948557158514987
    endloop
  endfacet
  facet normal 0 -1 0
    outer loop
      vertex 101.36971321526963 -8 8.785045015655278
      vertex 101.25003302429411 -8 63.12919337231927
      vertex 101.25003302429411 -8 8.870806627680727
    endloop
  endfacet
  facet normal 0 -1 0
    outer loop
      vertex 101.48352808397516 -8 8.6916395668277
      vertex 101.36971321526963 -8 63.21495498434472
      vertex 101.36971321526963 -8 8.785045015655278
    endloop
  endfacet
  facet normal 0 -1 0
    outer loop
      vertex 101.6916395668277 -8 8.483528083975155
      vertex 101.59099025766973 -8 63.40900974233027
      vertex 101.59099025766973 -8 8.590990257669732
    endloop
  endfacet
  facet normal 0 -1 0
    outer loop
      vertex 101.6916395668277 -8 8.483528083975155
      vertex 101.78504501565529 -8 8.369713215269622
      vertex 101.6916395668277 -8 63.51647191602485
    endloop
  endfacet
  facet normal 0 -1 0
    outer loop
      vertex 101.87080662768072 -8 8.250033024294105
      vertex 101.94855715851499 -8 8.125
      vertex 101.87080662768072 -8 63.749966975705895
    endloop
  endfacet
  facet normal 0 -1 0
    outer loop
      vertex 101.94855715851499 -8 8.125
      vertex 102.01796366844854 -8 7.995149552992753
      vertex 101.94855715851499 -8 63.875
    endloop
  endfacet
  facet normal 0 -1 0
    outer loop
      vertex 101.78504501565529 -8 8.369713215269622
      vertex 101.87080662768072 -8 8.250033024294105
      vertex 101.78504501565529 -8 63.63028678473038
    endloop
  endfacet
  facet normal 0 -1 0
    outer loop
      vertex 102.01796366844854 -8 7.995149552992753
      vertex 102.0787289481504 -8 7.861037722821452
      vertex 102.01796366844854 -8 64.00485044700724
    endloop
  endfacet
  facet normal 0 -1 0
    outer loop
      vertex 102.0787289481504 -8 7.861037722821452
      vertex 102.130592791364 -8 7.7232387969321135
      vertex 102.0787289481504 -8 64.13896227717855
    endloop
  endfacet
  facet normal 0 -1 0
    outer loop
      vertex 76.2 -8 114.15
      vertex 100.99514955299276 -8 9.017963668448548
      vertex 97.9212710518496 -8 64.13896227717855
    endloop
  endfacet
  facet normal 0 -1 0
    outer loop
      vertex 100.99514955299276 -8 9.017963668448548
      vertex 98.74996697570589 -8 63.12919337231927
      vertex 98.63028678473037 -8 63.21495498434472
    endloop
  endfacet
  facet normal 0 -1 0
    outer loop
      vertex 100.99514955299276 -8 9.017963668448548
      vertex 98.05144284148501 -8 63.875
      vertex 97.98203633155146 -8 64.00485044700724
    endloop
  endfacet
  facet normal 0 -1 0
    outer loop
      vertex 100.99514955299276 -8 9.017963668448548
      vertex 97.98203633155146 -8 64.00485044700724
      vertex 97.9212710518496 -8 64.13896227717855
    endloop
  endfacet
  facet normal 0 -1 0
    outer loop
      vertex 100.99514955299276 -8 9.017963668448548
      vertex 98.40900974233027 -8 63.40900974233027
      vertex 98.3083604331723 -8 63.51647191602485
    endloop
  endfacet
  facet normal 0 -1 0
    outer loop
      vertex 100.99514955299276 -8 9.017963668448548
      vertex 98.3083604331723 -8 63.51647191602485
      vertex 98.21495498434471 -8 63.63028678473038
    endloop
  endfacet
  facet normal 0 -1 0
    outer loop
      vertex 100.99514955299276 -8 9.017963668448548
      vertex 98.63028678473037 -8 63.21495498434472
      vertex 98.51647191602484 -8 63.308360433172304
    endloop
  endfacet
  facet normal 0 -1 0
    outer loop
      vertex 100.99514955299276 -8 9.017963668448548
      vertex 98.51647191602484 -8 63.308360433172304
      vertex 98.40900974233027 -8 63.40900974233027
    endloop
  endfacet
  facet normal 0 -1 0
    outer loop
      vertex 100.99514955299276 -8 9.017963668448548
      vertex 98.21495498434471 -8 63.63028678473038
      vertex 98.12919337231928 -8 63.749966975705895
    endloop
  endfacet
  facet normal 0 -1 0
    outer loop
      vertex 100.99514955299276 -8 9.017963668448548
      vertex 98.12919337231928 -8 63.749966975705895
      vertex 98.05144284148501 -8 63.875
    endloop
  endfacet
  facet normal 0 -1 0
    outer loop
      vertex 100.99514955299276 -8 9.017963668448548
      vertex 99.00485044700724 -8 62.98203633155145
      vertex 98.875 -8 63.05144284148501
    endloop
  endfacet
  facet normal 0 -1 0
    outer loop
      vertex 100.99514955299276 -8 9.017963668448548
      vertex 98.875 -8 63.05144284148501
      vertex 98.74996697570589 -8 63.12919337231927
    endloop
  endfacet
  facet normal 0 -1 0
    outer loop
      vertex 100.99514955299276 -8 9.017963668448548
      vertex 99.27676120306789 -8 62.86940720863601
      vertex 99.13896227717855 -8 62.92127105184961
    endloop
  endfacet
  facet normal 0 -1 0
    outer loop
      vertex 100.99514955299276 -8 9.017963668448548
      vertex 99.13896227717855 -8 62.92127105184961
      vertex 99.00485044700724 -8 62.98203633155145
    endloop
  endfacet
  facet normal 0 -1 0
    outer loop
      vertex 100.99514955299276 -8 9.017963668448548
      vertex 99.70631606750489 -8 62.76924906190893
      vertex 99.56104677546371 -8 62.79323311909273
    endloop
  endfacet
  facet normal 0 -1 0
    outer loop
      vertex 100.99514955299276 -8 9.017963668448548
      vertex 99.56104677546371 -8 62.79323311909273
      vertex 99.41765714851933 -8 62.826666890849594
    endloop
  endfacet
  facet normal 0 -1 0
    outer loop
      vertex 100.99514955299276 -8 9.017963668448548
      vertex 99.41765714851933 -8 62.826666890849594
      vertex 99.27676120306789 -8 62.86940720863601
    endloop
  endfacet
  facet normal 0 -1 0
    outer loop
      vertex 100.99514955299276 -8 9.017963668448548
      vertex 100 -8 62.75
      vertex 99.85284295923218 -8 62.754817422713145
    endloop
  endfacet
  facet normal 0 -1 0
    outer loop
      vertex 100.99514955299276 -8 9.017963668448548
      vertex 99.85284295923218 -8 62.754817422713145
      vertex 99.70631606750489 -8 62.76924906190893
    endloop
  endfacet
  facet normal 0 -1 0
    outer loop
      vertex 100.99514955299276 -8 9.017963668448548
      vertex 100.14715704076782 -8 62.754817422713145
      vertex 100 -8 62.75
    endloop
  endfacet
  facet normal 0 -1 0
    outer loop
      vertex 100.99514955299276 -8 9.017963668448548
      vertex 100.29368393249511 -8 62.76924906190893
      vertex 100.14715704076782 -8 62.754817422713145
    endloop
  endfacet
  facet normal 0 -1 0
    outer loop
      vertex 100.99514955299276 -8 9.017963668448548
      vertex 100.43895322453629 -8 62.79323311909273
      vertex 100.29368393249511 -8 62.76924906190893
    endloop
  endfacet
  facet normal 0 -1 0
    outer loop
      vertex 100.99514955299276 -8 9.017963668448548
      vertex 100.58234285148067 -8 62.826666890849594
      vertex 100.43895322453629 -8 62.79323311909273
    endloop
  endfacet
  facet normal 0 -1 0
    outer loop
      vertex 100.99514955299276 -8 9.017963668448548
      vertex 100.72323879693211 -8 62.86940720863601
      vertex 100.58234285148067 -8 62.826666890849594
    endloop
  endfacet
  facet normal 0 -1 0
    outer loop
      vertex 100.99514955299276 -8 9.017963668448548
      vertex 100.86103772282145 -8 62.92127105184961
      vertex 100.72323879693211 -8 62.86940720863601
    endloop
  endfacet
  facet normal 0 -1 0
    outer loop
      vertex 100.99514955299276 -8 9.017963668448548
      vertex 100.99514955299276 -8 62.98203633155145
      vertex 100.86103772282145 -8 62.92127105184961
    endloop
  endfacet
  facet normal 0 -1 0
    outer loop
      vertex 101.125 -8 8.948557158514987
      vertex 101.125 -8 63.05144284148501
      vertex 100.99514955299276 -8 62.98203633155145
    endloop
  endfacet
  facet normal 0 -1 0
    outer loop
      vertex 101.25003302429411 -8 8.870806627680727
      vertex 101.25003302429411 -8 63.12919337231927
      vertex 101.125 -8 63.05144284148501
    endloop
  endfacet
  facet normal 0 -1 0
    outer loop
      vertex 101.36971321526963 -8 8.785045015655278
      vertex 101.36971321526963 -8 63.21495498434472
      vertex 101.25003302429411 -8 63.12919337231927
    endloop
  endfacet
  facet normal 0 -1 0
    outer loop
      vertex 101.48352808397516 -8 8.6916395668277
      vertex 101.48352808397516 -8 63.308360433172304
      vertex 101.36971321526963 -8 63.21495498434472
    endloop
  endfacet
  facet normal 0 -1 0
    outer loop
      vertex 101.59099025766973 -8 8.590990257669732
      vertex 101.59099025766973 -8 63.40900974233027
      vertex 101.48352808397516 -8 63.308360433172304
    endloop
  endfacet
  facet normal 0 -1 0
    outer loop
      vertex 101.6916395668277 -8 8.483528083975155
      vertex 101.6916395668277 -8 63.51647191602485
      vertex 101.59099025766973 -8 63.40900974233027
    endloop
  endfacet
  facet normal 0 -1 0
    outer loop
      vertex 101.78504501565529 -8 8.369713215269622
      vertex 101.78504501565529 -8 63.63028678473038
      vertex 101.6916395668277 -8 63.51647191602485
    endloop
  endfacet
  facet normal 0 -1 0
    outer loop
      vertex 101.87080662768072 -8 8.250033024294105
      vertex 101.87080662768072 -8 63.749966975705895
      vertex 101.78504501565529 -8 63.63028678473038
    endloop
  endfacet
  facet normal 0 -1 0
    outer loop
      vertex 101.94855715851499 -8 8.125
      vertex 101.94855715851499 -8 63.875
      vertex 101.87080662768072 -8 63.749966975705895
    endloop
  endfacet
  facet normal 0 -1 0
    outer loop
      vertex 102.01796366844854 -8 7.995149552992753
      vertex 102.01796366844854 -8 64.00485044700724
      vertex 101.94855715851499 -8 63.875
    endloop
  endfacet
  facet normal 0 -1 0
    outer loop
      vertex 102.0787289481504 -8 7.861037722821452
      vertex 102.0787289481504 -8 64.13896227717855
      vertex 102.01796366844854 -8 64.00485044700724
    endloop
  endfacet
  facet normal 0 -1 0
    outer loop
      vertex 102.130592791364 -8 7.7232387969321135
      vertex 102.130592791364 -8 64.27676120306789
      vertex 102.0787289481504 -8 64.13896227717855
    endloop
  endfacet
  facet normal 0 -1 0
    outer loop
      vertex 102.1733331091504 -8 7.582342851480671
      vertex 102.1733331091504 -8 64.41765714851933
      vertex 102.130592791364 -8 64.27676120306789
    endloop
  endfacet
  facet normal 0 -1 0
    outer loop
      vertex 102.1733331091504 -8 7.582342851480671
      vertex 102.20676688090727 -8 64.56104677546371
      vertex 102.1733331091504 -8 64.41765714851933
    endloop
  endfacet
  facet normal 0 -1 0
    outer loop
      vertex 102.1733331091504 -8 7.582342851480671
      vertex 102.23075093809108 -8 64.70631606750489
      vertex 102.20676688090727 -8 64.56104677546371
    endloop
  endfacet
  facet normal 0 -1 0
    outer loop
      vertex 102.1733331091504 -8 7.582342851480671
      vertex 102.24518257728685 -8 64.85284295923218
      vertex 102.23075093809108 -8 64.70631606750489
    endloop
  endfacet
  facet normal 0 -1 0
    outer loop
      vertex 107 -8 -17
      vertex 107 -8 147
      vertex 102.24518257728685 -8 6.852842959232178
    endloop
  endfacet
  facet normal 0 -1 0
    outer loop
      vertex 107 -8 147
      vertex 102.25 -8 7
      vertex 102.24518257728685 -8 6.852842959232178
    endloop
  endfacet
  facet normal 0 -1 0
    outer loop
      vertex 107 -8 147
      vertex 102.24518257728685 -8 7.147157040767822
      vertex 102.25 -8 7
    endloop
  endfacet
  facet normal 0 -1 0
    outer loop
      vertex 107 -8 147
      vertex 102.23075093809108 -8 7.293683932495116
      vertex 102.24518257728685 -8 7.147157040767822
    endloop
  endfacet
  facet normal 0 -1 0
    outer loop
      vertex 107 -8 147
      vertex 102.20676688090727 -8 7.438953224536289
      vertex 102.23075093809108 -8 7.293683932495116
    endloop
  endfacet
  facet normal 0 -1 0
    outer loop
      vertex 107 -8 147
      vertex 102.1733331091504 -8 7.582342851480671
      vertex 102.20676688090727 -8 7.438953224536289
    endloop
  endfacet
  facet normal 0 1 0
    outer loop
      vertex 107 0 -17
      vertex 36.25 0 -0.4
      vertex 38.45000000000001 0 -0.4
    endloop
  endfacet
  facet normal 0 1 0
    outer loop
      vertex 107 0 -17
      vertex 38.45000000000001 0 -0.4
      vertex 73.60000000000001 0 -0.4
    endloop
  endfacet
  facet normal 0 1 0
    outer loop
      vertex 107 0 -17
      vertex 73.60000000000001 0 -0.4
      vertex 73.60000000000001 0 8.596261682242982
    endloop
  endfacet
  facet normal 0 1 0
    outer loop
      vertex 107 0 -17
      vertex 73.60000000000001 0 8.596261682242982
      vertex 97.9212710518496 0 6.138962277178548
    endloop
  endfacet
  facet normal 0 1 0
    outer loop
      vertex 107 0 -17
      vertex 98.05144284148501 0 5.875
      vertex 98.12919337231928 0 5.749966975705895
    endloop
  endfacet
  facet normal 0 1 0
    outer loop
      vertex 107 0 -17
      vertex 98.12919337231928 0 5.749966975705895
      vertex 98.21495498434471 0 5.630286784730378
    endloop
  endfacet
  facet normal 0 1 0
    outer loop
      vertex 107 0 -17
      vertex 97.98203633155146 0 6.004850447007247
      vertex 98.05144284148501 0 5.875
    endloop
  endfacet
  facet normal 0 1 0
    outer loop
      vertex 107 0 -17
      vertex 98.74996697570589 0 5.129193372319273
      vertex 98.875 0 5.051442841485013
    endloop
  endfacet
  facet normal 0 1 0
    outer loop
      vertex 107 0 -17
      vertex 98.875 0 5.051442841485013
      vertex 99.00485044700724 0 4.982036331551452
    endloop
  endfacet
  facet normal 0 1 0
    outer loop
      vertex 107 0 -17
      vertex 99.00485044700724 0 4.982036331551452
      vertex 99.13896227717855 0 4.921271051849605
    endloop
  endfacet
  facet normal 0 1 0
    outer loop
      vertex 107 0 -17
      vertex 99.27676120306789 0 4.869407208636012
      vertex 99.41765714851933 0 4.826666890849596
    endloop
  endfacet
  facet normal 0 1 0
    outer loop
      vertex 107 0 -17
      vertex 99.13896227717855 0 4.921271051849605
      vertex 99.27676120306789 0 4.869407208636012
    endloop
  endfacet
  facet normal 0 1 0
    outer loop
      vertex 107 0 -17
      vertex 98.21495498434471 0 5.630286784730378
      vertex 98.3083604331723 0 5.5164719160248445
    endloop
  endfacet
  facet normal 0 1 0
    outer loop
      vertex 107 0 -17
      vertex 98.3083604331723 0 5.5164719160248445
      vertex 98.40900974233027 0 5.409009742330268
    endloop
  endfacet
  facet normal 0 1 0
    outer loop
      vertex 107 0 -17
      vertex 98.40900974233027 0 5.409009742330268
      vertex 98.51647191602484 0 5.3083604331723
    endloop
  endfacet
  facet normal 0 1 0
    outer loop
      vertex 107 0 -17
      vertex 98.51647191602484 0 5.3083604331723
      vertex 98.63028678473037 0 5.214954984344721
    endloop
  endfacet
  facet normal 0 1 0
    outer loop
      vertex 107 0 -17
      vertex 98.63028678473037 0 5.214954984344721
      vertex 98.74996697570589 0 5.129193372319273
    endloop
  endfacet
  facet normal 0 1 0
    outer loop
      vertex 107 0 -17
      vertex 99.41765714851933 0 4.826666890849596
      vertex 99.56104677546371 0 4.793233119092731
    endloop
  endfacet
  facet normal 0 1 0
    outer loop
      vertex 107 0 -17
      vertex 99.56104677546371 0 4.793233119092731
      vertex 99.70631606750489 0 4.769249061908926
    endloop
  endfacet
  facet normal 0 1 0
    outer loop
      vertex 107 0 -17
      vertex 99.70631606750489 0 4.769249061908926
      vertex 99.85284295923218 0 4.754817422713142
    endloop
  endfacet
  facet normal 0 1 0
    outer loop
      vertex 107 0 -17
      vertex 99.85284295923218 0 4.754817422713142
      vertex 100 0 4.75
    endloop
  endfacet
  facet normal 0 1 0
    outer loop
      vertex 107 0 -17
      vertex 100 0 4.75
      vertex 100.14715704076782 0 4.754817422713142
    endloop
  endfacet
  facet normal 0 1 0
    outer loop
      vertex 107 0 -17
      vertex 100.14715704076782 0 4.754817422713142
      vertex 100.29368393249511 0 4.769249061908926
    endloop
  endfacet
  facet normal 0 1 0
    outer loop
      vertex 107 0 -17
      vertex 100.29368393249511 0 4.769249061908926
      vertex 100.43895322453629 0 4.793233119092731
    endloop
  endfacet
  facet normal 0 1 0
    outer loop
      vertex 107 0 -17
      vertex 100.43895322453629 0 4.793233119092731
      vertex 100.58234285148067 0 4.826666890849596
    endloop
  endfacet
  facet normal 0 1 0
    outer loop
      vertex 107 0 -17
      vertex 100.58234285148067 0 4.826666890849596
      vertex 100.72323879693211 0 4.869407208636012
    endloop
  endfacet
  facet normal 0 1 0
    outer loop
      vertex 107 0 -17
      vertex 100.72323879693211 0 4.869407208636012
      vertex 100.86103772282145 0 4.921271051849605
    endloop
  endfacet
  facet normal 0 1 0
    outer loop
      vertex 107 0 -17
      vertex 100.86103772282145 0 4.921271051849605
      vertex 100.99514955299276 0 4.982036331551452
    endloop
  endfacet
  facet normal 0 1 0
    outer loop
      vertex 107 0 -17
      vertex 100.99514955299276 0 4.982036331551452
      vertex 101.125 0 5.051442841485013
    endloop
  endfacet
  facet normal 0 1 0
    outer loop
      vertex 107 0 -17
      vertex 101.125 0 5.051442841485013
      vertex 101.25003302429411 0 5.129193372319273
    endloop
  endfacet
  facet normal 0 1 0
    outer loop
      vertex 107 0 -17
      vertex 101.25003302429411 0 5.129193372319273
      vertex 101.36971321526963 0 5.214954984344721
    endloop
  endfacet
  facet normal 0 1 0
    outer loop
      vertex 107 0 -17
      vertex 101.36971321526963 0 5.214954984344721
      vertex 101.48352808397516 0 5.3083604331723
    endloop
  endfacet
  facet normal 0 1 0
    outer loop
      vertex 107 0 -17
      vertex 101.48352808397516 0 5.3083604331723
      vertex 101.59099025766973 0 5.409009742330268
    endloop
  endfacet
  facet normal 0 1 0
    outer loop
      vertex 107 0 -17
      vertex 101.59099025766973 0 5.409009742330268
      vertex 101.6916395668277 0 5.5164719160248445
    endloop
  endfacet
  facet normal 0 1 0
    outer loop
      vertex 107 0 -17
      vertex 101.6916395668277 0 5.5164719160248445
      vertex 101.78504501565529 0 5.630286784730378
    endloop
  endfacet
  facet normal 0 1 0
    outer loop
      vertex 107 0 -17
      vertex 101.78504501565529 0 5.630286784730378
      vertex 101.87080662768072 0 5.749966975705895
    endloop
  endfacet
  facet normal 0 1 0
    outer loop
      vertex 107 0 -17
      vertex 101.87080662768072 0 5.749966975705895
      vertex 101.94855715851499 0 5.875
    endloop
  endfacet
  facet normal 0 1 0
    outer loop
      vertex 107 0 -17
      vertex 101.94855715851499 0 5.875
      vertex 102.01796366844854 0 6.004850447007247
    endloop
  endfacet
  facet normal 0 1 0
    outer loop
      vertex 107 0 -17
      vertex 97.9212710518496 0 6.138962277178548
      vertex 97.98203633155146 0 6.004850447007247
    endloop
  endfacet
  facet normal 0 1 0
    outer loop
      vertex 107 0 -17
      vertex 102.01796366844854 0 6.004850447007247
      vertex 102.0787289481504 0 6.138962277178548
    endloop
  endfacet
  facet normal 0 1 0
    outer loop
      vertex 107 0 -17
      vertex 102.0787289481504 0 6.138962277178548
      vertex 102.130592791364 0 6.2767612030678865
    endloop
  endfacet
  facet normal 0 1 0
    outer loop
      vertex 107 0 -17
      vertex 102.130592791364 0 6.2767612030678865
      vertex 102.1733331091504 0 6.417657148519329
    endloop
  endfacet
  facet normal 0 1 0
    outer loop
      vertex 107 0 -17
      vertex 102.1733331091504 0 6.417657148519329
      vertex 102.20676688090727 0 6.561046775463711
    endloop
  endfacet
  facet normal 0 1 0
    outer loop
      vertex 107 0 -17
      vertex 102.20676688090727 0 6.561046775463711
      vertex 102.23075093809108 0 6.706316067504884
    endloop
  endfacet
  facet normal 0 1 0
    outer loop
      vertex 107 0 -17
      vertex 102.23075093809108 0 6.706316067504884
      vertex 102.24518257728685 0 6.852842959232178
    endloop
  endfacet
  facet normal 0 1 0
    outer loop
      vertex 73.60000000000001 0 8.596261682242982
      vertex 97.869407208636 0 6.2767612030678865
      vertex 97.9212710518496 0 6.138962277178548
    endloop
  endfacet
  facet normal 0 1 0
    outer loop
      vertex 73.60000000000001 0 8.596261682242982
      vertex 97.8266668908496 0 6.417657148519329
      vertex 97.869407208636 0 6.2767612030678865
    endloop
  endfacet
  facet normal 0 1 0
    outer loop
      vertex 73.60000000000001 0 8.596261682242982
      vertex 97.76924906190892 0 6.706316067504884
      vertex 97.79323311909273 0 6.561046775463711
    endloop
  endfacet
  facet normal 0 1 0
    outer loop
      vertex 73.60000000000001 0 8.596261682242982
      vertex 97.79323311909273 0 6.561046775463711
      vertex 97.8266668908496 0 6.417657148519329
    endloop
  endfacet
  facet normal 0 1 0
    outer loop
      vertex 73.60000000000001 0 8.596261682242982
      vertex 97.75 0 7
      vertex 97.75481742271315 0 6.852842959232178
    endloop
  endfacet
  facet normal 0 1 0
    outer loop
      vertex 73.60000000000001 0 8.596261682242982
      vertex 97.75481742271315 0 6.852842959232178
      vertex 97.76924906190892 0 6.706316067504884
    endloop
  endfacet
  facet normal 0 1 0
    outer loop
      vertex 73.60000000000001 0 8.596261682242982
      vertex 97.75481742271315 0 7.147157040767822
      vertex 97.75 0 7
    endloop
  endfacet
  facet normal 0 1 0
    outer loop
      vertex 73.60000000000001 0 8.596261682242982
      vertex 97.79323311909273 0 7.438953224536289
      vertex 97.76924906190892 0 7.293683932495116
    endloop
  endfacet
  facet normal 0 1 0
    outer loop
      vertex 73.60000000000001 0 8.596261682242982
      vertex 97.76924906190892 0 7.293683932495116
      vertex 97.75481742271315 0 7.147157040767822
    endloop
  endfacet
  facet normal 0 1 0
    outer loop
      vertex 73.60000000000001 0 8.596261682242982
      vertex 97.869407208636 0 7.7232387969321135
      vertex 97.8266668908496 0 7.582342851480671
    endloop
  endfacet
  facet normal 0 1 0
    outer loop
      vertex 73.60000000000001 0 8.596261682242982
      vertex 97.8266668908496 0 7.582342851480671
      vertex 97.79323311909273 0 7.438953224536289
    endloop
  endfacet
  facet normal 0 1 0
    outer loop
      vertex 73.60000000000001 0 8.596261682242982
      vertex 97.9212710518496 0 7.861037722821452
      vertex 97.869407208636 0 7.7232387969321135
    endloop
  endfacet
  facet normal 0 1 0
    outer loop
      vertex 73.60000000000001 0 8.596261682242982
      vertex 97.98203633155146 0 7.995149552992753
      vertex 97.9212710518496 0 7.861037722821452
    endloop
  endfacet
  facet normal 1 0 0
    outer loop
      vertex 107 -8 -17
      vertex 107 0 -17
      vertex 107 -8 147
    endloop
  endfacet
  facet normal 0 1 0
    outer loop
      vertex 73.60000000000001 0 8.596261682242982
      vertex 97.98203633155146 0 64.00485044700724
      vertex 97.98203633155146 0 7.995149552992753
    endloop
  endfacet
  facet normal 0 1 0
    outer loop
      vertex 98.12919337231928 0 8.250033024294105
      vertex 98.05144284148501 0 8.125
      vertex 98.12919337231928 0 63.749966975705895
    endloop
  endfacet
  facet normal 0 1 0
    outer loop
      vertex 98.05144284148501 0 8.125
      vertex 97.98203633155146 0 7.995149552992753
      vertex 98.05144284148501 0 63.875
    endloop
  endfacet
  facet normal 0 1 0
    outer loop
      vertex 98.21495498434471 0 8.369713215269622
      vertex 98.12919337231928 0 8.250033024294105
      vertex 98.21495498434471 0 63.63028678473038
    endloop
  endfacet
  facet normal 0 1 0
    outer loop
      vertex 98.40900974233027 0 8.590990257669732
      vertex 98.3083604331723 0 8.483528083975155
      vertex 98.40900974233027 0 63.40900974233027
    endloop
  endfacet
  facet normal 0 1 0
    outer loop
      vertex 98.3083604331723 0 8.483528083975155
      vertex 98.21495498434471 0 8.369713215269622
      vertex 98.3083604331723 0 63.51647191602485
    endloop
  endfacet
  facet normal 0 1 0
    outer loop
      vertex 98.40900974233027 0 8.590990257669732
      vertex 98.51647191602484 0 63.308360433172304
      vertex 98.51647191602484 0 8.6916395668277
    endloop
  endfacet
  facet normal 0 1 0
    outer loop
      vertex 98.51647191602484 0 8.6916395668277
      vertex 98.63028678473037 0 63.21495498434472
      vertex 98.63028678473037 0 8.785045015655278
    endloop
  endfacet
  facet normal 0 1 0
    outer loop
      vertex 98.74996697570589 0 8.870806627680727
      vertex 98.875 0 63.05144284148501
      vertex 98.875 0 8.948557158514987
    endloop
  endfacet
  facet normal 0 1 0
    outer loop
      vertex 98.63028678473037 0 8.785045015655278
      vertex 98.74996697570589 0 63.12919337231927
      vertex 98.74996697570589 0 8.870806627680727
    endloop
  endfacet
  facet normal 0 1 0
    outer loop
      vertex 98.875 0 8.948557158514987
      vertex 99.00485044700724 0 62.98203633155145
      vertex 99.00485044700724 0 9.017963668448548
    endloop
  endfacet
  facet normal 0 1 0
    outer loop
      vertex 99.13896227717855 0 9.078728948150395
      vertex 99.27676120306789 0 62.86940720863601
      vertex 99.27676120306789 0 9.130592791363988
    endloop
  endfacet
  facet normal 0 1 0
    outer loop
      vertex 99.00485044700724 0 9.017963668448548
      vertex 99.13896227717855 0 62.92127105184961
      vertex 99.13896227717855 0 9.078728948150395
    endloop
  endfacet
  facet normal 0 1 0
    outer loop
      vertex 99.27676120306789 0 9.130592791363988
      vertex 99.41765714851933 0 62.826666890849594
      vertex 99.41765714851933 0 9.173333109150404
    endloop
  endfacet
  facet normal 0 1 0
    outer loop
      vertex 99.56104677546371 0 9.206766880907269
      vertex 99.70631606750489 0 62.76924906190893
      vertex 99.70631606750489 0 9.230750938091074
    endloop
  endfacet
  facet normal 0 1 0
    outer loop
      vertex 99.41765714851933 0 9.173333109150404
      vertex 99.56104677546371 0 62.79323311909273
      vertex 99.56104677546371 0 9.206766880907269
    endloop
  endfacet
  facet normal 0 1 0
    outer loop
      vertex 99.70631606750489 0 9.230750938091074
      vertex 99.85284295923218 0 62.754817422713145
      vertex 99.85284295923218 0 9.245182577286858
    endloop
  endfacet
  facet normal 0 1 0
    outer loop
      vertex 99.85284295923218 0 9.245182577286858
      vertex 100 0 62.75
      vertex 100 0 9.25
    endloop
  endfacet
  facet normal 0 1 0
    outer loop
      vertex 100 0 9.25
      vertex 100.14715704076782 0 62.754817422713145
      vertex 100.14715704076782 0 9.245182577286858
    endloop
  endfacet
  facet normal 0 1 0
    outer loop
      vertex 100.14715704076782 0 9.245182577286858
      vertex 100.29368393249511 0 62.76924906190893
      vertex 100.29368393249511 0 9.230750938091074
    endloop
  endfacet
  facet normal 0 1 0
    outer loop
      vertex 100.29368393249511 0 9.230750938091074
      vertex 100.43895322453629 0 62.79323311909273
      vertex 100.43895322453629 0 9.206766880907269
    endloop
  endfacet
  facet normal 0 1 0
    outer loop
      vertex 100.43895322453629 0 9.206766880907269
      vertex 100.58234285148067 0 62.826666890849594
      vertex 100.58234285148067 0 9.173333109150404
    endloop
  endfacet
  facet normal 0 1 0
    outer loop
      vertex 100.58234285148067 0 9.173333109150404
      vertex 100.72323879693211 0 62.86940720863601
      vertex 100.72323879693211 0 9.130592791363988
    endloop
  endfacet
  facet normal 0 1 0
    outer loop
      vertex 100.72323879693211 0 9.130592791363988
      vertex 100.86103772282145 0 62.92127105184961
      vertex 100.86103772282145 0 9.078728948150395
    endloop
  endfacet
  facet normal 0 1 0
    outer loop
      vertex 100.86103772282145 0 9.078728948150395
      vertex 100.99514955299276 0 62.98203633155145
      vertex 100.99514955299276 0 9.017963668448548
    endloop
  endfacet
  facet normal 0 1 0
    outer loop
      vertex 100.99514955299276 0 9.017963668448548
      vertex 101.125 0 63.05144284148501
      vertex 101.125 0 8.948557158514987
    endloop
  endfacet
  facet normal 0 1 0
    outer loop
      vertex 101.125 0 8.948557158514987
      vertex 101.25003302429411 0 63.12919337231927
      vertex 101.25003302429411 0 8.870806627680727
    endloop
  endfacet
  facet normal 0 1 0
    outer loop
      vertex 101.25003302429411 0 8.870806627680727
      vertex 101.36971321526963 0 63.21495498434472
      vertex 101.36971321526963 0 8.785045015655278
    endloop
  endfacet
  facet normal 0 1 0
    outer loop
      vertex 101.36971321526963 0 8.785045015655278
      vertex 101.48352808397516 0 63.308360433172304
      vertex 101.48352808397516 0 8.6916395668277
    endloop
  endfacet
  facet normal 0 1 0
    outer loop
      vertex 101.48352808397516 0 8.6916395668277
      vertex 101.59099025766973 0 63.40900974233027
      vertex 101.59099025766973 0 8.590990257669732
    endloop
  endfacet
  facet normal 0 1 0
    outer loop
      vertex 101.6916395668277 0 8.483528083975155
      vertex 101.59099025766973 0 8.590990257669732
      vertex 101.6916395668277 0 63.51647191602485
    endloop
  endfacet
  facet normal 0 1 0
    outer loop
      vertex 101.78504501565529 0 8.369713215269622
      vertex 101.6916395668277 0 8.483528083975155
      vertex 101.78504501565529 0 63.63028678473038
    endloop
  endfacet
  facet normal 0 1 0
    outer loop
      vertex 101.87080662768072 0 8.250033024294105
      vertex 101.78504501565529 0 8.369713215269622
      vertex 101.87080662768072 0 63.749966975705895
    endloop
  endfacet
  facet normal 0 1 0
    outer loop
      vertex 101.94855715851499 0 8.125
      vertex 101.87080662768072 0 8.250033024294105
      vertex 101.94855715851499 0 63.875
    endloop
  endfacet
  facet normal 0 1 0
    outer loop
      vertex 102.01796366844854 0 7.995149552992753
      vertex 101.94855715851499 0 8.125
      vertex 102.01796366844854 0 64.00485044700724
    endloop
  endfacet
  facet normal 0 1 0
    outer loop
      vertex 102.0787289481504 0 7.861037722821452
      vertex 102.01796366844854 0 7.995149552992753
      vertex 102.0787289481504 0 64.13896227717855
    endloop
  endfacet
  facet normal 0 1 0
    outer loop
      vertex 102.130592791364 0 7.7232387969321135
      vertex 102.0787289481504 0 7.861037722821452
      vertex 102.130592791364 0 64.27676120306789
    endloop
  endfacet
  facet normal 0 1 0
    outer loop
      vertex 102.1733331091504 0 7.582342851480671
      vertex 102.130592791364 0 7.7232387969321135
      vertex 102.1733331091504 0 64.41765714851933
    endloop
  endfacet
  facet normal 0 1 0
    outer loop
      vertex 73.60000000000001 0 8.596261682242982
      vertex 97.9212710518496 0 64.13896227717855
      vertex 97.98203633155146 0 64.00485044700724
    endloop
  endfacet
  facet normal 0 1 0
    outer loop
      vertex 73.60000000000001 0 8.596261682242982
      vertex 97.8266668908496 0 64.41765714851933
      vertex 97.869407208636 0 64.27676120306789
    endloop
  endfacet
  facet normal 0 1 0
    outer loop
      vertex 73.60000000000001 0 8.596261682242982
      vertex 97.869407208636 0 64.27676120306789
      vertex 97.9212710518496 0 64.13896227717855
    endloop
  endfacet
  facet normal 0 1 0
    outer loop
      vertex 73.60000000000001 0 8.596261682242982
      vertex 97.79323311909273 0 64.56104677546371
      vertex 97.8266668908496 0 64.41765714851933
    endloop
  endfacet
  facet normal 0 1 0
    outer loop
      vertex 73.60000000000001 0 8.596261682242982
      vertex 97.75481742271315 0 64.85284295923218
      vertex 97.76924906190892 0 64.70631606750489
    endloop
  endfacet
  facet normal 0 1 0
    outer loop
      vertex 73.60000000000001 0 8.596261682242982
      vertex 97.76924906190892 0 64.70631606750489
      vertex 97.79323311909273 0 64.56104677546371
    endloop
  endfacet
  facet normal 0 1 0
    outer loop
      vertex 73.60000000000001 0 8.596261682242982
      vertex 97.75481742271315 0 65.14715704076782
      vertex 97.75 0 65
    endloop
  endfacet
  facet normal 0 1 0
    outer loop
      vertex 73.60000000000001 0 8.596261682242982
      vertex 97.75 0 65
      vertex 97.75481742271315 0 64.85284295923218
    endloop
  endfacet
  facet normal 0 1 0
    outer loop
      vertex 73.60000000000001 0 8.596261682242982
      vertex 97.76924906190892 0 65.29368393249511
      vertex 97.75481742271315 0 65.14715704076782
    endloop
  endfacet
  facet normal 0 1 0
    outer loop
      vertex 73.60000000000001 0 8.596261682242982
      vertex 97.8266668908496 0 65.58234285148067
      vertex 97.79323311909273 0 65.43895322453629
    endloop
  endfacet
  facet normal 0 1 0
    outer loop
      vertex 73.60000000000001 0 8.596261682242982
      vertex 97.79323311909273 0 65.43895322453629
      vertex 97.76924906190892 0 65.29368393249511
    endloop
  endfacet
  facet normal 0 1 0
    outer loop
      vertex 73.60000000000001 0 8.596261682242982
      vertex 97.9212710518496 0 65.86103772282145
      vertex 97.869407208636 0 65.72323879693211
    endloop
  endfacet
  facet normal 0 1 0
    outer loop
      vertex 73.60000000000001 0 8.596261682242982
      vertex 97.869407208636 0 65.72323879693211
      vertex 97.8266668908496 0 65.58234285148067
    endloop
  endfacet
  facet normal 0 1 0
    outer loop
      vertex 73.60000000000001 0 8.596261682242982
      vertex 73.60000000000001 0 111.55
      vertex 97.9212710518496 0 65.86103772282145
    endloop
  endfacet
  facet normal 0 1 0
    outer loop
      vertex 98.3083604331723 0 8.483528083975155
      vertex 98.3083604331723 0 63.51647191602485
      vertex 98.40900974233027 0 63.40900974233027
    endloop
  endfacet
  facet normal 0 1 0
    outer loop
      vertex 98.51647191602484 0 8.6916395668277
      vertex 98.51647191602484 0 63.308360433172304
      vertex 98.63028678473037 0 63.21495498434472
    endloop
  endfacet
  facet normal 0 1 0
    outer loop
      vertex 98.40900974233027 0 8.590990257669732
      vertex 98.40900974233027 0 63.40900974233027
      vertex 98.51647191602484 0 63.308360433172304
    endloop
  endfacet
  facet normal 0 1 0
    outer loop
      vertex 97.98203633155146 0 7.995149552992753
      vertex 97.98203633155146 0 64.00485044700724
      vertex 98.05144284148501 0 63.875
    endloop
  endfacet
  facet normal 0 1 0
    outer loop
      vertex 98.12919337231928 0 8.250033024294105
      vertex 98.12919337231928 0 63.749966975705895
      vertex 98.21495498434471 0 63.63028678473038
    endloop
  endfacet
  facet normal 0 1 0
    outer loop
      vertex 98.05144284148501 0 8.125
      vertex 98.05144284148501 0 63.875
      vertex 98.12919337231928 0 63.749966975705895
    endloop
  endfacet
  facet normal 0 1 0
    outer loop
      vertex 98.21495498434471 0 8.369713215269622
      vertex 98.21495498434471 0 63.63028678473038
      vertex 98.3083604331723 0 63.51647191602485
    endloop
  endfacet
  facet normal 0 1 0
    outer loop
      vertex 98.74996697570589 0 8.870806627680727
      vertex 98.74996697570589 0 63.12919337231927
      vertex 98.875 0 63.05144284148501
    endloop
  endfacet
  facet normal 0 1 0
    outer loop
      vertex 98.63028678473037 0 8.785045015655278
      vertex 98.63028678473037 0 63.21495498434472
      vertex 98.74996697570589 0 63.12919337231927
    endloop
  endfacet
  facet normal 0 1 0
    outer loop
      vertex 99.00485044700724 0 9.017963668448548
      vertex 99.00485044700724 0 62.98203633155145
      vertex 99.13896227717855 0 62.92127105184961
    endloop
  endfacet
  facet normal 0 1 0
    outer loop
      vertex 98.875 0 8.948557158514987
      vertex 98.875 0 63.05144284148501
      vertex 99.00485044700724 0 62.98203633155145
    endloop
  endfacet
  facet normal 0 1 0
    outer loop
      vertex 99.13896227717855 0 9.078728948150395
      vertex 99.13896227717855 0 62.92127105184961
      vertex 99.27676120306789 0 62.86940720863601
    endloop
  endfacet
  facet normal 0 1 0
    outer loop
      vertex 99.41765714851933 0 9.173333109150404
      vertex 99.41765714851933 0 62.826666890849594
      vertex 99.56104677546371 0 62.79323311909273
    endloop
  endfacet
  facet normal 0 1 0
    outer loop
      vertex 99.27676120306789 0 9.130592791363988
      vertex 99.27676120306789 0 62.86940720863601
      vertex 99.41765714851933 0 62.826666890849594
    endloop
  endfacet
  facet normal 0 1 0
    outer loop
      vertex 99.56104677546371 0 9.206766880907269
      vertex 99.56104677546371 0 62.79323311909273
      vertex 99.70631606750489 0 62.76924906190893
    endloop
  endfacet
  facet normal 0 1 0
    outer loop
      vertex 99.70631606750489 0 9.230750938091074
      vertex 99.70631606750489 0 62.76924906190893
      vertex 99.85284295923218 0 62.754817422713145
    endloop
  endfacet
  facet normal 0 1 0
    outer loop
      vertex 99.85284295923218 0 9.245182577286858
      vertex 99.85284295923218 0 62.754817422713145
      vertex 100 0 62.75
    endloop
  endfacet
  facet normal 0 1 0
    outer loop
      vertex 100 0 9.25
      vertex 100 0 62.75
      vertex 100.14715704076782 0 62.754817422713145
    endloop
  endfacet
  facet normal 0 1 0
    outer loop
      vertex 100.14715704076782 0 9.245182577286858
      vertex 100.14715704076782 0 62.754817422713145
      vertex 100.29368393249511 0 62.76924906190893
    endloop
  endfacet
  facet normal 0 1 0
    outer loop
      vertex 100.29368393249511 0 9.230750938091074
      vertex 100.29368393249511 0 62.76924906190893
      vertex 100.43895322453629 0 62.79323311909273
    endloop
  endfacet
  facet normal 0 1 0
    outer loop
      vertex 100.43895322453629 0 9.206766880907269
      vertex 100.43895322453629 0 62.79323311909273
      vertex 100.58234285148067 0 62.826666890849594
    endloop
  endfacet
  facet normal 0 1 0
    outer loop
      vertex 100.58234285148067 0 9.173333109150404
      vertex 100.58234285148067 0 62.826666890849594
      vertex 100.72323879693211 0 62.86940720863601
    endloop
  endfacet
  facet normal 0 1 0
    outer loop
      vertex 100.72323879693211 0 9.130592791363988
      vertex 100.72323879693211 0 62.86940720863601
      vertex 100.86103772282145 0 62.92127105184961
    endloop
  endfacet
  facet normal 0 1 0
    outer loop
      vertex 100.86103772282145 0 9.078728948150395
      vertex 100.86103772282145 0 62.92127105184961
      vertex 100.99514955299276 0 62.98203633155145
    endloop
  endfacet
  facet normal 0 1 0
    outer loop
      vertex 100.99514955299276 0 9.017963668448548
      vertex 100.99514955299276 0 62.98203633155145
      vertex 101.125 0 63.05144284148501
    endloop
  endfacet
  facet normal 0 1 0
    outer loop
      vertex 101.125 0 8.948557158514987
      vertex 101.125 0 63.05144284148501
      vertex 101.25003302429411 0 63.12919337231927
    endloop
  endfacet
  facet normal 0 1 0
    outer loop
      vertex 101.25003302429411 0 8.870806627680727
      vertex 101.25003302429411 0 63.12919337231927
      vertex 101.36971321526963 0 63.21495498434472
    endloop
  endfacet
  facet normal 0 1 0
    outer loop
      vertex 101.36971321526963 0 8.785045015655278
      vertex 101.36971321526963 0 63.21495498434472
      vertex 101.48352808397516 0 63.308360433172304
    endloop
  endfacet
  facet normal 0 1 0
    outer loop
      vertex 101.48352808397516 0 8.6916395668277
      vertex 101.48352808397516 0 63.308360433172304
      vertex 101.59099025766973 0 63.40900974233027
    endloop
  endfacet
  facet normal 0 1 0
    outer loop
      vertex 101.59099025766973 0 8.590990257669732
      vertex 101.59099025766973 0 63.40900974233027
      vertex 101.6916395668277 0 63.51647191602485
    endloop
  endfacet
  facet normal 0 1 0
    outer loop
      vertex 101.6916395668277 0 8.483528083975155
      vertex 101.6916395668277 0 63.51647191602485
      vertex 101.78504501565529 0 63.63028678473038
    endloop
  endfacet
  facet normal 0 1 0
    outer loop
      vertex 101.78504501565529 0 8.369713215269622
      vertex 101.78504501565529 0 63.63028678473038
      vertex 101.87080662768072 0 63.749966975705895
    endloop
  endfacet
  facet normal 0 1 0
    outer loop
      vertex 101.87080662768072 0 8.250033024294105
      vertex 101.87080662768072 0 63.749966975705895
      vertex 101.94855715851499 0 63.875
    endloop
  endfacet
  facet normal 0 1 0
    outer loop
      vertex 101.94855715851499 0 8.125
      vertex 101.94855715851499 0 63.875
      vertex 102.01796366844854 0 64.00485044700724
    endloop
  endfacet
  facet normal 0 1 0
    outer loop
      vertex 102.01796366844854 0 7.995149552992753
      vertex 102.01796366844854 0 64.00485044700724
      vertex 102.0787289481504 0 64.13896227717855
    endloop
  endfacet
  facet normal 0 1 0
    outer loop
      vertex 102.0787289481504 0 7.861037722821452
      vertex 102.0787289481504 0 64.13896227717855
      vertex 102.130592791364 0 64.27676120306789
    endloop
  endfacet
  facet normal 0 1 0
    outer loop
      vertex 102.130592791364 0 7.7232387969321135
      vertex 102.130592791364 0 64.27676120306789
      vertex 102.1733331091504 0 64.41765714851933
    endloop
  endfacet
  facet normal 0 1 0
    outer loop
      vertex 102.1733331091504 0 7.582342851480671
      vertex 102.1733331091504 0 64.41765714851933
      vertex 102.20676688090727 0 64.56104677546371
    endloop
  endfacet
  facet normal 0 1 0
    outer loop
      vertex 102.1733331091504 0 7.582342851480671
      vertex 102.20676688090727 0 64.56104677546371
      vertex 102.23075093809108 0 64.70631606750489
    endloop
  endfacet
  facet normal 0 1 0
    outer loop
      vertex 102.1733331091504 0 7.582342851480671
      vertex 102.23075093809108 0 64.70631606750489
      vertex 102.24518257728685 0 64.85284295923218
    endloop
  endfacet
  facet normal 0 1 0
    outer loop
      vertex 107 0 -17
      vertex 102.24518257728685 0 6.852842959232178
      vertex 107 0 147
    endloop
  endfacet
  facet normal 0 1 0
    outer loop
      vertex 107 0 147
      vertex 102.24518257728685 0 6.852842959232178
      vertex 102.25 0 7
    endloop
  endfacet
  facet normal 0 1 0
    outer loop
      vertex 107 0 147
      vertex 102.25 0 7
      vertex 102.24518257728685 0 7.147157040767822
    endloop
  endfacet
  facet normal 0 1 0
    outer loop
      vertex 107 0 147
      vertex 102.24518257728685 0 7.147157040767822
      vertex 102.23075093809108 0 7.293683932495116
    endloop
  endfacet
  facet normal 0 1 0
    outer loop
      vertex 107 0 147
      vertex 102.23075093809108 0 7.293683932495116
      vertex 102.20676688090727 0 7.438953224536289
    endloop
  endfacet
  facet normal 0 1 0
    outer loop
      vertex 107 0 147
      vertex 102.20676688090727 0 7.438953224536289
      vertex 102.1733331091504 0 7.582342851480671
    endloop
  endfacet
  facet normal 0 -1 0
    outer loop
      vertex -107 -8 147
      vertex 76.2 -8 114.15
      vertex 107 -8 147
    endloop
  endfacet
  facet normal 0 1 0
    outer loop
      vertex -1.1000000000000014 0 111.55
      vertex 1.1 0 111.55
      vertex 1.1 0 -0.4
    endloop
  endfacet
  facet normal 0 1 0
    outer loop
      vertex 38.45000000000001 0 111.55
      vertex 38.45000000000001 0 -0.4
      vertex 36.25 0 111.55
    endloop
  endfacet
  facet normal 0 1 0
    outer loop
      vertex 107 0 147
      vertex 1.1 0 111.55
      vertex -1.1000000000000014 0 111.55
    endloop
  endfacet
  facet normal 0 1 0
    outer loop
      vertex 107 0 147
      vertex 36.25 0 111.55
      vertex 1.1 0 111.55
    endloop
  endfacet
  facet normal 0 0 1
    outer loop
      vertex -107 0 147
      vertex 107 -8 147
      vertex 107 0 147
    endloop
  endfacet
  facet normal 0 -1 0
    outer loop
      vertex 76.2 -8 114.15
      vertex 97.9212710518496 -8 64.13896227717855
      vertex 97.869407208636 -8 64.27676120306789
    endloop
  endfacet
  facet normal 0 -1 0
    outer loop
      vertex 76.2 -8 114.15
      vertex 97.869407208636 -8 64.27676120306789
      vertex 97.8266668908496 -8 64.41765714851933
    endloop
  endfacet
  facet normal 0 -1 0
    outer loop
      vertex 76.2 -8 114.15
      vertex 97.8266668908496 -8 64.41765714851933
      vertex 97.79323311909273 -8 64.56104677546371
    endloop
  endfacet
  facet normal 0 -1 0
    outer loop
      vertex 76.2 -8 114.15
      vertex 97.79323311909273 -8 64.56104677546371
      vertex 97.76924906190892 -8 64.70631606750489
    endloop
  endfacet
  facet normal 0 -1 0
    outer loop
      vertex 76.2 -8 114.15
      vertex 97.76924906190892 -8 64.70631606750489
      vertex 97.75481742271315 -8 64.85284295923218
    endloop
  endfacet
  facet normal 0 -1 0
    outer loop
      vertex 76.2 -8 114.15
      vertex 97.75481742271315 -8 64.85284295923218
      vertex 97.75 -8 65
    endloop
  endfacet
  facet normal 0 -1 0
    outer loop
      vertex 76.2 -8 114.15
      vertex 97.75 -8 65
      vertex 97.75481742271315 -8 65.14715704076782
    endloop
  endfacet
  facet normal 0 -1 0
    outer loop
      vertex 76.2 -8 114.15
      vertex 97.75481742271315 -8 65.14715704076782
      vertex 97.76924906190892 -8 65.29368393249511
    endloop
  endfacet
  facet normal 0 -1 0
    outer loop
      vertex 76.2 -8 114.15
      vertex 97.76924906190892 -8 65.29368393249511
      vertex 97.79323311909273 -8 65.43895322453629
    endloop
  endfacet
  facet normal 0 -1 0
    outer loop
      vertex 76.2 -8 114.15
      vertex 97.79323311909273 -8 65.43895322453629
      vertex 97.8266668908496 -8 65.58234285148067
    endloop
  endfacet
  facet normal 0 -1 0
    outer loop
      vertex 76.2 -8 114.15
      vertex 97.8266668908496 -8 65.58234285148067
      vertex 97.869407208636 -8 65.72323879693211
    endloop
  endfacet
  facet normal 0 -1 0
    outer loop
      vertex 76.2 -8 114.15
      vertex 97.869407208636 -8 65.72323879693211
      vertex 97.9212710518496 -8 65.86103772282145
    endloop
  endfacet
  facet normal 0 -1 0
    outer loop
      vertex 107 -8 147
      vertex 102.24518257728685 -8 64.85284295923218
      vertex 102.1733331091504 -8 7.582342851480671
    endloop
  endfacet
  facet normal 0 -1 0
    outer loop
      vertex 97.9212710518496 -8 65.86103772282145
      vertex 97.98203633155146 -8 65.99514955299276
      vertex 97.9212710518496 -8 122.13896227717855
    endloop
  endfacet
  facet normal 0 -1 0
    outer loop
      vertex 97.98203633155146 -8 65.99514955299276
      vertex 98.05144284148501 -8 66.125
      vertex 97.98203633155146 -8 122.00485044700724
    endloop
  endfacet
  facet normal 0 -1 0
    outer loop
      vertex 98.12919337231928 -8 66.25003302429411
      vertex 98.21495498434471 -8 66.36971321526963
      vertex 98.12919337231928 -8 121.74996697570589
    endloop
  endfacet
  facet normal 0 -1 0
    outer loop
      vertex 98.05144284148501 -8 66.125
      vertex 98.12919337231928 -8 66.25003302429411
      vertex 98.05144284148501 -8 121.875
    endloop
  endfacet
  facet normal 0 -1 0
    outer loop
      vertex 98.21495498434471 -8 66.36971321526963
      vertex 98.3083604331723 -8 66.48352808397516
      vertex 98.21495498434471 -8 121.63028678473037
    endloop
  endfacet
  facet normal 0 -1 0
    outer loop
      vertex 98.3083604331723 -8 66.48352808397516
      vertex 98.40900974233027 -8 66.59099025766973
      vertex 98.3083604331723 -8 121.51647191602484
    endloop
  endfacet
  facet normal 0 -1 0
    outer loop
      vertex 98.63028678473037 -8 66.78504501565529
      vertex 98.51647191602484 -8 121.3083604331723
      vertex 98.51647191602484 -8 66.6916395668277
    endloop
  endfacet
  facet normal 0 -1 0
    outer loop
      vertex 98.40900974233027 -8 66.59099025766973
      vertex 98.51647191602484 -8 66.6916395668277
      vertex 98.40900974233027 -8 121.40900974233027
    endloop
  endfacet
  facet normal 0 -1 0
    outer loop
      vertex 98.875 -8 66.94855715851499
      vertex 98.74996697570589 -8 121.12919337231928
      vertex 98.74996697570589 -8 66.87080662768072
    endloop
  endfacet
  facet normal 0 -1 0
    outer loop
      vertex 98.74996697570589 -8 66.87080662768072
      vertex 98.63028678473037 -8 121.21495498434471
      vertex 98.63028678473037 -8 66.78504501565529
    endloop
  endfacet
  facet normal 0 -1 0
    outer loop
      vertex 99.00485044700724 -8 67.01796366844854
      vertex 98.875 -8 121.05144284148501
      vertex 98.875 -8 66.94855715851499
    endloop
  endfacet
  facet normal 0 -1 0
    outer loop
      vertex 99.13896227717855 -8 67.0787289481504
      vertex 99.00485044700724 -8 120.98203633155146
      vertex 99.00485044700724 -8 67.01796366844854
    endloop
  endfacet
  facet normal 0 -1 0
    outer loop
      vertex 99.27676120306789 -8 67.130592791364
      vertex 99.13896227717855 -8 120.9212710518496
      vertex 99.13896227717855 -8 67.0787289481504
    endloop
  endfacet
  facet normal 0 -1 0
    outer loop
      vertex 99.56104677546371 -8 67.20676688090727
      vertex 99.41765714851933 -8 120.8266668908496
      vertex 99.41765714851933 -8 67.1733331091504
    endloop
  endfacet
  facet normal 0 -1 0
    outer loop
      vertex 99.41765714851933 -8 67.1733331091504
      vertex 99.27676120306789 -8 120.869407208636
      vertex 99.27676120306789 -8 67.130592791364
    endloop
  endfacet
  facet normal 0 -1 0
    outer loop
      vertex 99.70631606750489 -8 67.23075093809108
      vertex 99.56104677546371 -8 120.79323311909273
      vertex 99.56104677546371 -8 67.20676688090727
    endloop
  endfacet
  facet normal 0 -1 0
    outer loop
      vertex 99.85284295923218 -8 67.24518257728685
      vertex 99.70631606750489 -8 120.76924906190892
      vertex 99.70631606750489 -8 67.23075093809108
    endloop
  endfacet
  facet normal 0 -1 0
    outer loop
      vertex 100 -8 67.25
      vertex 99.85284295923218 -8 120.75481742271315
      vertex 99.85284295923218 -8 67.24518257728685
    endloop
  endfacet
  facet normal 0 -1 0
    outer loop
      vertex 100.14715704076782 -8 67.24518257728685
      vertex 100 -8 120.75
      vertex 100 -8 67.25
    endloop
  endfacet
  facet normal 0 -1 0
    outer loop
      vertex 100.29368393249511 -8 67.23075093809108
      vertex 100.14715704076782 -8 120.75481742271315
      vertex 100.14715704076782 -8 67.24518257728685
    endloop
  endfacet
  facet normal 0 -1 0
    outer loop
      vertex 100.43895322453629 -8 67.20676688090727
      vertex 100.29368393249511 -8 120.76924906190892
      vertex 100.29368393249511 -8 67.23075093809108
    endloop
  endfacet
  facet normal 0 -1 0
    outer loop
      vertex 100.58234285148067 -8 67.1733331091504
      vertex 100.43895322453629 -8 120.79323311909273
      vertex 100.43895322453629 -8 67.20676688090727
    endloop
  endfacet
  facet normal 0 -1 0
    outer loop
      vertex 100.72323879693211 -8 67.130592791364
      vertex 100.58234285148067 -8 120.8266668908496
      vertex 100.58234285148067 -8 67.1733331091504
    endloop
  endfacet
  facet normal 0 -1 0
    outer loop
      vertex 100.99514955299276 -8 67.01796366844854
      vertex 100.86103772282145 -8 120.9212710518496
      vertex 100.86103772282145 -8 67.0787289481504
    endloop
  endfacet
  facet normal 0 -1 0
    outer loop
      vertex 100.86103772282145 -8 67.0787289481504
      vertex 100.72323879693211 -8 120.869407208636
      vertex 100.72323879693211 -8 67.130592791364
    endloop
  endfacet
  facet normal 0 -1 0
    outer loop
      vertex 101.125 -8 66.94855715851499
      vertex 100.99514955299276 -8 120.98203633155146
      vertex 100.99514955299276 -8 67.01796366844854
    endloop
  endfacet
  facet normal 0 -1 0
    outer loop
      vertex 101.59099025766973 -8 121.40900974233027
      vertex 101.59099025766973 -8 66.59099025766973
      vertex 101.6916395668277 -8 66.48352808397516
    endloop
  endfacet
  facet normal 0 -1 0
    outer loop
      vertex 101.6916395668277 -8 66.48352808397516
      vertex 101.78504501565529 -8 66.36971321526963
      vertex 101.6916395668277 -8 121.51647191602484
    endloop
  endfacet
  facet normal 0 -1 0
    outer loop
      vertex 101.94855715851499 -8 66.125
      vertex 102.01796366844854 -8 65.99514955299276
      vertex 101.94855715851499 -8 121.875
    endloop
  endfacet
  facet normal 0 -1 0
    outer loop
      vertex 101.78504501565529 -8 66.36971321526963
      vertex 101.87080662768072 -8 66.25003302429411
      vertex 101.78504501565529 -8 121.63028678473037
    endloop
  endfacet
  facet normal 0 -1 0
    outer loop
      vertex 101.87080662768072 -8 66.25003302429411
      vertex 101.94855715851499 -8 66.125
      vertex 101.87080662768072 -8 121.74996697570589
    endloop
  endfacet
  facet normal 0 -1 0
    outer loop
      vertex 101.25003302429411 -8 66.87080662768072
      vertex 101.125 -8 121.05144284148501
      vertex 101.125 -8 66.94855715851499
    endloop
  endfacet
  facet normal 0 -1 0
    outer loop
      vertex 101.36971321526963 -8 66.78504501565529
      vertex 101.25003302429411 -8 121.12919337231928
      vertex 101.25003302429411 -8 66.87080662768072
    endloop
  endfacet
  facet normal 0 -1 0
    outer loop
      vertex 101.48352808397516 -8 66.6916395668277
      vertex 101.36971321526963 -8 121.21495498434471
      vertex 101.36971321526963 -8 66.78504501565529
    endloop
  endfacet
  facet normal 0 -1 0
    outer loop
      vertex 101.59099025766973 -8 66.59099025766973
      vertex 101.48352808397516 -8 121.3083604331723
      vertex 101.48352808397516 -8 66.6916395668277
    endloop
  endfacet
  facet normal 0 -1 0
    outer loop
      vertex 102.130592791364 -8 65.72323879693211
      vertex 102.1733331091504 -8 65.58234285148067
      vertex 102.130592791364 -8 122.27676120306789
    endloop
  endfacet
  facet normal 0 -1 0
    outer loop
      vertex 102.1733331091504 -8 65.58234285148067
      vertex 102.20676688090727 -8 65.43895322453629
      vertex 102.1733331091504 -8 122.41765714851933
    endloop
  endfacet
  facet normal 0 -1 0
    outer loop
      vertex 102.20676688090727 -8 65.43895322453629
      vertex 102.23075093809108 -8 65.29368393249511
      vertex 102.20676688090727 -8 122.56104677546371
    endloop
  endfacet
  facet normal 0 -1 0
    outer loop
      vertex 102.23075093809108 -8 65.29368393249511
      vertex 102.24518257728685 -8 65.14715704076782
      vertex 102.23075093809108 -8 122.70631606750489
    endloop
  endfacet
  facet normal 0 -1 0
    outer loop
      vertex 102.01796366844854 -8 65.99514955299276
      vertex 102.0787289481504 -8 65.86103772282145
      vertex 102.01796366844854 -8 122.00485044700724
    endloop
  endfacet
  facet normal 0 -1 0
    outer loop
      vertex 102.0787289481504 -8 65.86103772282145
      vertex 102.130592791364 -8 65.72323879693211
      vertex 102.0787289481504 -8 122.13896227717855
    endloop
  endfacet
  facet normal 0 -1 0
    outer loop
      vertex 76.2 -8 114.15
      vertex 97.9212710518496 -8 65.86103772282145
      vertex 97.9212710518496 -8 122.13896227717855
    endloop
  endfacet
  facet normal 0 -1 0
    outer loop
      vertex 107 -8 147
      vertex 102.25 -8 65
      vertex 102.24518257728685 -8 64.85284295923218
    endloop
  endfacet
  facet normal 0 -1 0
    outer loop
      vertex 107 -8 147
      vertex 102.24518257728685 -8 65.14715704076782
      vertex 102.25 -8 65
    endloop
  endfacet
  facet normal 0 -1 0
    outer loop
      vertex 97.98203633155146 -8 122.00485044700724
      vertex 97.9212710518496 -8 122.13896227717855
      vertex 97.98203633155146 -8 65.99514955299276
    endloop
  endfacet
  facet normal 0 -1 0
    outer loop
      vertex 98.21495498434471 -8 121.63028678473037
      vertex 98.12919337231928 -8 121.74996697570589
      vertex 98.21495498434471 -8 66.36971321526963
    endloop
  endfacet
  facet normal 0 -1 0
    outer loop
      vertex 98.12919337231928 -8 121.74996697570589
      vertex 98.05144284148501 -8 121.875
      vertex 98.12919337231928 -8 66.25003302429411
    endloop
  endfacet
  facet normal 0 -1 0
    outer loop
      vertex 98.05144284148501 -8 121.875
      vertex 97.98203633155146 -8 122.00485044700724
      vertex 98.05144284148501 -8 66.125
    endloop
  endfacet
  facet normal 0 -1 0
    outer loop
      vertex 98.51647191602484 -8 121.3083604331723
      vertex 98.63028678473037 -8 66.78504501565529
      vertex 98.63028678473037 -8 121.21495498434471
    endloop
  endfacet
  facet normal 0 -1 0
    outer loop
      vertex 98.40900974233027 -8 66.59099025766973
      vertex 98.40900974233027 -8 121.40900974233027
      vertex 98.3083604331723 -8 121.51647191602484
    endloop
  endfacet
  facet normal 0 -1 0
    outer loop
      vertex 98.3083604331723 -8 66.48352808397516
      vertex 98.3083604331723 -8 121.51647191602484
      vertex 98.21495498434471 -8 121.63028678473037
    endloop
  endfacet
  facet normal 0 -1 0
    outer loop
      vertex 98.40900974233027 -8 121.40900974233027
      vertex 98.51647191602484 -8 66.6916395668277
      vertex 98.51647191602484 -8 121.3083604331723
    endloop
  endfacet
  facet normal 0 -1 0
    outer loop
      vertex 98.875 -8 66.94855715851499
      vertex 98.875 -8 121.05144284148501
      vertex 98.74996697570589 -8 121.12919337231928
    endloop
  endfacet
  facet normal 0 -1 0
    outer loop
      vertex 98.74996697570589 -8 66.87080662768072
      vertex 98.74996697570589 -8 121.12919337231928
      vertex 98.63028678473037 -8 121.21495498434471
    endloop
  endfacet
  facet normal 0 -1 0
    outer loop
      vertex 99.00485044700724 -8 67.01796366844854
      vertex 99.00485044700724 -8 120.98203633155146
      vertex 98.875 -8 121.05144284148501
    endloop
  endfacet
  facet normal 0 -1 0
    outer loop
      vertex 99.13896227717855 -8 120.9212710518496
      vertex 99.27676120306789 -8 67.130592791364
      vertex 99.27676120306789 -8 120.869407208636
    endloop
  endfacet
  facet normal 0 -1 0
    outer loop
      vertex 99.13896227717855 -8 67.0787289481504
      vertex 99.13896227717855 -8 120.9212710518496
      vertex 99.00485044700724 -8 120.98203633155146
    endloop
  endfacet
  facet normal 0 -1 0
    outer loop
      vertex 99.41765714851933 -8 67.1733331091504
      vertex 99.41765714851933 -8 120.8266668908496
      vertex 99.27676120306789 -8 120.869407208636
    endloop
  endfacet
  facet normal 0 -1 0
    outer loop
      vertex 99.70631606750489 -8 67.23075093809108
      vertex 99.70631606750489 -8 120.76924906190892
      vertex 99.56104677546371 -8 120.79323311909273
    endloop
  endfacet
  facet normal 0 -1 0
    outer loop
      vertex 99.56104677546371 -8 67.20676688090727
      vertex 99.56104677546371 -8 120.79323311909273
      vertex 99.41765714851933 -8 120.8266668908496
    endloop
  endfacet
  facet normal 0 -1 0
    outer loop
      vertex 99.85284295923218 -8 67.24518257728685
      vertex 99.85284295923218 -8 120.75481742271315
      vertex 99.70631606750489 -8 120.76924906190892
    endloop
  endfacet
  facet normal 0 -1 0
    outer loop
      vertex 99.85284295923218 -8 120.75481742271315
      vertex 100 -8 67.25
      vertex 100 -8 120.75
    endloop
  endfacet
  facet normal 0 -1 0
    outer loop
      vertex 100.14715704076782 -8 67.24518257728685
      vertex 100.14715704076782 -8 120.75481742271315
      vertex 100 -8 120.75
    endloop
  endfacet
  facet normal 0 -1 0
    outer loop
      vertex 100.29368393249511 -8 67.23075093809108
      vertex 100.29368393249511 -8 120.76924906190892
      vertex 100.14715704076782 -8 120.75481742271315
    endloop
  endfacet
  facet normal 0 -1 0
    outer loop
      vertex 100.43895322453629 -8 67.20676688090727
      vertex 100.43895322453629 -8 120.79323311909273
      vertex 100.29368393249511 -8 120.76924906190892
    endloop
  endfacet
  facet normal 0 -1 0
    outer loop
      vertex 100.58234285148067 -8 67.1733331091504
      vertex 100.58234285148067 -8 120.8266668908496
      vertex 100.43895322453629 -8 120.79323311909273
    endloop
  endfacet
  facet normal 0 -1 0
    outer loop
      vertex 100.72323879693211 -8 67.130592791364
      vertex 100.72323879693211 -8 120.869407208636
      vertex 100.58234285148067 -8 120.8266668908496
    endloop
  endfacet
  facet normal 0 -1 0
    outer loop
      vertex 100.86103772282145 -8 67.0787289481504
      vertex 100.86103772282145 -8 120.9212710518496
      vertex 100.72323879693211 -8 120.869407208636
    endloop
  endfacet
  facet normal 0 -1 0
    outer loop
      vertex 100.99514955299276 -8 67.01796366844854
      vertex 100.99514955299276 -8 120.98203633155146
      vertex 100.86103772282145 -8 120.9212710518496
    endloop
  endfacet
  facet normal 0 -1 0
    outer loop
      vertex 101.125 -8 66.94855715851499
      vertex 101.125 -8 121.05144284148501
      vertex 100.99514955299276 -8 120.98203633155146
    endloop
  endfacet
  facet normal 0 -1 0
    outer loop
      vertex 101.25003302429411 -8 66.87080662768072
      vertex 101.25003302429411 -8 121.12919337231928
      vertex 101.125 -8 121.05144284148501
    endloop
  endfacet
  facet normal 0 -1 0
    outer loop
      vertex 101.36971321526963 -8 66.78504501565529
      vertex 101.36971321526963 -8 121.21495498434471
      vertex 101.25003302429411 -8 121.12919337231928
    endloop
  endfacet
  facet normal 0 -1 0
    outer loop
      vertex 101.48352808397516 -8 66.6916395668277
      vertex 101.48352808397516 -8 121.3083604331723
      vertex 101.36971321526963 -8 121.21495498434471
    endloop
  endfacet
  facet normal 0 -1 0
    outer loop
      vertex 101.59099025766973 -8 66.59099025766973
      vertex 101.59099025766973 -8 121.40900974233027
      vertex 101.48352808397516 -8 121.3083604331723
    endloop
  endfacet
  facet normal 0 -1 0
    outer loop
      vertex 101.6916395668277 -8 66.48352808397516
      vertex 101.6916395668277 -8 121.51647191602484
      vertex 101.59099025766973 -8 121.40900974233027
    endloop
  endfacet
  facet normal 0 -1 0
    outer loop
      vertex 101.78504501565529 -8 66.36971321526963
      vertex 101.78504501565529 -8 121.63028678473037
      vertex 101.6916395668277 -8 121.51647191602484
    endloop
  endfacet
  facet normal 0 -1 0
    outer loop
      vertex 101.87080662768072 -8 66.25003302429411
      vertex 101.87080662768072 -8 121.74996697570589
      vertex 101.78504501565529 -8 121.63028678473037
    endloop
  endfacet
  facet normal 0 -1 0
    outer loop
      vertex 101.94855715851499 -8 66.125
      vertex 101.94855715851499 -8 121.875
      vertex 101.87080662768072 -8 121.74996697570589
    endloop
  endfacet
  facet normal 0 -1 0
    outer loop
      vertex 102.01796366844854 -8 65.99514955299276
      vertex 102.01796366844854 -8 122.00485044700724
      vertex 101.94855715851499 -8 121.875
    endloop
  endfacet
  facet normal 0 -1 0
    outer loop
      vertex 102.0787289481504 -8 65.86103772282145
      vertex 102.0787289481504 -8 122.13896227717855
      vertex 102.01796366844854 -8 122.00485044700724
    endloop
  endfacet
  facet normal 0 -1 0
    outer loop
      vertex 102.130592791364 -8 65.72323879693211
      vertex 102.130592791364 -8 122.27676120306789
      vertex 102.0787289481504 -8 122.13896227717855
    endloop
  endfacet
  facet normal 0 -1 0
    outer loop
      vertex 102.1733331091504 -8 65.58234285148067
      vertex 102.1733331091504 -8 122.41765714851933
      vertex 102.130592791364 -8 122.27676120306789
    endloop
  endfacet
  facet normal 0 -1 0
    outer loop
      vertex 102.20676688090727 -8 65.43895322453629
      vertex 102.20676688090727 -8 122.56104677546371
      vertex 102.1733331091504 -8 122.41765714851933
    endloop
  endfacet
  facet normal 0 -1 0
    outer loop
      vertex 102.23075093809108 -8 65.29368393249511
      vertex 102.23075093809108 -8 122.70631606750489
      vertex 102.20676688090727 -8 122.56104677546371
    endloop
  endfacet
  facet normal 0 -1 0
    outer loop
      vertex 102.24518257728685 -8 65.14715704076782
      vertex 102.24518257728685 -8 122.85284295923218
      vertex 102.23075093809108 -8 122.70631606750489
    endloop
  endfacet
  facet normal 0 -1 0
    outer loop
      vertex 76.2 -8 114.15
      vertex 97.9212710518496 -8 122.13896227717855
      vertex 97.869407208636 -8 122.27676120306789
    endloop
  endfacet
  facet normal 0 -1 0
    outer loop
      vertex 76.2 -8 114.15
      vertex 97.869407208636 -8 122.27676120306789
      vertex 97.8266668908496 -8 122.41765714851933
    endloop
  endfacet
  facet normal 0 -1 0
    outer loop
      vertex 76.2 -8 114.15
      vertex 97.8266668908496 -8 122.41765714851933
      vertex 97.79323311909273 -8 122.56104677546371
    endloop
  endfacet
  facet normal 0 -1 0
    outer loop
      vertex 76.2 -8 114.15
      vertex 97.79323311909273 -8 122.56104677546371
      vertex 97.76924906190892 -8 122.70631606750489
    endloop
  endfacet
  facet normal 0 -1 0
    outer loop
      vertex 76.2 -8 114.15
      vertex 97.76924906190892 -8 122.70631606750489
      vertex 97.75481742271315 -8 122.85284295923218
    endloop
  endfacet
  facet normal 0 -1 0
    outer loop
      vertex 76.2 -8 114.15
      vertex 97.75481742271315 -8 122.85284295923218
      vertex 97.75 -8 123
    endloop
  endfacet
  facet normal 0 -1 0
    outer loop
      vertex 76.2 -8 114.15
      vertex 97.75 -8 123
      vertex 97.75481742271315 -8 123.14715704076782
    endloop
  endfacet
  facet normal 0 -1 0
    outer loop
      vertex 76.2 -8 114.15
      vertex 97.75481742271315 -8 123.14715704076782
      vertex 97.76924906190892 -8 123.29368393249511
    endloop
  endfacet
  facet normal 0 -1 0
    outer loop
      vertex 76.2 -8 114.15
      vertex 97.76924906190892 -8 123.29368393249511
      vertex 97.79323311909273 -8 123.43895322453629
    endloop
  endfacet
  facet normal 0 -1 0
    outer loop
      vertex 76.2 -8 114.15
      vertex 97.79323311909273 -8 123.43895322453629
      vertex 97.8266668908496 -8 123.58234285148067
    endloop
  endfacet
  facet normal 0 -1 0
    outer loop
      vertex 76.2 -8 114.15
      vertex 97.8266668908496 -8 123.58234285148067
      vertex 97.869407208636 -8 123.72323879693211
    endloop
  endfacet
  facet normal 0 -1 0
    outer loop
      vertex 76.2 -8 114.15
      vertex 97.869407208636 -8 123.72323879693211
      vertex 97.9212710518496 -8 123.86103772282145
    endloop
  endfacet
  facet normal 0 -1 0
    outer loop
      vertex 107 -8 147
      vertex 102.24518257728685 -8 122.85284295923218
      vertex 102.24518257728685 -8 65.14715704076782
    endloop
  endfacet
  facet normal 0 -1 0
    outer loop
      vertex 76.2 -8 114.15
      vertex 97.9212710518496 -8 123.86103772282145
      vertex 107 -8 147
    endloop
  endfacet
  facet normal 0 -1 0
    outer loop
      vertex 107 -8 147
      vertex 97.9212710518496 -8 123.86103772282145
      vertex 97.98203633155146 -8 123.99514955299276
    endloop
  endfacet
  facet normal 0 -1 0
    outer loop
      vertex 107 -8 147
      vertex 102.25 -8 123
      vertex 102.24518257728685 -8 122.85284295923218
    endloop
  endfacet
  facet normal 0 -1 0
    outer loop
      vertex 107 -8 147
      vertex 102.24518257728685 -8 123.14715704076782
      vertex 102.25 -8 123
    endloop
  endfacet
  facet normal 0 -1 0
    outer loop
      vertex 107 -8 147
      vertex 102.20676688090727 -8 123.43895322453629
      vertex 102.23075093809108 -8 123.29368393249511
    endloop
  endfacet
  facet normal 0 -1 0
    outer loop
      vertex 107 -8 147
      vertex 102.23075093809108 -8 123.29368393249511
      vertex 102.24518257728685 -8 123.14715704076782
    endloop
  endfacet
  facet normal 0 -1 0
    outer loop
      vertex 107 -8 147
      vertex 102.130592791364 -8 123.72323879693211
      vertex 102.1733331091504 -8 123.58234285148067
    endloop
  endfacet
  facet normal 0 -1 0
    outer loop
      vertex 107 -8 147
      vertex 102.1733331091504 -8 123.58234285148067
      vertex 102.20676688090727 -8 123.43895322453629
    endloop
  endfacet
  facet normal 0 -1 0
    outer loop
      vertex 107 -8 147
      vertex 102.01796366844854 -8 123.99514955299276
      vertex 102.0787289481504 -8 123.86103772282145
    endloop
  endfacet
  facet normal 0 -1 0
    outer loop
      vertex 107 -8 147
      vertex 102.0787289481504 -8 123.86103772282145
      vertex 102.130592791364 -8 123.72323879693211
    endloop
  endfacet
  facet normal 0 -1 0
    outer loop
      vertex 107 -8 147
      vertex 97.98203633155146 -8 123.99514955299276
      vertex 98.05144284148501 -8 124.125
    endloop
  endfacet
  facet normal 0 -1 0
    outer loop
      vertex 107 -8 147
      vertex 98.05144284148501 -8 124.125
      vertex 98.12919337231928 -8 124.25003302429411
    endloop
  endfacet
  facet normal 0 -1 0
    outer loop
      vertex 107 -8 147
      vertex 98.12919337231928 -8 124.25003302429411
      vertex 98.21495498434471 -8 124.36971321526963
    endloop
  endfacet
  facet normal 0 -1 0
    outer loop
      vertex 107 -8 147
      vertex 98.21495498434471 -8 124.36971321526963
      vertex 98.3083604331723 -8 124.48352808397516
    endloop
  endfacet
  facet normal 0 -1 0
    outer loop
      vertex 107 -8 147
      vertex 98.3083604331723 -8 124.48352808397516
      vertex 98.40900974233027 -8 124.59099025766973
    endloop
  endfacet
  facet normal 0 -1 0
    outer loop
      vertex 107 -8 147
      vertex 98.40900974233027 -8 124.59099025766973
      vertex 98.51647191602484 -8 124.6916395668277
    endloop
  endfacet
  facet normal 0 -1 0
    outer loop
      vertex 107 -8 147
      vertex 98.51647191602484 -8 124.6916395668277
      vertex 98.63028678473037 -8 124.78504501565529
    endloop
  endfacet
  facet normal 0 -1 0
    outer loop
      vertex 107 -8 147
      vertex 98.63028678473037 -8 124.78504501565529
      vertex 98.74996697570589 -8 124.87080662768072
    endloop
  endfacet
  facet normal 0 -1 0
    outer loop
      vertex 107 -8 147
      vertex 98.74996697570589 -8 124.87080662768072
      vertex 98.875 -8 124.94855715851499
    endloop
  endfacet
  facet normal 0 -1 0
    outer loop
      vertex 107 -8 147
      vertex 98.875 -8 124.94855715851499
      vertex 99.00485044700724 -8 125.01796366844854
    endloop
  endfacet
  facet normal 0 -1 0
    outer loop
      vertex 107 -8 147
      vertex 99.00485044700724 -8 125.01796366844854
      vertex 99.13896227717855 -8 125.0787289481504
    endloop
  endfacet
  facet normal 0 -1 0
    outer loop
      vertex 107 -8 147
      vertex 99.13896227717855 -8 125.0787289481504
      vertex 99.27676120306789 -8 125.130592791364
    endloop
  endfacet
  facet normal 0 -1 0
    outer loop
      vertex 107 -8 147
      vertex 99.27676120306789 -8 125.130592791364
      vertex 99.41765714851933 -8 125.1733331091504
    endloop
  endfacet
  facet normal 0 -1 0
    outer loop
      vertex 107 -8 147
      vertex 99.41765714851933 -8 125.1733331091504
      vertex 99.56104677546371 -8 125.20676688090727
    endloop
  endfacet
  facet normal 0 -1 0
    outer loop
      vertex 107 -8 147
      vertex 99.56104677546371 -8 125.20676688090727
      vertex 99.70631606750489 -8 125.23075093809108
    endloop
  endfacet
  facet normal 0 -1 0
    outer loop
      vertex 107 -8 147
      vertex 99.70631606750489 -8 125.23075093809108
      vertex 99.85284295923218 -8 125.24518257728685
    endloop
  endfacet
  facet normal 0 -1 0
    outer loop
      vertex 107 -8 147
      vertex 99.85284295923218 -8 125.24518257728685
      vertex 100 -8 125.25
    endloop
  endfacet
  facet normal 0 -1 0
    outer loop
      vertex 107 -8 147
      vertex 100 -8 125.25
      vertex 100.14715704076782 -8 125.24518257728685
    endloop
  endfacet
  facet normal 0 -1 0
    outer loop
      vertex 107 -8 147
      vertex 100.14715704076782 -8 125.24518257728685
      vertex 100.29368393249511 -8 125.23075093809108
    endloop
  endfacet
  facet normal 0 -1 0
    outer loop
      vertex 107 -8 147
      vertex 100.29368393249511 -8 125.23075093809108
      vertex 100.43895322453629 -8 125.20676688090727
    endloop
  endfacet
  facet normal 0 -1 0
    outer loop
      vertex 107 -8 147
      vertex 100.43895322453629 -8 125.20676688090727
      vertex 100.58234285148067 -8 125.1733331091504
    endloop
  endfacet
  facet normal 0 -1 0
    outer loop
      vertex 107 -8 147
      vertex 100.58234285148067 -8 125.1733331091504
      vertex 100.72323879693211 -8 125.130592791364
    endloop
  endfacet
  facet normal 0 -1 0
    outer loop
      vertex 107 -8 147
      vertex 101.25003302429411 -8 124.87080662768072
      vertex 101.36971321526963 -8 124.78504501565529
    endloop
  endfacet
  facet normal 0 -1 0
    outer loop
      vertex 107 -8 147
      vertex 101.94855715851499 -8 124.125
      vertex 102.01796366844854 -8 123.99514955299276
    endloop
  endfacet
  facet normal 0 -1 0
    outer loop
      vertex 107 -8 147
      vertex 101.78504501565529 -8 124.36971321526963
      vertex 101.87080662768072 -8 124.25003302429411
    endloop
  endfacet
  facet normal 0 -1 0
    outer loop
      vertex 107 -8 147
      vertex 101.87080662768072 -8 124.25003302429411
      vertex 101.94855715851499 -8 124.125
    endloop
  endfacet
  facet normal 0 -1 0
    outer loop
      vertex 107 -8 147
      vertex 101.48352808397516 -8 124.6916395668277
      vertex 101.59099025766973 -8 124.59099025766973
    endloop
  endfacet
  facet normal 0 -1 0
    outer loop
      vertex 107 -8 147
      vertex 101.59099025766973 -8 124.59099025766973
      vertex 101.6916395668277 -8 124.48352808397516
    endloop
  endfacet
  facet normal 0 -1 0
    outer loop
      vertex 107 -8 147
      vertex 101.36971321526963 -8 124.78504501565529
      vertex 101.48352808397516 -8 124.6916395668277
    endloop
  endfacet
  facet normal 0 -1 0
    outer loop
      vertex 107 -8 147
      vertex 101.6916395668277 -8 124.48352808397516
      vertex 101.78504501565529 -8 124.36971321526963
    endloop
  endfacet
  facet normal 0 -1 0
    outer loop
      vertex 107 -8 147
      vertex 100.72323879693211 -8 125.130592791364
      vertex 100.86103772282145 -8 125.0787289481504
    endloop
  endfacet
  facet normal 0 -1 0
    outer loop
      vertex 107 -8 147
      vertex 100.86103772282145 -8 125.0787289481504
      vertex 100.99514955299276 -8 125.01796366844854
    endloop
  endfacet
  facet normal 0 -1 0
    outer loop
      vertex 107 -8 147
      vertex 100.99514955299276 -8 125.01796366844854
      vertex 101.125 -8 124.94855715851499
    endloop
  endfacet
  facet normal 0 -1 0
    outer loop
      vertex 107 -8 147
      vertex 101.125 -8 124.94855715851499
      vertex 101.25003302429411 -8 124.87080662768072
    endloop
  endfacet
  facet normal 0 1 0
    outer loop
      vertex 97.98203633155146 0 65.99514955299276
      vertex 97.9212710518496 0 65.86103772282145
      vertex 73.60000000000001 0 111.55
    endloop
  endfacet
  facet normal 0 1 0
    outer loop
      vertex 107 0 147
      vertex 102.1733331091504 0 7.582342851480671
      vertex 102.24518257728685 0 64.85284295923218
    endloop
  endfacet
  facet normal 0 1 0
    outer loop
      vertex 98.05144284148501 0 66.125
      vertex 97.98203633155146 0 65.99514955299276
      vertex 98.05144284148501 0 121.875
    endloop
  endfacet
  facet normal 0 1 0
    outer loop
      vertex 98.21495498434471 0 66.36971321526963
      vertex 98.12919337231928 0 66.25003302429411
      vertex 98.21495498434471 0 121.63028678473037
    endloop
  endfacet
  facet normal 0 1 0
    outer loop
      vertex 98.12919337231928 0 66.25003302429411
      vertex 98.05144284148501 0 66.125
      vertex 98.12919337231928 0 121.74996697570589
    endloop
  endfacet
  facet normal 0 1 0
    outer loop
      vertex 98.40900974233027 0 66.59099025766973
      vertex 98.3083604331723 0 66.48352808397516
      vertex 98.40900974233027 0 121.40900974233027
    endloop
  endfacet
  facet normal 0 1 0
    outer loop
      vertex 98.3083604331723 0 66.48352808397516
      vertex 98.21495498434471 0 66.36971321526963
      vertex 98.3083604331723 0 121.51647191602484
    endloop
  endfacet
  facet normal 0 1 0
    outer loop
      vertex 98.51647191602484 0 66.6916395668277
      vertex 98.63028678473037 0 121.21495498434471
      vertex 98.63028678473037 0 66.78504501565529
    endloop
  endfacet
  facet normal 0 1 0
    outer loop
      vertex 98.40900974233027 0 66.59099025766973
      vertex 98.51647191602484 0 121.3083604331723
      vertex 98.51647191602484 0 66.6916395668277
    endloop
  endfacet
  facet normal 0 1 0
    outer loop
      vertex 98.74996697570589 0 66.87080662768072
      vertex 98.875 0 121.05144284148501
      vertex 98.875 0 66.94855715851499
    endloop
  endfacet
  facet normal 0 1 0
    outer loop
      vertex 98.63028678473037 0 66.78504501565529
      vertex 98.74996697570589 0 121.12919337231928
      vertex 98.74996697570589 0 66.87080662768072
    endloop
  endfacet
  facet normal 0 1 0
    outer loop
      vertex 98.875 0 66.94855715851499
      vertex 99.00485044700724 0 120.98203633155146
      vertex 99.00485044700724 0 67.01796366844854
    endloop
  endfacet
  facet normal 0 1 0
    outer loop
      vertex 99.00485044700724 0 67.01796366844854
      vertex 99.13896227717855 0 120.9212710518496
      vertex 99.13896227717855 0 67.0787289481504
    endloop
  endfacet
  facet normal 0 1 0
    outer loop
      vertex 99.13896227717855 0 67.0787289481504
      vertex 99.27676120306789 0 120.869407208636
      vertex 99.27676120306789 0 67.130592791364
    endloop
  endfacet
  facet normal 0 1 0
    outer loop
      vertex 99.27676120306789 0 67.130592791364
      vertex 99.41765714851933 0 120.8266668908496
      vertex 99.41765714851933 0 67.1733331091504
    endloop
  endfacet
  facet normal 0 1 0
    outer loop
      vertex 99.56104677546371 0 67.20676688090727
      vertex 99.70631606750489 0 120.76924906190892
      vertex 99.70631606750489 0 67.23075093809108
    endloop
  endfacet
  facet normal 0 1 0
    outer loop
      vertex 99.41765714851933 0 67.1733331091504
      vertex 99.56104677546371 0 120.79323311909273
      vertex 99.56104677546371 0 67.20676688090727
    endloop
  endfacet
  facet normal 0 1 0
    outer loop
      vertex 99.70631606750489 0 67.23075093809108
      vertex 99.85284295923218 0 120.75481742271315
      vertex 99.85284295923218 0 67.24518257728685
    endloop
  endfacet
  facet normal 0 1 0
    outer loop
      vertex 99.85284295923218 0 67.24518257728685
      vertex 100 0 120.75
      vertex 100 0 67.25
    endloop
  endfacet
  facet normal 0 1 0
    outer loop
      vertex 100 0 67.25
      vertex 100.14715704076782 0 120.75481742271315
      vertex 100.14715704076782 0 67.24518257728685
    endloop
  endfacet
  facet normal 0 1 0
    outer loop
      vertex 100.14715704076782 0 67.24518257728685
      vertex 100.29368393249511 0 120.76924906190892
      vertex 100.29368393249511 0 67.23075093809108
    endloop
  endfacet
  facet normal 0 1 0
    outer loop
      vertex 100.29368393249511 0 67.23075093809108
      vertex 100.43895322453629 0 120.79323311909273
      vertex 100.43895322453629 0 67.20676688090727
    endloop
  endfacet
  facet normal 0 1 0
    outer loop
      vertex 100.43895322453629 0 67.20676688090727
      vertex 100.58234285148067 0 120.8266668908496
      vertex 100.58234285148067 0 67.1733331091504
    endloop
  endfacet
  facet normal 0 1 0
    outer loop
      vertex 100.58234285148067 0 67.1733331091504
      vertex 100.72323879693211 0 120.869407208636
      vertex 100.72323879693211 0 67.130592791364
    endloop
  endfacet
  facet normal 0 1 0
    outer loop
      vertex 100.72323879693211 0 67.130592791364
      vertex 100.86103772282145 0 120.9212710518496
      vertex 100.86103772282145 0 67.0787289481504
    endloop
  endfacet
  facet normal 0 1 0
    outer loop
      vertex 100.99514955299276 0 67.01796366844854
      vertex 101.125 0 121.05144284148501
      vertex 101.125 0 66.94855715851499
    endloop
  endfacet
  facet normal 0 1 0
    outer loop
      vertex 100.86103772282145 0 67.0787289481504
      vertex 100.99514955299276 0 120.98203633155146
      vertex 100.99514955299276 0 67.01796366844854
    endloop
  endfacet
  facet normal 0 1 0
    outer loop
      vertex 101.78504501565529 0 66.36971321526963
      vertex 101.6916395668277 0 66.48352808397516
      vertex 101.78504501565529 0 121.63028678473037
    endloop
  endfacet
  facet normal 0 1 0
    outer loop
      vertex 101.87080662768072 0 66.25003302429411
      vertex 101.78504501565529 0 66.36971321526963
      vertex 101.87080662768072 0 121.74996697570589
    endloop
  endfacet
  facet normal 0 1 0
    outer loop
      vertex 101.94855715851499 0 66.125
      vertex 101.87080662768072 0 66.25003302429411
      vertex 101.94855715851499 0 121.875
    endloop
  endfacet
  facet normal 0 1 0
    outer loop
      vertex 101.125 0 66.94855715851499
      vertex 101.25003302429411 0 121.12919337231928
      vertex 101.25003302429411 0 66.87080662768072
    endloop
  endfacet
  facet normal 0 1 0
    outer loop
      vertex 101.25003302429411 0 66.87080662768072
      vertex 101.36971321526963 0 121.21495498434471
      vertex 101.36971321526963 0 66.78504501565529
    endloop
  endfacet
  facet normal 0 1 0
    outer loop
      vertex 101.36971321526963 0 66.78504501565529
      vertex 101.48352808397516 0 121.3083604331723
      vertex 101.48352808397516 0 66.6916395668277
    endloop
  endfacet
  facet normal 0 1 0
    outer loop
      vertex 101.48352808397516 0 66.6916395668277
      vertex 101.59099025766973 0 121.40900974233027
      vertex 101.59099025766973 0 66.59099025766973
    endloop
  endfacet
  facet normal 0 1 0
    outer loop
      vertex 101.6916395668277 0 66.48352808397516
      vertex 101.59099025766973 0 66.59099025766973
      vertex 101.6916395668277 0 121.51647191602484
    endloop
  endfacet
  facet normal 0 1 0
    outer loop
      vertex 102.20676688090727 0 65.43895322453629
      vertex 102.1733331091504 0 65.58234285148067
      vertex 102.20676688090727 0 122.56104677546371
    endloop
  endfacet
  facet normal 0 1 0
    outer loop
      vertex 102.23075093809108 0 65.29368393249511
      vertex 102.20676688090727 0 65.43895322453629
      vertex 102.23075093809108 0 122.70631606750489
    endloop
  endfacet
  facet normal 0 1 0
    outer loop
      vertex 102.0787289481504 0 65.86103772282145
      vertex 102.01796366844854 0 65.99514955299276
      vertex 102.0787289481504 0 122.13896227717855
    endloop
  endfacet
  facet normal 0 1 0
    outer loop
      vertex 102.130592791364 0 65.72323879693211
      vertex 102.0787289481504 0 65.86103772282145
      vertex 102.130592791364 0 122.27676120306789
    endloop
  endfacet
  facet normal 0 1 0
    outer loop
      vertex 102.1733331091504 0 65.58234285148067
      vertex 102.130592791364 0 65.72323879693211
      vertex 102.1733331091504 0 122.41765714851933
    endloop
  endfacet
  facet normal 0 1 0
    outer loop
      vertex 102.01796366844854 0 65.99514955299276
      vertex 101.94855715851499 0 66.125
      vertex 102.01796366844854 0 122.00485044700724
    endloop
  endfacet
  facet normal 0 1 0
    outer loop
      vertex 97.98203633155146 0 65.99514955299276
      vertex 73.60000000000001 0 111.55
      vertex 97.98203633155146 0 122.00485044700724
    endloop
  endfacet
  facet normal 1 0 0
    outer loop
      vertex 107 0 -17
      vertex 107 0 147
      vertex 107 -8 147
    endloop
  endfacet
  facet normal 0 1 0
    outer loop
      vertex 107 0 147
      vertex 102.24518257728685 0 64.85284295923218
      vertex 102.25 0 65
    endloop
  endfacet
  facet normal 0 1 0
    outer loop
      vertex 107 0 147
      vertex 102.25 0 65
      vertex 102.24518257728685 0 65.14715704076782
    endloop
  endfacet
  facet normal 0 1 0
    outer loop
      vertex 107 0 147
      vertex 102.24518257728685 0 65.14715704076782
      vertex 102.23075093809108 0 65.29368393249511
    endloop
  endfacet
  facet normal 0 1 0
    outer loop
      vertex 97.98203633155146 0 65.99514955299276
      vertex 97.98203633155146 0 122.00485044700724
      vertex 98.05144284148501 0 121.875
    endloop
  endfacet
  facet normal 0 1 0
    outer loop
      vertex 98.12919337231928 0 66.25003302429411
      vertex 98.12919337231928 0 121.74996697570589
      vertex 98.21495498434471 0 121.63028678473037
    endloop
  endfacet
  facet normal 0 1 0
    outer loop
      vertex 98.05144284148501 0 66.125
      vertex 98.05144284148501 0 121.875
      vertex 98.12919337231928 0 121.74996697570589
    endloop
  endfacet
  facet normal 0 1 0
    outer loop
      vertex 98.51647191602484 0 66.6916395668277
      vertex 98.51647191602484 0 121.3083604331723
      vertex 98.63028678473037 0 121.21495498434471
    endloop
  endfacet
  facet normal 0 1 0
    outer loop
      vertex 98.40900974233027 0 66.59099025766973
      vertex 98.40900974233027 0 121.40900974233027
      vertex 98.51647191602484 0 121.3083604331723
    endloop
  endfacet
  facet normal 0 1 0
    outer loop
      vertex 98.3083604331723 0 66.48352808397516
      vertex 98.3083604331723 0 121.51647191602484
      vertex 98.40900974233027 0 121.40900974233027
    endloop
  endfacet
  facet normal 0 1 0
    outer loop
      vertex 98.21495498434471 0 66.36971321526963
      vertex 98.21495498434471 0 121.63028678473037
      vertex 98.3083604331723 0 121.51647191602484
    endloop
  endfacet
  facet normal 0 1 0
    outer loop
      vertex 98.74996697570589 0 66.87080662768072
      vertex 98.74996697570589 0 121.12919337231928
      vertex 98.875 0 121.05144284148501
    endloop
  endfacet
  facet normal 0 1 0
    outer loop
      vertex 98.63028678473037 0 66.78504501565529
      vertex 98.63028678473037 0 121.21495498434471
      vertex 98.74996697570589 0 121.12919337231928
    endloop
  endfacet
  facet normal 0 1 0
    outer loop
      vertex 99.00485044700724 0 67.01796366844854
      vertex 99.00485044700724 0 120.98203633155146
      vertex 99.13896227717855 0 120.9212710518496
    endloop
  endfacet
  facet normal 0 1 0
    outer loop
      vertex 98.875 0 66.94855715851499
      vertex 98.875 0 121.05144284148501
      vertex 99.00485044700724 0 120.98203633155146
    endloop
  endfacet
  facet normal 0 1 0
    outer loop
      vertex 99.13896227717855 0 67.0787289481504
      vertex 99.13896227717855 0 120.9212710518496
      vertex 99.27676120306789 0 120.869407208636
    endloop
  endfacet
  facet normal 0 1 0
    outer loop
      vertex 99.41765714851933 0 67.1733331091504
      vertex 99.41765714851933 0 120.8266668908496
      vertex 99.56104677546371 0 120.79323311909273
    endloop
  endfacet
  facet normal 0 1 0
    outer loop
      vertex 99.27676120306789 0 67.130592791364
      vertex 99.27676120306789 0 120.869407208636
      vertex 99.41765714851933 0 120.8266668908496
    endloop
  endfacet
  facet normal 0 1 0
    outer loop
      vertex 99.56104677546371 0 67.20676688090727
      vertex 99.56104677546371 0 120.79323311909273
      vertex 99.70631606750489 0 120.76924906190892
    endloop
  endfacet
  facet normal 0 1 0
    outer loop
      vertex 99.70631606750489 0 67.23075093809108
      vertex 99.70631606750489 0 120.76924906190892
      vertex 99.85284295923218 0 120.75481742271315
    endloop
  endfacet
  facet normal 0 1 0
    outer loop
      vertex 99.85284295923218 0 67.24518257728685
      vertex 99.85284295923218 0 120.75481742271315
      vertex 100 0 120.75
    endloop
  endfacet
  facet normal 0 1 0
    outer loop
      vertex 100.14715704076782 0 120.75481742271315
      vertex 100 0 67.25
      vertex 100 0 120.75
    endloop
  endfacet
  facet normal 0 1 0
    outer loop
      vertex 100.14715704076782 0 67.24518257728685
      vertex 100.14715704076782 0 120.75481742271315
      vertex 100.29368393249511 0 120.76924906190892
    endloop
  endfacet
  facet normal 0 1 0
    outer loop
      vertex 100.29368393249511 0 67.23075093809108
      vertex 100.29368393249511 0 120.76924906190892
      vertex 100.43895322453629 0 120.79323311909273
    endloop
  endfacet
  facet normal 0 1 0
    outer loop
      vertex 100.43895322453629 0 67.20676688090727
      vertex 100.43895322453629 0 120.79323311909273
      vertex 100.58234285148067 0 120.8266668908496
    endloop
  endfacet
  facet normal 0 1 0
    outer loop
      vertex 100.58234285148067 0 67.1733331091504
      vertex 100.58234285148067 0 120.8266668908496
      vertex 100.72323879693211 0 120.869407208636
    endloop
  endfacet
  facet normal 0 1 0
    outer loop
      vertex 100.86103772282145 0 120.9212710518496
      vertex 100.72323879693211 0 67.130592791364
      vertex 100.72323879693211 0 120.869407208636
    endloop
  endfacet
  facet normal 0 1 0
    outer loop
      vertex 100.86103772282145 0 67.0787289481504
      vertex 100.86103772282145 0 120.9212710518496
      vertex 100.99514955299276 0 120.98203633155146
    endloop
  endfacet
  facet normal 0 1 0
    outer loop
      vertex 100.99514955299276 0 67.01796366844854
      vertex 100.99514955299276 0 120.98203633155146
      vertex 101.125 0 121.05144284148501
    endloop
  endfacet
  facet normal 0 1 0
    outer loop
      vertex 101.125 0 66.94855715851499
      vertex 101.125 0 121.05144284148501
      vertex 101.25003302429411 0 121.12919337231928
    endloop
  endfacet
  facet normal 0 1 0
    outer loop
      vertex 101.25003302429411 0 66.87080662768072
      vertex 101.25003302429411 0 121.12919337231928
      vertex 101.36971321526963 0 121.21495498434471
    endloop
  endfacet
  facet normal 0 1 0
    outer loop
      vertex 101.48352808397516 0 121.3083604331723
      vertex 101.36971321526963 0 66.78504501565529
      vertex 101.36971321526963 0 121.21495498434471
    endloop
  endfacet
  facet normal 0 1 0
    outer loop
      vertex 101.59099025766973 0 121.40900974233027
      vertex 101.48352808397516 0 66.6916395668277
      vertex 101.48352808397516 0 121.3083604331723
    endloop
  endfacet
  facet normal 0 1 0
    outer loop
      vertex 101.59099025766973 0 121.40900974233027
      vertex 101.6916395668277 0 121.51647191602484
      vertex 101.59099025766973 0 66.59099025766973
    endloop
  endfacet
  facet normal 0 1 0
    outer loop
      vertex 101.6916395668277 0 66.48352808397516
      vertex 101.6916395668277 0 121.51647191602484
      vertex 101.78504501565529 0 121.63028678473037
    endloop
  endfacet
  facet normal 0 1 0
    outer loop
      vertex 101.78504501565529 0 121.63028678473037
      vertex 101.87080662768072 0 121.74996697570589
      vertex 101.78504501565529 0 66.36971321526963
    endloop
  endfacet
  facet normal 0 1 0
    outer loop
      vertex 101.87080662768072 0 121.74996697570589
      vertex 101.94855715851499 0 121.875
      vertex 101.87080662768072 0 66.25003302429411
    endloop
  endfacet
  facet normal 0 1 0
    outer loop
      vertex 101.94855715851499 0 121.875
      vertex 102.01796366844854 0 122.00485044700724
      vertex 101.94855715851499 0 66.125
    endloop
  endfacet
  facet normal 0 1 0
    outer loop
      vertex 102.01796366844854 0 122.00485044700724
      vertex 102.0787289481504 0 122.13896227717855
      vertex 102.01796366844854 0 65.99514955299276
    endloop
  endfacet
  facet normal 0 1 0
    outer loop
      vertex 102.0787289481504 0 65.86103772282145
      vertex 102.0787289481504 0 122.13896227717855
      vertex 102.130592791364 0 122.27676120306789
    endloop
  endfacet
  facet normal 0 1 0
    outer loop
      vertex 102.130592791364 0 122.27676120306789
      vertex 102.1733331091504 0 122.41765714851933
      vertex 102.130592791364 0 65.72323879693211
    endloop
  endfacet
  facet normal 0 1 0
    outer loop
      vertex 102.1733331091504 0 122.41765714851933
      vertex 102.20676688090727 0 122.56104677546371
      vertex 102.1733331091504 0 65.58234285148067
    endloop
  endfacet
  facet normal 0 1 0
    outer loop
      vertex 102.20676688090727 0 122.56104677546371
      vertex 102.23075093809108 0 122.70631606750489
      vertex 102.20676688090727 0 65.43895322453629
    endloop
  endfacet
  facet normal 0 1 0
    outer loop
      vertex 102.23075093809108 0 122.70631606750489
      vertex 102.24518257728685 0 122.85284295923218
      vertex 102.23075093809108 0 65.29368393249511
    endloop
  endfacet
  facet normal 0 1 0
    outer loop
      vertex 107 0 147
      vertex 38.45000000000001 0 111.55
      vertex 36.25 0 111.55
    endloop
  endfacet
  facet normal 0 1 0
    outer loop
      vertex 107 0 147
      vertex 73.60000000000001 0 111.55
      vertex 38.45000000000001 0 111.55
    endloop
  endfacet
  facet normal 0 1 0
    outer loop
      vertex 73.60000000000001 0 111.55
      vertex 97.9212710518496 0 122.13896227717855
      vertex 97.98203633155146 0 122.00485044700724
    endloop
  endfacet
  facet normal 0 1 0
    outer loop
      vertex 73.60000000000001 0 111.55
      vertex 97.8266668908496 0 122.41765714851933
      vertex 97.869407208636 0 122.27676120306789
    endloop
  endfacet
  facet normal 0 1 0
    outer loop
      vertex 73.60000000000001 0 111.55
      vertex 97.869407208636 0 122.27676120306789
      vertex 97.9212710518496 0 122.13896227717855
    endloop
  endfacet
  facet normal 0 1 0
    outer loop
      vertex 73.60000000000001 0 111.55
      vertex 97.76924906190892 0 122.70631606750489
      vertex 97.79323311909273 0 122.56104677546371
    endloop
  endfacet
  facet normal 0 1 0
    outer loop
      vertex 73.60000000000001 0 111.55
      vertex 97.79323311909273 0 122.56104677546371
      vertex 97.8266668908496 0 122.41765714851933
    endloop
  endfacet
  facet normal 0 1 0
    outer loop
      vertex 73.60000000000001 0 111.55
      vertex 97.75481742271315 0 122.85284295923218
      vertex 97.76924906190892 0 122.70631606750489
    endloop
  endfacet
  facet normal 0 1 0
    outer loop
      vertex 73.60000000000001 0 111.55
      vertex 97.75481742271315 0 123.14715704076782
      vertex 97.75 0 123
    endloop
  endfacet
  facet normal 0 1 0
    outer loop
      vertex 73.60000000000001 0 111.55
      vertex 97.75 0 123
      vertex 97.75481742271315 0 122.85284295923218
    endloop
  endfacet
  facet normal 0 1 0
    outer loop
      vertex 73.60000000000001 0 111.55
      vertex 97.79323311909273 0 123.43895322453629
      vertex 97.76924906190892 0 123.29368393249511
    endloop
  endfacet
  facet normal 0 1 0
    outer loop
      vertex 73.60000000000001 0 111.55
      vertex 97.76924906190892 0 123.29368393249511
      vertex 97.75481742271315 0 123.14715704076782
    endloop
  endfacet
  facet normal 0 1 0
    outer loop
      vertex 73.60000000000001 0 111.55
      vertex 97.8266668908496 0 123.58234285148067
      vertex 97.79323311909273 0 123.43895322453629
    endloop
  endfacet
  facet normal 0 1 0
    outer loop
      vertex 73.60000000000001 0 111.55
      vertex 97.9212710518496 0 123.86103772282145
      vertex 97.869407208636 0 123.72323879693211
    endloop
  endfacet
  facet normal 0 1 0
    outer loop
      vertex 73.60000000000001 0 111.55
      vertex 97.869407208636 0 123.72323879693211
      vertex 97.8266668908496 0 123.58234285148067
    endloop
  endfacet
  facet normal 0 1 0
    outer loop
      vertex 73.60000000000001 0 111.55
      vertex 97.98203633155146 0 123.99514955299276
      vertex 97.9212710518496 0 123.86103772282145
    endloop
  endfacet
  facet normal 0 1 0
    outer loop
      vertex 73.60000000000001 0 111.55
      vertex 98.05144284148501 0 124.125
      vertex 97.98203633155146 0 123.99514955299276
    endloop
  endfacet
  facet normal 0 1 0
    outer loop
      vertex 73.60000000000001 0 111.55
      vertex 98.21495498434471 0 124.36971321526963
      vertex 98.12919337231928 0 124.25003302429411
    endloop
  endfacet
  facet normal 0 1 0
    outer loop
      vertex 73.60000000000001 0 111.55
      vertex 98.12919337231928 0 124.25003302429411
      vertex 98.05144284148501 0 124.125
    endloop
  endfacet
  facet normal 0 1 0
    outer loop
      vertex 73.60000000000001 0 111.55
      vertex 98.3083604331723 0 124.48352808397516
      vertex 98.21495498434471 0 124.36971321526963
    endloop
  endfacet
  facet normal 0 1 0
    outer loop
      vertex 73.60000000000001 0 111.55
      vertex 98.40900974233027 0 124.59099025766973
      vertex 98.3083604331723 0 124.48352808397516
    endloop
  endfacet
  facet normal 0 1 0
    outer loop
      vertex 73.60000000000001 0 111.55
      vertex 98.51647191602484 0 124.6916395668277
      vertex 98.40900974233027 0 124.59099025766973
    endloop
  endfacet
  facet normal 0 1 0
    outer loop
      vertex 107 0 147
      vertex 102.23075093809108 0 65.29368393249511
      vertex 102.24518257728685 0 122.85284295923218
    endloop
  endfacet
  facet normal 0 1 0
    outer loop
      vertex 107 0 147
      vertex 98.51647191602484 0 124.6916395668277
      vertex 73.60000000000001 0 111.55
    endloop
  endfacet
  facet normal 0 1 0
    outer loop
      vertex 107 0 147
      vertex 102.24518257728685 0 122.85284295923218
      vertex 102.25 0 123
    endloop
  endfacet
  facet normal 0 1 0
    outer loop
      vertex 107 0 147
      vertex 102.25 0 123
      vertex 102.24518257728685 0 123.14715704076782
    endloop
  endfacet
  facet normal 0 1 0
    outer loop
      vertex 107 0 147
      vertex 102.23075093809108 0 123.29368393249511
      vertex 102.20676688090727 0 123.43895322453629
    endloop
  endfacet
  facet normal 0 1 0
    outer loop
      vertex 107 0 147
      vertex 102.24518257728685 0 123.14715704076782
      vertex 102.23075093809108 0 123.29368393249511
    endloop
  endfacet
  facet normal 0 1 0
    outer loop
      vertex 107 0 147
      vertex 102.1733331091504 0 123.58234285148067
      vertex 102.130592791364 0 123.72323879693211
    endloop
  endfacet
  facet normal 0 1 0
    outer loop
      vertex 107 0 147
      vertex 102.20676688090727 0 123.43895322453629
      vertex 102.1733331091504 0 123.58234285148067
    endloop
  endfacet
  facet normal 0 1 0
    outer loop
      vertex 107 0 147
      vertex 102.0787289481504 0 123.86103772282145
      vertex 102.01796366844854 0 123.99514955299276
    endloop
  endfacet
  facet normal 0 1 0
    outer loop
      vertex 107 0 147
      vertex 102.130592791364 0 123.72323879693211
      vertex 102.0787289481504 0 123.86103772282145
    endloop
  endfacet
  facet normal 0 1 0
    outer loop
      vertex 107 0 147
      vertex 98.74996697570589 0 124.87080662768072
      vertex 98.63028678473037 0 124.78504501565529
    endloop
  endfacet
  facet normal 0 1 0
    outer loop
      vertex 107 0 147
      vertex 98.63028678473037 0 124.78504501565529
      vertex 98.51647191602484 0 124.6916395668277
    endloop
  endfacet
  facet normal 0 1 0
    outer loop
      vertex 107 0 147
      vertex 98.875 0 124.94855715851499
      vertex 98.74996697570589 0 124.87080662768072
    endloop
  endfacet
  facet normal 0 1 0
    outer loop
      vertex 107 0 147
      vertex 99.13896227717855 0 125.0787289481504
      vertex 99.00485044700724 0 125.01796366844854
    endloop
  endfacet
  facet normal 0 1 0
    outer loop
      vertex 107 0 147
      vertex 99.00485044700724 0 125.01796366844854
      vertex 98.875 0 124.94855715851499
    endloop
  endfacet
  facet normal 0 1 0
    outer loop
      vertex 107 0 147
      vertex 99.27676120306789 0 125.130592791364
      vertex 99.13896227717855 0 125.0787289481504
    endloop
  endfacet
  facet normal 0 1 0
    outer loop
      vertex 107 0 147
      vertex 99.41765714851933 0 125.1733331091504
      vertex 99.27676120306789 0 125.130592791364
    endloop
  endfacet
  facet normal 0 1 0
    outer loop
      vertex 107 0 147
      vertex 99.85284295923218 0 125.24518257728685
      vertex 99.70631606750489 0 125.23075093809108
    endloop
  endfacet
  facet normal 0 1 0
    outer loop
      vertex 107 0 147
      vertex 99.70631606750489 0 125.23075093809108
      vertex 99.56104677546371 0 125.20676688090727
    endloop
  endfacet
  facet normal 0 1 0
    outer loop
      vertex 107 0 147
      vertex 99.56104677546371 0 125.20676688090727
      vertex 99.41765714851933 0 125.1733331091504
    endloop
  endfacet
  facet normal 0 1 0
    outer loop
      vertex 107 0 147
      vertex 100.14715704076782 0 125.24518257728685
      vertex 100 0 125.25
    endloop
  endfacet
  facet normal 0 1 0
    outer loop
      vertex 107 0 147
      vertex 100 0 125.25
      vertex 99.85284295923218 0 125.24518257728685
    endloop
  endfacet
  facet normal 0 1 0
    outer loop
      vertex 107 0 147
      vertex 100.29368393249511 0 125.23075093809108
      vertex 100.14715704076782 0 125.24518257728685
    endloop
  endfacet
  facet normal 0 1 0
    outer loop
      vertex 107 0 147
      vertex 100.43895322453629 0 125.20676688090727
      vertex 100.29368393249511 0 125.23075093809108
    endloop
  endfacet
  facet normal 0 1 0
    outer loop
      vertex 107 0 147
      vertex 100.58234285148067 0 125.1733331091504
      vertex 100.43895322453629 0 125.20676688090727
    endloop
  endfacet
  facet normal 0 1 0
    outer loop
      vertex 107 0 147
      vertex 100.72323879693211 0 125.130592791364
      vertex 100.58234285148067 0 125.1733331091504
    endloop
  endfacet
  facet normal 0 1 0
    outer loop
      vertex 107 0 147
      vertex 101.36971321526963 0 124.78504501565529
      vertex 101.25003302429411 0 124.87080662768072
    endloop
  endfacet
  facet normal 0 1 0
    outer loop
      vertex 107 0 147
      vertex 102.01796366844854 0 123.99514955299276
      vertex 101.94855715851499 0 124.125
    endloop
  endfacet
  facet normal 0 1 0
    outer loop
      vertex 107 0 147
      vertex 101.87080662768072 0 124.25003302429411
      vertex 101.78504501565529 0 124.36971321526963
    endloop
  endfacet
  facet normal 0 1 0
    outer loop
      vertex 107 0 147
      vertex 101.94855715851499 0 124.125
      vertex 101.87080662768072 0 124.25003302429411
    endloop
  endfacet
  facet normal 0 1 0
    outer loop
      vertex 107 0 147
      vertex 101.59099025766973 0 124.59099025766973
      vertex 101.48352808397516 0 124.6916395668277
    endloop
  endfacet
  facet normal 0 1 0
    outer loop
      vertex 107 0 147
      vertex 101.6916395668277 0 124.48352808397516
      vertex 101.59099025766973 0 124.59099025766973
    endloop
  endfacet
  facet normal 0 1 0
    outer loop
      vertex 107 0 147
      vertex 101.48352808397516 0 124.6916395668277
      vertex 101.36971321526963 0 124.78504501565529
    endloop
  endfacet
  facet normal 0 1 0
    outer loop
      vertex 107 0 147
      vertex 101.78504501565529 0 124.36971321526963
      vertex 101.6916395668277 0 124.48352808397516
    endloop
  endfacet
  facet normal 0 1 0
    outer loop
      vertex 107 0 147
      vertex 100.86103772282145 0 125.0787289481504
      vertex 100.72323879693211 0 125.130592791364
    endloop
  endfacet
  facet normal 0 1 0
    outer loop
      vertex 107 0 147
      vertex 100.99514955299276 0 125.01796366844854
      vertex 100.86103772282145 0 125.0787289481504
    endloop
  endfacet
  facet normal 0 1 0
    outer loop
      vertex 107 0 147
      vertex 101.125 0 124.94855715851499
      vertex 100.99514955299276 0 125.01796366844854
    endloop
  endfacet
  facet normal 0 1 0
    outer loop
      vertex 107 0 147
      vertex 101.25003302429411 0 124.87080662768072
      vertex 101.125 0 124.94855715851499
    endloop
  endfacet
  facet normal 0 -1 0
    outer loop
      vertex -76.2 -23 -3
      vertex -38.45000000000001 -23 -0.4
      vertex -73.60000000000001 -23 -0.4
    endloop
  endfacet
  facet normal 0 -1 0
    outer loop
      vertex -76.2 -23 -3
      vertex -73.60000000000001 -23 -0.4
      vertex -76.2 -23 114.15
    endloop
  endfacet
  facet normal -1 0 0
    outer loop
      vertex -76.2 -23 -3
      vertex -76.2 -8 114.15
      vertex -76.2 -8 -3
    endloop
  endfacet
  facet normal 0 -1 0
    outer loop
      vertex -76.2 -23 -3
      vertex -36.25 -23 -0.4
      vertex -38.45000000000001 -23 -0.4
    endloop
  endfacet
  facet normal 0 -1 0
    outer loop
      vertex -76.2 -23 -3
      vertex -1.1000000000000014 -23 -0.4
      vertex -36.25 -23 -0.4
    endloop
  endfacet
  facet normal 0 -1 0
    outer loop
      vertex -76.2 -23 -3
      vertex 1.1 -23 -0.4
      vertex -1.1000000000000014 -23 -0.4
    endloop
  endfacet
  facet normal 0 -1 0
    outer loop
      vertex -76.2 -23 -3
      vertex 36.25 -23 -0.4
      vertex 1.1 -23 -0.4
    endloop
  endfacet
  facet normal 0 -1 0
    outer loop
      vertex -76.2 -23 -3
      vertex 38.45000000000001 -23 -0.4
      vertex 36.25 -23 -0.4
    endloop
  endfacet
  facet normal 0 0 -1
    outer loop
      vertex -76.2 -23 -3
      vertex -76.2 -8 -3
      vertex 76.2 -23 -3
    endloop
  endfacet
  facet normal 0 -1 0
    outer loop
      vertex -38.45000000000001 -23 -0.4
      vertex -36.25 -23 -0.4
      vertex -36.25 -23 111.55
    endloop
  endfacet
  facet normal 0 -1 0
    outer loop
      vertex -76.2 -23 114.15
      vertex -73.60000000000001 -23 -0.4
      vertex -73.60000000000001 -23 111.55
    endloop
  endfacet
  facet normal -1 0 0
    outer loop
      vertex -76.2 -23 -3
      vertex -76.2 -23 114.15
      vertex -76.2 -8 114.15
    endloop
  endfacet
  facet normal 0 -1 0
    outer loop
      vertex -76.2 -23 114.15
      vertex -73.60000000000001 -23 111.55
      vertex -38.45000000000001 -23 111.55
    endloop
  endfacet
  facet normal 0 -1 0
    outer loop
      vertex -36.25 -23 111.55
      vertex -38.45000000000001 -23 111.55
      vertex -38.45000000000001 -23 -0.4
    endloop
  endfacet
  facet normal 0 -1 0
    outer loop
      vertex -1.1000000000000014 -23 -0.4
      vertex 1.1 -23 111.55
      vertex -1.1000000000000014 -23 111.55
    endloop
  endfacet
  facet normal 0 -1 0
    outer loop
      vertex -76.2 -23 114.15
      vertex -38.45000000000001 -23 111.55
      vertex 76.2 -23 114.15
    endloop
  endfacet
  facet normal 0 0 1
    outer loop
      vertex -76.2 -23 114.15
      vertex 76.2 -8 114.15
      vertex -76.2 -8 114.15
    endloop
  endfacet
  facet normal 0 -1 0
    outer loop
      vertex -76.2 -23 -3
      vertex 76.2 -23 -3
      vertex 38.45000000000001 -23 -0.4
    endloop
  endfacet
  facet normal 0 -1 0
    outer loop
      vertex -1.1000000000000014 -23 -0.4
      vertex 1.1 -23 -0.4
      vertex 1.1 -23 111.55
    endloop
  endfacet
  facet normal 0 -1 0
    outer loop
      vertex 36.25 -23 -0.4
      vertex 38.45000000000001 -23 -0.4
      vertex 38.45000000000001 -23 111.55
    endloop
  endfacet
  facet normal 0 0 -1
    outer loop
      vertex -76.2 -8 -3
      vertex 76.2 -8 -3
      vertex 76.2 -23 -3
    endloop
  endfacet
  facet normal 0 -1 0
    outer loop
      vertex 76.2 -23 -3
      vertex 73.60000000000001 -23 -0.4
      vertex 38.45000000000001 -23 -0.4
    endloop
  endfacet
  facet normal 0 -1 0
    outer loop
      vertex 76.2 -23 -3
      vertex 73.60000000000001 -23 111.55
      vertex 73.60000000000001 -23 -0.4
    endloop
  endfacet
  facet normal 1 0 0
    outer loop
      vertex 76.2 -23 -3
      vertex 76.2 -8 -3
      vertex 76.2 -23 114.15
    endloop
  endfacet
  facet normal 0 -1 0
    outer loop
      vertex 38.45000000000001 -23 111.55
      vertex 36.25 -23 111.55
      vertex 36.25 -23 -0.4
    endloop
  endfacet
  facet normal 0 -1 0
    outer loop
      vertex 76.2 -23 114.15
      vertex -38.45000000000001 -23 111.55
      vertex -36.25 -23 111.55
    endloop
  endfacet
  facet normal 0 -1 0
    outer loop
      vertex 76.2 -23 114.15
      vertex -36.25 -23 111.55
      vertex -1.1000000000000014 -23 111.55
    endloop
  endfacet
  facet normal 0 -1 0
    outer loop
      vertex 76.2 -23 114.15
      vertex -1.1000000000000014 -23 111.55
      vertex 1.1 -23 111.55
    endloop
  endfacet
  facet normal 0 0 1
    outer loop
      vertex -76.2 -23 114.15
      vertex 76.2 -23 114.15
      vertex 76.2 -8 114.15
    endloop
  endfacet
  facet normal 0 -1 0
    outer loop
      vertex 76.2 -23 114.15
      vertex 1.1 -23 111.55
      vertex 36.25 -23 111.55
    endloop
  endfacet
  facet normal 0 -1 0
    outer loop
      vertex 76.2 -23 114.15
      vertex 36.25 -23 111.55
      vertex 38.45000000000001 -23 111.55
    endloop
  endfacet
  facet normal 0 -1 0
    outer loop
      vertex 76.2 -23 -3
      vertex 76.2 -23 114.15
      vertex 73.60000000000001 -23 111.55
    endloop
  endfacet
  facet normal 0 -1 0
    outer loop
      vertex 76.2 -23 114.15
      vertex 38.45000000000001 -23 111.55
      vertex 73.60000000000001 -23 111.55
    endloop
  endfacet
  facet normal 1 0 0
    outer loop
      vertex 76.2 -23 114.15
      vertex 76.2 -8 -3
      vertex 76.2 -8 114.15
    endloop
  endfacet
  facet normal 1 0 0
    outer loop
      vertex -73.60000000000001 -23 -0.4
      vertex -73.60000000000001 0 -0.4
      vertex -73.60000000000001 -23 111.55
    endloop
  endfacet
  facet normal 0 0 1
    outer loop
      vertex -38.45000000000001 0 -0.4
      vertex -73.60000000000001 -23 -0.4
      vertex -38.45000000000001 -23 -0.4
    endloop
  endfacet
  facet normal 0 0 -1
    outer loop
      vertex -73.60000000000001 -23 111.55
      vertex -73.60000000000001 0 111.55
      vertex -38.45000000000001 -23 111.55
    endloop
  endfacet
  facet normal -1 0 0
    outer loop
      vertex -38.45000000000001 -23 -0.4
      vertex -38.45000000000001 -23 111.55
      vertex -38.45000000000001 0 111.55
    endloop
  endfacet
  facet normal 0 0 1
    outer loop
      vertex -38.45000000000001 0 -0.4
      vertex -73.60000000000001 0 -0.4
      vertex -73.60000000000001 -23 -0.4
    endloop
  endfacet
  facet normal -1 0 0
    outer loop
      vertex -38.45000000000001 0 -0.4
      vertex -38.45000000000001 -23 -0.4
      vertex -38.45000000000001 0 111.55
    endloop
  endfacet
  facet normal 1 0 0
    outer loop
      vertex -73.60000000000001 0 -0.4
      vertex -73.60000000000001 0 111.55
      vertex -73.60000000000001 -23 111.55
    endloop
  endfacet
  facet normal 0 0 -1
    outer loop
      vertex -73.60000000000001 0 111.55
      vertex -38.45000000000001 0 111.55
      vertex -38.45000000000001 -23 111.55
    endloop
  endfacet
  facet normal 0 0 1
    outer loop
      vertex -1.1000000000000014 0 -0.4
      vertex -36.25 -23 -0.4
      vertex -1.1000000000000014 -23 -0.4
    endloop
  endfacet
  facet normal 1 0 0
    outer loop
      vertex -36.25 0 -0.4
      vertex -36.25 -23 111.55
      vertex -36.25 -23 -0.4
    endloop
  endfacet
  facet normal -1 0 0
    outer loop
      vertex -1.1000000000000014 -23 -0.4
      vertex -1.1000000000000014 -23 111.55
      vertex -1.1000000000000014 0 111.55
    endloop
  endfacet
  facet normal 0 0 -1
    outer loop
      vertex -36.25 -23 111.55
      vertex -36.25 0 111.55
      vertex -1.1000000000000014 -23 111.55
    endloop
  endfacet
  facet normal 0 0 1
    outer loop
      vertex -1.1000000000000014 0 -0.4
      vertex -36.25 0 -0.4
      vertex -36.25 -23 -0.4
    endloop
  endfacet
  facet normal -1 0 0
    outer loop
      vertex -1.1000000000000014 0 -0.4
      vertex -1.1000000000000014 -23 -0.4
      vertex -1.1000000000000014 0 111.55
    endloop
  endfacet
  facet normal 1 0 0
    outer loop
      vertex -36.25 -23 111.55
      vertex -36.25 0 -0.4
      vertex -36.25 0 111.55
    endloop
  endfacet
  facet normal 0 0 -1
    outer loop
      vertex -1.1000000000000014 -23 111.55
      vertex -36.25 0 111.55
      vertex -1.1000000000000014 0 111.55
    endloop
  endfacet
  facet normal 0 0 1
    outer loop
      vertex 36.25 0 -0.4
      vertex 1.1 -23 -0.4
      vertex 36.25 -23 -0.4
    endloop
  endfacet
  facet normal 1 0 0
    outer loop
      vertex 1.1 0 -0.4
      vertex 1.1 -23 111.55
      vertex 1.1 -23 -0.4
    endloop
  endfacet
  facet normal -1 0 0
    outer loop
      vertex 36.25 -23 -0.4
      vertex 36.25 -23 111.55
      vertex 36.25 0 111.55
    endloop
  endfacet
  facet normal 0 0 -1
    outer loop
      vertex 1.1 -23 111.55
      vertex 1.1 0 111.55
      vertex 36.25 -23 111.55
    endloop
  endfacet
  facet normal 0 0 1
    outer loop
      vertex 36.25 0 -0.4
      vertex 1.1 0 -0.4
      vertex 1.1 -23 -0.4
    endloop
  endfacet
  facet normal -1 0 0
    outer loop
      vertex 36.25 0 -0.4
      vertex 36.25 -23 -0.4
      vertex 36.25 0 111.55
    endloop
  endfacet
  facet normal 1 0 0
    outer loop
      vertex 1.1 -23 111.55
      vertex 1.1 0 -0.4
      vertex 1.1 0 111.55
    endloop
  endfacet
  facet normal 0 0 -1
    outer loop
      vertex 36.25 -23 111.55
      vertex 1.1 0 111.55
      vertex 36.25 0 111.55
    endloop
  endfacet
  facet normal 1 0 0
    outer loop
      vertex 38.45000000000001 0 -0.4
      vertex 38.45000000000001 -23 111.55
      vertex 38.45000000000001 -23 -0.4
    endloop
  endfacet
  facet normal 0 0 1
    outer loop
      vertex 73.60000000000001 0 -0.4
      vertex 38.45000000000001 -23 -0.4
      vertex 73.60000000000001 -23 -0.4
    endloop
  endfacet
  facet normal 0 0 -1
    outer loop
      vertex 38.45000000000001 -23 111.55
      vertex 38.45000000000001 0 111.55
      vertex 73.60000000000001 -23 111.55
    endloop
  endfacet
  facet normal -1 0 0
    outer loop
      vertex 73.60000000000001 -23 -0.4
      vertex 73.60000000000001 -23 111.55
      vertex 73.60000000000001 0 111.55
    endloop
  endfacet
  facet normal 0 0 1
    outer loop
      vertex 73.60000000000001 0 -0.4
      vertex 38.45000000000001 0 -0.4
      vertex 38.45000000000001 -23 -0.4
    endloop
  endfacet
  facet normal -1 0 0
    outer loop
      vertex 73.60000000000001 0 -0.4
      vertex 73.60000000000001 -23 -0.4
      vertex 73.60000000000001 0 8.596261682242982
    endloop
  endfacet
  facet normal -1 0 0
    outer loop
      vertex 73.60000000000001 0 8.596261682242982
      vertex 73.60000000000001 -23 -0.4
      vertex 73.60000000000001 0 111.55
    endloop
  endfacet
  facet normal 1 0 0
    outer loop
      vertex 38.45000000000001 -23 111.55
      vertex 38.45000000000001 0 -0.4
      vertex 38.45000000000001 0 111.55
    endloop
  endfacet
  facet normal 0 0 -1
    outer loop
      vertex 73.60000000000001 -23 111.55
      vertex 38.45000000000001 0 111.55
      vertex 73.60000000000001 0 111.55
    endloop
  endfacet
  facet normal 0.9108638249211558 0 0.41270702980443863
    outer loop
      vertex -102.01796366844854 0 6.004850447007247
      vertex -102.0787289481504 -8 6.138962277178548
      vertex -102.01796366844854 -8 6.004850447007247
    endloop
  endfacet
  facet normal 0.1628954733945823 5.759861145935899e-20 0.98664333208488
    outer loop
      vertex -100.43895322453629 -8 4.793233119092731
      vertex -100.29368393249511 -8 4.769249061908926
      vertex -100.29368393249511 0 4.769249061908926
    endloop
  endfacet
  facet normal 0.528067850650347 -7.258707450913923e-19 0.849202181526592
    outer loop
      vertex -101.25003302429411 -8 5.129193372319273
      vertex -101.125 -8 5.051442841485013
      vertex -101.125 0 5.051442841485013
    endloop
  endfacet
  facet normal 0.6343932841636477 3.1428283396900125e-19 0.7730104533627353
    outer loop
      vertex -101.48352808397516 -8 5.3083604331723
      vertex -101.36971321526963 -8 5.214954984344721
      vertex -101.36971321526963 0 5.214954984344721
    endloop
  endfacet
  facet normal 0.6835923020228906 -2.790047149433233e-19 0.7298640726978178
    outer loop
      vertex -101.59099025766973 -8 5.409009742330268
      vertex -101.48352808397516 -8 5.3083604331723
      vertex -101.48352808397516 0 5.3083604331723
    endloop
  endfacet
  facet normal 0.582477696867807 4.0731235525705777e-19 0.8128466845916117
    outer loop
      vertex -101.36971321526963 -8 5.214954984344721
      vertex -101.25003302429411 -8 5.129193372319273
      vertex -101.25003302429411 0 5.129193372319273
    endloop
  endfacet
  facet normal 0.8128466845916529 0 0.5824776968677494
    outer loop
      vertex -101.78504501565529 0 5.630286784730378
      vertex -101.87080662768072 -8 5.749966975705895
      vertex -101.78504501565529 -8 5.630286784730378
    endloop
  endfacet
  facet normal 0.7298640726978166 7.247052123296007e-19 0.6835923020228917
    outer loop
      vertex -101.6916395668277 -8 5.5164719160248445
      vertex -101.59099025766973 -8 5.409009742330268
      vertex -101.59099025766973 0 5.409009742330268
    endloop
  endfacet
  facet normal 0.7730104533627312 0 0.6343932841636525
    outer loop
      vertex -101.6916395668277 -8 5.5164719160248445
      vertex -101.6916395668277 0 5.5164719160248445
      vertex -101.78504501565529 -8 5.630286784730378
    endloop
  endfacet
  facet normal 0.8492021815265623 0 0.5280678506503947
    outer loop
      vertex -101.87080662768072 0 5.749966975705895
      vertex -101.94855715851499 -8 5.875
      vertex -101.87080662768072 -8 5.749966975705895
    endloop
  endfacet
  facet normal 0.8819212643483663 0 0.4713967368259766
    outer loop
      vertex -101.94855715851499 0 5.875
      vertex -102.01796366844854 -8 6.004850447007247
      vertex -101.94855715851499 -8 5.875
    endloop
  endfacet
  facet normal 0.4713967368260054 -9.178771886168871e-20 0.8819212643483509
    outer loop
      vertex -101.125 -8 5.051442841485013
      vertex -100.99514955299276 -8 4.982036331551452
      vertex -100.99514955299276 0 4.982036331551452
    endloop
  endfacet
  facet normal 0.35225004792122355 1.9964506770605058e-19 0.9359059267573295
    outer loop
      vertex -100.86103772282145 -8 4.921271051849605
      vertex -100.72323879693211 -8 4.869407208636012
      vertex -100.72323879693211 0 4.869407208636012
    endloop
  endfacet
  facet normal 0.412707029804385 -7.298739718093739e-19 0.9108638249211801
    outer loop
      vertex -100.99514955299276 -8 4.982036331551452
      vertex -100.86103772282145 -8 4.921271051849605
      vertex -100.86103772282145 0 4.921271051849605
    endloop
  endfacet
  facet normal 0.2902846772544799 2.6713562709492952e-19 0.9569403357322036
    outer loop
      vertex -100.72323879693211 -8 4.869407208636012
      vertex -100.58234285148067 -8 4.826666890849596
      vertex -100.58234285148067 0 4.826666890849596
    endloop
  endfacet
  facet normal 0.2270762630343743 -3.136222887159457e-19 0.9738769792773335
    outer loop
      vertex -100.58234285148067 -8 4.826666890849596
      vertex -100.43895322453629 -8 4.793233119092731
      vertex -100.43895322453629 0 4.793233119092731
    endloop
  endfacet
  facet normal 0.9359059267573184 0 0.3522500479212526
    outer loop
      vertex -102.0787289481504 0 6.138962277178548
      vertex -102.130592791364 -8 6.2767612030678865
      vertex -102.0787289481504 -8 6.138962277178548
    endloop
  endfacet
  facet normal 0.9569403357322186 0 0.2902846772544299
    outer loop
      vertex -102.130592791364 0 6.2767612030678865
      vertex -102.1733331091504 -8 6.417657148519329
      vertex -102.130592791364 -8 6.2767612030678865
    endloop
  endfacet
  facet normal 0.9866433320848732 0 0.16289547339462332
    outer loop
      vertex -102.20676688090727 0 6.561046775463711
      vertex -102.23075093809108 -8 6.706316067504884
      vertex -102.20676688090727 -8 6.561046775463711
    endloop
  endfacet
  facet normal 0.9738769792773385 0 0.22707626303435277
    outer loop
      vertex -102.1733331091504 0 6.417657148519329
      vertex -102.20676688090727 -8 6.561046775463711
      vertex -102.1733331091504 -8 6.417657148519329
    endloop
  endfacet
  facet normal 0.9951847266722017 0 0.09801714032951214
    outer loop
      vertex -102.23075093809108 0 6.706316067504884
      vertex -102.24518257728685 -8 6.852842959232178
      vertex -102.23075093809108 -8 6.706316067504884
    endloop
  endfacet
  facet normal 0.9994645874763648 0 0.032719082821798764
    outer loop
      vertex -102.24518257728685 0 6.852842959232178
      vertex -102.25 -8 7
      vertex -102.24518257728685 -8 6.852842959232178
    endloop
  endfacet
  facet normal 0.9994645874763648 0 -0.032719082821798764
    outer loop
      vertex -102.25 0 7
      vertex -102.24518257728685 -8 7.147157040767822
      vertex -102.25 -8 7
    endloop
  endfacet
  facet normal 0.9951847266722017 0 -0.09801714032951214
    outer loop
      vertex -102.24518257728685 0 7.147157040767822
      vertex -102.23075093809108 -8 7.293683932495116
      vertex -102.24518257728685 -8 7.147157040767822
    endloop
  endfacet
  facet normal 0.9866433320848732 0 -0.16289547339462332
    outer loop
      vertex -102.23075093809108 0 7.293683932495116
      vertex -102.20676688090727 -8 7.438953224536289
      vertex -102.23075093809108 -8 7.293683932495116
    endloop
  endfacet
  facet normal 0.9738769792773385 0 -0.22707626303435277
    outer loop
      vertex -102.20676688090727 0 7.438953224536289
      vertex -102.1733331091504 -8 7.582342851480671
      vertex -102.20676688090727 -8 7.438953224536289
    endloop
  endfacet
  facet normal 0.9569403357322186 0 -0.2902846772544299
    outer loop
      vertex -102.1733331091504 0 7.582342851480671
      vertex -102.130592791364 -8 7.7232387969321135
      vertex -102.1733331091504 -8 7.582342851480671
    endloop
  endfacet
  facet normal 0.9359059267573184 0 -0.3522500479212526
    outer loop
      vertex -102.130592791364 0 7.7232387969321135
      vertex -102.0787289481504 -8 7.861037722821452
      vertex -102.130592791364 -8 7.7232387969321135
    endloop
  endfacet
  facet normal 0.9108638249211558 0 -0.41270702980443863
    outer loop
      vertex -102.0787289481504 0 7.861037722821452
      vertex -102.01796366844854 -8 7.995149552992753
      vertex -102.0787289481504 -8 7.861037722821452
    endloop
  endfacet
  facet normal 0.8819212643483663 0 -0.4713967368259766
    outer loop
      vertex -102.01796366844854 0 7.995149552992753
      vertex -101.94855715851499 -8 8.125
      vertex -102.01796366844854 -8 7.995149552992753
    endloop
  endfacet
  facet normal 0.8492021815265623 0 -0.5280678506503947
    outer loop
      vertex -101.94855715851499 0 8.125
      vertex -101.87080662768072 -8 8.250033024294105
      vertex -101.94855715851499 -8 8.125
    endloop
  endfacet
  facet normal 0.8128466845916529 0 -0.5824776968677494
    outer loop
      vertex -101.87080662768072 0 8.250033024294105
      vertex -101.78504501565529 -8 8.369713215269622
      vertex -101.87080662768072 -8 8.250033024294105
    endloop
  endfacet
  facet normal 0.7730104533627312 0 -0.6343932841636525
    outer loop
      vertex -101.78504501565529 0 8.369713215269622
      vertex -101.6916395668277 -8 8.483528083975155
      vertex -101.78504501565529 -8 8.369713215269622
    endloop
  endfacet
  facet normal 0.7298640726978166 0 -0.6835923020228917
    outer loop
      vertex -101.6916395668277 0 8.483528083975155
      vertex -101.59099025766973 -8 8.590990257669732
      vertex -101.6916395668277 -8 8.483528083975155
    endloop
  endfacet
  facet normal 0.6835923020228906 0 -0.7298640726978178
    outer loop
      vertex -101.59099025766973 -8 8.590990257669732
      vertex -101.59099025766973 0 8.590990257669732
      vertex -101.48352808397516 -8 8.6916395668277
    endloop
  endfacet
  facet normal 0.634393284163644 0 -0.7730104533627382
    outer loop
      vertex -101.48352808397516 0 8.6916395668277
      vertex -101.36971321526963 -8 8.785045015655278
      vertex -101.48352808397516 -8 8.6916395668277
    endloop
  endfacet
  facet normal 0.582477696867811 0 -0.812846684591609
    outer loop
      vertex -101.36971321526963 0 8.785045015655278
      vertex -101.25003302429411 -8 8.870806627680727
      vertex -101.36971321526963 -8 8.785045015655278
    endloop
  endfacet
  facet normal 0.528067850650347 0 -0.849202181526592
    outer loop
      vertex -101.25003302429411 0 8.870806627680727
      vertex -101.125 -8 8.948557158514987
      vertex -101.25003302429411 -8 8.870806627680727
    endloop
  endfacet
  facet normal 0.4713967368260054 0 -0.8819212643483509
    outer loop
      vertex -101.125 0 8.948557158514987
      vertex -100.99514955299276 -8 9.017963668448548
      vertex -101.125 -8 8.948557158514987
    endloop
  endfacet
  facet normal 0.412707029804385 7.298739718093739e-19 -0.9108638249211801
    outer loop
      vertex -100.86103772282145 -8 9.078728948150395
      vertex -100.99514955299276 -8 9.017963668448548
      vertex -100.99514955299276 0 9.017963668448548
    endloop
  endfacet
  facet normal 0.35225004792122355 -1.9964506770605058e-19 -0.9359059267573295
    outer loop
      vertex -100.72323879693211 -8 9.130592791363988
      vertex -100.86103772282145 -8 9.078728948150395
      vertex -100.86103772282145 0 9.078728948150395
    endloop
  endfacet
  facet normal 0.2902846772544799 -2.6713562709492952e-19 -0.9569403357322036
    outer loop
      vertex -100.58234285148067 -8 9.173333109150404
      vertex -100.72323879693211 -8 9.130592791363988
      vertex -100.72323879693211 0 9.130592791363988
    endloop
  endfacet
  facet normal 0.2270762630343743 3.136222887159457e-19 -0.9738769792773335
    outer loop
      vertex -100.43895322453629 -8 9.206766880907269
      vertex -100.58234285148067 -8 9.173333109150404
      vertex -100.58234285148067 0 9.173333109150404
    endloop
  endfacet
  facet normal 0.1628954733945823 -5.759861145935899e-20 -0.98664333208488
    outer loop
      vertex -100.29368393249511 -8 9.230750938091074
      vertex -100.43895322453629 -8 9.206766880907269
      vertex -100.43895322453629 0 9.206766880907269
    endloop
  endfacet
  facet normal 0.09801714032956228 1.0679421091238673e-19 0.9951847266721967
    outer loop
      vertex -100.29368393249511 -8 4.769249061908926
      vertex -100.14715704076782 -8 4.754817422713142
      vertex -100.14715704076782 0 4.754817422713142
    endloop
  endfacet
  facet normal 0.03271908282177446 -2.9830341759221696e-20 0.9994645874763656
    outer loop
      vertex -100.14715704076782 -8 4.754817422713142
      vertex -100 -8 4.75
      vertex -100 0 4.75
    endloop
  endfacet
  facet normal -0.03271908282177446 2.9830341759221696e-20 0.9994645874763656
    outer loop
      vertex -100 -8 4.75
      vertex -99.85284295923218 -8 4.754817422713142
      vertex -99.85284295923218 0 4.754817422713142
    endloop
  endfacet
  facet normal -0.09801714032956228 -1.0679421091238673e-19 0.9951847266721967
    outer loop
      vertex -99.85284295923218 -8 4.754817422713142
      vertex -99.70631606750489 -8 4.769249061908926
      vertex -99.70631606750489 0 4.769249061908926
    endloop
  endfacet
  facet normal -0.1628954733945823 -5.759861145935899e-20 0.98664333208488
    outer loop
      vertex -99.70631606750489 -8 4.769249061908926
      vertex -99.56104677546371 -8 4.793233119092731
      vertex -99.56104677546371 0 4.793233119092731
    endloop
  endfacet
  facet normal -0.2270762630343743 3.136222887159457e-19 0.9738769792773335
    outer loop
      vertex -99.56104677546371 -8 4.793233119092731
      vertex -99.41765714851933 -8 4.826666890849596
      vertex -99.41765714851933 0 4.826666890849596
    endloop
  endfacet
  facet normal -0.2902846772544799 -2.6713562709492952e-19 0.9569403357322036
    outer loop
      vertex -99.41765714851933 -8 4.826666890849596
      vertex -99.27676120306789 -8 4.869407208636012
      vertex -99.27676120306789 0 4.869407208636012
    endloop
  endfacet
  facet normal -0.35225004792122355 -1.9964506770605058e-19 0.9359059267573295
    outer loop
      vertex -99.27676120306789 -8 4.869407208636012
      vertex -99.13896227717855 -8 4.921271051849605
      vertex -99.13896227717855 0 4.921271051849605
    endloop
  endfacet
  facet normal -0.412707029804385 7.298739718093739e-19 0.9108638249211801
    outer loop
      vertex -99.13896227717855 -8 4.921271051849605
      vertex -99.00485044700724 -8 4.982036331551452
      vertex -99.00485044700724 0 4.982036331551452
    endloop
  endfacet
  facet normal -0.4713967368260054 9.178771886168871e-20 0.8819212643483509
    outer loop
      vertex -99.00485044700724 -8 4.982036331551452
      vertex -98.875 -8 5.051442841485013
      vertex -98.875 0 5.051442841485013
    endloop
  endfacet
  facet normal -0.528067850650347 7.258707450913923e-19 0.849202181526592
    outer loop
      vertex -98.875 -8 5.051442841485013
      vertex -98.74996697570589 -8 5.129193372319273
      vertex -98.74996697570589 0 5.129193372319273
    endloop
  endfacet
  facet normal -0.582477696867807 -4.0731235525705777e-19 0.8128466845916117
    outer loop
      vertex -98.74996697570589 -8 5.129193372319273
      vertex -98.63028678473037 -8 5.214954984344721
      vertex -98.63028678473037 0 5.214954984344721
    endloop
  endfacet
  facet normal -0.6343932841636477 -3.1428283396900125e-19 0.7730104533627353
    outer loop
      vertex -98.63028678473037 -8 5.214954984344721
      vertex -98.51647191602484 -8 5.3083604331723
      vertex -98.51647191602484 0 5.3083604331723
    endloop
  endfacet
  facet normal -0.6835923020228906 2.790047149433233e-19 0.7298640726978178
    outer loop
      vertex -98.51647191602484 -8 5.3083604331723
      vertex -98.40900974233027 -8 5.409009742330268
      vertex -98.40900974233027 0 5.409009742330268
    endloop
  endfacet
  facet normal -0.7298640726978166 0 0.6835923020228917
    outer loop
      vertex -98.3083604331723 -8 5.5164719160248445
      vertex -98.3083604331723 0 5.5164719160248445
      vertex -98.40900974233027 -8 5.409009742330268
    endloop
  endfacet
  facet normal -0.7730104533627312 0 0.6343932841636525
    outer loop
      vertex -98.21495498434471 -8 5.630286784730378
      vertex -98.21495498434471 0 5.630286784730378
      vertex -98.3083604331723 -8 5.5164719160248445
    endloop
  endfacet
  facet normal -0.8128466845916529 0 0.5824776968677494
    outer loop
      vertex -98.12919337231928 -8 5.749966975705895
      vertex -98.12919337231928 0 5.749966975705895
      vertex -98.21495498434471 -8 5.630286784730378
    endloop
  endfacet
  facet normal -0.8492021815265623 0 0.5280678506503947
    outer loop
      vertex -98.05144284148501 -8 5.875
      vertex -98.05144284148501 0 5.875
      vertex -98.12919337231928 -8 5.749966975705895
    endloop
  endfacet
  facet normal -0.8819212643483663 0 0.4713967368259766
    outer loop
      vertex -97.98203633155146 -8 6.004850447007247
      vertex -97.98203633155146 0 6.004850447007247
      vertex -98.05144284148501 -8 5.875
    endloop
  endfacet
  facet normal -0.9108638249211558 0 0.41270702980443863
    outer loop
      vertex -97.9212710518496 -8 6.138962277178548
      vertex -97.9212710518496 0 6.138962277178548
      vertex -97.98203633155146 -8 6.004850447007247
    endloop
  endfacet
  facet normal -0.9359059267573184 0 0.3522500479212526
    outer loop
      vertex -97.869407208636 -8 6.2767612030678865
      vertex -97.869407208636 0 6.2767612030678865
      vertex -97.9212710518496 -8 6.138962277178548
    endloop
  endfacet
  facet normal -0.9569403357322186 0 0.2902846772544299
    outer loop
      vertex -97.8266668908496 -8 6.417657148519329
      vertex -97.8266668908496 0 6.417657148519329
      vertex -97.869407208636 -8 6.2767612030678865
    endloop
  endfacet
  facet normal -0.9738769792773385 0 0.22707626303435277
    outer loop
      vertex -97.79323311909273 -8 6.561046775463711
      vertex -97.79323311909273 0 6.561046775463711
      vertex -97.8266668908496 -8 6.417657148519329
    endloop
  endfacet
  facet normal -0.9866433320848732 0 0.16289547339462332
    outer loop
      vertex -97.76924906190892 -8 6.706316067504884
      vertex -97.76924906190892 0 6.706316067504884
      vertex -97.79323311909273 -8 6.561046775463711
    endloop
  endfacet
  facet normal -0.9951847266722017 0 0.09801714032951214
    outer loop
      vertex -97.75481742271315 -8 6.852842959232178
      vertex -97.75481742271315 0 6.852842959232178
      vertex -97.76924906190892 -8 6.706316067504884
    endloop
  endfacet
  facet normal -0.9994645874763648 0 0.032719082821798764
    outer loop
      vertex -97.75 -8 7
      vertex -97.75 0 7
      vertex -97.75481742271315 -8 6.852842959232178
    endloop
  endfacet
  facet normal -0.9994645874763648 0 -0.032719082821798764
    outer loop
      vertex -97.75481742271315 -8 7.147157040767822
      vertex -97.75481742271315 0 7.147157040767822
      vertex -97.75 -8 7
    endloop
  endfacet
  facet normal -0.9951847266722017 0 -0.09801714032951214
    outer loop
      vertex -97.76924906190892 -8 7.293683932495116
      vertex -97.76924906190892 0 7.293683932495116
      vertex -97.75481742271315 -8 7.147157040767822
    endloop
  endfacet
  facet normal -0.9738769792773385 0 -0.22707626303435277
    outer loop
      vertex -97.8266668908496 -8 7.582342851480671
      vertex -97.8266668908496 0 7.582342851480671
      vertex -97.79323311909273 -8 7.438953224536289
    endloop
  endfacet
  facet normal -0.9359059267573184 0 -0.3522500479212526
    outer loop
      vertex -97.9212710518496 -8 7.861037722821452
      vertex -97.9212710518496 0 7.861037722821452
      vertex -97.869407208636 -8 7.7232387969321135
    endloop
  endfacet
  facet normal -0.9569403357322186 0 -0.2902846772544299
    outer loop
      vertex -97.869407208636 -8 7.7232387969321135
      vertex -97.869407208636 0 7.7232387969321135
      vertex -97.8266668908496 -8 7.582342851480671
    endloop
  endfacet
  facet normal -0.9108638249211558 0 -0.41270702980443863
    outer loop
      vertex -97.98203633155146 -8 7.995149552992753
      vertex -97.98203633155146 0 7.995149552992753
      vertex -97.9212710518496 -8 7.861037722821452
    endloop
  endfacet
  facet normal -0.7730104533627312 0 -0.6343932841636525
    outer loop
      vertex -98.3083604331723 -8 8.483528083975155
      vertex -98.3083604331723 0 8.483528083975155
      vertex -98.21495498434471 -8 8.369713215269622
    endloop
  endfacet
  facet normal -0.7298640726978166 7.247052123296007e-19 -0.6835923020228917
    outer loop
      vertex -98.3083604331723 -8 8.483528083975155
      vertex -98.40900974233027 -8 8.590990257669732
      vertex -98.40900974233027 0 8.590990257669732
    endloop
  endfacet
  facet normal -0.8819212643483663 0 -0.4713967368259766
    outer loop
      vertex -98.05144284148501 -8 8.125
      vertex -98.05144284148501 0 8.125
      vertex -97.98203633155146 -8 7.995149552992753
    endloop
  endfacet
  facet normal -0.8492021815265623 0 -0.5280678506503947
    outer loop
      vertex -98.12919337231928 -8 8.250033024294105
      vertex -98.12919337231928 0 8.250033024294105
      vertex -98.05144284148501 -8 8.125
    endloop
  endfacet
  facet normal -0.8128466845916529 0 -0.5824776968677494
    outer loop
      vertex -98.21495498434471 -8 8.369713215269622
      vertex -98.21495498434471 0 8.369713215269622
      vertex -98.12919337231928 -8 8.250033024294105
    endloop
  endfacet
  facet normal -0.9866433320848732 0 -0.16289547339462332
    outer loop
      vertex -97.79323311909273 -8 7.438953224536289
      vertex -97.79323311909273 0 7.438953224536289
      vertex -97.76924906190892 -8 7.293683932495116
    endloop
  endfacet
  facet normal 0.09801714032956228 -1.0679421091238673e-19 -0.9951847266721967
    outer loop
      vertex -100.14715704076782 -8 9.245182577286858
      vertex -100.29368393249511 -8 9.230750938091074
      vertex -100.29368393249511 0 9.230750938091074
    endloop
  endfacet
  facet normal 0.03271908282177446 2.9830341759221696e-20 -0.9994645874763656
    outer loop
      vertex -100 -8 9.25
      vertex -100.14715704076782 -8 9.245182577286858
      vertex -100.14715704076782 0 9.245182577286858
    endloop
  endfacet
  facet normal -0.03271908282177446 -2.9830341759221696e-20 -0.9994645874763656
    outer loop
      vertex -99.85284295923218 -8 9.245182577286858
      vertex -100 -8 9.25
      vertex -100 0 9.25
    endloop
  endfacet
  facet normal -0.09801714032956228 1.0679421091238673e-19 -0.9951847266721967
    outer loop
      vertex -99.70631606750489 -8 9.230750938091074
      vertex -99.85284295923218 -8 9.245182577286858
      vertex -99.85284295923218 0 9.245182577286858
    endloop
  endfacet
  facet normal -0.1628954733945823 5.759861145935899e-20 -0.98664333208488
    outer loop
      vertex -99.56104677546371 -8 9.206766880907269
      vertex -99.70631606750489 -8 9.230750938091074
      vertex -99.70631606750489 0 9.230750938091074
    endloop
  endfacet
  facet normal -0.2270762630343743 -3.136222887159457e-19 -0.9738769792773335
    outer loop
      vertex -99.41765714851933 -8 9.173333109150404
      vertex -99.56104677546371 -8 9.206766880907269
      vertex -99.56104677546371 0 9.206766880907269
    endloop
  endfacet
  facet normal -0.2902846772544799 2.6713562709492952e-19 -0.9569403357322036
    outer loop
      vertex -99.27676120306789 -8 9.130592791363988
      vertex -99.41765714851933 -8 9.173333109150404
      vertex -99.41765714851933 0 9.173333109150404
    endloop
  endfacet
  facet normal -0.412707029804385 -7.298739718093739e-19 -0.9108638249211801
    outer loop
      vertex -99.00485044700724 -8 9.017963668448548
      vertex -99.13896227717855 -8 9.078728948150395
      vertex -99.13896227717855 0 9.078728948150395
    endloop
  endfacet
  facet normal -0.35225004792122355 1.9964506770605058e-19 -0.9359059267573295
    outer loop
      vertex -99.13896227717855 -8 9.078728948150395
      vertex -99.27676120306789 -8 9.130592791363988
      vertex -99.27676120306789 0 9.130592791363988
    endloop
  endfacet
  facet normal -0.582477696867811 4.559565110569442e-22 -0.812846684591609
    outer loop
      vertex -98.63028678473037 -8 8.785045015655278
      vertex -98.74996697570589 -8 8.870806627680727
      vertex -98.74996697570589 0 8.870806627680727
    endloop
  endfacet
  facet normal -0.528067850650347 -7.258707450913923e-19 -0.849202181526592
    outer loop
      vertex -98.74996697570589 -8 8.870806627680727
      vertex -98.875 -8 8.948557158514987
      vertex -98.875 0 8.948557158514987
    endloop
  endfacet
  facet normal -0.4713967368260054 -9.178771886168871e-20 -0.8819212643483509
    outer loop
      vertex -98.875 -8 8.948557158514987
      vertex -99.00485044700724 -8 9.017963668448548
      vertex -99.00485044700724 0 9.017963668448548
    endloop
  endfacet
  facet normal -0.6835923020228906 -2.790047149433233e-19 -0.7298640726978178
    outer loop
      vertex -98.40900974233027 -8 8.590990257669732
      vertex -98.51647191602484 -8 8.6916395668277
      vertex -98.51647191602484 0 8.6916395668277
    endloop
  endfacet
  facet normal -0.634393284163644 7.166547304344366e-19 -0.7730104533627382
    outer loop
      vertex -98.51647191602484 -8 8.6916395668277
      vertex -98.63028678473037 -8 8.785045015655278
      vertex -98.63028678473037 0 8.785045015655278
    endloop
  endfacet
  facet normal 0.8819212643483663 0 0.4713967368259766
    outer loop
      vertex -102.01796366844854 0 6.004850447007247
      vertex -102.01796366844854 -8 6.004850447007247
      vertex -101.94855715851499 0 5.875
    endloop
  endfacet
  facet normal 0.6835923020228906 0 0.7298640726978178
    outer loop
      vertex -101.59099025766973 -8 5.409009742330268
      vertex -101.48352808397516 0 5.3083604331723
      vertex -101.59099025766973 0 5.409009742330268
    endloop
  endfacet
  facet normal 0.6343932841636477 0 0.7730104533627353
    outer loop
      vertex -101.48352808397516 -8 5.3083604331723
      vertex -101.36971321526963 0 5.214954984344721
      vertex -101.48352808397516 0 5.3083604331723
    endloop
  endfacet
  facet normal 0.582477696867807 0 0.8128466845916117
    outer loop
      vertex -101.36971321526963 -8 5.214954984344721
      vertex -101.25003302429411 0 5.129193372319273
      vertex -101.36971321526963 0 5.214954984344721
    endloop
  endfacet
  facet normal 0.528067850650347 0 0.849202181526592
    outer loop
      vertex -101.25003302429411 -8 5.129193372319273
      vertex -101.125 0 5.051442841485013
      vertex -101.25003302429411 0 5.129193372319273
    endloop
  endfacet
  facet normal 0.8128466845916529 0 0.5824776968677494
    outer loop
      vertex -101.87080662768072 0 5.749966975705895
      vertex -101.87080662768072 -8 5.749966975705895
      vertex -101.78504501565529 0 5.630286784730378
    endloop
  endfacet
  facet normal 0.7298640726978166 0 0.6835923020228917
    outer loop
      vertex -101.6916395668277 -8 5.5164719160248445
      vertex -101.59099025766973 0 5.409009742330268
      vertex -101.6916395668277 0 5.5164719160248445
    endloop
  endfacet
  facet normal 0.7730104533627312 0 0.6343932841636525
    outer loop
      vertex -101.78504501565529 0 5.630286784730378
      vertex -101.78504501565529 -8 5.630286784730378
      vertex -101.6916395668277 0 5.5164719160248445
    endloop
  endfacet
  facet normal 0.8492021815265623 0 0.5280678506503947
    outer loop
      vertex -101.94855715851499 0 5.875
      vertex -101.94855715851499 -8 5.875
      vertex -101.87080662768072 0 5.749966975705895
    endloop
  endfacet
  facet normal 0.412707029804385 0 0.9108638249211801
    outer loop
      vertex -100.99514955299276 -8 4.982036331551452
      vertex -100.86103772282145 0 4.921271051849605
      vertex -100.99514955299276 0 4.982036331551452
    endloop
  endfacet
  facet normal 0.4713967368260054 0 0.8819212643483509
    outer loop
      vertex -101.125 -8 5.051442841485013
      vertex -100.99514955299276 0 4.982036331551452
      vertex -101.125 0 5.051442841485013
    endloop
  endfacet
  facet normal 0.35225004792122355 0 0.9359059267573295
    outer loop
      vertex -100.86103772282145 -8 4.921271051849605
      vertex -100.72323879693211 0 4.869407208636012
      vertex -100.86103772282145 0 4.921271051849605
    endloop
  endfacet
  facet normal 0.2902846772544799 0 0.9569403357322036
    outer loop
      vertex -100.72323879693211 -8 4.869407208636012
      vertex -100.58234285148067 0 4.826666890849596
      vertex -100.72323879693211 0 4.869407208636012
    endloop
  endfacet
  facet normal 0.2270762630343743 0 0.9738769792773335
    outer loop
      vertex -100.58234285148067 -8 4.826666890849596
      vertex -100.43895322453629 0 4.793233119092731
      vertex -100.58234285148067 0 4.826666890849596
    endloop
  endfacet
  facet normal 0.1628954733945823 0 0.98664333208488
    outer loop
      vertex -100.43895322453629 -8 4.793233119092731
      vertex -100.29368393249511 0 4.769249061908926
      vertex -100.43895322453629 0 4.793233119092731
    endloop
  endfacet
  facet normal 0.9108638249211558 0 0.41270702980443863
    outer loop
      vertex -102.0787289481504 0 6.138962277178548
      vertex -102.0787289481504 -8 6.138962277178548
      vertex -102.01796366844854 0 6.004850447007247
    endloop
  endfacet
  facet normal 0.9359059267573184 0 0.3522500479212526
    outer loop
      vertex -102.130592791364 0 6.2767612030678865
      vertex -102.130592791364 -8 6.2767612030678865
      vertex -102.0787289481504 0 6.138962277178548
    endloop
  endfacet
  facet normal 0.9569403357322186 0 0.2902846772544299
    outer loop
      vertex -102.1733331091504 0 6.417657148519329
      vertex -102.1733331091504 -8 6.417657148519329
      vertex -102.130592791364 0 6.2767612030678865
    endloop
  endfacet
  facet normal 0.9738769792773385 0 0.22707626303435277
    outer loop
      vertex -102.20676688090727 0 6.561046775463711
      vertex -102.20676688090727 -8 6.561046775463711
      vertex -102.1733331091504 0 6.417657148519329
    endloop
  endfacet
  facet normal 0.9866433320848732 0 0.16289547339462332
    outer loop
      vertex -102.23075093809108 0 6.706316067504884
      vertex -102.23075093809108 -8 6.706316067504884
      vertex -102.20676688090727 0 6.561046775463711
    endloop
  endfacet
  facet normal 0.9951847266722017 0 0.09801714032951214
    outer loop
      vertex -102.24518257728685 0 6.852842959232178
      vertex -102.24518257728685 -8 6.852842959232178
      vertex -102.23075093809108 0 6.706316067504884
    endloop
  endfacet
  facet normal 0.9994645874763648 0 0.032719082821798764
    outer loop
      vertex -102.25 0 7
      vertex -102.25 -8 7
      vertex -102.24518257728685 0 6.852842959232178
    endloop
  endfacet
  facet normal 0.9994645874763648 0 -0.032719082821798764
    outer loop
      vertex -102.24518257728685 0 7.147157040767822
      vertex -102.24518257728685 -8 7.147157040767822
      vertex -102.25 0 7
    endloop
  endfacet
  facet normal 0.9951847266722017 0 -0.09801714032951214
    outer loop
      vertex -102.23075093809108 0 7.293683932495116
      vertex -102.23075093809108 -8 7.293683932495116
      vertex -102.24518257728685 0 7.147157040767822
    endloop
  endfacet
  facet normal 0.9866433320848732 0 -0.16289547339462332
    outer loop
      vertex -102.20676688090727 0 7.438953224536289
      vertex -102.20676688090727 -8 7.438953224536289
      vertex -102.23075093809108 0 7.293683932495116
    endloop
  endfacet
  facet normal 0.9738769792773385 0 -0.22707626303435277
    outer loop
      vertex -102.1733331091504 0 7.582342851480671
      vertex -102.1733331091504 -8 7.582342851480671
      vertex -102.20676688090727 0 7.438953224536289
    endloop
  endfacet
  facet normal 0.9569403357322186 0 -0.2902846772544299
    outer loop
      vertex -102.130592791364 0 7.7232387969321135
      vertex -102.130592791364 -8 7.7232387969321135
      vertex -102.1733331091504 0 7.582342851480671
    endloop
  endfacet
  facet normal 0.9359059267573184 0 -0.3522500479212526
    outer loop
      vertex -102.0787289481504 0 7.861037722821452
      vertex -102.0787289481504 -8 7.861037722821452
      vertex -102.130592791364 0 7.7232387969321135
    endloop
  endfacet
  facet normal 0.9108638249211558 0 -0.41270702980443863
    outer loop
      vertex -102.01796366844854 0 7.995149552992753
      vertex -102.01796366844854 -8 7.995149552992753
      vertex -102.0787289481504 0 7.861037722821452
    endloop
  endfacet
  facet normal 0.8819212643483663 0 -0.4713967368259766
    outer loop
      vertex -101.94855715851499 0 8.125
      vertex -101.94855715851499 -8 8.125
      vertex -102.01796366844854 0 7.995149552992753
    endloop
  endfacet
  facet normal 0.8492021815265623 0 -0.5280678506503947
    outer loop
      vertex -101.87080662768072 0 8.250033024294105
      vertex -101.87080662768072 -8 8.250033024294105
      vertex -101.94855715851499 0 8.125
    endloop
  endfacet
  facet normal 0.8128466845916529 0 -0.5824776968677494
    outer loop
      vertex -101.78504501565529 0 8.369713215269622
      vertex -101.78504501565529 -8 8.369713215269622
      vertex -101.87080662768072 0 8.250033024294105
    endloop
  endfacet
  facet normal 0.7730104533627312 0 -0.6343932841636525
    outer loop
      vertex -101.6916395668277 0 8.483528083975155
      vertex -101.6916395668277 -8 8.483528083975155
      vertex -101.78504501565529 0 8.369713215269622
    endloop
  endfacet
  facet normal 0.7298640726978166 0 -0.6835923020228917
    outer loop
      vertex -101.59099025766973 0 8.590990257669732
      vertex -101.59099025766973 -8 8.590990257669732
      vertex -101.6916395668277 0 8.483528083975155
    endloop
  endfacet
  facet normal 0.6835923020228906 2.790047149433233e-19 -0.7298640726978178
    outer loop
      vertex -101.59099025766973 0 8.590990257669732
      vertex -101.48352808397516 0 8.6916395668277
      vertex -101.48352808397516 -8 8.6916395668277
    endloop
  endfacet
  facet normal 0.634393284163644 -7.166547304344366e-19 -0.7730104533627382
    outer loop
      vertex -101.48352808397516 0 8.6916395668277
      vertex -101.36971321526963 0 8.785045015655278
      vertex -101.36971321526963 -8 8.785045015655278
    endloop
  endfacet
  facet normal 0.582477696867811 -4.559565110569442e-22 -0.812846684591609
    outer loop
      vertex -101.36971321526963 0 8.785045015655278
      vertex -101.25003302429411 0 8.870806627680727
      vertex -101.25003302429411 -8 8.870806627680727
    endloop
  endfacet
  facet normal 0.528067850650347 7.258707450913923e-19 -0.849202181526592
    outer loop
      vertex -101.25003302429411 0 8.870806627680727
      vertex -101.125 0 8.948557158514987
      vertex -101.125 -8 8.948557158514987
    endloop
  endfacet
  facet normal 0.4713967368260054 9.178771886168871e-20 -0.8819212643483509
    outer loop
      vertex -101.125 0 8.948557158514987
      vertex -100.99514955299276 0 9.017963668448548
      vertex -100.99514955299276 -8 9.017963668448548
    endloop
  endfacet
  facet normal 0.412707029804385 0 -0.9108638249211801
    outer loop
      vertex -100.86103772282145 -8 9.078728948150395
      vertex -100.99514955299276 0 9.017963668448548
      vertex -100.86103772282145 0 9.078728948150395
    endloop
  endfacet
  facet normal 0.35225004792122355 0 -0.9359059267573295
    outer loop
      vertex -100.72323879693211 -8 9.130592791363988
      vertex -100.86103772282145 0 9.078728948150395
      vertex -100.72323879693211 0 9.130592791363988
    endloop
  endfacet
  facet normal 0.2902846772544799 0 -0.9569403357322036
    outer loop
      vertex -100.58234285148067 -8 9.173333109150404
      vertex -100.72323879693211 0 9.130592791363988
      vertex -100.58234285148067 0 9.173333109150404
    endloop
  endfacet
  facet normal 0.2270762630343743 0 -0.9738769792773335
    outer loop
      vertex -100.43895322453629 -8 9.206766880907269
      vertex -100.58234285148067 0 9.173333109150404
      vertex -100.43895322453629 0 9.206766880907269
    endloop
  endfacet
  facet normal 0.1628954733945823 0 -0.98664333208488
    outer loop
      vertex -100.29368393249511 -8 9.230750938091074
      vertex -100.43895322453629 0 9.206766880907269
      vertex -100.29368393249511 0 9.230750938091074
    endloop
  endfacet
  facet normal 0.09801714032956228 0 0.9951847266721967
    outer loop
      vertex -100.29368393249511 -8 4.769249061908926
      vertex -100.14715704076782 0 4.754817422713142
      vertex -100.29368393249511 0 4.769249061908926
    endloop
  endfacet
  facet normal 0.03271908282177446 0 0.9994645874763656
    outer loop
      vertex -100.14715704076782 -8 4.754817422713142
      vertex -100 0 4.75
      vertex -100.14715704076782 0 4.754817422713142
    endloop
  endfacet
  facet normal -0.03271908282177446 0 0.9994645874763656
    outer loop
      vertex -100 -8 4.75
      vertex -99.85284295923218 0 4.754817422713142
      vertex -100 0 4.75
    endloop
  endfacet
  facet normal -0.09801714032956228 0 0.9951847266721967
    outer loop
      vertex -99.85284295923218 -8 4.754817422713142
      vertex -99.70631606750489 0 4.769249061908926
      vertex -99.85284295923218 0 4.754817422713142
    endloop
  endfacet
  facet normal -0.1628954733945823 0 0.98664333208488
    outer loop
      vertex -99.70631606750489 -8 4.769249061908926
      vertex -99.56104677546371 0 4.793233119092731
      vertex -99.70631606750489 0 4.769249061908926
    endloop
  endfacet
  facet normal -0.2270762630343743 0 0.9738769792773335
    outer loop
      vertex -99.56104677546371 -8 4.793233119092731
      vertex -99.41765714851933 0 4.826666890849596
      vertex -99.56104677546371 0 4.793233119092731
    endloop
  endfacet
  facet normal -0.2902846772544799 0 0.9569403357322036
    outer loop
      vertex -99.41765714851933 -8 4.826666890849596
      vertex -99.27676120306789 0 4.869407208636012
      vertex -99.41765714851933 0 4.826666890849596
    endloop
  endfacet
  facet normal -0.35225004792122355 0 0.9359059267573295
    outer loop
      vertex -99.27676120306789 -8 4.869407208636012
      vertex -99.13896227717855 0 4.921271051849605
      vertex -99.27676120306789 0 4.869407208636012
    endloop
  endfacet
  facet normal -0.412707029804385 0 0.9108638249211801
    outer loop
      vertex -99.13896227717855 -8 4.921271051849605
      vertex -99.00485044700724 0 4.982036331551452
      vertex -99.13896227717855 0 4.921271051849605
    endloop
  endfacet
  facet normal -0.4713967368260054 0 0.8819212643483509
    outer loop
      vertex -99.00485044700724 -8 4.982036331551452
      vertex -98.875 0 5.051442841485013
      vertex -99.00485044700724 0 4.982036331551452
    endloop
  endfacet
  facet normal -0.528067850650347 0 0.849202181526592
    outer loop
      vertex -98.875 -8 5.051442841485013
      vertex -98.74996697570589 0 5.129193372319273
      vertex -98.875 0 5.051442841485013
    endloop
  endfacet
  facet normal -0.582477696867807 0 0.8128466845916117
    outer loop
      vertex -98.74996697570589 -8 5.129193372319273
      vertex -98.63028678473037 0 5.214954984344721
      vertex -98.74996697570589 0 5.129193372319273
    endloop
  endfacet
  facet normal -0.6343932841636477 0 0.7730104533627353
    outer loop
      vertex -98.63028678473037 -8 5.214954984344721
      vertex -98.51647191602484 0 5.3083604331723
      vertex -98.63028678473037 0 5.214954984344721
    endloop
  endfacet
  facet normal -0.6835923020228906 0 0.7298640726978178
    outer loop
      vertex -98.51647191602484 -8 5.3083604331723
      vertex -98.40900974233027 0 5.409009742330268
      vertex -98.51647191602484 0 5.3083604331723
    endloop
  endfacet
  facet normal -0.7298640726978166 0 0.6835923020228917
    outer loop
      vertex -98.40900974233027 -8 5.409009742330268
      vertex -98.3083604331723 0 5.5164719160248445
      vertex -98.40900974233027 0 5.409009742330268
    endloop
  endfacet
  facet normal -0.7730104533627312 0 0.6343932841636525
    outer loop
      vertex -98.3083604331723 -8 5.5164719160248445
      vertex -98.21495498434471 0 5.630286784730378
      vertex -98.3083604331723 0 5.5164719160248445
    endloop
  endfacet
  facet normal -0.8128466845916529 0 0.5824776968677494
    outer loop
      vertex -98.21495498434471 -8 5.630286784730378
      vertex -98.12919337231928 0 5.749966975705895
      vertex -98.21495498434471 0 5.630286784730378
    endloop
  endfacet
  facet normal -0.8492021815265623 0 0.5280678506503947
    outer loop
      vertex -98.12919337231928 -8 5.749966975705895
      vertex -98.05144284148501 0 5.875
      vertex -98.12919337231928 0 5.749966975705895
    endloop
  endfacet
  facet normal -0.8819212643483663 0 0.4713967368259766
    outer loop
      vertex -98.05144284148501 -8 5.875
      vertex -97.98203633155146 0 6.004850447007247
      vertex -98.05144284148501 0 5.875
    endloop
  endfacet
  facet normal -0.9108638249211558 0 0.41270702980443863
    outer loop
      vertex -97.98203633155146 -8 6.004850447007247
      vertex -97.9212710518496 0 6.138962277178548
      vertex -97.98203633155146 0 6.004850447007247
    endloop
  endfacet
  facet normal -0.9359059267573184 0 0.3522500479212526
    outer loop
      vertex -97.9212710518496 -8 6.138962277178548
      vertex -97.869407208636 0 6.2767612030678865
      vertex -97.9212710518496 0 6.138962277178548
    endloop
  endfacet
  facet normal -0.9569403357322186 0 0.2902846772544299
    outer loop
      vertex -97.869407208636 -8 6.2767612030678865
      vertex -97.8266668908496 0 6.417657148519329
      vertex -97.869407208636 0 6.2767612030678865
    endloop
  endfacet
  facet normal -0.9738769792773385 0 0.22707626303435277
    outer loop
      vertex -97.8266668908496 -8 6.417657148519329
      vertex -97.79323311909273 0 6.561046775463711
      vertex -97.8266668908496 0 6.417657148519329
    endloop
  endfacet
  facet normal -0.9866433320848732 0 0.16289547339462332
    outer loop
      vertex -97.79323311909273 -8 6.561046775463711
      vertex -97.76924906190892 0 6.706316067504884
      vertex -97.79323311909273 0 6.561046775463711
    endloop
  endfacet
  facet normal -0.9951847266722017 0 0.09801714032951214
    outer loop
      vertex -97.76924906190892 -8 6.706316067504884
      vertex -97.75481742271315 0 6.852842959232178
      vertex -97.76924906190892 0 6.706316067504884
    endloop
  endfacet
  facet normal -0.9994645874763648 0 0.032719082821798764
    outer loop
      vertex -97.75481742271315 -8 6.852842959232178
      vertex -97.75 0 7
      vertex -97.75481742271315 0 6.852842959232178
    endloop
  endfacet
  facet normal -0.9994645874763648 0 -0.032719082821798764
    outer loop
      vertex -97.75 -8 7
      vertex -97.75481742271315 0 7.147157040767822
      vertex -97.75 0 7
    endloop
  endfacet
  facet normal -0.9951847266722017 0 -0.09801714032951214
    outer loop
      vertex -97.75481742271315 -8 7.147157040767822
      vertex -97.76924906190892 0 7.293683932495116
      vertex -97.75481742271315 0 7.147157040767822
    endloop
  endfacet
  facet normal -0.9866433320848732 0 -0.16289547339462332
    outer loop
      vertex -97.76924906190892 -8 7.293683932495116
      vertex -97.79323311909273 0 7.438953224536289
      vertex -97.76924906190892 0 7.293683932495116
    endloop
  endfacet
  facet normal -0.9569403357322186 0 -0.2902846772544299
    outer loop
      vertex -97.8266668908496 -8 7.582342851480671
      vertex -97.869407208636 0 7.7232387969321135
      vertex -97.8266668908496 0 7.582342851480671
    endloop
  endfacet
  facet normal -0.9359059267573184 0 -0.3522500479212526
    outer loop
      vertex -97.869407208636 -8 7.7232387969321135
      vertex -97.9212710518496 0 7.861037722821452
      vertex -97.869407208636 0 7.7232387969321135
    endloop
  endfacet
  facet normal -0.9108638249211558 0 -0.41270702980443863
    outer loop
      vertex -97.9212710518496 -8 7.861037722821452
      vertex -97.98203633155146 0 7.995149552992753
      vertex -97.9212710518496 0 7.861037722821452
    endloop
  endfacet
  facet normal -0.6835923020228906 0 -0.7298640726978178
    outer loop
      vertex -98.40900974233027 -8 8.590990257669732
      vertex -98.51647191602484 0 8.6916395668277
      vertex -98.40900974233027 0 8.590990257669732
    endloop
  endfacet
  facet normal -0.7730104533627312 0 -0.6343932841636525
    outer loop
      vertex -98.21495498434471 -8 8.369713215269622
      vertex -98.3083604331723 0 8.483528083975155
      vertex -98.21495498434471 0 8.369713215269622
    endloop
  endfacet
  facet normal -0.7298640726978166 0 -0.6835923020228917
    outer loop
      vertex -98.3083604331723 -8 8.483528083975155
      vertex -98.40900974233027 0 8.590990257669732
      vertex -98.3083604331723 0 8.483528083975155
    endloop
  endfacet
  facet normal -0.8492021815265623 0 -0.5280678506503947
    outer loop
      vertex -98.05144284148501 -8 8.125
      vertex -98.12919337231928 0 8.250033024294105
      vertex -98.05144284148501 0 8.125
    endloop
  endfacet
  facet normal -0.8128466845916529 0 -0.5824776968677494
    outer loop
      vertex -98.12919337231928 -8 8.250033024294105
      vertex -98.21495498434471 0 8.369713215269622
      vertex -98.12919337231928 0 8.250033024294105
    endloop
  endfacet
  facet normal -0.8819212643483663 0 -0.4713967368259766
    outer loop
      vertex -97.98203633155146 -8 7.995149552992753
      vertex -98.05144284148501 0 8.125
      vertex -97.98203633155146 0 7.995149552992753
    endloop
  endfacet
  facet normal -0.9738769792773385 0 -0.22707626303435277
    outer loop
      vertex -97.79323311909273 -8 7.438953224536289
      vertex -97.8266668908496 0 7.582342851480671
      vertex -97.79323311909273 0 7.438953224536289
    endloop
  endfacet
  facet normal 0.09801714032956228 0 -0.9951847266721967
    outer loop
      vertex -100.14715704076782 -8 9.245182577286858
      vertex -100.29368393249511 0 9.230750938091074
      vertex -100.14715704076782 0 9.245182577286858
    endloop
  endfacet
  facet normal 0.03271908282177446 0 -0.9994645874763656
    outer loop
      vertex -100 -8 9.25
      vertex -100.14715704076782 0 9.245182577286858
      vertex -100 0 9.25
    endloop
  endfacet
  facet normal -0.03271908282177446 0 -0.9994645874763656
    outer loop
      vertex -99.85284295923218 -8 9.245182577286858
      vertex -100 0 9.25
      vertex -99.85284295923218 0 9.245182577286858
    endloop
  endfacet
  facet normal -0.09801714032956228 0 -0.9951847266721967
    outer loop
      vertex -99.70631606750489 -8 9.230750938091074
      vertex -99.85284295923218 0 9.245182577286858
      vertex -99.70631606750489 0 9.230750938091074
    endloop
  endfacet
  facet normal -0.1628954733945823 0 -0.98664333208488
    outer loop
      vertex -99.56104677546371 -8 9.206766880907269
      vertex -99.70631606750489 0 9.230750938091074
      vertex -99.56104677546371 0 9.206766880907269
    endloop
  endfacet
  facet normal -0.2270762630343743 0 -0.9738769792773335
    outer loop
      vertex -99.41765714851933 -8 9.173333109150404
      vertex -99.56104677546371 0 9.206766880907269
      vertex -99.41765714851933 0 9.173333109150404
    endloop
  endfacet
  facet normal -0.2902846772544799 0 -0.9569403357322036
    outer loop
      vertex -99.27676120306789 -8 9.130592791363988
      vertex -99.41765714851933 0 9.173333109150404
      vertex -99.27676120306789 0 9.130592791363988
    endloop
  endfacet
  facet normal -0.35225004792122355 0 -0.9359059267573295
    outer loop
      vertex -99.13896227717855 -8 9.078728948150395
      vertex -99.27676120306789 0 9.130592791363988
      vertex -99.13896227717855 0 9.078728948150395
    endloop
  endfacet
  facet normal -0.582477696867811 0 -0.812846684591609
    outer loop
      vertex -98.63028678473037 -8 8.785045015655278
      vertex -98.74996697570589 0 8.870806627680727
      vertex -98.63028678473037 0 8.785045015655278
    endloop
  endfacet
  facet normal -0.528067850650347 0 -0.849202181526592
    outer loop
      vertex -98.74996697570589 -8 8.870806627680727
      vertex -98.875 0 8.948557158514987
      vertex -98.74996697570589 0 8.870806627680727
    endloop
  endfacet
  facet normal -0.4713967368260054 0 -0.8819212643483509
    outer loop
      vertex -98.875 -8 8.948557158514987
      vertex -99.00485044700724 0 9.017963668448548
      vertex -98.875 0 8.948557158514987
    endloop
  endfacet
  facet normal -0.412707029804385 0 -0.9108638249211801
    outer loop
      vertex -99.00485044700724 -8 9.017963668448548
      vertex -99.13896227717855 0 9.078728948150395
      vertex -99.00485044700724 0 9.017963668448548
    endloop
  endfacet
  facet normal -0.634393284163644 0 -0.7730104533627382
    outer loop
      vertex -98.51647191602484 -8 8.6916395668277
      vertex -98.63028678473037 0 8.785045015655278
      vertex -98.51647191602484 0 8.6916395668277
    endloop
  endfacet
  facet normal 0.9108638249211621 0 0.41270702980442514
    outer loop
      vertex -102.01796366844854 0 64.00485044700724
      vertex -102.0787289481504 -8 64.13896227717855
      vertex -102.01796366844854 -8 64.00485044700724
    endloop
  endfacet
  facet normal 0.9359059267573215 0 0.3522500479212447
    outer loop
      vertex -102.0787289481504 0 64.13896227717855
      vertex -102.130592791364 -8 64.27676120306789
      vertex -102.0787289481504 -8 64.13896227717855
    endloop
  endfacet
  facet normal 0.9569403357322137 0 0.29028467725444673
    outer loop
      vertex -102.130592791364 0 64.27676120306789
      vertex -102.1733331091504 -8 64.41765714851933
      vertex -102.130592791364 -8 64.27676120306789
    endloop
  endfacet
  facet normal 0.9866433320848742 0 0.16289547339461752
    outer loop
      vertex -102.20676688090727 0 64.56104677546371
      vertex -102.23075093809108 -8 64.70631606750489
      vertex -102.20676688090727 -8 64.56104677546371
    endloop
  endfacet
  facet normal 0.9738769792773389 0 0.22707626303435144
    outer loop
      vertex -102.1733331091504 0 64.41765714851933
      vertex -102.20676688090727 -8 64.56104677546371
      vertex -102.1733331091504 -8 64.41765714851933
    endloop
  endfacet
  facet normal 0.9951847266722015 0 0.09801714032951449
    outer loop
      vertex -102.23075093809108 0 64.70631606750489
      vertex -102.24518257728685 -8 64.85284295923218
      vertex -102.23075093809108 -8 64.70631606750489
    endloop
  endfacet
  facet normal 0.9994645874763648 0 0.03271908282179856
    outer loop
      vertex -102.24518257728685 0 64.85284295923218
      vertex -102.25 -8 65
      vertex -102.24518257728685 -8 64.85284295923218
    endloop
  endfacet
  facet normal 0.5280678506503382 0 0.8492021815265973
    outer loop
      vertex -101.125 0 63.05144284148501
      vertex -101.25003302429411 -8 63.12919337231927
      vertex -101.125 -8 63.05144284148501
    endloop
  endfacet
  facet normal 0.8128466845916488 0 0.5824776968677552
    outer loop
      vertex -101.78504501565529 0 63.63028678473038
      vertex -101.87080662768072 -8 63.749966975705895
      vertex -101.78504501565529 -8 63.63028678473038
    endloop
  endfacet
  facet normal 0.7730104533627264 0 0.6343932841636585
    outer loop
      vertex -101.6916395668277 0 63.51647191602485
      vertex -101.78504501565529 -8 63.63028678473038
      vertex -101.6916395668277 -8 63.51647191602485
    endloop
  endfacet
  facet normal 0.7298640726978222 0 0.6835923020228856
    outer loop
      vertex -101.59099025766973 0 63.40900974233027
      vertex -101.6916395668277 -8 63.51647191602485
      vertex -101.59099025766973 -8 63.40900974233027
    endloop
  endfacet
  facet normal 0.683592302022884 0 0.7298640726978237
    outer loop
      vertex -101.48352808397516 0 63.308360433172304
      vertex -101.59099025766973 -8 63.40900974233027
      vertex -101.48352808397516 -8 63.308360433172304
    endloop
  endfacet
  facet normal 0.6343932841636585 0 0.7730104533627264
    outer loop
      vertex -101.36971321526963 0 63.21495498434472
      vertex -101.48352808397516 -8 63.308360433172304
      vertex -101.36971321526963 -8 63.21495498434472
    endloop
  endfacet
  facet normal 0.5824776968678189 0 0.8128466845916031
    outer loop
      vertex -101.25003302429411 0 63.12919337231927
      vertex -101.36971321526963 -8 63.21495498434472
      vertex -101.25003302429411 -8 63.12919337231927
    endloop
  endfacet
  facet normal 0.47139673682602423 0 0.881921264348341
    outer loop
      vertex -100.99514955299276 0 62.98203633155145
      vertex -101.125 -8 63.05144284148501
      vertex -100.99514955299276 -8 62.98203633155145
    endloop
  endfacet
  facet normal 0.3522500479212447 0 0.9359059267573215
    outer loop
      vertex -100.72323879693211 0 62.86940720863601
      vertex -100.86103772282145 -8 62.92127105184961
      vertex -100.72323879693211 -8 62.86940720863601
    endloop
  endfacet
  facet normal 0.41270702980434504 0 0.9108638249211983
    outer loop
      vertex -100.86103772282145 0 62.92127105184961
      vertex -100.99514955299276 -8 62.98203633155145
      vertex -100.86103772282145 -8 62.92127105184961
    endloop
  endfacet
  facet normal 0.29028467725449086 0 0.9569403357322002
    outer loop
      vertex -100.58234285148067 0 62.826666890849594
      vertex -100.72323879693211 -8 62.86940720863601
      vertex -100.58234285148067 -8 62.826666890849594
    endloop
  endfacet
  facet normal 0.22707626303435144 0 0.9738769792773389
    outer loop
      vertex -100.43895322453629 0 62.79323311909273
      vertex -100.58234285148067 -8 62.826666890849594
      vertex -100.43895322453629 -8 62.79323311909273
    endloop
  endfacet
  facet normal 0.16289547339457053 0 0.9866433320848819
    outer loop
      vertex -100.29368393249511 0 62.76924906190893
      vertex -100.43895322453629 -8 62.79323311909273
      vertex -100.29368393249511 -8 62.76924906190893
    endloop
  endfacet
  facet normal 0.8492021815265623 0 0.5280678506503947
    outer loop
      vertex -101.87080662768072 0 63.749966975705895
      vertex -101.94855715851499 -8 63.875
      vertex -101.87080662768072 -8 63.749966975705895
    endloop
  endfacet
  facet normal 0.8819212643483608 0 0.47139673682598665
    outer loop
      vertex -101.94855715851499 0 63.875
      vertex -102.01796366844854 -8 64.00485044700724
      vertex -101.94855715851499 -8 63.875
    endloop
  endfacet
  facet normal 0.03271908282179856 0 0.9994645874763648
    outer loop
      vertex -100 0 62.75
      vertex -100.14715704076782 -8 62.754817422713145
      vertex -100 -8 62.75
    endloop
  endfacet
  facet normal -0.03271908282179856 0 0.9994645874763648
    outer loop
      vertex -99.85284295923218 0 62.754817422713145
      vertex -100 -8 62.75
      vertex -99.85284295923218 -8 62.754817422713145
    endloop
  endfacet
  facet normal 0.09801714032956228 0 0.9951847266721967
    outer loop
      vertex -100.14715704076782 0 62.754817422713145
      vertex -100.29368393249511 -8 62.76924906190893
      vertex -100.14715704076782 -8 62.754817422713145
    endloop
  endfacet
  facet normal -0.09801714032956228 0 0.9951847266721967
    outer loop
      vertex -99.70631606750489 0 62.76924906190893
      vertex -99.85284295923218 -8 62.754817422713145
      vertex -99.70631606750489 -8 62.76924906190893
    endloop
  endfacet
  facet normal -0.16289547339457053 0 0.9866433320848819
    outer loop
      vertex -99.56104677546371 0 62.79323311909273
      vertex -99.70631606750489 -8 62.76924906190893
      vertex -99.56104677546371 -8 62.79323311909273
    endloop
  endfacet
  facet normal -0.22707626303435144 0 0.9738769792773389
    outer loop
      vertex -99.41765714851933 0 62.826666890849594
      vertex -99.56104677546371 -8 62.79323311909273
      vertex -99.41765714851933 -8 62.826666890849594
    endloop
  endfacet
  facet normal -0.29028467725449086 0 0.9569403357322002
    outer loop
      vertex -99.27676120306789 0 62.86940720863601
      vertex -99.41765714851933 -8 62.826666890849594
      vertex -99.27676120306789 -8 62.86940720863601
    endloop
  endfacet
  facet normal -0.3522500479212447 0 0.9359059267573215
    outer loop
      vertex -99.13896227717855 0 62.92127105184961
      vertex -99.27676120306789 -8 62.86940720863601
      vertex -99.13896227717855 -8 62.92127105184961
    endloop
  endfacet
  facet normal -0.41270702980434504 0 0.9108638249211983
    outer loop
      vertex -99.00485044700724 0 62.98203633155145
      vertex -99.13896227717855 -8 62.92127105184961
      vertex -99.00485044700724 -8 62.98203633155145
    endloop
  endfacet
  facet normal -0.47139673682602423 0 0.881921264348341
    outer loop
      vertex -98.875 0 63.05144284148501
      vertex -99.00485044700724 -8 62.98203633155145
      vertex -98.875 -8 63.05144284148501
    endloop
  endfacet
  facet normal -0.5280678506503382 0 0.8492021815265973
    outer loop
      vertex -98.74996697570589 0 63.12919337231927
      vertex -98.875 -8 63.05144284148501
      vertex -98.74996697570589 -8 63.12919337231927
    endloop
  endfacet
  facet normal -0.5824776968678189 0 0.8128466845916031
    outer loop
      vertex -98.63028678473037 0 63.21495498434472
      vertex -98.74996697570589 -8 63.12919337231927
      vertex -98.63028678473037 -8 63.21495498434472
    endloop
  endfacet
  facet normal -0.6343932841636585 0 0.7730104533627264
    outer loop
      vertex -98.51647191602484 0 63.308360433172304
      vertex -98.63028678473037 -8 63.21495498434472
      vertex -98.51647191602484 -8 63.308360433172304
    endloop
  endfacet
  facet normal -0.683592302022884 0 0.7298640726978237
    outer loop
      vertex -98.40900974233027 0 63.40900974233027
      vertex -98.51647191602484 -8 63.308360433172304
      vertex -98.40900974233027 -8 63.40900974233027
    endloop
  endfacet
  facet normal -0.7298640726978222 0 0.6835923020228856
    outer loop
      vertex -98.3083604331723 0 63.51647191602485
      vertex -98.40900974233027 -8 63.40900974233027
      vertex -98.3083604331723 -8 63.51647191602485
    endloop
  endfacet
  facet normal -0.7730104533627264 0 0.6343932841636585
    outer loop
      vertex -98.21495498434471 0 63.63028678473038
      vertex -98.3083604331723 -8 63.51647191602485
      vertex -98.21495498434471 -8 63.63028678473038
    endloop
  endfacet
  facet normal -0.8128466845916488 0 0.5824776968677552
    outer loop
      vertex -98.12919337231928 0 63.749966975705895
      vertex -98.21495498434471 -8 63.63028678473038
      vertex -98.12919337231928 -8 63.749966975705895
    endloop
  endfacet
  facet normal -0.8492021815265623 0 0.5280678506503947
    outer loop
      vertex -98.05144284148501 0 63.875
      vertex -98.12919337231928 -8 63.749966975705895
      vertex -98.05144284148501 -8 63.875
    endloop
  endfacet
  facet normal -0.8819212643483608 0 0.47139673682598665
    outer loop
      vertex -97.98203633155146 0 64.00485044700724
      vertex -98.05144284148501 -8 63.875
      vertex -97.98203633155146 -8 64.00485044700724
    endloop
  endfacet
  facet normal -0.9108638249211621 0 0.41270702980442514
    outer loop
      vertex -97.9212710518496 0 64.13896227717855
      vertex -97.98203633155146 -8 64.00485044700724
      vertex -97.9212710518496 -8 64.13896227717855
    endloop
  endfacet
  facet normal -0.9359059267573215 0 0.3522500479212447
    outer loop
      vertex -97.869407208636 0 64.27676120306789
      vertex -97.9212710518496 -8 64.13896227717855
      vertex -97.869407208636 -8 64.27676120306789
    endloop
  endfacet
  facet normal -0.9569403357322137 0 0.29028467725444673
    outer loop
      vertex -97.8266668908496 0 64.41765714851933
      vertex -97.869407208636 -8 64.27676120306789
      vertex -97.8266668908496 -8 64.41765714851933
    endloop
  endfacet
  facet normal -0.9738769792773389 0 0.22707626303435144
    outer loop
      vertex -97.79323311909273 0 64.56104677546371
      vertex -97.8266668908496 -8 64.41765714851933
      vertex -97.79323311909273 -8 64.56104677546371
    endloop
  endfacet
  facet normal -0.9866433320848742 0 0.16289547339461752
    outer loop
      vertex -97.76924906190892 0 64.70631606750489
      vertex -97.79323311909273 -8 64.56104677546371
      vertex -97.76924906190892 -8 64.70631606750489
    endloop
  endfacet
  facet normal -0.9951847266722015 0 0.09801714032951449
    outer loop
      vertex -97.75481742271315 0 64.85284295923218
      vertex -97.76924906190892 -8 64.70631606750489
      vertex -97.75481742271315 -8 64.85284295923218
    endloop
  endfacet
  facet normal -0.9994645874763648 0 0.03271908282179856
    outer loop
      vertex -97.75 0 65
      vertex -97.75481742271315 -8 64.85284295923218
      vertex -97.75 -8 65
    endloop
  endfacet
  facet normal 0.8819212643483608 0 0.47139673682598665
    outer loop
      vertex -102.01796366844854 0 64.00485044700724
      vertex -102.01796366844854 -8 64.00485044700724
      vertex -101.94855715851499 0 63.875
    endloop
  endfacet
  facet normal 0.9108638249211621 0 0.41270702980442514
    outer loop
      vertex -102.0787289481504 0 64.13896227717855
      vertex -102.0787289481504 -8 64.13896227717855
      vertex -102.01796366844854 0 64.00485044700724
    endloop
  endfacet
  facet normal 0.9359059267573215 0 0.3522500479212447
    outer loop
      vertex -102.130592791364 0 64.27676120306789
      vertex -102.130592791364 -8 64.27676120306789
      vertex -102.0787289481504 0 64.13896227717855
    endloop
  endfacet
  facet normal 0.9738769792773389 0 0.22707626303435144
    outer loop
      vertex -102.20676688090727 0 64.56104677546371
      vertex -102.20676688090727 -8 64.56104677546371
      vertex -102.1733331091504 0 64.41765714851933
    endloop
  endfacet
  facet normal 0.9866433320848742 0 0.16289547339461752
    outer loop
      vertex -102.23075093809108 0 64.70631606750489
      vertex -102.23075093809108 -8 64.70631606750489
      vertex -102.20676688090727 0 64.56104677546371
    endloop
  endfacet
  facet normal 0.9569403357322137 0 0.29028467725444673
    outer loop
      vertex -102.1733331091504 0 64.41765714851933
      vertex -102.1733331091504 -8 64.41765714851933
      vertex -102.130592791364 0 64.27676120306789
    endloop
  endfacet
  facet normal 0.9951847266722015 0 0.09801714032951449
    outer loop
      vertex -102.24518257728685 0 64.85284295923218
      vertex -102.24518257728685 -8 64.85284295923218
      vertex -102.23075093809108 0 64.70631606750489
    endloop
  endfacet
  facet normal 0.9994645874763648 0 0.03271908282179856
    outer loop
      vertex -102.25 0 65
      vertex -102.25 -8 65
      vertex -102.24518257728685 0 64.85284295923218
    endloop
  endfacet
  facet normal 0.8128466845916488 0 0.5824776968677552
    outer loop
      vertex -101.87080662768072 0 63.749966975705895
      vertex -101.87080662768072 -8 63.749966975705895
      vertex -101.78504501565529 0 63.63028678473038
    endloop
  endfacet
  facet normal 0.7298640726978222 0 0.6835923020228856
    outer loop
      vertex -101.6916395668277 0 63.51647191602485
      vertex -101.6916395668277 -8 63.51647191602485
      vertex -101.59099025766973 0 63.40900974233027
    endloop
  endfacet
  facet normal 0.7730104533627264 0 0.6343932841636585
    outer loop
      vertex -101.78504501565529 0 63.63028678473038
      vertex -101.78504501565529 -8 63.63028678473038
      vertex -101.6916395668277 0 63.51647191602485
    endloop
  endfacet
  facet normal 0.683592302022884 -2.1823075034373866e-19 0.7298640726978237
    outer loop
      vertex -101.48352808397516 0 63.308360433172304
      vertex -101.59099025766973 0 63.40900974233027
      vertex -101.59099025766973 -8 63.40900974233027
    endloop
  endfacet
  facet normal 0.6343932841636585 5.79909014632326e-19 0.7730104533627264
    outer loop
      vertex -101.36971321526963 0 63.21495498434472
      vertex -101.48352808397516 0 63.308360433172304
      vertex -101.48352808397516 -8 63.308360433172304
    endloop
  endfacet
  facet normal 0.5280678506503382 -6.760672141677903e-19 0.8492021815265973
    outer loop
      vertex -101.125 0 63.05144284148501
      vertex -101.25003302429411 0 63.12919337231927
      vertex -101.25003302429411 -8 63.12919337231927
    endloop
  endfacet
  facet normal 0.5824776968678189 6.594850290786709e-19 0.8128466845916031
    outer loop
      vertex -101.25003302429411 0 63.12919337231927
      vertex -101.36971321526963 0 63.21495498434472
      vertex -101.36971321526963 -8 63.21495498434472
    endloop
  endfacet
  facet normal 0.47139673682602423 5.832282578705801e-21 0.881921264348341
    outer loop
      vertex -100.99514955299276 0 62.98203633155145
      vertex -101.125 0 63.05144284148501
      vertex -101.125 -8 63.05144284148501
    endloop
  endfacet
  facet normal 0.41270702980434504 -2.555680540009148e-19 0.9108638249211983
    outer loop
      vertex -100.86103772282145 0 62.92127105184961
      vertex -100.99514955299276 0 62.98203633155145
      vertex -100.99514955299276 -8 62.98203633155145
    endloop
  endfacet
  facet normal 0.3522500479212447 -1.12871083145536e-19 0.9359059267573215
    outer loop
      vertex -100.72323879693211 0 62.86940720863601
      vertex -100.86103772282145 0 62.92127105184961
      vertex -100.86103772282145 -8 62.92127105184961
    endloop
  endfacet
  facet normal 0.29028467725449086 -1.4147386879274194e-19 0.9569403357322002
    outer loop
      vertex -100.58234285148067 0 62.826666890849594
      vertex -100.72323879693211 0 62.86940720863601
      vertex -100.72323879693211 -8 62.86940720863601
    endloop
  endfacet
  facet normal 0.22707626303435144 -7.510293277444442e-20 0.9738769792773389
    outer loop
      vertex -100.43895322453629 0 62.79323311909273
      vertex -100.58234285148067 0 62.826666890849594
      vertex -100.58234285148067 -8 62.826666890849594
    endloop
  endfacet
  facet normal 0.16289547339457053 6.607431480318591e-20 0.9866433320848819
    outer loop
      vertex -100.29368393249511 0 62.76924906190893
      vertex -100.43895322453629 0 62.79323311909273
      vertex -100.43895322453629 -8 62.79323311909273
    endloop
  endfacet
  facet normal 0.8492021815265623 0 0.5280678506503947
    outer loop
      vertex -101.94855715851499 0 63.875
      vertex -101.94855715851499 -8 63.875
      vertex -101.87080662768072 0 63.749966975705895
    endloop
  endfacet
  facet normal 0.03271908282179856 -3.368817804412451e-20 0.9994645874763648
    outer loop
      vertex -100 0 62.75
      vertex -100.14715704076782 0 62.754817422713145
      vertex -100.14715704076782 -8 62.754817422713145
    endloop
  endfacet
  facet normal -0.03271908282179856 3.368817804412451e-20 0.9994645874763648
    outer loop
      vertex -99.85284295923218 0 62.754817422713145
      vertex -100 0 62.75
      vertex -100 -8 62.75
    endloop
  endfacet
  facet normal 0.09801714032956228 1.0679421091238673e-19 0.9951847266721967
    outer loop
      vertex -100.14715704076782 0 62.754817422713145
      vertex -100.29368393249511 0 62.76924906190893
      vertex -100.29368393249511 -8 62.76924906190893
    endloop
  endfacet
  facet normal -0.09801714032956228 -1.0679421091238673e-19 0.9951847266721967
    outer loop
      vertex -99.70631606750489 0 62.76924906190893
      vertex -99.85284295923218 0 62.754817422713145
      vertex -99.85284295923218 -8 62.754817422713145
    endloop
  endfacet
  facet normal -0.16289547339457053 -6.607431480318591e-20 0.9866433320848819
    outer loop
      vertex -99.56104677546371 0 62.79323311909273
      vertex -99.70631606750489 0 62.76924906190893
      vertex -99.70631606750489 -8 62.76924906190893
    endloop
  endfacet
  facet normal -0.22707626303435144 7.510293277444442e-20 0.9738769792773389
    outer loop
      vertex -99.41765714851933 0 62.826666890849594
      vertex -99.56104677546371 0 62.79323311909273
      vertex -99.56104677546371 -8 62.79323311909273
    endloop
  endfacet
  facet normal -0.29028467725449086 1.4147386879274194e-19 0.9569403357322002
    outer loop
      vertex -99.27676120306789 0 62.86940720863601
      vertex -99.41765714851933 0 62.826666890849594
      vertex -99.41765714851933 -8 62.826666890849594
    endloop
  endfacet
  facet normal -0.3522500479212447 1.12871083145536e-19 0.9359059267573215
    outer loop
      vertex -99.13896227717855 0 62.92127105184961
      vertex -99.27676120306789 0 62.86940720863601
      vertex -99.27676120306789 -8 62.86940720863601
    endloop
  endfacet
  facet normal -0.41270702980434504 2.555680540009148e-19 0.9108638249211983
    outer loop
      vertex -99.00485044700724 0 62.98203633155145
      vertex -99.13896227717855 0 62.92127105184961
      vertex -99.13896227717855 -8 62.92127105184961
    endloop
  endfacet
  facet normal -0.47139673682602423 -5.832282578705801e-21 0.881921264348341
    outer loop
      vertex -98.875 0 63.05144284148501
      vertex -99.00485044700724 0 62.98203633155145
      vertex -99.00485044700724 -8 62.98203633155145
    endloop
  endfacet
  facet normal -0.5280678506503382 6.760672141677903e-19 0.8492021815265973
    outer loop
      vertex -98.74996697570589 0 63.12919337231927
      vertex -98.875 0 63.05144284148501
      vertex -98.875 -8 63.05144284148501
    endloop
  endfacet
  facet normal -0.5824776968678189 -6.594850290786709e-19 0.8128466845916031
    outer loop
      vertex -98.63028678473037 0 63.21495498434472
      vertex -98.74996697570589 0 63.12919337231927
      vertex -98.74996697570589 -8 63.12919337231927
    endloop
  endfacet
  facet normal -0.6343932841636585 -5.79909014632326e-19 0.7730104533627264
    outer loop
      vertex -98.51647191602484 0 63.308360433172304
      vertex -98.63028678473037 0 63.21495498434472
      vertex -98.63028678473037 -8 63.21495498434472
    endloop
  endfacet
  facet normal -0.683592302022884 2.1823075034373866e-19 0.7298640726978237
    outer loop
      vertex -98.40900974233027 0 63.40900974233027
      vertex -98.51647191602484 0 63.308360433172304
      vertex -98.51647191602484 -8 63.308360433172304
    endloop
  endfacet
  facet normal -0.7298640726978222 0 0.6835923020228856
    outer loop
      vertex -98.40900974233027 0 63.40900974233027
      vertex -98.40900974233027 -8 63.40900974233027
      vertex -98.3083604331723 0 63.51647191602485
    endloop
  endfacet
  facet normal -0.7730104533627264 0 0.6343932841636585
    outer loop
      vertex -98.3083604331723 0 63.51647191602485
      vertex -98.3083604331723 -8 63.51647191602485
      vertex -98.21495498434471 0 63.63028678473038
    endloop
  endfacet
  facet normal -0.8128466845916488 0 0.5824776968677552
    outer loop
      vertex -98.21495498434471 0 63.63028678473038
      vertex -98.21495498434471 -8 63.63028678473038
      vertex -98.12919337231928 0 63.749966975705895
    endloop
  endfacet
  facet normal -0.8492021815265623 0 0.5280678506503947
    outer loop
      vertex -98.12919337231928 0 63.749966975705895
      vertex -98.12919337231928 -8 63.749966975705895
      vertex -98.05144284148501 0 63.875
    endloop
  endfacet
  facet normal -0.8819212643483608 0 0.47139673682598665
    outer loop
      vertex -98.05144284148501 0 63.875
      vertex -98.05144284148501 -8 63.875
      vertex -97.98203633155146 0 64.00485044700724
    endloop
  endfacet
  facet normal -0.9108638249211621 0 0.41270702980442514
    outer loop
      vertex -97.98203633155146 0 64.00485044700724
      vertex -97.98203633155146 -8 64.00485044700724
      vertex -97.9212710518496 0 64.13896227717855
    endloop
  endfacet
  facet normal -0.9359059267573215 0 0.3522500479212447
    outer loop
      vertex -97.9212710518496 0 64.13896227717855
      vertex -97.9212710518496 -8 64.13896227717855
      vertex -97.869407208636 0 64.27676120306789
    endloop
  endfacet
  facet normal -0.9569403357322137 0 0.29028467725444673
    outer loop
      vertex -97.869407208636 0 64.27676120306789
      vertex -97.869407208636 -8 64.27676120306789
      vertex -97.8266668908496 0 64.41765714851933
    endloop
  endfacet
  facet normal -0.9738769792773389 0 0.22707626303435144
    outer loop
      vertex -97.8266668908496 0 64.41765714851933
      vertex -97.8266668908496 -8 64.41765714851933
      vertex -97.79323311909273 0 64.56104677546371
    endloop
  endfacet
  facet normal -0.9866433320848742 0 0.16289547339461752
    outer loop
      vertex -97.79323311909273 0 64.56104677546371
      vertex -97.79323311909273 -8 64.56104677546371
      vertex -97.76924906190892 0 64.70631606750489
    endloop
  endfacet
  facet normal -0.9951847266722015 0 0.09801714032951449
    outer loop
      vertex -97.76924906190892 0 64.70631606750489
      vertex -97.76924906190892 -8 64.70631606750489
      vertex -97.75481742271315 0 64.85284295923218
    endloop
  endfacet
  facet normal -0.9994645874763648 0 0.03271908282179856
    outer loop
      vertex -97.75481742271315 0 64.85284295923218
      vertex -97.75481742271315 -8 64.85284295923218
      vertex -97.75 0 65
    endloop
  endfacet
  facet normal 0.9994645874763648 0 -0.03271908282179856
    outer loop
      vertex -102.25 0 65
      vertex -102.24518257728685 -8 65.14715704076782
      vertex -102.25 -8 65
    endloop
  endfacet
  facet normal 0.9951847266722015 0 -0.09801714032951449
    outer loop
      vertex -102.24518257728685 0 65.14715704076782
      vertex -102.23075093809108 -8 65.29368393249511
      vertex -102.24518257728685 -8 65.14715704076782
    endloop
  endfacet
  facet normal 0.9866433320848742 0 -0.16289547339461752
    outer loop
      vertex -102.23075093809108 0 65.29368393249511
      vertex -102.20676688090727 -8 65.43895322453629
      vertex -102.23075093809108 -8 65.29368393249511
    endloop
  endfacet
  facet normal 0.9738769792773389 0 -0.22707626303435144
    outer loop
      vertex -102.20676688090727 0 65.43895322453629
      vertex -102.1733331091504 -8 65.58234285148067
      vertex -102.20676688090727 -8 65.43895322453629
    endloop
  endfacet
  facet normal 0.9569403357322137 0 -0.29028467725444673
    outer loop
      vertex -102.1733331091504 0 65.58234285148067
      vertex -102.130592791364 -8 65.72323879693211
      vertex -102.1733331091504 -8 65.58234285148067
    endloop
  endfacet
  facet normal 0.9359059267573215 0 -0.3522500479212447
    outer loop
      vertex -102.130592791364 0 65.72323879693211
      vertex -102.0787289481504 -8 65.86103772282145
      vertex -102.130592791364 -8 65.72323879693211
    endloop
  endfacet
  facet normal 0.9108638249211621 0 -0.41270702980442514
    outer loop
      vertex -102.0787289481504 0 65.86103772282145
      vertex -102.01796366844854 -8 65.99514955299276
      vertex -102.0787289481504 -8 65.86103772282145
    endloop
  endfacet
  facet normal 0.8819212643483608 0 -0.47139673682598665
    outer loop
      vertex -102.01796366844854 0 65.99514955299276
      vertex -101.94855715851499 -8 66.125
      vertex -102.01796366844854 -8 65.99514955299276
    endloop
  endfacet
  facet normal 0.8492021815265757 0 -0.528067850650373
    outer loop
      vertex -101.94855715851499 0 66.125
      vertex -101.87080662768072 -8 66.25003302429411
      vertex -101.94855715851499 -8 66.125
    endloop
  endfacet
  facet normal 0.8128466845916488 0 -0.5824776968677552
    outer loop
      vertex -101.87080662768072 0 66.25003302429411
      vertex -101.78504501565529 -8 66.36971321526963
      vertex -101.87080662768072 -8 66.25003302429411
    endloop
  endfacet
  facet normal 0.7730104533627264 0 -0.6343932841636585
    outer loop
      vertex -101.78504501565529 0 66.36971321526963
      vertex -101.6916395668277 -8 66.48352808397516
      vertex -101.78504501565529 -8 66.36971321526963
    endloop
  endfacet
  facet normal 0.7298640726977996 0 -0.6835923020229097
    outer loop
      vertex -101.6916395668277 0 66.48352808397516
      vertex -101.59099025766973 -8 66.59099025766973
      vertex -101.6916395668277 -8 66.48352808397516
    endloop
  endfacet
  facet normal 0.6835923020229097 0 -0.7298640726977996
    outer loop
      vertex -101.59099025766973 -8 66.59099025766973
      vertex -101.59099025766973 0 66.59099025766973
      vertex -101.48352808397516 -8 66.6916395668277
    endloop
  endfacet
  facet normal 0.6343932841636585 0 -0.7730104533627264
    outer loop
      vertex -101.48352808397516 0 66.6916395668277
      vertex -101.36971321526963 -8 66.78504501565529
      vertex -101.48352808397516 -8 66.6916395668277
    endloop
  endfacet
  facet normal 0.5824776968677552 0 -0.8128466845916488
    outer loop
      vertex -101.36971321526963 0 66.78504501565529
      vertex -101.25003302429411 -8 66.87080662768072
      vertex -101.36971321526963 -8 66.78504501565529
    endloop
  endfacet
  facet normal 0.528067850650373 0 -0.8492021815265757
    outer loop
      vertex -101.25003302429411 0 66.87080662768072
      vertex -101.125 -8 66.94855715851499
      vertex -101.25003302429411 -8 66.87080662768072
    endloop
  endfacet
  facet normal 0.47139673682598665 0 -0.8819212643483608
    outer loop
      vertex -101.125 0 66.94855715851499
      vertex -100.99514955299276 -8 67.01796366844854
      vertex -101.125 -8 66.94855715851499
    endloop
  endfacet
  facet normal 0.41270702980442514 0 -0.9108638249211621
    outer loop
      vertex -100.99514955299276 0 67.01796366844854
      vertex -100.86103772282145 -8 67.0787289481504
      vertex -100.99514955299276 -8 67.01796366844854
    endloop
  endfacet
  facet normal 0.3522500479212447 0 -0.9359059267573215
    outer loop
      vertex -100.86103772282145 0 67.0787289481504
      vertex -100.72323879693211 -8 67.130592791364
      vertex -100.86103772282145 -8 67.0787289481504
    endloop
  endfacet
  facet normal 0.29028467725444673 0 -0.9569403357322137
    outer loop
      vertex -100.72323879693211 0 67.130592791364
      vertex -100.58234285148067 -8 67.1733331091504
      vertex -100.72323879693211 -8 67.130592791364
    endloop
  endfacet
  facet normal 0.22707626303435144 0 -0.9738769792773389
    outer loop
      vertex -100.58234285148067 0 67.1733331091504
      vertex -100.43895322453629 -8 67.20676688090727
      vertex -100.58234285148067 -8 67.1733331091504
    endloop
  endfacet
  facet normal 0.16289547339461752 0 -0.9866433320848742
    outer loop
      vertex -100.43895322453629 0 67.20676688090727
      vertex -100.29368393249511 -8 67.23075093809108
      vertex -100.43895322453629 -8 67.20676688090727
    endloop
  endfacet
  facet normal 0.09801714032951449 0 -0.9951847266722015
    outer loop
      vertex -100.29368393249511 0 67.23075093809108
      vertex -100.14715704076782 -8 67.24518257728685
      vertex -100.29368393249511 -8 67.23075093809108
    endloop
  endfacet
  facet normal 0.03271908282179856 0 -0.9994645874763648
    outer loop
      vertex -100.14715704076782 0 67.24518257728685
      vertex -100 -8 67.25
      vertex -100.14715704076782 -8 67.24518257728685
    endloop
  endfacet
  facet normal -0.03271908282179856 0 -0.9994645874763648
    outer loop
      vertex -100 0 67.25
      vertex -99.85284295923218 -8 67.24518257728685
      vertex -100 -8 67.25
    endloop
  endfacet
  facet normal -0.09801714032951449 0 -0.9951847266722015
    outer loop
      vertex -99.85284295923218 0 67.24518257728685
      vertex -99.70631606750489 -8 67.23075093809108
      vertex -99.85284295923218 -8 67.24518257728685
    endloop
  endfacet
  facet normal -0.16289547339461752 0 -0.9866433320848742
    outer loop
      vertex -99.70631606750489 0 67.23075093809108
      vertex -99.56104677546371 -8 67.20676688090727
      vertex -99.70631606750489 -8 67.23075093809108
    endloop
  endfacet
  facet normal -0.22707626303435144 0 -0.9738769792773389
    outer loop
      vertex -99.56104677546371 0 67.20676688090727
      vertex -99.41765714851933 -8 67.1733331091504
      vertex -99.56104677546371 -8 67.20676688090727
    endloop
  endfacet
  facet normal -0.5824776968677552 0 -0.8128466845916488
    outer loop
      vertex -98.74996697570589 0 66.87080662768072
      vertex -98.63028678473037 -8 66.78504501565529
      vertex -98.74996697570589 -8 66.87080662768072
    endloop
  endfacet
  facet normal -0.29028467725444673 0 -0.9569403357322137
    outer loop
      vertex -99.41765714851933 0 67.1733331091504
      vertex -99.27676120306789 -8 67.130592791364
      vertex -99.41765714851933 -8 67.1733331091504
    endloop
  endfacet
  facet normal -0.41270702980442514 0 -0.9108638249211621
    outer loop
      vertex -99.13896227717855 0 67.0787289481504
      vertex -99.00485044700724 -8 67.01796366844854
      vertex -99.13896227717855 -8 67.0787289481504
    endloop
  endfacet
  facet normal -0.3522500479212447 0 -0.9359059267573215
    outer loop
      vertex -99.27676120306789 0 67.130592791364
      vertex -99.13896227717855 -8 67.0787289481504
      vertex -99.27676120306789 -8 67.130592791364
    endloop
  endfacet
  facet normal -0.47139673682598665 0 -0.8819212643483608
    outer loop
      vertex -99.00485044700724 0 67.01796366844854
      vertex -98.875 -8 66.94855715851499
      vertex -99.00485044700724 -8 67.01796366844854
    endloop
  endfacet
  facet normal -0.528067850650373 0 -0.8492021815265757
    outer loop
      vertex -98.875 0 66.94855715851499
      vertex -98.74996697570589 -8 66.87080662768072
      vertex -98.875 -8 66.94855715851499
    endloop
  endfacet
  facet normal -0.9738769792773389 0 -0.22707626303435144
    outer loop
      vertex -97.8266668908496 0 65.58234285148067
      vertex -97.79323311909273 -8 65.43895322453629
      vertex -97.8266668908496 -8 65.58234285148067
    endloop
  endfacet
  facet normal -0.9569403357322137 0 -0.29028467725444673
    outer loop
      vertex -97.869407208636 0 65.72323879693211
      vertex -97.8266668908496 -8 65.58234285148067
      vertex -97.869407208636 -8 65.72323879693211
    endloop
  endfacet
  facet normal -0.9359059267573215 0 -0.3522500479212447
    outer loop
      vertex -97.9212710518496 0 65.86103772282145
      vertex -97.869407208636 -8 65.72323879693211
      vertex -97.9212710518496 -8 65.86103772282145
    endloop
  endfacet
  facet normal -0.9108638249211621 0 -0.41270702980442514
    outer loop
      vertex -97.98203633155146 0 65.99514955299276
      vertex -97.9212710518496 -8 65.86103772282145
      vertex -97.98203633155146 -8 65.99514955299276
    endloop
  endfacet
  facet normal -0.8819212643483608 0 -0.47139673682598665
    outer loop
      vertex -98.05144284148501 0 66.125
      vertex -97.98203633155146 -8 65.99514955299276
      vertex -98.05144284148501 -8 66.125
    endloop
  endfacet
  facet normal -0.8492021815265757 0 -0.528067850650373
    outer loop
      vertex -98.12919337231928 0 66.25003302429411
      vertex -98.05144284148501 -8 66.125
      vertex -98.12919337231928 -8 66.25003302429411
    endloop
  endfacet
  facet normal -0.9994645874763648 0 -0.03271908282179856
    outer loop
      vertex -97.75481742271315 0 65.14715704076782
      vertex -97.75 -8 65
      vertex -97.75481742271315 -8 65.14715704076782
    endloop
  endfacet
  facet normal -0.9951847266722015 0 -0.09801714032951449
    outer loop
      vertex -97.76924906190892 0 65.29368393249511
      vertex -97.75481742271315 -8 65.14715704076782
      vertex -97.76924906190892 -8 65.29368393249511
    endloop
  endfacet
  facet normal -0.9866433320848742 0 -0.16289547339461752
    outer loop
      vertex -97.79323311909273 0 65.43895322453629
      vertex -97.76924906190892 -8 65.29368393249511
      vertex -97.79323311909273 -8 65.43895322453629
    endloop
  endfacet
  facet normal -0.7730104533627264 0 -0.6343932841636585
    outer loop
      vertex -98.3083604331723 0 66.48352808397516
      vertex -98.21495498434471 -8 66.36971321526963
      vertex -98.3083604331723 -8 66.48352808397516
    endloop
  endfacet
  facet normal -0.7298640726977996 -4.613266087420711e-19 -0.6835923020229097
    outer loop
      vertex -98.3083604331723 -8 66.48352808397516
      vertex -98.40900974233027 -8 66.59099025766973
      vertex -98.40900974233027 0 66.59099025766973
    endloop
  endfacet
  facet normal -0.6835923020229097 0 -0.7298640726977996
    outer loop
      vertex -98.51647191602484 0 66.6916395668277
      vertex -98.40900974233027 -8 66.59099025766973
      vertex -98.51647191602484 -8 66.6916395668277
    endloop
  endfacet
  facet normal -0.6343932841636585 0 -0.7730104533627264
    outer loop
      vertex -98.63028678473037 0 66.78504501565529
      vertex -98.51647191602484 -8 66.6916395668277
      vertex -98.63028678473037 -8 66.78504501565529
    endloop
  endfacet
  facet normal -0.8128466845916488 0 -0.5824776968677552
    outer loop
      vertex -98.21495498434471 0 66.36971321526963
      vertex -98.12919337231928 -8 66.25003302429411
      vertex -98.21495498434471 -8 66.36971321526963
    endloop
  endfacet
  facet normal 0.9994645874763648 0 -0.03271908282179856
    outer loop
      vertex -102.24518257728685 0 65.14715704076782
      vertex -102.24518257728685 -8 65.14715704076782
      vertex -102.25 0 65
    endloop
  endfacet
  facet normal 0.9951847266722015 0 -0.09801714032951449
    outer loop
      vertex -102.23075093809108 0 65.29368393249511
      vertex -102.23075093809108 -8 65.29368393249511
      vertex -102.24518257728685 0 65.14715704076782
    endloop
  endfacet
  facet normal 0.9866433320848742 0 -0.16289547339461752
    outer loop
      vertex -102.20676688090727 0 65.43895322453629
      vertex -102.20676688090727 -8 65.43895322453629
      vertex -102.23075093809108 0 65.29368393249511
    endloop
  endfacet
  facet normal 0.9738769792773389 0 -0.22707626303435144
    outer loop
      vertex -102.1733331091504 0 65.58234285148067
      vertex -102.1733331091504 -8 65.58234285148067
      vertex -102.20676688090727 0 65.43895322453629
    endloop
  endfacet
  facet normal 0.9569403357322137 0 -0.29028467725444673
    outer loop
      vertex -102.130592791364 0 65.72323879693211
      vertex -102.130592791364 -8 65.72323879693211
      vertex -102.1733331091504 0 65.58234285148067
    endloop
  endfacet
  facet normal 0.9359059267573215 0 -0.3522500479212447
    outer loop
      vertex -102.0787289481504 0 65.86103772282145
      vertex -102.0787289481504 -8 65.86103772282145
      vertex -102.130592791364 0 65.72323879693211
    endloop
  endfacet
  facet normal 0.9108638249211621 0 -0.41270702980442514
    outer loop
      vertex -102.01796366844854 0 65.99514955299276
      vertex -102.01796366844854 -8 65.99514955299276
      vertex -102.0787289481504 0 65.86103772282145
    endloop
  endfacet
  facet normal 0.8819212643483608 0 -0.47139673682598665
    outer loop
      vertex -101.94855715851499 0 66.125
      vertex -101.94855715851499 -8 66.125
      vertex -102.01796366844854 0 65.99514955299276
    endloop
  endfacet
  facet normal 0.8492021815265757 0 -0.528067850650373
    outer loop
      vertex -101.87080662768072 0 66.25003302429411
      vertex -101.87080662768072 -8 66.25003302429411
      vertex -101.94855715851499 0 66.125
    endloop
  endfacet
  facet normal 0.8128466845916488 0 -0.5824776968677552
    outer loop
      vertex -101.78504501565529 0 66.36971321526963
      vertex -101.78504501565529 -8 66.36971321526963
      vertex -101.87080662768072 0 66.25003302429411
    endloop
  endfacet
  facet normal 0.7730104533627264 0 -0.6343932841636585
    outer loop
      vertex -101.6916395668277 0 66.48352808397516
      vertex -101.6916395668277 -8 66.48352808397516
      vertex -101.78504501565529 0 66.36971321526963
    endloop
  endfacet
  facet normal 0.7298640726977996 0 -0.6835923020229097
    outer loop
      vertex -101.59099025766973 0 66.59099025766973
      vertex -101.59099025766973 -8 66.59099025766973
      vertex -101.6916395668277 0 66.48352808397516
    endloop
  endfacet
  facet normal 0.6835923020229097 4.613266087420711e-19 -0.7298640726977996
    outer loop
      vertex -101.59099025766973 0 66.59099025766973
      vertex -101.48352808397516 0 66.6916395668277
      vertex -101.48352808397516 -8 66.6916395668277
    endloop
  endfacet
  facet normal 0.6343932841636585 -5.79909014632326e-19 -0.7730104533627264
    outer loop
      vertex -101.48352808397516 0 66.6916395668277
      vertex -101.36971321526963 0 66.78504501565529
      vertex -101.36971321526963 -8 66.78504501565529
    endloop
  endfacet
  facet normal 0.5824776968677552 1.9452194128343057e-19 -0.8128466845916488
    outer loop
      vertex -101.36971321526963 0 66.78504501565529
      vertex -101.25003302429411 0 66.87080662768072
      vertex -101.25003302429411 -8 66.87080662768072
    endloop
  endfacet
  facet normal 0.528067850650373 -5.97460532197334e-19 -0.8492021815265757
    outer loop
      vertex -101.25003302429411 0 66.87080662768072
      vertex -101.125 0 66.94855715851499
      vertex -101.125 -8 66.94855715851499
    endloop
  endfacet
  facet normal 0.47139673682598665 1.8940772030208544e-19 -0.8819212643483608
    outer loop
      vertex -101.125 0 66.94855715851499
      vertex -100.99514955299276 0 67.01796366844854
      vertex -100.99514955299276 -8 67.01796366844854
    endloop
  endfacet
  facet normal 0.41270702980442514 -2.6856198044171373e-19 -0.9108638249211621
    outer loop
      vertex -100.99514955299276 0 67.01796366844854
      vertex -100.86103772282145 0 67.0787289481504
      vertex -100.86103772282145 -8 67.0787289481504
    endloop
  endfacet
  facet normal 0.3522500479212447 1.12871083145536e-19 -0.9359059267573215
    outer loop
      vertex -100.86103772282145 0 67.0787289481504
      vertex -100.72323879693211 0 67.130592791364
      vertex -100.72323879693211 -8 67.130592791364
    endloop
  endfacet
  facet normal 0.29028467725444673 -2.0222244698249296e-20 -0.9569403357322137
    outer loop
      vertex -100.72323879693211 0 67.130592791364
      vertex -100.58234285148067 0 67.1733331091504
      vertex -100.58234285148067 -8 67.1733331091504
    endloop
  endfacet
  facet normal 0.22707626303435144 7.510293277444442e-20 -0.9738769792773389
    outer loop
      vertex -100.58234285148067 0 67.1733331091504
      vertex -100.43895322453629 0 67.20676688090727
      vertex -100.43895322453629 -8 67.20676688090727
    endloop
  endfacet
  facet normal 0.16289547339461752 -3.21715014278784e-20 -0.9866433320848742
    outer loop
      vertex -100.43895322453629 0 67.20676688090727
      vertex -100.29368393249511 0 67.23075093809108
      vertex -100.29368393249511 -8 67.23075093809108
    endloop
  endfacet
  facet normal 0.09801714032951449 4.915446977991466e-21 -0.9951847266722015
    outer loop
      vertex -100.29368393249511 0 67.23075093809108
      vertex -100.14715704076782 0 67.24518257728685
      vertex -100.14715704076782 -8 67.24518257728685
    endloop
  endfacet
  facet normal 0.03271908282179856 3.368817804412451e-20 -0.9994645874763648
    outer loop
      vertex -100.14715704076782 0 67.24518257728685
      vertex -100 0 67.25
      vertex -100 -8 67.25
    endloop
  endfacet
  facet normal -0.03271908282179856 -3.368817804412451e-20 -0.9994645874763648
    outer loop
      vertex -100 0 67.25
      vertex -99.85284295923218 0 67.24518257728685
      vertex -99.85284295923218 -8 67.24518257728685
    endloop
  endfacet
  facet normal -0.09801714032951449 -4.915446977991466e-21 -0.9951847266722015
    outer loop
      vertex -99.85284295923218 0 67.24518257728685
      vertex -99.70631606750489 0 67.23075093809108
      vertex -99.70631606750489 -8 67.23075093809108
    endloop
  endfacet
  facet normal -0.16289547339461752 3.21715014278784e-20 -0.9866433320848742
    outer loop
      vertex -99.70631606750489 0 67.23075093809108
      vertex -99.56104677546371 0 67.20676688090727
      vertex -99.56104677546371 -8 67.20676688090727
    endloop
  endfacet
  facet normal -0.5824776968677552 -1.9452194128343057e-19 -0.8128466845916488
    outer loop
      vertex -98.74996697570589 0 66.87080662768072
      vertex -98.63028678473037 0 66.78504501565529
      vertex -98.63028678473037 -8 66.78504501565529
    endloop
  endfacet
  facet normal -0.528067850650373 5.97460532197334e-19 -0.8492021815265757
    outer loop
      vertex -98.875 0 66.94855715851499
      vertex -98.74996697570589 0 66.87080662768072
      vertex -98.74996697570589 -8 66.87080662768072
    endloop
  endfacet
  facet normal -0.22707626303435144 -7.510293277444442e-20 -0.9738769792773389
    outer loop
      vertex -99.56104677546371 0 67.20676688090727
      vertex -99.41765714851933 0 67.1733331091504
      vertex -99.41765714851933 -8 67.1733331091504
    endloop
  endfacet
  facet normal -0.29028467725444673 2.0222244698249296e-20 -0.9569403357322137
    outer loop
      vertex -99.41765714851933 0 67.1733331091504
      vertex -99.27676120306789 0 67.130592791364
      vertex -99.27676120306789 -8 67.130592791364
    endloop
  endfacet
  facet normal -0.3522500479212447 -1.12871083145536e-19 -0.9359059267573215
    outer loop
      vertex -99.27676120306789 0 67.130592791364
      vertex -99.13896227717855 0 67.0787289481504
      vertex -99.13896227717855 -8 67.0787289481504
    endloop
  endfacet
  facet normal -0.47139673682598665 -1.8940772030208544e-19 -0.8819212643483608
    outer loop
      vertex -99.00485044700724 0 67.01796366844854
      vertex -98.875 0 66.94855715851499
      vertex -98.875 -8 66.94855715851499
    endloop
  endfacet
  facet normal -0.41270702980442514 2.6856198044171373e-19 -0.9108638249211621
    outer loop
      vertex -99.13896227717855 0 67.0787289481504
      vertex -99.00485044700724 0 67.01796366844854
      vertex -99.00485044700724 -8 67.01796366844854
    endloop
  endfacet
  facet normal -0.9569403357322137 0 -0.29028467725444673
    outer loop
      vertex -97.8266668908496 0 65.58234285148067
      vertex -97.8266668908496 -8 65.58234285148067
      vertex -97.869407208636 0 65.72323879693211
    endloop
  endfacet
  facet normal -0.9359059267573215 0 -0.3522500479212447
    outer loop
      vertex -97.869407208636 0 65.72323879693211
      vertex -97.869407208636 -8 65.72323879693211
      vertex -97.9212710518496 0 65.86103772282145
    endloop
  endfacet
  facet normal -0.9108638249211621 0 -0.41270702980442514
    outer loop
      vertex -97.9212710518496 0 65.86103772282145
      vertex -97.9212710518496 -8 65.86103772282145
      vertex -97.98203633155146 0 65.99514955299276
    endloop
  endfacet
  facet normal -0.8492021815265757 0 -0.528067850650373
    outer loop
      vertex -98.05144284148501 0 66.125
      vertex -98.05144284148501 -8 66.125
      vertex -98.12919337231928 0 66.25003302429411
    endloop
  endfacet
  facet normal -0.8819212643483608 0 -0.47139673682598665
    outer loop
      vertex -97.98203633155146 0 65.99514955299276
      vertex -97.98203633155146 -8 65.99514955299276
      vertex -98.05144284148501 0 66.125
    endloop
  endfacet
  facet normal -0.9994645874763648 0 -0.03271908282179856
    outer loop
      vertex -97.75 0 65
      vertex -97.75 -8 65
      vertex -97.75481742271315 0 65.14715704076782
    endloop
  endfacet
  facet normal -0.9951847266722015 0 -0.09801714032951449
    outer loop
      vertex -97.75481742271315 0 65.14715704076782
      vertex -97.75481742271315 -8 65.14715704076782
      vertex -97.76924906190892 0 65.29368393249511
    endloop
  endfacet
  facet normal -0.9866433320848742 0 -0.16289547339461752
    outer loop
      vertex -97.76924906190892 0 65.29368393249511
      vertex -97.76924906190892 -8 65.29368393249511
      vertex -97.79323311909273 0 65.43895322453629
    endloop
  endfacet
  facet normal -0.9738769792773389 0 -0.22707626303435144
    outer loop
      vertex -97.79323311909273 0 65.43895322453629
      vertex -97.79323311909273 -8 65.43895322453629
      vertex -97.8266668908496 0 65.58234285148067
    endloop
  endfacet
  facet normal -0.7730104533627264 0 -0.6343932841636585
    outer loop
      vertex -98.21495498434471 0 66.36971321526963
      vertex -98.21495498434471 -8 66.36971321526963
      vertex -98.3083604331723 0 66.48352808397516
    endloop
  endfacet
  facet normal -0.7298640726977996 0 -0.6835923020229097
    outer loop
      vertex -98.3083604331723 0 66.48352808397516
      vertex -98.3083604331723 -8 66.48352808397516
      vertex -98.40900974233027 0 66.59099025766973
    endloop
  endfacet
  facet normal -0.6343932841636585 5.79909014632326e-19 -0.7730104533627264
    outer loop
      vertex -98.63028678473037 0 66.78504501565529
      vertex -98.51647191602484 0 66.6916395668277
      vertex -98.51647191602484 -8 66.6916395668277
    endloop
  endfacet
  facet normal -0.6835923020229097 -4.613266087420711e-19 -0.7298640726977996
    outer loop
      vertex -98.51647191602484 0 66.6916395668277
      vertex -98.40900974233027 0 66.59099025766973
      vertex -98.40900974233027 -8 66.59099025766973
    endloop
  endfacet
  facet normal -0.8128466845916488 0 -0.5824776968677552
    outer loop
      vertex -98.12919337231928 0 66.25003302429411
      vertex -98.12919337231928 -8 66.25003302429411
      vertex -98.21495498434471 0 66.36971321526963
    endloop
  endfacet
  facet normal 0.6343932841636585 0 0.7730104533627264
    outer loop
      vertex -101.36971321526963 0 121.21495498434471
      vertex -101.48352808397516 -8 121.3083604331723
      vertex -101.36971321526963 -8 121.21495498434471
    endloop
  endfacet
  facet normal 0.6835923020229097 0 0.7298640726977996
    outer loop
      vertex -101.48352808397516 0 121.3083604331723
      vertex -101.59099025766973 -8 121.40900974233027
      vertex -101.48352808397516 -8 121.3083604331723
    endloop
  endfacet
  facet normal 0.528067850650373 0 0.8492021815265757
    outer loop
      vertex -101.125 0 121.05144284148501
      vertex -101.25003302429411 -8 121.12919337231928
      vertex -101.125 -8 121.05144284148501
    endloop
  endfacet
  facet normal 0.5824776968677552 0 0.8128466845916488
    outer loop
      vertex -101.25003302429411 0 121.12919337231928
      vertex -101.36971321526963 -8 121.21495498434471
      vertex -101.25003302429411 -8 121.12919337231928
    endloop
  endfacet
  facet normal 0.47139673682598665 0 0.8819212643483608
    outer loop
      vertex -100.99514955299276 0 120.98203633155146
      vertex -101.125 -8 121.05144284148501
      vertex -100.99514955299276 -8 120.98203633155146
    endloop
  endfacet
  facet normal 0.3522500479212447 0 0.9359059267573215
    outer loop
      vertex -100.72323879693211 0 120.869407208636
      vertex -100.86103772282145 -8 120.9212710518496
      vertex -100.72323879693211 -8 120.869407208636
    endloop
  endfacet
  facet normal 0.41270702980442514 0 0.9108638249211621
    outer loop
      vertex -100.86103772282145 0 120.9212710518496
      vertex -100.99514955299276 -8 120.98203633155146
      vertex -100.86103772282145 -8 120.9212710518496
    endloop
  endfacet
  facet normal 0.29028467725444673 0 0.9569403357322137
    outer loop
      vertex -100.58234285148067 0 120.8266668908496
      vertex -100.72323879693211 -8 120.869407208636
      vertex -100.58234285148067 -8 120.8266668908496
    endloop
  endfacet
  facet normal 0.22707626303435144 0 0.9738769792773389
    outer loop
      vertex -100.43895322453629 0 120.79323311909273
      vertex -100.58234285148067 -8 120.8266668908496
      vertex -100.43895322453629 -8 120.79323311909273
    endloop
  endfacet
  facet normal 0.16289547339461752 0 0.9866433320848742
    outer loop
      vertex -100.29368393249511 0 120.76924906190892
      vertex -100.43895322453629 -8 120.79323311909273
      vertex -100.29368393249511 -8 120.76924906190892
    endloop
  endfacet
  facet normal 0.9108638249211621 0 0.41270702980442514
    outer loop
      vertex -102.01796366844854 0 122.00485044700724
      vertex -102.0787289481504 -8 122.13896227717855
      vertex -102.01796366844854 -8 122.00485044700724
    endloop
  endfacet
  facet normal 0.9359059267573215 0 0.3522500479212447
    outer loop
      vertex -102.0787289481504 0 122.13896227717855
      vertex -102.130592791364 -8 122.27676120306789
      vertex -102.0787289481504 -8 122.13896227717855
    endloop
  endfacet
  facet normal 0.9569403357322137 0 0.29028467725444673
    outer loop
      vertex -102.130592791364 0 122.27676120306789
      vertex -102.1733331091504 -8 122.41765714851933
      vertex -102.130592791364 -8 122.27676120306789
    endloop
  endfacet
  facet normal 0.9866433320848742 0 0.16289547339461752
    outer loop
      vertex -102.20676688090727 0 122.56104677546371
      vertex -102.23075093809108 -8 122.70631606750489
      vertex -102.20676688090727 -8 122.56104677546371
    endloop
  endfacet
  facet normal 0.9738769792773389 0 0.22707626303435144
    outer loop
      vertex -102.1733331091504 0 122.41765714851933
      vertex -102.20676688090727 -8 122.56104677546371
      vertex -102.1733331091504 -8 122.41765714851933
    endloop
  endfacet
  facet normal 0.9951847266722015 0 0.09801714032951449
    outer loop
      vertex -102.23075093809108 0 122.70631606750489
      vertex -102.24518257728685 -8 122.85284295923218
      vertex -102.23075093809108 -8 122.70631606750489
    endloop
  endfacet
  facet normal 0.9994645874763648 0 0.03271908282179856
    outer loop
      vertex -102.24518257728685 0 122.85284295923218
      vertex -102.25 -8 123
      vertex -102.24518257728685 -8 122.85284295923218
    endloop
  endfacet
  facet normal 0.9994645874763648 0 -0.03271908282179856
    outer loop
      vertex -102.25 0 123
      vertex -102.24518257728685 -8 123.14715704076782
      vertex -102.25 -8 123
    endloop
  endfacet
  facet normal 0.9951847266722015 0 -0.09801714032951449
    outer loop
      vertex -102.24518257728685 0 123.14715704076782
      vertex -102.23075093809108 -8 123.29368393249511
      vertex -102.24518257728685 -8 123.14715704076782
    endloop
  endfacet
  facet normal 0.9866433320848742 0 -0.16289547339461752
    outer loop
      vertex -102.23075093809108 0 123.29368393249511
      vertex -102.20676688090727 -8 123.43895322453629
      vertex -102.23075093809108 -8 123.29368393249511
    endloop
  endfacet
  facet normal 0.9738769792773389 0 -0.22707626303435144
    outer loop
      vertex -102.20676688090727 0 123.43895322453629
      vertex -102.1733331091504 -8 123.58234285148067
      vertex -102.20676688090727 -8 123.43895322453629
    endloop
  endfacet
  facet normal 0.9569403357322137 0 -0.29028467725444673
    outer loop
      vertex -102.1733331091504 0 123.58234285148067
      vertex -102.130592791364 -8 123.72323879693211
      vertex -102.1733331091504 -8 123.58234285148067
    endloop
  endfacet
  facet normal 0.9359059267573215 0 -0.3522500479212447
    outer loop
      vertex -102.130592791364 0 123.72323879693211
      vertex -102.0787289481504 -8 123.86103772282145
      vertex -102.130592791364 -8 123.72323879693211
    endloop
  endfacet
  facet normal 0.9108638249211621 0 -0.41270702980442514
    outer loop
      vertex -102.0787289481504 0 123.86103772282145
      vertex -102.01796366844854 -8 123.99514955299276
      vertex -102.0787289481504 -8 123.86103772282145
    endloop
  endfacet
  facet normal 0.8128466845916488 0 0.5824776968677552
    outer loop
      vertex -101.78504501565529 0 121.63028678473037
      vertex -101.87080662768072 -8 121.74996697570589
      vertex -101.78504501565529 -8 121.63028678473037
    endloop
  endfacet
  facet normal 0.7298640726977996 -4.613266087420711e-19 0.6835923020229097
    outer loop
      vertex -101.6916395668277 -8 121.51647191602484
      vertex -101.59099025766973 -8 121.40900974233027
      vertex -101.59099025766973 0 121.40900974233027
    endloop
  endfacet
  facet normal 0.7730104533627264 0 0.6343932841636585
    outer loop
      vertex -101.6916395668277 0 121.51647191602484
      vertex -101.78504501565529 -8 121.63028678473037
      vertex -101.6916395668277 -8 121.51647191602484
    endloop
  endfacet
  facet normal 0.8492021815265757 0 0.528067850650373
    outer loop
      vertex -101.87080662768072 0 121.74996697570589
      vertex -101.94855715851499 -8 121.875
      vertex -101.87080662768072 -8 121.74996697570589
    endloop
  endfacet
  facet normal 0.8819212643483608 0 0.47139673682598665
    outer loop
      vertex -101.94855715851499 0 121.875
      vertex -102.01796366844854 -8 122.00485044700724
      vertex -101.94855715851499 -8 121.875
    endloop
  endfacet
  facet normal 0.8819212643483608 0 -0.47139673682598665
    outer loop
      vertex -102.01796366844854 0 123.99514955299276
      vertex -101.94855715851499 -8 124.125
      vertex -102.01796366844854 -8 123.99514955299276
    endloop
  endfacet
  facet normal 0.8492021815265757 0 -0.528067850650373
    outer loop
      vertex -101.94855715851499 0 124.125
      vertex -101.87080662768072 -8 124.25003302429411
      vertex -101.94855715851499 -8 124.125
    endloop
  endfacet
  facet normal 0.8128466845916488 0 -0.5824776968677552
    outer loop
      vertex -101.87080662768072 0 124.25003302429411
      vertex -101.78504501565529 -8 124.36971321526963
      vertex -101.87080662768072 -8 124.25003302429411
    endloop
  endfacet
  facet normal 0.7730104533627264 0 -0.6343932841636585
    outer loop
      vertex -101.78504501565529 0 124.36971321526963
      vertex -101.6916395668277 -8 124.48352808397516
      vertex -101.78504501565529 -8 124.36971321526963
    endloop
  endfacet
  facet normal 0.7298640726977996 0 -0.6835923020229097
    outer loop
      vertex -101.6916395668277 0 124.48352808397516
      vertex -101.59099025766973 -8 124.59099025766973
      vertex -101.6916395668277 -8 124.48352808397516
    endloop
  endfacet
  facet normal 0.6835923020229097 0 -0.7298640726977996
    outer loop
      vertex -101.59099025766973 -8 124.59099025766973
      vertex -101.59099025766973 0 124.59099025766973
      vertex -101.48352808397516 -8 124.6916395668277
    endloop
  endfacet
  facet normal 0.6343932841636585 0 -0.7730104533627264
    outer loop
      vertex -101.48352808397516 0 124.6916395668277
      vertex -101.36971321526963 -8 124.78504501565529
      vertex -101.48352808397516 -8 124.6916395668277
    endloop
  endfacet
  facet normal 0.5824776968677552 0 -0.8128466845916488
    outer loop
      vertex -101.36971321526963 0 124.78504501565529
      vertex -101.25003302429411 -8 124.87080662768072
      vertex -101.36971321526963 -8 124.78504501565529
    endloop
  endfacet
  facet normal 0.528067850650373 0 -0.8492021815265757
    outer loop
      vertex -101.25003302429411 0 124.87080662768072
      vertex -101.125 -8 124.94855715851499
      vertex -101.25003302429411 -8 124.87080662768072
    endloop
  endfacet
  facet normal 0.47139673682598665 0 -0.8819212643483608
    outer loop
      vertex -101.125 0 124.94855715851499
      vertex -100.99514955299276 -8 125.01796366844854
      vertex -101.125 -8 124.94855715851499
    endloop
  endfacet
  facet normal 0.41270702980442514 0 -0.9108638249211621
    outer loop
      vertex -100.99514955299276 0 125.01796366844854
      vertex -100.86103772282145 -8 125.0787289481504
      vertex -100.99514955299276 -8 125.01796366844854
    endloop
  endfacet
  facet normal 0.3522500479212447 0 -0.9359059267573215
    outer loop
      vertex -100.86103772282145 0 125.0787289481504
      vertex -100.72323879693211 -8 125.130592791364
      vertex -100.86103772282145 -8 125.0787289481504
    endloop
  endfacet
  facet normal 0.29028467725444673 0 -0.9569403357322137
    outer loop
      vertex -100.72323879693211 0 125.130592791364
      vertex -100.58234285148067 -8 125.1733331091504
      vertex -100.72323879693211 -8 125.130592791364
    endloop
  endfacet
  facet normal 0.22707626303435144 0 -0.9738769792773389
    outer loop
      vertex -100.58234285148067 0 125.1733331091504
      vertex -100.43895322453629 -8 125.20676688090727
      vertex -100.58234285148067 -8 125.1733331091504
    endloop
  endfacet
  facet normal 0.16289547339461752 0 -0.9866433320848742
    outer loop
      vertex -100.43895322453629 0 125.20676688090727
      vertex -100.29368393249511 -8 125.23075093809108
      vertex -100.43895322453629 -8 125.20676688090727
    endloop
  endfacet
  facet normal 0.09801714032951449 0 0.9951847266722015
    outer loop
      vertex -100.14715704076782 0 120.75481742271315
      vertex -100.29368393249511 -8 120.76924906190892
      vertex -100.14715704076782 -8 120.75481742271315
    endloop
  endfacet
  facet normal 0.03271908282179856 0 0.9994645874763648
    outer loop
      vertex -100 0 120.75
      vertex -100.14715704076782 -8 120.75481742271315
      vertex -100 -8 120.75
    endloop
  endfacet
  facet normal -0.03271908282179856 0 0.9994645874763648
    outer loop
      vertex -99.85284295923218 0 120.75481742271315
      vertex -100 -8 120.75
      vertex -99.85284295923218 -8 120.75481742271315
    endloop
  endfacet
  facet normal -0.09801714032951449 0 0.9951847266722015
    outer loop
      vertex -99.70631606750489 0 120.76924906190892
      vertex -99.85284295923218 -8 120.75481742271315
      vertex -99.70631606750489 -8 120.76924906190892
    endloop
  endfacet
  facet normal -0.16289547339461752 0 0.9866433320848742
    outer loop
      vertex -99.56104677546371 0 120.79323311909273
      vertex -99.70631606750489 -8 120.76924906190892
      vertex -99.56104677546371 -8 120.79323311909273
    endloop
  endfacet
  facet normal -0.22707626303435144 0 0.9738769792773389
    outer loop
      vertex -99.41765714851933 0 120.8266668908496
      vertex -99.56104677546371 -8 120.79323311909273
      vertex -99.41765714851933 -8 120.8266668908496
    endloop
  endfacet
  facet normal -0.29028467725444673 0 0.9569403357322137
    outer loop
      vertex -99.27676120306789 0 120.869407208636
      vertex -99.41765714851933 -8 120.8266668908496
      vertex -99.27676120306789 -8 120.869407208636
    endloop
  endfacet
  facet normal -0.3522500479212447 0 0.9359059267573215
    outer loop
      vertex -99.13896227717855 0 120.9212710518496
      vertex -99.27676120306789 -8 120.869407208636
      vertex -99.13896227717855 -8 120.9212710518496
    endloop
  endfacet
  facet normal -0.41270702980442514 0 0.9108638249211621
    outer loop
      vertex -99.00485044700724 0 120.98203633155146
      vertex -99.13896227717855 -8 120.9212710518496
      vertex -99.00485044700724 -8 120.98203633155146
    endloop
  endfacet
  facet normal -0.47139673682598665 0 0.8819212643483608
    outer loop
      vertex -98.875 0 121.05144284148501
      vertex -99.00485044700724 -8 120.98203633155146
      vertex -98.875 -8 121.05144284148501
    endloop
  endfacet
  facet normal -0.528067850650373 0 0.8492021815265757
    outer loop
      vertex -98.74996697570589 0 121.12919337231928
      vertex -98.875 -8 121.05144284148501
      vertex -98.74996697570589 -8 121.12919337231928
    endloop
  endfacet
  facet normal -0.5824776968677552 0 0.8128466845916488
    outer loop
      vertex -98.63028678473037 0 121.21495498434471
      vertex -98.74996697570589 -8 121.12919337231928
      vertex -98.63028678473037 -8 121.21495498434471
    endloop
  endfacet
  facet normal -0.6343932841636585 0 0.7730104533627264
    outer loop
      vertex -98.51647191602484 0 121.3083604331723
      vertex -98.63028678473037 -8 121.21495498434471
      vertex -98.51647191602484 -8 121.3083604331723
    endloop
  endfacet
  facet normal -0.6835923020229097 0 0.7298640726977996
    outer loop
      vertex -98.40900974233027 0 121.40900974233027
      vertex -98.51647191602484 -8 121.3083604331723
      vertex -98.40900974233027 -8 121.40900974233027
    endloop
  endfacet
  facet normal -0.7298640726977996 0 0.6835923020229097
    outer loop
      vertex -98.3083604331723 0 121.51647191602484
      vertex -98.40900974233027 -8 121.40900974233027
      vertex -98.3083604331723 -8 121.51647191602484
    endloop
  endfacet
  facet normal -0.7730104533627264 0 0.6343932841636585
    outer loop
      vertex -98.21495498434471 0 121.63028678473037
      vertex -98.3083604331723 -8 121.51647191602484
      vertex -98.21495498434471 -8 121.63028678473037
    endloop
  endfacet
  facet normal -0.8128466845916488 0 0.5824776968677552
    outer loop
      vertex -98.12919337231928 0 121.74996697570589
      vertex -98.21495498434471 -8 121.63028678473037
      vertex -98.12919337231928 -8 121.74996697570589
    endloop
  endfacet
  facet normal -0.8492021815265757 0 0.528067850650373
    outer loop
      vertex -98.05144284148501 0 121.875
      vertex -98.12919337231928 -8 121.74996697570589
      vertex -98.05144284148501 -8 121.875
    endloop
  endfacet
  facet normal -0.8819212643483608 0 0.47139673682598665
    outer loop
      vertex -97.98203633155146 0 122.00485044700724
      vertex -98.05144284148501 -8 121.875
      vertex -97.98203633155146 -8 122.00485044700724
    endloop
  endfacet
  facet normal -0.9108638249211621 0 0.41270702980442514
    outer loop
      vertex -97.9212710518496 0 122.13896227717855
      vertex -97.98203633155146 -8 122.00485044700724
      vertex -97.9212710518496 -8 122.13896227717855
    endloop
  endfacet
  facet normal -0.9359059267573215 0 0.3522500479212447
    outer loop
      vertex -97.869407208636 0 122.27676120306789
      vertex -97.9212710518496 -8 122.13896227717855
      vertex -97.869407208636 -8 122.27676120306789
    endloop
  endfacet
  facet normal -0.9569403357322137 0 0.29028467725444673
    outer loop
      vertex -97.8266668908496 0 122.41765714851933
      vertex -97.869407208636 -8 122.27676120306789
      vertex -97.8266668908496 -8 122.41765714851933
    endloop
  endfacet
  facet normal -0.9738769792773389 0 0.22707626303435144
    outer loop
      vertex -97.79323311909273 0 122.56104677546371
      vertex -97.8266668908496 -8 122.41765714851933
      vertex -97.79323311909273 -8 122.56104677546371
    endloop
  endfacet
  facet normal -0.9738769792773389 0 -0.22707626303435144
    outer loop
      vertex -97.8266668908496 0 123.58234285148067
      vertex -97.79323311909273 -8 123.43895322453629
      vertex -97.8266668908496 -8 123.58234285148067
    endloop
  endfacet
  facet normal -0.9569403357322137 0 -0.29028467725444673
    outer loop
      vertex -97.869407208636 0 123.72323879693211
      vertex -97.8266668908496 -8 123.58234285148067
      vertex -97.869407208636 -8 123.72323879693211
    endloop
  endfacet
  facet normal -0.9359059267573215 0 -0.3522500479212447
    outer loop
      vertex -97.9212710518496 0 123.86103772282145
      vertex -97.869407208636 -8 123.72323879693211
      vertex -97.9212710518496 -8 123.86103772282145
    endloop
  endfacet
  facet normal -0.9866433320848742 0 0.16289547339461752
    outer loop
      vertex -97.76924906190892 0 122.70631606750489
      vertex -97.79323311909273 -8 122.56104677546371
      vertex -97.76924906190892 -8 122.70631606750489
    endloop
  endfacet
  facet normal -0.9951847266722015 0 0.09801714032951449
    outer loop
      vertex -97.75481742271315 0 122.85284295923218
      vertex -97.76924906190892 -8 122.70631606750489
      vertex -97.75481742271315 -8 122.85284295923218
    endloop
  endfacet
  facet normal -0.9994645874763648 0 0.03271908282179856
    outer loop
      vertex -97.75 0 123
      vertex -97.75481742271315 -8 122.85284295923218
      vertex -97.75 -8 123
    endloop
  endfacet
  facet normal -0.9994645874763648 0 -0.03271908282179856
    outer loop
      vertex -97.75481742271315 0 123.14715704076782
      vertex -97.75 -8 123
      vertex -97.75481742271315 -8 123.14715704076782
    endloop
  endfacet
  facet normal -0.9951847266722015 0 -0.09801714032951449
    outer loop
      vertex -97.76924906190892 0 123.29368393249511
      vertex -97.75481742271315 -8 123.14715704076782
      vertex -97.76924906190892 -8 123.29368393249511
    endloop
  endfacet
  facet normal -0.9866433320848742 0 -0.16289547339461752
    outer loop
      vertex -97.79323311909273 0 123.43895322453629
      vertex -97.76924906190892 -8 123.29368393249511
      vertex -97.79323311909273 -8 123.43895322453629
    endloop
  endfacet
  facet normal -0.22707626303435144 0 -0.9738769792773389
    outer loop
      vertex -99.56104677546371 0 125.20676688090727
      vertex -99.41765714851933 -8 125.1733331091504
      vertex -99.56104677546371 -8 125.20676688090727
    endloop
  endfacet
  facet normal -0.29028467725444673 0 -0.9569403357322137
    outer loop
      vertex -99.41765714851933 0 125.1733331091504
      vertex -99.27676120306789 -8 125.130592791364
      vertex -99.41765714851933 -8 125.1733331091504
    endloop
  endfacet
  facet normal -0.41270702980442514 0 -0.9108638249211621
    outer loop
      vertex -99.13896227717855 0 125.0787289481504
      vertex -99.00485044700724 -8 125.01796366844854
      vertex -99.13896227717855 -8 125.0787289481504
    endloop
  endfacet
  facet normal -0.3522500479212447 0 -0.9359059267573215
    outer loop
      vertex -99.27676120306789 0 125.130592791364
      vertex -99.13896227717855 -8 125.0787289481504
      vertex -99.27676120306789 -8 125.130592791364
    endloop
  endfacet
  facet normal -0.5824776968677552 0 -0.8128466845916488
    outer loop
      vertex -98.74996697570589 0 124.87080662768072
      vertex -98.63028678473037 -8 124.78504501565529
      vertex -98.74996697570589 -8 124.87080662768072
    endloop
  endfacet
  facet normal -0.47139673682598665 0 -0.8819212643483608
    outer loop
      vertex -99.00485044700724 0 125.01796366844854
      vertex -98.875 -8 124.94855715851499
      vertex -99.00485044700724 -8 125.01796366844854
    endloop
  endfacet
  facet normal -0.528067850650373 0 -0.8492021815265757
    outer loop
      vertex -98.875 0 124.94855715851499
      vertex -98.74996697570589 -8 124.87080662768072
      vertex -98.875 -8 124.94855715851499
    endloop
  endfacet
  facet normal 0.09801714032951449 0 -0.9951847266722015
    outer loop
      vertex -100.29368393249511 0 125.23075093809108
      vertex -100.14715704076782 -8 125.24518257728685
      vertex -100.29368393249511 -8 125.23075093809108
    endloop
  endfacet
  facet normal 0.03271908282179856 0 -0.9994645874763648
    outer loop
      vertex -100.14715704076782 0 125.24518257728685
      vertex -100 -8 125.25
      vertex -100.14715704076782 -8 125.24518257728685
    endloop
  endfacet
  facet normal -0.03271908282179856 0 -0.9994645874763648
    outer loop
      vertex -100 0 125.25
      vertex -99.85284295923218 -8 125.24518257728685
      vertex -100 -8 125.25
    endloop
  endfacet
  facet normal -0.09801714032951449 0 -0.9951847266722015
    outer loop
      vertex -99.85284295923218 0 125.24518257728685
      vertex -99.70631606750489 -8 125.23075093809108
      vertex -99.85284295923218 -8 125.24518257728685
    endloop
  endfacet
  facet normal -0.16289547339461752 0 -0.9866433320848742
    outer loop
      vertex -99.70631606750489 0 125.23075093809108
      vertex -99.56104677546371 -8 125.20676688090727
      vertex -99.70631606750489 -8 125.23075093809108
    endloop
  endfacet
  facet normal -0.7730104533627264 0 -0.6343932841636585
    outer loop
      vertex -98.3083604331723 0 124.48352808397516
      vertex -98.21495498434471 -8 124.36971321526963
      vertex -98.3083604331723 -8 124.48352808397516
    endloop
  endfacet
  facet normal -0.7298640726977996 0 -0.6835923020229097
    outer loop
      vertex -98.40900974233027 0 124.59099025766973
      vertex -98.3083604331723 -8 124.48352808397516
      vertex -98.40900974233027 -8 124.59099025766973
    endloop
  endfacet
  facet normal -0.8819212643483608 0 -0.47139673682598665
    outer loop
      vertex -98.05144284148501 0 124.125
      vertex -97.98203633155146 -8 123.99514955299276
      vertex -98.05144284148501 -8 124.125
    endloop
  endfacet
  facet normal -0.8492021815265757 0 -0.528067850650373
    outer loop
      vertex -98.12919337231928 0 124.25003302429411
      vertex -98.05144284148501 -8 124.125
      vertex -98.12919337231928 -8 124.25003302429411
    endloop
  endfacet
  facet normal -0.9108638249211621 0 -0.41270702980442514
    outer loop
      vertex -97.98203633155146 0 123.99514955299276
      vertex -97.9212710518496 -8 123.86103772282145
      vertex -97.98203633155146 -8 123.99514955299276
    endloop
  endfacet
  facet normal -0.8128466845916488 0 -0.5824776968677552
    outer loop
      vertex -98.21495498434471 0 124.36971321526963
      vertex -98.12919337231928 -8 124.25003302429411
      vertex -98.21495498434471 -8 124.36971321526963
    endloop
  endfacet
  facet normal -0.6835923020229097 0 -0.7298640726977996
    outer loop
      vertex -98.51647191602484 0 124.6916395668277
      vertex -98.40900974233027 -8 124.59099025766973
      vertex -98.51647191602484 -8 124.6916395668277
    endloop
  endfacet
  facet normal -0.6343932841636585 0 -0.7730104533627264
    outer loop
      vertex -98.63028678473037 0 124.78504501565529
      vertex -98.51647191602484 -8 124.6916395668277
      vertex -98.63028678473037 -8 124.78504501565529
    endloop
  endfacet
  facet normal 0.6343932841636585 5.79909014632326e-19 0.7730104533627264
    outer loop
      vertex -101.36971321526963 0 121.21495498434471
      vertex -101.48352808397516 0 121.3083604331723
      vertex -101.48352808397516 -8 121.3083604331723
    endloop
  endfacet
  facet normal 0.5824776968677552 -1.9452194128343057e-19 0.8128466845916488
    outer loop
      vertex -101.25003302429411 0 121.12919337231928
      vertex -101.36971321526963 0 121.21495498434471
      vertex -101.36971321526963 -8 121.21495498434471
    endloop
  endfacet
  facet normal 0.528067850650373 5.97460532197334e-19 0.8492021815265757
    outer loop
      vertex -101.125 0 121.05144284148501
      vertex -101.25003302429411 0 121.12919337231928
      vertex -101.25003302429411 -8 121.12919337231928
    endloop
  endfacet
  facet normal 0.47139673682598665 -1.8940772030208544e-19 0.8819212643483608
    outer loop
      vertex -100.99514955299276 0 120.98203633155146
      vertex -101.125 0 121.05144284148501
      vertex -101.125 -8 121.05144284148501
    endloop
  endfacet
  facet normal 0.41270702980442514 2.6856198044171373e-19 0.9108638249211621
    outer loop
      vertex -100.86103772282145 0 120.9212710518496
      vertex -100.99514955299276 0 120.98203633155146
      vertex -100.99514955299276 -8 120.98203633155146
    endloop
  endfacet
  facet normal 0.3522500479212447 -1.12871083145536e-19 0.9359059267573215
    outer loop
      vertex -100.72323879693211 0 120.869407208636
      vertex -100.86103772282145 0 120.9212710518496
      vertex -100.86103772282145 -8 120.9212710518496
    endloop
  endfacet
  facet normal 0.29028467725444673 2.0222244698249296e-20 0.9569403357322137
    outer loop
      vertex -100.58234285148067 0 120.8266668908496
      vertex -100.72323879693211 0 120.869407208636
      vertex -100.72323879693211 -8 120.869407208636
    endloop
  endfacet
  facet normal 0.22707626303435144 -7.510293277444442e-20 0.9738769792773389
    outer loop
      vertex -100.43895322453629 0 120.79323311909273
      vertex -100.58234285148067 0 120.8266668908496
      vertex -100.58234285148067 -8 120.8266668908496
    endloop
  endfacet
  facet normal 0.16289547339461752 3.21715014278784e-20 0.9866433320848742
    outer loop
      vertex -100.29368393249511 0 120.76924906190892
      vertex -100.43895322453629 0 120.79323311909273
      vertex -100.43895322453629 -8 120.79323311909273
    endloop
  endfacet
  facet normal 0.8819212643483608 0 0.47139673682598665
    outer loop
      vertex -102.01796366844854 0 122.00485044700724
      vertex -102.01796366844854 -8 122.00485044700724
      vertex -101.94855715851499 0 121.875
    endloop
  endfacet
  facet normal 0.9108638249211621 0 0.41270702980442514
    outer loop
      vertex -102.0787289481504 0 122.13896227717855
      vertex -102.0787289481504 -8 122.13896227717855
      vertex -102.01796366844854 0 122.00485044700724
    endloop
  endfacet
  facet normal 0.9359059267573215 0 0.3522500479212447
    outer loop
      vertex -102.130592791364 0 122.27676120306789
      vertex -102.130592791364 -8 122.27676120306789
      vertex -102.0787289481504 0 122.13896227717855
    endloop
  endfacet
  facet normal 0.9738769792773389 0 0.22707626303435144
    outer loop
      vertex -102.20676688090727 0 122.56104677546371
      vertex -102.20676688090727 -8 122.56104677546371
      vertex -102.1733331091504 0 122.41765714851933
    endloop
  endfacet
  facet normal 0.9569403357322137 0 0.29028467725444673
    outer loop
      vertex -102.1733331091504 0 122.41765714851933
      vertex -102.1733331091504 -8 122.41765714851933
      vertex -102.130592791364 0 122.27676120306789
    endloop
  endfacet
  facet normal 0.9866433320848742 0 0.16289547339461752
    outer loop
      vertex -102.23075093809108 0 122.70631606750489
      vertex -102.23075093809108 -8 122.70631606750489
      vertex -102.20676688090727 0 122.56104677546371
    endloop
  endfacet
  facet normal 0.9951847266722015 0 0.09801714032951449
    outer loop
      vertex -102.24518257728685 0 122.85284295923218
      vertex -102.24518257728685 -8 122.85284295923218
      vertex -102.23075093809108 0 122.70631606750489
    endloop
  endfacet
  facet normal 0.9994645874763648 0 0.03271908282179856
    outer loop
      vertex -102.25 0 123
      vertex -102.25 -8 123
      vertex -102.24518257728685 0 122.85284295923218
    endloop
  endfacet
  facet normal 0.9994645874763648 0 -0.03271908282179856
    outer loop
      vertex -102.24518257728685 0 123.14715704076782
      vertex -102.24518257728685 -8 123.14715704076782
      vertex -102.25 0 123
    endloop
  endfacet
  facet normal 0.9951847266722015 0 -0.09801714032951449
    outer loop
      vertex -102.23075093809108 0 123.29368393249511
      vertex -102.23075093809108 -8 123.29368393249511
      vertex -102.24518257728685 0 123.14715704076782
    endloop
  endfacet
  facet normal 0.9866433320848742 0 -0.16289547339461752
    outer loop
      vertex -102.20676688090727 0 123.43895322453629
      vertex -102.20676688090727 -8 123.43895322453629
      vertex -102.23075093809108 0 123.29368393249511
    endloop
  endfacet
  facet normal 0.9738769792773389 0 -0.22707626303435144
    outer loop
      vertex -102.1733331091504 0 123.58234285148067
      vertex -102.1733331091504 -8 123.58234285148067
      vertex -102.20676688090727 0 123.43895322453629
    endloop
  endfacet
  facet normal 0.9569403357322137 0 -0.29028467725444673
    outer loop
      vertex -102.130592791364 0 123.72323879693211
      vertex -102.130592791364 -8 123.72323879693211
      vertex -102.1733331091504 0 123.58234285148067
    endloop
  endfacet
  facet normal 0.9359059267573215 0 -0.3522500479212447
    outer loop
      vertex -102.0787289481504 0 123.86103772282145
      vertex -102.0787289481504 -8 123.86103772282145
      vertex -102.130592791364 0 123.72323879693211
    endloop
  endfacet
  facet normal 0.7298640726977996 0 0.6835923020229097
    outer loop
      vertex -101.6916395668277 0 121.51647191602484
      vertex -101.6916395668277 -8 121.51647191602484
      vertex -101.59099025766973 0 121.40900974233027
    endloop
  endfacet
  facet normal 0.7730104533627264 0 0.6343932841636585
    outer loop
      vertex -101.78504501565529 0 121.63028678473037
      vertex -101.78504501565529 -8 121.63028678473037
      vertex -101.6916395668277 0 121.51647191602484
    endloop
  endfacet
  facet normal 0.8128466845916488 0 0.5824776968677552
    outer loop
      vertex -101.87080662768072 0 121.74996697570589
      vertex -101.87080662768072 -8 121.74996697570589
      vertex -101.78504501565529 0 121.63028678473037
    endloop
  endfacet
  facet normal 0.8492021815265757 0 0.528067850650373
    outer loop
      vertex -101.94855715851499 0 121.875
      vertex -101.94855715851499 -8 121.875
      vertex -101.87080662768072 0 121.74996697570589
    endloop
  endfacet
  facet normal 0.6835923020229097 -4.613266087420711e-19 0.7298640726977996
    outer loop
      vertex -101.48352808397516 0 121.3083604331723
      vertex -101.59099025766973 0 121.40900974233027
      vertex -101.59099025766973 -8 121.40900974233027
    endloop
  endfacet
  facet normal 0.9108638249211621 0 -0.41270702980442514
    outer loop
      vertex -102.01796366844854 0 123.99514955299276
      vertex -102.01796366844854 -8 123.99514955299276
      vertex -102.0787289481504 0 123.86103772282145
    endloop
  endfacet
  facet normal 0.8819212643483608 0 -0.47139673682598665
    outer loop
      vertex -101.94855715851499 0 124.125
      vertex -101.94855715851499 -8 124.125
      vertex -102.01796366844854 0 123.99514955299276
    endloop
  endfacet
  facet normal 0.8492021815265757 0 -0.528067850650373
    outer loop
      vertex -101.87080662768072 0 124.25003302429411
      vertex -101.87080662768072 -8 124.25003302429411
      vertex -101.94855715851499 0 124.125
    endloop
  endfacet
  facet normal 0.8128466845916488 0 -0.5824776968677552
    outer loop
      vertex -101.78504501565529 0 124.36971321526963
      vertex -101.78504501565529 -8 124.36971321526963
      vertex -101.87080662768072 0 124.25003302429411
    endloop
  endfacet
  facet normal 0.7730104533627264 0 -0.6343932841636585
    outer loop
      vertex -101.6916395668277 0 124.48352808397516
      vertex -101.6916395668277 -8 124.48352808397516
      vertex -101.78504501565529 0 124.36971321526963
    endloop
  endfacet
  facet normal 0.7298640726977996 0 -0.6835923020229097
    outer loop
      vertex -101.59099025766973 0 124.59099025766973
      vertex -101.59099025766973 -8 124.59099025766973
      vertex -101.6916395668277 0 124.48352808397516
    endloop
  endfacet
  facet normal 0.6835923020229097 4.613266087420711e-19 -0.7298640726977996
    outer loop
      vertex -101.59099025766973 0 124.59099025766973
      vertex -101.48352808397516 0 124.6916395668277
      vertex -101.48352808397516 -8 124.6916395668277
    endloop
  endfacet
  facet normal 0.6343932841636585 -5.79909014632326e-19 -0.7730104533627264
    outer loop
      vertex -101.48352808397516 0 124.6916395668277
      vertex -101.36971321526963 0 124.78504501565529
      vertex -101.36971321526963 -8 124.78504501565529
    endloop
  endfacet
  facet normal 0.5824776968677552 1.9452194128343057e-19 -0.8128466845916488
    outer loop
      vertex -101.36971321526963 0 124.78504501565529
      vertex -101.25003302429411 0 124.87080662768072
      vertex -101.25003302429411 -8 124.87080662768072
    endloop
  endfacet
  facet normal 0.528067850650373 -5.97460532197334e-19 -0.8492021815265757
    outer loop
      vertex -101.25003302429411 0 124.87080662768072
      vertex -101.125 0 124.94855715851499
      vertex -101.125 -8 124.94855715851499
    endloop
  endfacet
  facet normal 0.47139673682598665 1.8940772030208544e-19 -0.8819212643483608
    outer loop
      vertex -101.125 0 124.94855715851499
      vertex -100.99514955299276 0 125.01796366844854
      vertex -100.99514955299276 -8 125.01796366844854
    endloop
  endfacet
  facet normal 0.41270702980442514 -2.6856198044171373e-19 -0.9108638249211621
    outer loop
      vertex -100.99514955299276 0 125.01796366844854
      vertex -100.86103772282145 0 125.0787289481504
      vertex -100.86103772282145 -8 125.0787289481504
    endloop
  endfacet
  facet normal 0.3522500479212447 1.12871083145536e-19 -0.9359059267573215
    outer loop
      vertex -100.86103772282145 0 125.0787289481504
      vertex -100.72323879693211 0 125.130592791364
      vertex -100.72323879693211 -8 125.130592791364
    endloop
  endfacet
  facet normal 0.29028467725444673 -2.0222244698249296e-20 -0.9569403357322137
    outer loop
      vertex -100.72323879693211 0 125.130592791364
      vertex -100.58234285148067 0 125.1733331091504
      vertex -100.58234285148067 -8 125.1733331091504
    endloop
  endfacet
  facet normal 0.22707626303435144 7.510293277444442e-20 -0.9738769792773389
    outer loop
      vertex -100.58234285148067 0 125.1733331091504
      vertex -100.43895322453629 0 125.20676688090727
      vertex -100.43895322453629 -8 125.20676688090727
    endloop
  endfacet
  facet normal 0.16289547339461752 -3.21715014278784e-20 -0.9866433320848742
    outer loop
      vertex -100.43895322453629 0 125.20676688090727
      vertex -100.29368393249511 0 125.23075093809108
      vertex -100.29368393249511 -8 125.23075093809108
    endloop
  endfacet
  facet normal 0.09801714032951449 -4.915446977991466e-21 0.9951847266722015
    outer loop
      vertex -100.14715704076782 0 120.75481742271315
      vertex -100.29368393249511 0 120.76924906190892
      vertex -100.29368393249511 -8 120.76924906190892
    endloop
  endfacet
  facet normal 0.03271908282179856 -3.368817804412451e-20 0.9994645874763648
    outer loop
      vertex -100 0 120.75
      vertex -100.14715704076782 0 120.75481742271315
      vertex -100.14715704076782 -8 120.75481742271315
    endloop
  endfacet
  facet normal -0.03271908282179856 3.368817804412451e-20 0.9994645874763648
    outer loop
      vertex -99.85284295923218 0 120.75481742271315
      vertex -100 0 120.75
      vertex -100 -8 120.75
    endloop
  endfacet
  facet normal -0.09801714032951449 4.915446977991466e-21 0.9951847266722015
    outer loop
      vertex -99.70631606750489 0 120.76924906190892
      vertex -99.85284295923218 0 120.75481742271315
      vertex -99.85284295923218 -8 120.75481742271315
    endloop
  endfacet
  facet normal -0.16289547339461752 -3.21715014278784e-20 0.9866433320848742
    outer loop
      vertex -99.56104677546371 0 120.79323311909273
      vertex -99.70631606750489 0 120.76924906190892
      vertex -99.70631606750489 -8 120.76924906190892
    endloop
  endfacet
  facet normal -0.22707626303435144 7.510293277444442e-20 0.9738769792773389
    outer loop
      vertex -99.41765714851933 0 120.8266668908496
      vertex -99.56104677546371 0 120.79323311909273
      vertex -99.56104677546371 -8 120.79323311909273
    endloop
  endfacet
  facet normal -0.29028467725444673 -2.0222244698249296e-20 0.9569403357322137
    outer loop
      vertex -99.27676120306789 0 120.869407208636
      vertex -99.41765714851933 0 120.8266668908496
      vertex -99.41765714851933 -8 120.8266668908496
    endloop
  endfacet
  facet normal -0.3522500479212447 1.12871083145536e-19 0.9359059267573215
    outer loop
      vertex -99.13896227717855 0 120.9212710518496
      vertex -99.27676120306789 0 120.869407208636
      vertex -99.27676120306789 -8 120.869407208636
    endloop
  endfacet
  facet normal -0.41270702980442514 -2.6856198044171373e-19 0.9108638249211621
    outer loop
      vertex -99.00485044700724 0 120.98203633155146
      vertex -99.13896227717855 0 120.9212710518496
      vertex -99.13896227717855 -8 120.9212710518496
    endloop
  endfacet
  facet normal -0.47139673682598665 1.8940772030208544e-19 0.8819212643483608
    outer loop
      vertex -98.875 0 121.05144284148501
      vertex -99.00485044700724 0 120.98203633155146
      vertex -99.00485044700724 -8 120.98203633155146
    endloop
  endfacet
  facet normal -0.528067850650373 -5.97460532197334e-19 0.8492021815265757
    outer loop
      vertex -98.74996697570589 0 121.12919337231928
      vertex -98.875 0 121.05144284148501
      vertex -98.875 -8 121.05144284148501
    endloop
  endfacet
  facet normal -0.5824776968677552 1.9452194128343057e-19 0.8128466845916488
    outer loop
      vertex -98.63028678473037 0 121.21495498434471
      vertex -98.74996697570589 0 121.12919337231928
      vertex -98.74996697570589 -8 121.12919337231928
    endloop
  endfacet
  facet normal -0.6343932841636585 -5.79909014632326e-19 0.7730104533627264
    outer loop
      vertex -98.51647191602484 0 121.3083604331723
      vertex -98.63028678473037 0 121.21495498434471
      vertex -98.63028678473037 -8 121.21495498434471
    endloop
  endfacet
  facet normal -0.6835923020229097 4.613266087420711e-19 0.7298640726977996
    outer loop
      vertex -98.40900974233027 0 121.40900974233027
      vertex -98.51647191602484 0 121.3083604331723
      vertex -98.51647191602484 -8 121.3083604331723
    endloop
  endfacet
  facet normal -0.7298640726977996 0 0.6835923020229097
    outer loop
      vertex -98.40900974233027 0 121.40900974233027
      vertex -98.40900974233027 -8 121.40900974233027
      vertex -98.3083604331723 0 121.51647191602484
    endloop
  endfacet
  facet normal -0.7730104533627264 0 0.6343932841636585
    outer loop
      vertex -98.3083604331723 0 121.51647191602484
      vertex -98.3083604331723 -8 121.51647191602484
      vertex -98.21495498434471 0 121.63028678473037
    endloop
  endfacet
  facet normal -0.8128466845916488 0 0.5824776968677552
    outer loop
      vertex -98.21495498434471 0 121.63028678473037
      vertex -98.21495498434471 -8 121.63028678473037
      vertex -98.12919337231928 0 121.74996697570589
    endloop
  endfacet
  facet normal -0.8492021815265757 0 0.528067850650373
    outer loop
      vertex -98.12919337231928 0 121.74996697570589
      vertex -98.12919337231928 -8 121.74996697570589
      vertex -98.05144284148501 0 121.875
    endloop
  endfacet
  facet normal -0.8819212643483608 0 0.47139673682598665
    outer loop
      vertex -98.05144284148501 0 121.875
      vertex -98.05144284148501 -8 121.875
      vertex -97.98203633155146 0 122.00485044700724
    endloop
  endfacet
  facet normal -0.9108638249211621 0 0.41270702980442514
    outer loop
      vertex -97.98203633155146 0 122.00485044700724
      vertex -97.98203633155146 -8 122.00485044700724
      vertex -97.9212710518496 0 122.13896227717855
    endloop
  endfacet
  facet normal -0.9359059267573215 0 0.3522500479212447
    outer loop
      vertex -97.9212710518496 0 122.13896227717855
      vertex -97.9212710518496 -8 122.13896227717855
      vertex -97.869407208636 0 122.27676120306789
    endloop
  endfacet
  facet normal -0.9569403357322137 0 0.29028467725444673
    outer loop
      vertex -97.869407208636 0 122.27676120306789
      vertex -97.869407208636 -8 122.27676120306789
      vertex -97.8266668908496 0 122.41765714851933
    endloop
  endfacet
  facet normal -0.9738769792773389 0 0.22707626303435144
    outer loop
      vertex -97.8266668908496 0 122.41765714851933
      vertex -97.8266668908496 -8 122.41765714851933
      vertex -97.79323311909273 0 122.56104677546371
    endloop
  endfacet
  facet normal -0.9866433320848742 0 0.16289547339461752
    outer loop
      vertex -97.79323311909273 0 122.56104677546371
      vertex -97.79323311909273 -8 122.56104677546371
      vertex -97.76924906190892 0 122.70631606750489
    endloop
  endfacet
  facet normal -0.9359059267573215 0 -0.3522500479212447
    outer loop
      vertex -97.869407208636 0 123.72323879693211
      vertex -97.869407208636 -8 123.72323879693211
      vertex -97.9212710518496 0 123.86103772282145
    endloop
  endfacet
  facet normal -0.9569403357322137 0 -0.29028467725444673
    outer loop
      vertex -97.8266668908496 0 123.58234285148067
      vertex -97.8266668908496 -8 123.58234285148067
      vertex -97.869407208636 0 123.72323879693211
    endloop
  endfacet
  facet normal -0.9108638249211621 0 -0.41270702980442514
    outer loop
      vertex -97.9212710518496 0 123.86103772282145
      vertex -97.9212710518496 -8 123.86103772282145
      vertex -97.98203633155146 0 123.99514955299276
    endloop
  endfacet
  facet normal -0.9951847266722015 0 0.09801714032951449
    outer loop
      vertex -97.76924906190892 0 122.70631606750489
      vertex -97.76924906190892 -8 122.70631606750489
      vertex -97.75481742271315 0 122.85284295923218
    endloop
  endfacet
  facet normal -0.9994645874763648 0 0.03271908282179856
    outer loop
      vertex -97.75481742271315 0 122.85284295923218
      vertex -97.75481742271315 -8 122.85284295923218
      vertex -97.75 0 123
    endloop
  endfacet
  facet normal -0.9994645874763648 0 -0.03271908282179856
    outer loop
      vertex -97.75 0 123
      vertex -97.75 -8 123
      vertex -97.75481742271315 0 123.14715704076782
    endloop
  endfacet
  facet normal -0.9951847266722015 0 -0.09801714032951449
    outer loop
      vertex -97.75481742271315 0 123.14715704076782
      vertex -97.75481742271315 -8 123.14715704076782
      vertex -97.76924906190892 0 123.29368393249511
    endloop
  endfacet
  facet normal -0.9866433320848742 0 -0.16289547339461752
    outer loop
      vertex -97.76924906190892 0 123.29368393249511
      vertex -97.76924906190892 -8 123.29368393249511
      vertex -97.79323311909273 0 123.43895322453629
    endloop
  endfacet
  facet normal -0.9738769792773389 0 -0.22707626303435144
    outer loop
      vertex -97.79323311909273 0 123.43895322453629
      vertex -97.79323311909273 -8 123.43895322453629
      vertex -97.8266668908496 0 123.58234285148067
    endloop
  endfacet
  facet normal -0.16289547339461752 3.21715014278784e-20 -0.9866433320848742
    outer loop
      vertex -99.70631606750489 0 125.23075093809108
      vertex -99.56104677546371 0 125.20676688090727
      vertex -99.56104677546371 -8 125.20676688090727
    endloop
  endfacet
  facet normal -0.22707626303435144 -7.510293277444442e-20 -0.9738769792773389
    outer loop
      vertex -99.56104677546371 0 125.20676688090727
      vertex -99.41765714851933 0 125.1733331091504
      vertex -99.41765714851933 -8 125.1733331091504
    endloop
  endfacet
  facet normal -0.29028467725444673 2.0222244698249296e-20 -0.9569403357322137
    outer loop
      vertex -99.41765714851933 0 125.1733331091504
      vertex -99.27676120306789 0 125.130592791364
      vertex -99.27676120306789 -8 125.130592791364
    endloop
  endfacet
  facet normal -0.3522500479212447 -1.12871083145536e-19 -0.9359059267573215
    outer loop
      vertex -99.27676120306789 0 125.130592791364
      vertex -99.13896227717855 0 125.0787289481504
      vertex -99.13896227717855 -8 125.0787289481504
    endloop
  endfacet
  facet normal -0.5824776968677552 -1.9452194128343057e-19 -0.8128466845916488
    outer loop
      vertex -98.74996697570589 0 124.87080662768072
      vertex -98.63028678473037 0 124.78504501565529
      vertex -98.63028678473037 -8 124.78504501565529
    endloop
  endfacet
  facet normal -0.528067850650373 5.97460532197334e-19 -0.8492021815265757
    outer loop
      vertex -98.875 0 124.94855715851499
      vertex -98.74996697570589 0 124.87080662768072
      vertex -98.74996697570589 -8 124.87080662768072
    endloop
  endfacet
  facet normal -0.47139673682598665 -1.8940772030208544e-19 -0.8819212643483608
    outer loop
      vertex -99.00485044700724 0 125.01796366844854
      vertex -98.875 0 124.94855715851499
      vertex -98.875 -8 124.94855715851499
    endloop
  endfacet
  facet normal -0.41270702980442514 2.6856198044171373e-19 -0.9108638249211621
    outer loop
      vertex -99.13896227717855 0 125.0787289481504
      vertex -99.00485044700724 0 125.01796366844854
      vertex -99.00485044700724 -8 125.01796366844854
    endloop
  endfacet
  facet normal 0.09801714032951449 4.915446977991466e-21 -0.9951847266722015
    outer loop
      vertex -100.29368393249511 0 125.23075093809108
      vertex -100.14715704076782 0 125.24518257728685
      vertex -100.14715704076782 -8 125.24518257728685
    endloop
  endfacet
  facet normal 0.03271908282179856 3.368817804412451e-20 -0.9994645874763648
    outer loop
      vertex -100.14715704076782 0 125.24518257728685
      vertex -100 0 125.25
      vertex -100 -8 125.25
    endloop
  endfacet
  facet normal -0.03271908282179856 -3.368817804412451e-20 -0.9994645874763648
    outer loop
      vertex -100 0 125.25
      vertex -99.85284295923218 0 125.24518257728685
      vertex -99.85284295923218 -8 125.24518257728685
    endloop
  endfacet
  facet normal -0.09801714032951449 -4.915446977991466e-21 -0.9951847266722015
    outer loop
      vertex -99.85284295923218 0 125.24518257728685
      vertex -99.70631606750489 0 125.23075093809108
      vertex -99.70631606750489 -8 125.23075093809108
    endloop
  endfacet
  facet normal -0.7730104533627264 0 -0.6343932841636585
    outer loop
      vertex -98.21495498434471 0 124.36971321526963
      vertex -98.21495498434471 -8 124.36971321526963
      vertex -98.3083604331723 0 124.48352808397516
    endloop
  endfacet
  facet normal -0.7298640726977996 0 -0.6835923020229097
    outer loop
      vertex -98.3083604331723 0 124.48352808397516
      vertex -98.3083604331723 -8 124.48352808397516
      vertex -98.40900974233027 0 124.59099025766973
    endloop
  endfacet
  facet normal -0.8492021815265757 0 -0.528067850650373
    outer loop
      vertex -98.05144284148501 0 124.125
      vertex -98.05144284148501 -8 124.125
      vertex -98.12919337231928 0 124.25003302429411
    endloop
  endfacet
  facet normal -0.8819212643483608 0 -0.47139673682598665
    outer loop
      vertex -97.98203633155146 0 123.99514955299276
      vertex -97.98203633155146 -8 123.99514955299276
      vertex -98.05144284148501 0 124.125
    endloop
  endfacet
  facet normal -0.8128466845916488 0 -0.5824776968677552
    outer loop
      vertex -98.12919337231928 0 124.25003302429411
      vertex -98.12919337231928 -8 124.25003302429411
      vertex -98.21495498434471 0 124.36971321526963
    endloop
  endfacet
  facet normal -0.6343932841636585 5.79909014632326e-19 -0.7730104533627264
    outer loop
      vertex -98.63028678473037 0 124.78504501565529
      vertex -98.51647191602484 0 124.6916395668277
      vertex -98.51647191602484 -8 124.6916395668277
    endloop
  endfacet
  facet normal -0.6835923020229097 -4.613266087420711e-19 -0.7298640726977996
    outer loop
      vertex -98.51647191602484 0 124.6916395668277
      vertex -98.40900974233027 0 124.59099025766973
      vertex -98.40900974233027 -8 124.59099025766973
    endloop
  endfacet
  facet normal 0.6343932841636477 3.1428283396900125e-19 0.7730104533627353
    outer loop
      vertex 98.51647191602484 -8 5.3083604331723
      vertex 98.63028678473037 -8 5.214954984344721
      vertex 98.63028678473037 0 5.214954984344721
    endloop
  endfacet
  facet normal 0.6835923020228906 -2.790047149433233e-19 0.7298640726978178
    outer loop
      vertex 98.40900974233027 -8 5.409009742330268
      vertex 98.51647191602484 -8 5.3083604331723
      vertex 98.51647191602484 0 5.3083604331723
    endloop
  endfacet
  facet normal 0.8128466845916529 0 0.5824776968677494
    outer loop
      vertex 98.21495498434471 -8 5.630286784730378
      vertex 98.21495498434471 0 5.630286784730378
      vertex 98.12919337231928 -8 5.749966975705895
    endloop
  endfacet
  facet normal 0.9108638249211558 0 0.41270702980443863
    outer loop
      vertex 97.98203633155146 -8 6.004850447007247
      vertex 97.98203633155146 0 6.004850447007247
      vertex 97.9212710518496 -8 6.138962277178548
    endloop
  endfacet
  facet normal 0.8492021815265623 0 0.5280678506503947
    outer loop
      vertex 98.12919337231928 -8 5.749966975705895
      vertex 98.12919337231928 0 5.749966975705895
      vertex 98.05144284148501 -8 5.875
    endloop
  endfacet
  facet normal 0.8819212643483663 0 0.4713967368259766
    outer loop
      vertex 98.05144284148501 -8 5.875
      vertex 98.05144284148501 0 5.875
      vertex 97.98203633155146 -8 6.004850447007247
    endloop
  endfacet
  facet normal 0.7298640726978166 7.247052123296007e-19 0.6835923020228917
    outer loop
      vertex 98.3083604331723 -8 5.5164719160248445
      vertex 98.40900974233027 -8 5.409009742330268
      vertex 98.40900974233027 0 5.409009742330268
    endloop
  endfacet
  facet normal 0.7730104533627312 0 0.6343932841636525
    outer loop
      vertex 98.3083604331723 -8 5.5164719160248445
      vertex 98.3083604331723 0 5.5164719160248445
      vertex 98.21495498434471 -8 5.630286784730378
    endloop
  endfacet
  facet normal 0.1628954733945823 5.759861145935899e-20 0.98664333208488
    outer loop
      vertex 99.56104677546371 -8 4.793233119092731
      vertex 99.70631606750489 -8 4.769249061908926
      vertex 99.70631606750489 0 4.769249061908926
    endloop
  endfacet
  facet normal 0.09801714032956228 1.0679421091238673e-19 0.9951847266721967
    outer loop
      vertex 99.70631606750489 -8 4.769249061908926
      vertex 99.85284295923218 -8 4.754817422713142
      vertex 99.85284295923218 0 4.754817422713142
    endloop
  endfacet
  facet normal 0.03271908282177446 -2.9830341759221696e-20 0.9994645874763656
    outer loop
      vertex 99.85284295923218 -8 4.754817422713142
      vertex 100 -8 4.75
      vertex 100 0 4.75
    endloop
  endfacet
  facet normal -0.03271908282177446 2.9830341759221696e-20 0.9994645874763656
    outer loop
      vertex 100 -8 4.75
      vertex 100.14715704076782 -8 4.754817422713142
      vertex 100.14715704076782 0 4.754817422713142
    endloop
  endfacet
  facet normal -0.09801714032956228 -1.0679421091238673e-19 0.9951847266721967
    outer loop
      vertex 100.14715704076782 -8 4.754817422713142
      vertex 100.29368393249511 -8 4.769249061908926
      vertex 100.29368393249511 0 4.769249061908926
    endloop
  endfacet
  facet normal 0.528067850650347 -7.258707450913923e-19 0.849202181526592
    outer loop
      vertex 98.74996697570589 -8 5.129193372319273
      vertex 98.875 -8 5.051442841485013
      vertex 98.875 0 5.051442841485013
    endloop
  endfacet
  facet normal 0.4713967368260054 -9.178771886168871e-20 0.8819212643483509
    outer loop
      vertex 98.875 -8 5.051442841485013
      vertex 99.00485044700724 -8 4.982036331551452
      vertex 99.00485044700724 0 4.982036331551452
    endloop
  endfacet
  facet normal 0.582477696867807 4.0731235525705777e-19 0.8128466845916117
    outer loop
      vertex 98.63028678473037 -8 5.214954984344721
      vertex 98.74996697570589 -8 5.129193372319273
      vertex 98.74996697570589 0 5.129193372319273
    endloop
  endfacet
  facet normal 0.35225004792122355 1.9964506770605058e-19 0.9359059267573295
    outer loop
      vertex 99.13896227717855 -8 4.921271051849605
      vertex 99.27676120306789 -8 4.869407208636012
      vertex 99.27676120306789 0 4.869407208636012
    endloop
  endfacet
  facet normal 0.412707029804385 -7.298739718093739e-19 0.9108638249211801
    outer loop
      vertex 99.00485044700724 -8 4.982036331551452
      vertex 99.13896227717855 -8 4.921271051849605
      vertex 99.13896227717855 0 4.921271051849605
    endloop
  endfacet
  facet normal 0.2902846772544799 2.6713562709492952e-19 0.9569403357322036
    outer loop
      vertex 99.27676120306789 -8 4.869407208636012
      vertex 99.41765714851933 -8 4.826666890849596
      vertex 99.41765714851933 0 4.826666890849596
    endloop
  endfacet
  facet normal 0.2270762630343743 -3.136222887159457e-19 0.9738769792773335
    outer loop
      vertex 99.41765714851933 -8 4.826666890849596
      vertex 99.56104677546371 -8 4.793233119092731
      vertex 99.56104677546371 0 4.793233119092731
    endloop
  endfacet
  facet normal 0.9866433320848732 0 0.16289547339462332
    outer loop
      vertex 97.79323311909273 -8 6.561046775463711
      vertex 97.79323311909273 0 6.561046775463711
      vertex 97.76924906190892 -8 6.706316067504884
    endloop
  endfacet
  facet normal 0.9951847266722017 0 0.09801714032951214
    outer loop
      vertex 97.76924906190892 -8 6.706316067504884
      vertex 97.76924906190892 0 6.706316067504884
      vertex 97.75481742271315 -8 6.852842959232178
    endloop
  endfacet
  facet normal 0.9994645874763648 0 0.032719082821798764
    outer loop
      vertex 97.75481742271315 -8 6.852842959232178
      vertex 97.75481742271315 0 6.852842959232178
      vertex 97.75 -8 7
    endloop
  endfacet
  facet normal 0.9994645874763648 0 -0.032719082821798764
    outer loop
      vertex 97.75 -8 7
      vertex 97.75 0 7
      vertex 97.75481742271315 -8 7.147157040767822
    endloop
  endfacet
  facet normal 0.9951847266722017 0 -0.09801714032951214
    outer loop
      vertex 97.75481742271315 -8 7.147157040767822
      vertex 97.75481742271315 0 7.147157040767822
      vertex 97.76924906190892 -8 7.293683932495116
    endloop
  endfacet
  facet normal 0.9866433320848732 0 -0.16289547339462332
    outer loop
      vertex 97.76924906190892 -8 7.293683932495116
      vertex 97.76924906190892 0 7.293683932495116
      vertex 97.79323311909273 -8 7.438953224536289
    endloop
  endfacet
  facet normal 0.9359059267573184 0 0.3522500479212526
    outer loop
      vertex 97.9212710518496 -8 6.138962277178548
      vertex 97.9212710518496 0 6.138962277178548
      vertex 97.869407208636 -8 6.2767612030678865
    endloop
  endfacet
  facet normal 0.9569403357322186 0 0.2902846772544299
    outer loop
      vertex 97.869407208636 -8 6.2767612030678865
      vertex 97.869407208636 0 6.2767612030678865
      vertex 97.8266668908496 -8 6.417657148519329
    endloop
  endfacet
  facet normal 0.9738769792773385 0 0.22707626303435277
    outer loop
      vertex 97.8266668908496 -8 6.417657148519329
      vertex 97.8266668908496 0 6.417657148519329
      vertex 97.79323311909273 -8 6.561046775463711
    endloop
  endfacet
  facet normal 0.9738769792773385 0 -0.22707626303435277
    outer loop
      vertex 97.79323311909273 -8 7.438953224536289
      vertex 97.79323311909273 0 7.438953224536289
      vertex 97.8266668908496 -8 7.582342851480671
    endloop
  endfacet
  facet normal 0.9569403357322186 0 -0.2902846772544299
    outer loop
      vertex 97.8266668908496 -8 7.582342851480671
      vertex 97.8266668908496 0 7.582342851480671
      vertex 97.869407208636 -8 7.7232387969321135
    endloop
  endfacet
  facet normal 0.9359059267573184 0 -0.3522500479212526
    outer loop
      vertex 97.869407208636 -8 7.7232387969321135
      vertex 97.869407208636 0 7.7232387969321135
      vertex 97.9212710518496 -8 7.861037722821452
    endloop
  endfacet
  facet normal 0.9108638249211558 0 -0.41270702980443863
    outer loop
      vertex 97.9212710518496 -8 7.861037722821452
      vertex 97.9212710518496 0 7.861037722821452
      vertex 97.98203633155146 -8 7.995149552992753
    endloop
  endfacet
  facet normal 0.8819212643483663 0 -0.4713967368259766
    outer loop
      vertex 97.98203633155146 -8 7.995149552992753
      vertex 97.98203633155146 0 7.995149552992753
      vertex 98.05144284148501 -8 8.125
    endloop
  endfacet
  facet normal 0.8492021815265623 0 -0.5280678506503947
    outer loop
      vertex 98.05144284148501 -8 8.125
      vertex 98.05144284148501 0 8.125
      vertex 98.12919337231928 -8 8.250033024294105
    endloop
  endfacet
  facet normal 0.8128466845916529 0 -0.5824776968677494
    outer loop
      vertex 98.12919337231928 -8 8.250033024294105
      vertex 98.12919337231928 0 8.250033024294105
      vertex 98.21495498434471 -8 8.369713215269622
    endloop
  endfacet
  facet normal 0.7730104533627312 0 -0.6343932841636525
    outer loop
      vertex 98.21495498434471 -8 8.369713215269622
      vertex 98.21495498434471 0 8.369713215269622
      vertex 98.3083604331723 -8 8.483528083975155
    endloop
  endfacet
  facet normal 0.7298640726978166 0 -0.6835923020228917
    outer loop
      vertex 98.3083604331723 -8 8.483528083975155
      vertex 98.3083604331723 0 8.483528083975155
      vertex 98.40900974233027 -8 8.590990257669732
    endloop
  endfacet
  facet normal 0.6835923020228906 0 -0.7298640726978178
    outer loop
      vertex 98.40900974233027 -8 8.590990257669732
      vertex 98.40900974233027 0 8.590990257669732
      vertex 98.51647191602484 -8 8.6916395668277
    endloop
  endfacet
  facet normal 0.634393284163644 -7.166547304344366e-19 -0.7730104533627382
    outer loop
      vertex 98.63028678473037 -8 8.785045015655278
      vertex 98.51647191602484 -8 8.6916395668277
      vertex 98.51647191602484 0 8.6916395668277
    endloop
  endfacet
  facet normal 0.582477696867811 -4.559565110569442e-22 -0.812846684591609
    outer loop
      vertex 98.74996697570589 -8 8.870806627680727
      vertex 98.63028678473037 -8 8.785045015655278
      vertex 98.63028678473037 0 8.785045015655278
    endloop
  endfacet
  facet normal 0.528067850650347 7.258707450913923e-19 -0.849202181526592
    outer loop
      vertex 98.875 -8 8.948557158514987
      vertex 98.74996697570589 -8 8.870806627680727
      vertex 98.74996697570589 0 8.870806627680727
    endloop
  endfacet
  facet normal 0.4713967368260054 9.178771886168871e-20 -0.8819212643483509
    outer loop
      vertex 99.00485044700724 -8 9.017963668448548
      vertex 98.875 -8 8.948557158514987
      vertex 98.875 0 8.948557158514987
    endloop
  endfacet
  facet normal 0.412707029804385 7.298739718093739e-19 -0.9108638249211801
    outer loop
      vertex 99.13896227717855 -8 9.078728948150395
      vertex 99.00485044700724 -8 9.017963668448548
      vertex 99.00485044700724 0 9.017963668448548
    endloop
  endfacet
  facet normal 0.35225004792122355 -1.9964506770605058e-19 -0.9359059267573295
    outer loop
      vertex 99.27676120306789 -8 9.130592791363988
      vertex 99.13896227717855 -8 9.078728948150395
      vertex 99.13896227717855 0 9.078728948150395
    endloop
  endfacet
  facet normal 0.2902846772544799 -2.6713562709492952e-19 -0.9569403357322036
    outer loop
      vertex 99.41765714851933 -8 9.173333109150404
      vertex 99.27676120306789 -8 9.130592791363988
      vertex 99.27676120306789 0 9.130592791363988
    endloop
  endfacet
  facet normal 0.2270762630343743 3.136222887159457e-19 -0.9738769792773335
    outer loop
      vertex 99.56104677546371 -8 9.206766880907269
      vertex 99.41765714851933 -8 9.173333109150404
      vertex 99.41765714851933 0 9.173333109150404
    endloop
  endfacet
  facet normal 0.1628954733945823 -5.759861145935899e-20 -0.98664333208488
    outer loop
      vertex 99.70631606750489 -8 9.230750938091074
      vertex 99.56104677546371 -8 9.206766880907269
      vertex 99.56104677546371 0 9.206766880907269
    endloop
  endfacet
  facet normal 0.09801714032956228 -1.0679421091238673e-19 -0.9951847266721967
    outer loop
      vertex 99.85284295923218 -8 9.245182577286858
      vertex 99.70631606750489 -8 9.230750938091074
      vertex 99.70631606750489 0 9.230750938091074
    endloop
  endfacet
  facet normal 0.03271908282177446 2.9830341759221696e-20 -0.9994645874763656
    outer loop
      vertex 100 -8 9.25
      vertex 99.85284295923218 -8 9.245182577286858
      vertex 99.85284295923218 0 9.245182577286858
    endloop
  endfacet
  facet normal -0.03271908282177446 -2.9830341759221696e-20 -0.9994645874763656
    outer loop
      vertex 100.14715704076782 -8 9.245182577286858
      vertex 100 -8 9.25
      vertex 100 0 9.25
    endloop
  endfacet
  facet normal -0.09801714032956228 1.0679421091238673e-19 -0.9951847266721967
    outer loop
      vertex 100.29368393249511 -8 9.230750938091074
      vertex 100.14715704076782 -8 9.245182577286858
      vertex 100.14715704076782 0 9.245182577286858
    endloop
  endfacet
  facet normal -0.1628954733945823 -5.759861145935899e-20 0.98664333208488
    outer loop
      vertex 100.29368393249511 -8 4.769249061908926
      vertex 100.43895322453629 -8 4.793233119092731
      vertex 100.43895322453629 0 4.793233119092731
    endloop
  endfacet
  facet normal -0.2270762630343743 3.136222887159457e-19 0.9738769792773335
    outer loop
      vertex 100.43895322453629 -8 4.793233119092731
      vertex 100.58234285148067 -8 4.826666890849596
      vertex 100.58234285148067 0 4.826666890849596
    endloop
  endfacet
  facet normal -0.2902846772544799 -2.6713562709492952e-19 0.9569403357322036
    outer loop
      vertex 100.58234285148067 -8 4.826666890849596
      vertex 100.72323879693211 -8 4.869407208636012
      vertex 100.72323879693211 0 4.869407208636012
    endloop
  endfacet
  facet normal -0.35225004792122355 -1.9964506770605058e-19 0.9359059267573295
    outer loop
      vertex 100.72323879693211 -8 4.869407208636012
      vertex 100.86103772282145 -8 4.921271051849605
      vertex 100.86103772282145 0 4.921271051849605
    endloop
  endfacet
  facet normal -0.412707029804385 7.298739718093739e-19 0.9108638249211801
    outer loop
      vertex 100.86103772282145 -8 4.921271051849605
      vertex 100.99514955299276 -8 4.982036331551452
      vertex 100.99514955299276 0 4.982036331551452
    endloop
  endfacet
  facet normal -0.4713967368260054 9.178771886168871e-20 0.8819212643483509
    outer loop
      vertex 100.99514955299276 -8 4.982036331551452
      vertex 101.125 -8 5.051442841485013
      vertex 101.125 0 5.051442841485013
    endloop
  endfacet
  facet normal -0.528067850650347 7.258707450913923e-19 0.849202181526592
    outer loop
      vertex 101.125 -8 5.051442841485013
      vertex 101.25003302429411 -8 5.129193372319273
      vertex 101.25003302429411 0 5.129193372319273
    endloop
  endfacet
  facet normal -0.582477696867807 -4.0731235525705777e-19 0.8128466845916117
    outer loop
      vertex 101.25003302429411 -8 5.129193372319273
      vertex 101.36971321526963 -8 5.214954984344721
      vertex 101.36971321526963 0 5.214954984344721
    endloop
  endfacet
  facet normal -0.6343932841636477 -3.1428283396900125e-19 0.7730104533627353
    outer loop
      vertex 101.36971321526963 -8 5.214954984344721
      vertex 101.48352808397516 -8 5.3083604331723
      vertex 101.48352808397516 0 5.3083604331723
    endloop
  endfacet
  facet normal -0.6835923020228906 2.790047149433233e-19 0.7298640726978178
    outer loop
      vertex 101.48352808397516 -8 5.3083604331723
      vertex 101.59099025766973 -8 5.409009742330268
      vertex 101.59099025766973 0 5.409009742330268
    endloop
  endfacet
  facet normal -0.7298640726978166 0 0.6835923020228917
    outer loop
      vertex 101.6916395668277 -8 5.5164719160248445
      vertex 101.6916395668277 0 5.5164719160248445
      vertex 101.59099025766973 -8 5.409009742330268
    endloop
  endfacet
  facet normal -0.7730104533627312 0 0.6343932841636525
    outer loop
      vertex 101.78504501565529 0 5.630286784730378
      vertex 101.6916395668277 -8 5.5164719160248445
      vertex 101.78504501565529 -8 5.630286784730378
    endloop
  endfacet
  facet normal -0.8128466845916529 0 0.5824776968677494
    outer loop
      vertex 101.87080662768072 0 5.749966975705895
      vertex 101.78504501565529 -8 5.630286784730378
      vertex 101.87080662768072 -8 5.749966975705895
    endloop
  endfacet
  facet normal -0.8492021815265623 0 0.5280678506503947
    outer loop
      vertex 101.94855715851499 0 5.875
      vertex 101.87080662768072 -8 5.749966975705895
      vertex 101.94855715851499 -8 5.875
    endloop
  endfacet
  facet normal -0.8819212643483663 0 0.4713967368259766
    outer loop
      vertex 102.01796366844854 0 6.004850447007247
      vertex 101.94855715851499 -8 5.875
      vertex 102.01796366844854 -8 6.004850447007247
    endloop
  endfacet
  facet normal -0.8819212643483663 0 -0.4713967368259766
    outer loop
      vertex 101.94855715851499 0 8.125
      vertex 102.01796366844854 -8 7.995149552992753
      vertex 101.94855715851499 -8 8.125
    endloop
  endfacet
  facet normal -0.8492021815265623 0 -0.5280678506503947
    outer loop
      vertex 101.87080662768072 0 8.250033024294105
      vertex 101.94855715851499 -8 8.125
      vertex 101.87080662768072 -8 8.250033024294105
    endloop
  endfacet
  facet normal -0.7730104533627312 0 -0.6343932841636525
    outer loop
      vertex 101.6916395668277 0 8.483528083975155
      vertex 101.78504501565529 -8 8.369713215269622
      vertex 101.6916395668277 -8 8.483528083975155
    endloop
  endfacet
  facet normal -0.7298640726978166 7.247052123296007e-19 -0.6835923020228917
    outer loop
      vertex 101.6916395668277 -8 8.483528083975155
      vertex 101.59099025766973 -8 8.590990257669732
      vertex 101.59099025766973 0 8.590990257669732
    endloop
  endfacet
  facet normal -0.8128466845916529 0 -0.5824776968677494
    outer loop
      vertex 101.78504501565529 0 8.369713215269622
      vertex 101.87080662768072 -8 8.250033024294105
      vertex 101.78504501565529 -8 8.369713215269622
    endloop
  endfacet
  facet normal -0.9108638249211558 0 0.41270702980443863
    outer loop
      vertex 102.0787289481504 0 6.138962277178548
      vertex 102.01796366844854 -8 6.004850447007247
      vertex 102.0787289481504 -8 6.138962277178548
    endloop
  endfacet
  facet normal -0.9359059267573184 0 0.3522500479212526
    outer loop
      vertex 102.130592791364 0 6.2767612030678865
      vertex 102.0787289481504 -8 6.138962277178548
      vertex 102.130592791364 -8 6.2767612030678865
    endloop
  endfacet
  facet normal -0.9569403357322186 0 0.2902846772544299
    outer loop
      vertex 102.1733331091504 0 6.417657148519329
      vertex 102.130592791364 -8 6.2767612030678865
      vertex 102.1733331091504 -8 6.417657148519329
    endloop
  endfacet
  facet normal -0.9738769792773385 0 0.22707626303435277
    outer loop
      vertex 102.20676688090727 0 6.561046775463711
      vertex 102.1733331091504 -8 6.417657148519329
      vertex 102.20676688090727 -8 6.561046775463711
    endloop
  endfacet
  facet normal -0.9866433320848732 0 0.16289547339462332
    outer loop
      vertex 102.23075093809108 0 6.706316067504884
      vertex 102.20676688090727 -8 6.561046775463711
      vertex 102.23075093809108 -8 6.706316067504884
    endloop
  endfacet
  facet normal -0.9951847266722017 0 0.09801714032951214
    outer loop
      vertex 102.24518257728685 0 6.852842959232178
      vertex 102.23075093809108 -8 6.706316067504884
      vertex 102.24518257728685 -8 6.852842959232178
    endloop
  endfacet
  facet normal -0.9994645874763648 0 0.032719082821798764
    outer loop
      vertex 102.25 0 7
      vertex 102.24518257728685 -8 6.852842959232178
      vertex 102.25 -8 7
    endloop
  endfacet
  facet normal -0.9994645874763648 0 -0.032719082821798764
    outer loop
      vertex 102.24518257728685 0 7.147157040767822
      vertex 102.25 -8 7
      vertex 102.24518257728685 -8 7.147157040767822
    endloop
  endfacet
  facet normal -0.9951847266722017 0 -0.09801714032951214
    outer loop
      vertex 102.23075093809108 0 7.293683932495116
      vertex 102.24518257728685 -8 7.147157040767822
      vertex 102.23075093809108 -8 7.293683932495116
    endloop
  endfacet
  facet normal -0.9738769792773385 0 -0.22707626303435277
    outer loop
      vertex 102.1733331091504 0 7.582342851480671
      vertex 102.20676688090727 -8 7.438953224536289
      vertex 102.1733331091504 -8 7.582342851480671
    endloop
  endfacet
  facet normal -0.9866433320848732 0 -0.16289547339462332
    outer loop
      vertex 102.20676688090727 0 7.438953224536289
      vertex 102.23075093809108 -8 7.293683932495116
      vertex 102.20676688090727 -8 7.438953224536289
    endloop
  endfacet
  facet normal -0.9569403357322186 0 -0.2902846772544299
    outer loop
      vertex 102.130592791364 0 7.7232387969321135
      vertex 102.1733331091504 -8 7.582342851480671
      vertex 102.130592791364 -8 7.7232387969321135
    endloop
  endfacet
  facet normal -0.9359059267573184 0 -0.3522500479212526
    outer loop
      vertex 102.0787289481504 0 7.861037722821452
      vertex 102.130592791364 -8 7.7232387969321135
      vertex 102.0787289481504 -8 7.861037722821452
    endloop
  endfacet
  facet normal -0.9108638249211558 0 -0.41270702980443863
    outer loop
      vertex 102.01796366844854 0 7.995149552992753
      vertex 102.0787289481504 -8 7.861037722821452
      vertex 102.01796366844854 -8 7.995149552992753
    endloop
  endfacet
  facet normal -0.1628954733945823 5.759861145935899e-20 -0.98664333208488
    outer loop
      vertex 100.43895322453629 -8 9.206766880907269
      vertex 100.29368393249511 -8 9.230750938091074
      vertex 100.29368393249511 0 9.230750938091074
    endloop
  endfacet
  facet normal -0.2270762630343743 -3.136222887159457e-19 -0.9738769792773335
    outer loop
      vertex 100.58234285148067 -8 9.173333109150404
      vertex 100.43895322453629 -8 9.206766880907269
      vertex 100.43895322453629 0 9.206766880907269
    endloop
  endfacet
  facet normal -0.2902846772544799 2.6713562709492952e-19 -0.9569403357322036
    outer loop
      vertex 100.72323879693211 -8 9.130592791363988
      vertex 100.58234285148067 -8 9.173333109150404
      vertex 100.58234285148067 0 9.173333109150404
    endloop
  endfacet
  facet normal -0.412707029804385 -7.298739718093739e-19 -0.9108638249211801
    outer loop
      vertex 100.99514955299276 -8 9.017963668448548
      vertex 100.86103772282145 -8 9.078728948150395
      vertex 100.86103772282145 0 9.078728948150395
    endloop
  endfacet
  facet normal -0.35225004792122355 1.9964506770605058e-19 -0.9359059267573295
    outer loop
      vertex 100.86103772282145 -8 9.078728948150395
      vertex 100.72323879693211 -8 9.130592791363988
      vertex 100.72323879693211 0 9.130592791363988
    endloop
  endfacet
  facet normal -0.4713967368260054 0 -0.8819212643483509
    outer loop
      vertex 100.99514955299276 0 9.017963668448548
      vertex 101.125 -8 8.948557158514987
      vertex 100.99514955299276 -8 9.017963668448548
    endloop
  endfacet
  facet normal -0.528067850650347 0 -0.849202181526592
    outer loop
      vertex 101.125 0 8.948557158514987
      vertex 101.25003302429411 -8 8.870806627680727
      vertex 101.125 -8 8.948557158514987
    endloop
  endfacet
  facet normal -0.582477696867811 0 -0.812846684591609
    outer loop
      vertex 101.25003302429411 0 8.870806627680727
      vertex 101.36971321526963 -8 8.785045015655278
      vertex 101.25003302429411 -8 8.870806627680727
    endloop
  endfacet
  facet normal -0.634393284163644 0 -0.7730104533627382
    outer loop
      vertex 101.36971321526963 0 8.785045015655278
      vertex 101.48352808397516 -8 8.6916395668277
      vertex 101.36971321526963 -8 8.785045015655278
    endloop
  endfacet
  facet normal -0.6835923020228906 0 -0.7298640726978178
    outer loop
      vertex 101.48352808397516 0 8.6916395668277
      vertex 101.59099025766973 -8 8.590990257669732
      vertex 101.48352808397516 -8 8.6916395668277
    endloop
  endfacet
  facet normal 0.6835923020228906 0 0.7298640726978178
    outer loop
      vertex 98.40900974233027 -8 5.409009742330268
      vertex 98.51647191602484 0 5.3083604331723
      vertex 98.40900974233027 0 5.409009742330268
    endloop
  endfacet
  facet normal 0.6343932841636477 0 0.7730104533627353
    outer loop
      vertex 98.51647191602484 -8 5.3083604331723
      vertex 98.63028678473037 0 5.214954984344721
      vertex 98.51647191602484 0 5.3083604331723
    endloop
  endfacet
  facet normal 0.8128466845916529 0 0.5824776968677494
    outer loop
      vertex 98.12919337231928 -8 5.749966975705895
      vertex 98.21495498434471 0 5.630286784730378
      vertex 98.12919337231928 0 5.749966975705895
    endloop
  endfacet
  facet normal 0.8819212643483663 0 0.4713967368259766
    outer loop
      vertex 97.98203633155146 -8 6.004850447007247
      vertex 98.05144284148501 0 5.875
      vertex 97.98203633155146 0 6.004850447007247
    endloop
  endfacet
  facet normal 0.8492021815265623 0 0.5280678506503947
    outer loop
      vertex 98.05144284148501 -8 5.875
      vertex 98.12919337231928 0 5.749966975705895
      vertex 98.05144284148501 0 5.875
    endloop
  endfacet
  facet normal 0.7298640726978166 0 0.6835923020228917
    outer loop
      vertex 98.3083604331723 -8 5.5164719160248445
      vertex 98.40900974233027 0 5.409009742330268
      vertex 98.3083604331723 0 5.5164719160248445
    endloop
  endfacet
  facet normal 0.7730104533627312 0 0.6343932841636525
    outer loop
      vertex 98.21495498434471 -8 5.630286784730378
      vertex 98.3083604331723 0 5.5164719160248445
      vertex 98.21495498434471 0 5.630286784730378
    endloop
  endfacet
  facet normal 0.09801714032956228 0 0.9951847266721967
    outer loop
      vertex 99.70631606750489 -8 4.769249061908926
      vertex 99.85284295923218 0 4.754817422713142
      vertex 99.70631606750489 0 4.769249061908926
    endloop
  endfacet
  facet normal 0.03271908282177446 0 0.9994645874763656
    outer loop
      vertex 99.85284295923218 -8 4.754817422713142
      vertex 100 0 4.75
      vertex 99.85284295923218 0 4.754817422713142
    endloop
  endfacet
  facet normal -0.03271908282177446 0 0.9994645874763656
    outer loop
      vertex 100 -8 4.75
      vertex 100.14715704076782 0 4.754817422713142
      vertex 100 0 4.75
    endloop
  endfacet
  facet normal -0.09801714032956228 0 0.9951847266721967
    outer loop
      vertex 100.14715704076782 -8 4.754817422713142
      vertex 100.29368393249511 0 4.769249061908926
      vertex 100.14715704076782 0 4.754817422713142
    endloop
  endfacet
  facet normal 0.412707029804385 0 0.9108638249211801
    outer loop
      vertex 99.00485044700724 -8 4.982036331551452
      vertex 99.13896227717855 0 4.921271051849605
      vertex 99.00485044700724 0 4.982036331551452
    endloop
  endfacet
  facet normal 0.4713967368260054 0 0.8819212643483509
    outer loop
      vertex 98.875 -8 5.051442841485013
      vertex 99.00485044700724 0 4.982036331551452
      vertex 98.875 0 5.051442841485013
    endloop
  endfacet
  facet normal 0.528067850650347 0 0.849202181526592
    outer loop
      vertex 98.74996697570589 -8 5.129193372319273
      vertex 98.875 0 5.051442841485013
      vertex 98.74996697570589 0 5.129193372319273
    endloop
  endfacet
  facet normal 0.582477696867807 0 0.8128466845916117
    outer loop
      vertex 98.63028678473037 -8 5.214954984344721
      vertex 98.74996697570589 0 5.129193372319273
      vertex 98.63028678473037 0 5.214954984344721
    endloop
  endfacet
  facet normal 0.35225004792122355 0 0.9359059267573295
    outer loop
      vertex 99.13896227717855 -8 4.921271051849605
      vertex 99.27676120306789 0 4.869407208636012
      vertex 99.13896227717855 0 4.921271051849605
    endloop
  endfacet
  facet normal 0.2902846772544799 0 0.9569403357322036
    outer loop
      vertex 99.27676120306789 -8 4.869407208636012
      vertex 99.41765714851933 0 4.826666890849596
      vertex 99.27676120306789 0 4.869407208636012
    endloop
  endfacet
  facet normal 0.2270762630343743 0 0.9738769792773335
    outer loop
      vertex 99.41765714851933 -8 4.826666890849596
      vertex 99.56104677546371 0 4.793233119092731
      vertex 99.41765714851933 0 4.826666890849596
    endloop
  endfacet
  facet normal 0.1628954733945823 0 0.98664333208488
    outer loop
      vertex 99.56104677546371 -8 4.793233119092731
      vertex 99.70631606750489 0 4.769249061908926
      vertex 99.56104677546371 0 4.793233119092731
    endloop
  endfacet
  facet normal 0.9738769792773385 0 0.22707626303435277
    outer loop
      vertex 97.79323311909273 -8 6.561046775463711
      vertex 97.8266668908496 0 6.417657148519329
      vertex 97.79323311909273 0 6.561046775463711
    endloop
  endfacet
  facet normal 0.9866433320848732 0 0.16289547339462332
    outer loop
      vertex 97.76924906190892 -8 6.706316067504884
      vertex 97.79323311909273 0 6.561046775463711
      vertex 97.76924906190892 0 6.706316067504884
    endloop
  endfacet
  facet normal 0.9951847266722017 0 0.09801714032951214
    outer loop
      vertex 97.75481742271315 -8 6.852842959232178
      vertex 97.76924906190892 0 6.706316067504884
      vertex 97.75481742271315 0 6.852842959232178
    endloop
  endfacet
  facet normal 0.9994645874763648 0 0.032719082821798764
    outer loop
      vertex 97.75 -8 7
      vertex 97.75481742271315 0 6.852842959232178
      vertex 97.75 0 7
    endloop
  endfacet
  facet normal 0.9994645874763648 0 -0.032719082821798764
    outer loop
      vertex 97.75481742271315 -8 7.147157040767822
      vertex 97.75 0 7
      vertex 97.75481742271315 0 7.147157040767822
    endloop
  endfacet
  facet normal 0.9951847266722017 0 -0.09801714032951214
    outer loop
      vertex 97.76924906190892 -8 7.293683932495116
      vertex 97.75481742271315 0 7.147157040767822
      vertex 97.76924906190892 0 7.293683932495116
    endloop
  endfacet
  facet normal 0.9108638249211558 0 0.41270702980443863
    outer loop
      vertex 97.9212710518496 -8 6.138962277178548
      vertex 97.98203633155146 0 6.004850447007247
      vertex 97.9212710518496 0 6.138962277178548
    endloop
  endfacet
  facet normal 0.9569403357322186 0 0.2902846772544299
    outer loop
      vertex 97.8266668908496 -8 6.417657148519329
      vertex 97.869407208636 0 6.2767612030678865
      vertex 97.8266668908496 0 6.417657148519329
    endloop
  endfacet
  facet normal 0.9359059267573184 0 0.3522500479212526
    outer loop
      vertex 97.869407208636 -8 6.2767612030678865
      vertex 97.9212710518496 0 6.138962277178548
      vertex 97.869407208636 0 6.2767612030678865
    endloop
  endfacet
  facet normal 0.9866433320848732 0 -0.16289547339462332
    outer loop
      vertex 97.79323311909273 -8 7.438953224536289
      vertex 97.76924906190892 0 7.293683932495116
      vertex 97.79323311909273 0 7.438953224536289
    endloop
  endfacet
  facet normal 0.9738769792773385 0 -0.22707626303435277
    outer loop
      vertex 97.8266668908496 -8 7.582342851480671
      vertex 97.79323311909273 0 7.438953224536289
      vertex 97.8266668908496 0 7.582342851480671
    endloop
  endfacet
  facet normal 0.9569403357322186 0 -0.2902846772544299
    outer loop
      vertex 97.869407208636 -8 7.7232387969321135
      vertex 97.8266668908496 0 7.582342851480671
      vertex 97.869407208636 0 7.7232387969321135
    endloop
  endfacet
  facet normal 0.9359059267573184 0 -0.3522500479212526
    outer loop
      vertex 97.9212710518496 -8 7.861037722821452
      vertex 97.869407208636 0 7.7232387969321135
      vertex 97.9212710518496 0 7.861037722821452
    endloop
  endfacet
  facet normal 0.9108638249211558 0 -0.41270702980443863
    outer loop
      vertex 97.98203633155146 -8 7.995149552992753
      vertex 97.9212710518496 0 7.861037722821452
      vertex 97.98203633155146 0 7.995149552992753
    endloop
  endfacet
  facet normal 0.8819212643483663 0 -0.4713967368259766
    outer loop
      vertex 98.05144284148501 -8 8.125
      vertex 97.98203633155146 0 7.995149552992753
      vertex 98.05144284148501 0 8.125
    endloop
  endfacet
  facet normal 0.8492021815265623 0 -0.5280678506503947
    outer loop
      vertex 98.12919337231928 -8 8.250033024294105
      vertex 98.05144284148501 0 8.125
      vertex 98.12919337231928 0 8.250033024294105
    endloop
  endfacet
  facet normal 0.8128466845916529 0 -0.5824776968677494
    outer loop
      vertex 98.21495498434471 -8 8.369713215269622
      vertex 98.12919337231928 0 8.250033024294105
      vertex 98.21495498434471 0 8.369713215269622
    endloop
  endfacet
  facet normal 0.7730104533627312 0 -0.6343932841636525
    outer loop
      vertex 98.3083604331723 -8 8.483528083975155
      vertex 98.21495498434471 0 8.369713215269622
      vertex 98.3083604331723 0 8.483528083975155
    endloop
  endfacet
  facet normal 0.7298640726978166 0 -0.6835923020228917
    outer loop
      vertex 98.40900974233027 -8 8.590990257669732
      vertex 98.3083604331723 0 8.483528083975155
      vertex 98.40900974233027 0 8.590990257669732
    endloop
  endfacet
  facet normal 0.6835923020228906 0 -0.7298640726978178
    outer loop
      vertex 98.51647191602484 -8 8.6916395668277
      vertex 98.40900974233027 0 8.590990257669732
      vertex 98.51647191602484 0 8.6916395668277
    endloop
  endfacet
  facet normal 0.634393284163644 0 -0.7730104533627382
    outer loop
      vertex 98.63028678473037 -8 8.785045015655278
      vertex 98.51647191602484 0 8.6916395668277
      vertex 98.63028678473037 0 8.785045015655278
    endloop
  endfacet
  facet normal 0.582477696867811 0 -0.812846684591609
    outer loop
      vertex 98.74996697570589 -8 8.870806627680727
      vertex 98.63028678473037 0 8.785045015655278
      vertex 98.74996697570589 0 8.870806627680727
    endloop
  endfacet
  facet normal 0.528067850650347 0 -0.849202181526592
    outer loop
      vertex 98.875 -8 8.948557158514987
      vertex 98.74996697570589 0 8.870806627680727
      vertex 98.875 0 8.948557158514987
    endloop
  endfacet
  facet normal 0.4713967368260054 0 -0.8819212643483509
    outer loop
      vertex 99.00485044700724 -8 9.017963668448548
      vertex 98.875 0 8.948557158514987
      vertex 99.00485044700724 0 9.017963668448548
    endloop
  endfacet
  facet normal 0.412707029804385 0 -0.9108638249211801
    outer loop
      vertex 99.13896227717855 -8 9.078728948150395
      vertex 99.00485044700724 0 9.017963668448548
      vertex 99.13896227717855 0 9.078728948150395
    endloop
  endfacet
  facet normal 0.35225004792122355 0 -0.9359059267573295
    outer loop
      vertex 99.27676120306789 -8 9.130592791363988
      vertex 99.13896227717855 0 9.078728948150395
      vertex 99.27676120306789 0 9.130592791363988
    endloop
  endfacet
  facet normal 0.2902846772544799 0 -0.9569403357322036
    outer loop
      vertex 99.41765714851933 -8 9.173333109150404
      vertex 99.27676120306789 0 9.130592791363988
      vertex 99.41765714851933 0 9.173333109150404
    endloop
  endfacet
  facet normal 0.2270762630343743 0 -0.9738769792773335
    outer loop
      vertex 99.56104677546371 -8 9.206766880907269
      vertex 99.41765714851933 0 9.173333109150404
      vertex 99.56104677546371 0 9.206766880907269
    endloop
  endfacet
  facet normal 0.1628954733945823 0 -0.98664333208488
    outer loop
      vertex 99.70631606750489 -8 9.230750938091074
      vertex 99.56104677546371 0 9.206766880907269
      vertex 99.70631606750489 0 9.230750938091074
    endloop
  endfacet
  facet normal 0.09801714032956228 0 -0.9951847266721967
    outer loop
      vertex 99.85284295923218 -8 9.245182577286858
      vertex 99.70631606750489 0 9.230750938091074
      vertex 99.85284295923218 0 9.245182577286858
    endloop
  endfacet
  facet normal 0.03271908282177446 0 -0.9994645874763656
    outer loop
      vertex 100 -8 9.25
      vertex 99.85284295923218 0 9.245182577286858
      vertex 100 0 9.25
    endloop
  endfacet
  facet normal -0.03271908282177446 0 -0.9994645874763656
    outer loop
      vertex 100.14715704076782 -8 9.245182577286858
      vertex 100 0 9.25
      vertex 100.14715704076782 0 9.245182577286858
    endloop
  endfacet
  facet normal -0.09801714032956228 0 -0.9951847266721967
    outer loop
      vertex 100.29368393249511 -8 9.230750938091074
      vertex 100.14715704076782 0 9.245182577286858
      vertex 100.29368393249511 0 9.230750938091074
    endloop
  endfacet
  facet normal -0.1628954733945823 0 0.98664333208488
    outer loop
      vertex 100.29368393249511 -8 4.769249061908926
      vertex 100.43895322453629 0 4.793233119092731
      vertex 100.29368393249511 0 4.769249061908926
    endloop
  endfacet
  facet normal -0.2270762630343743 0 0.9738769792773335
    outer loop
      vertex 100.43895322453629 -8 4.793233119092731
      vertex 100.58234285148067 0 4.826666890849596
      vertex 100.43895322453629 0 4.793233119092731
    endloop
  endfacet
  facet normal -0.2902846772544799 0 0.9569403357322036
    outer loop
      vertex 100.58234285148067 -8 4.826666890849596
      vertex 100.72323879693211 0 4.869407208636012
      vertex 100.58234285148067 0 4.826666890849596
    endloop
  endfacet
  facet normal -0.35225004792122355 0 0.9359059267573295
    outer loop
      vertex 100.72323879693211 -8 4.869407208636012
      vertex 100.86103772282145 0 4.921271051849605
      vertex 100.72323879693211 0 4.869407208636012
    endloop
  endfacet
  facet normal -0.412707029804385 0 0.9108638249211801
    outer loop
      vertex 100.86103772282145 -8 4.921271051849605
      vertex 100.99514955299276 0 4.982036331551452
      vertex 100.86103772282145 0 4.921271051849605
    endloop
  endfacet
  facet normal -0.4713967368260054 0 0.8819212643483509
    outer loop
      vertex 100.99514955299276 -8 4.982036331551452
      vertex 101.125 0 5.051442841485013
      vertex 100.99514955299276 0 4.982036331551452
    endloop
  endfacet
  facet normal -0.528067850650347 0 0.849202181526592
    outer loop
      vertex 101.125 -8 5.051442841485013
      vertex 101.25003302429411 0 5.129193372319273
      vertex 101.125 0 5.051442841485013
    endloop
  endfacet
  facet normal -0.582477696867807 0 0.8128466845916117
    outer loop
      vertex 101.25003302429411 -8 5.129193372319273
      vertex 101.36971321526963 0 5.214954984344721
      vertex 101.25003302429411 0 5.129193372319273
    endloop
  endfacet
  facet normal -0.6343932841636477 0 0.7730104533627353
    outer loop
      vertex 101.36971321526963 -8 5.214954984344721
      vertex 101.48352808397516 0 5.3083604331723
      vertex 101.36971321526963 0 5.214954984344721
    endloop
  endfacet
  facet normal -0.6835923020228906 0 0.7298640726978178
    outer loop
      vertex 101.48352808397516 -8 5.3083604331723
      vertex 101.59099025766973 0 5.409009742330268
      vertex 101.48352808397516 0 5.3083604331723
    endloop
  endfacet
  facet normal -0.7298640726978166 0 0.6835923020228917
    outer loop
      vertex 101.59099025766973 -8 5.409009742330268
      vertex 101.6916395668277 0 5.5164719160248445
      vertex 101.59099025766973 0 5.409009742330268
    endloop
  endfacet
  facet normal -0.7730104533627312 0 0.6343932841636525
    outer loop
      vertex 101.6916395668277 -8 5.5164719160248445
      vertex 101.78504501565529 0 5.630286784730378
      vertex 101.6916395668277 0 5.5164719160248445
    endloop
  endfacet
  facet normal -0.8128466845916529 0 0.5824776968677494
    outer loop
      vertex 101.78504501565529 0 5.630286784730378
      vertex 101.78504501565529 -8 5.630286784730378
      vertex 101.87080662768072 0 5.749966975705895
    endloop
  endfacet
  facet normal -0.8492021815265623 0 0.5280678506503947
    outer loop
      vertex 101.87080662768072 0 5.749966975705895
      vertex 101.87080662768072 -8 5.749966975705895
      vertex 101.94855715851499 0 5.875
    endloop
  endfacet
  facet normal -0.8819212643483663 0 0.4713967368259766
    outer loop
      vertex 101.94855715851499 0 5.875
      vertex 101.94855715851499 -8 5.875
      vertex 102.01796366844854 0 6.004850447007247
    endloop
  endfacet
  facet normal -0.9108638249211558 0 0.41270702980443863
    outer loop
      vertex 102.01796366844854 0 6.004850447007247
      vertex 102.01796366844854 -8 6.004850447007247
      vertex 102.0787289481504 0 6.138962277178548
    endloop
  endfacet
  facet normal -0.6835923020228906 -2.790047149433233e-19 -0.7298640726978178
    outer loop
      vertex 101.48352808397516 0 8.6916395668277
      vertex 101.59099025766973 0 8.590990257669732
      vertex 101.59099025766973 -8 8.590990257669732
    endloop
  endfacet
  facet normal -0.8128466845916529 0 -0.5824776968677494
    outer loop
      vertex 101.87080662768072 0 8.250033024294105
      vertex 101.87080662768072 -8 8.250033024294105
      vertex 101.78504501565529 0 8.369713215269622
    endloop
  endfacet
  facet normal -0.8492021815265623 0 -0.5280678506503947
    outer loop
      vertex 101.94855715851499 0 8.125
      vertex 101.94855715851499 -8 8.125
      vertex 101.87080662768072 0 8.250033024294105
    endloop
  endfacet
  facet normal -0.7730104533627312 0 -0.6343932841636525
    outer loop
      vertex 101.78504501565529 0 8.369713215269622
      vertex 101.78504501565529 -8 8.369713215269622
      vertex 101.6916395668277 0 8.483528083975155
    endloop
  endfacet
  facet normal -0.7298640726978166 0 -0.6835923020228917
    outer loop
      vertex 101.6916395668277 0 8.483528083975155
      vertex 101.6916395668277 -8 8.483528083975155
      vertex 101.59099025766973 0 8.590990257669732
    endloop
  endfacet
  facet normal -0.9359059267573184 0 0.3522500479212526
    outer loop
      vertex 102.0787289481504 0 6.138962277178548
      vertex 102.0787289481504 -8 6.138962277178548
      vertex 102.130592791364 0 6.2767612030678865
    endloop
  endfacet
  facet normal -0.9569403357322186 0 0.2902846772544299
    outer loop
      vertex 102.130592791364 0 6.2767612030678865
      vertex 102.130592791364 -8 6.2767612030678865
      vertex 102.1733331091504 0 6.417657148519329
    endloop
  endfacet
  facet normal -0.9738769792773385 0 0.22707626303435277
    outer loop
      vertex 102.1733331091504 0 6.417657148519329
      vertex 102.1733331091504 -8 6.417657148519329
      vertex 102.20676688090727 0 6.561046775463711
    endloop
  endfacet
  facet normal -0.9866433320848732 0 0.16289547339462332
    outer loop
      vertex 102.20676688090727 0 6.561046775463711
      vertex 102.20676688090727 -8 6.561046775463711
      vertex 102.23075093809108 0 6.706316067504884
    endloop
  endfacet
  facet normal -0.9951847266722017 0 0.09801714032951214
    outer loop
      vertex 102.23075093809108 0 6.706316067504884
      vertex 102.23075093809108 -8 6.706316067504884
      vertex 102.24518257728685 0 6.852842959232178
    endloop
  endfacet
  facet normal -0.9994645874763648 0 0.032719082821798764
    outer loop
      vertex 102.24518257728685 0 6.852842959232178
      vertex 102.24518257728685 -8 6.852842959232178
      vertex 102.25 0 7
    endloop
  endfacet
  facet normal -0.9994645874763648 0 -0.032719082821798764
    outer loop
      vertex 102.25 0 7
      vertex 102.25 -8 7
      vertex 102.24518257728685 0 7.147157040767822
    endloop
  endfacet
  facet normal -0.9951847266722017 0 -0.09801714032951214
    outer loop
      vertex 102.24518257728685 0 7.147157040767822
      vertex 102.24518257728685 -8 7.147157040767822
      vertex 102.23075093809108 0 7.293683932495116
    endloop
  endfacet
  facet normal -0.9866433320848732 0 -0.16289547339462332
    outer loop
      vertex 102.23075093809108 0 7.293683932495116
      vertex 102.23075093809108 -8 7.293683932495116
      vertex 102.20676688090727 0 7.438953224536289
    endloop
  endfacet
  facet normal -0.9569403357322186 0 -0.2902846772544299
    outer loop
      vertex 102.1733331091504 0 7.582342851480671
      vertex 102.1733331091504 -8 7.582342851480671
      vertex 102.130592791364 0 7.7232387969321135
    endloop
  endfacet
  facet normal -0.9738769792773385 0 -0.22707626303435277
    outer loop
      vertex 102.20676688090727 0 7.438953224536289
      vertex 102.20676688090727 -8 7.438953224536289
      vertex 102.1733331091504 0 7.582342851480671
    endloop
  endfacet
  facet normal -0.9359059267573184 0 -0.3522500479212526
    outer loop
      vertex 102.130592791364 0 7.7232387969321135
      vertex 102.130592791364 -8 7.7232387969321135
      vertex 102.0787289481504 0 7.861037722821452
    endloop
  endfacet
  facet normal -0.9108638249211558 0 -0.41270702980443863
    outer loop
      vertex 102.0787289481504 0 7.861037722821452
      vertex 102.0787289481504 -8 7.861037722821452
      vertex 102.01796366844854 0 7.995149552992753
    endloop
  endfacet
  facet normal -0.8819212643483663 0 -0.4713967368259766
    outer loop
      vertex 102.01796366844854 0 7.995149552992753
      vertex 102.01796366844854 -8 7.995149552992753
      vertex 101.94855715851499 0 8.125
    endloop
  endfacet
  facet normal -0.1628954733945823 0 -0.98664333208488
    outer loop
      vertex 100.43895322453629 -8 9.206766880907269
      vertex 100.29368393249511 0 9.230750938091074
      vertex 100.43895322453629 0 9.206766880907269
    endloop
  endfacet
  facet normal -0.2270762630343743 0 -0.9738769792773335
    outer loop
      vertex 100.58234285148067 -8 9.173333109150404
      vertex 100.43895322453629 0 9.206766880907269
      vertex 100.58234285148067 0 9.173333109150404
    endloop
  endfacet
  facet normal -0.2902846772544799 0 -0.9569403357322036
    outer loop
      vertex 100.72323879693211 -8 9.130592791363988
      vertex 100.58234285148067 0 9.173333109150404
      vertex 100.72323879693211 0 9.130592791363988
    endloop
  endfacet
  facet normal -0.35225004792122355 0 -0.9359059267573295
    outer loop
      vertex 100.86103772282145 -8 9.078728948150395
      vertex 100.72323879693211 0 9.130592791363988
      vertex 100.86103772282145 0 9.078728948150395
    endloop
  endfacet
  facet normal -0.412707029804385 -7.298739718093739e-19 -0.9108638249211801
    outer loop
      vertex 100.86103772282145 0 9.078728948150395
      vertex 100.99514955299276 0 9.017963668448548
      vertex 100.99514955299276 -8 9.017963668448548
    endloop
  endfacet
  facet normal -0.4713967368260054 -9.178771886168871e-20 -0.8819212643483509
    outer loop
      vertex 100.99514955299276 0 9.017963668448548
      vertex 101.125 0 8.948557158514987
      vertex 101.125 -8 8.948557158514987
    endloop
  endfacet
  facet normal -0.528067850650347 -7.258707450913923e-19 -0.849202181526592
    outer loop
      vertex 101.125 0 8.948557158514987
      vertex 101.25003302429411 0 8.870806627680727
      vertex 101.25003302429411 -8 8.870806627680727
    endloop
  endfacet
  facet normal -0.582477696867811 4.559565110569442e-22 -0.812846684591609
    outer loop
      vertex 101.25003302429411 0 8.870806627680727
      vertex 101.36971321526963 0 8.785045015655278
      vertex 101.36971321526963 -8 8.785045015655278
    endloop
  endfacet
  facet normal -0.634393284163644 7.166547304344366e-19 -0.7730104533627382
    outer loop
      vertex 101.36971321526963 0 8.785045015655278
      vertex 101.48352808397516 0 8.6916395668277
      vertex 101.48352808397516 -8 8.6916395668277
    endloop
  endfacet
  facet normal 0.8128466845916488 0 0.5824776968677552
    outer loop
      vertex 98.21495498434471 0 63.63028678473038
      vertex 98.12919337231928 -8 63.749966975705895
      vertex 98.21495498434471 -8 63.63028678473038
    endloop
  endfacet
  facet normal 0.6343932841636585 0 0.7730104533627264
    outer loop
      vertex 98.63028678473037 0 63.21495498434472
      vertex 98.51647191602484 -8 63.308360433172304
      vertex 98.63028678473037 -8 63.21495498434472
    endloop
  endfacet
  facet normal 0.683592302022884 0 0.7298640726978237
    outer loop
      vertex 98.51647191602484 0 63.308360433172304
      vertex 98.40900974233027 -8 63.40900974233027
      vertex 98.51647191602484 -8 63.308360433172304
    endloop
  endfacet
  facet normal 0.7298640726978222 0 0.6835923020228856
    outer loop
      vertex 98.40900974233027 0 63.40900974233027
      vertex 98.3083604331723 -8 63.51647191602485
      vertex 98.40900974233027 -8 63.40900974233027
    endloop
  endfacet
  facet normal 0.7730104533627264 0 0.6343932841636585
    outer loop
      vertex 98.3083604331723 0 63.51647191602485
      vertex 98.21495498434471 -8 63.63028678473038
      vertex 98.3083604331723 -8 63.51647191602485
    endloop
  endfacet
  facet normal 0.9866433320848742 0 0.16289547339461752
    outer loop
      vertex 97.79323311909273 0 64.56104677546371
      vertex 97.76924906190892 -8 64.70631606750489
      vertex 97.79323311909273 -8 64.56104677546371
    endloop
  endfacet
  facet normal 0.9951847266722015 0 0.09801714032951449
    outer loop
      vertex 97.76924906190892 0 64.70631606750489
      vertex 97.75481742271315 -8 64.85284295923218
      vertex 97.76924906190892 -8 64.70631606750489
    endloop
  endfacet
  facet normal 0.9994645874763648 0 0.03271908282179856
    outer loop
      vertex 97.75481742271315 0 64.85284295923218
      vertex 97.75 -8 65
      vertex 97.75481742271315 -8 64.85284295923218
    endloop
  endfacet
  facet normal 0.8492021815265623 0 0.5280678506503947
    outer loop
      vertex 98.12919337231928 0 63.749966975705895
      vertex 98.05144284148501 -8 63.875
      vertex 98.12919337231928 -8 63.749966975705895
    endloop
  endfacet
  facet normal 0.8819212643483608 0 0.47139673682598665
    outer loop
      vertex 98.05144284148501 0 63.875
      vertex 97.98203633155146 -8 64.00485044700724
      vertex 98.05144284148501 -8 63.875
    endloop
  endfacet
  facet normal 0.9108638249211621 0 0.41270702980442514
    outer loop
      vertex 97.98203633155146 0 64.00485044700724
      vertex 97.9212710518496 -8 64.13896227717855
      vertex 97.98203633155146 -8 64.00485044700724
    endloop
  endfacet
  facet normal 0.9359059267573215 0 0.3522500479212447
    outer loop
      vertex 97.9212710518496 0 64.13896227717855
      vertex 97.869407208636 -8 64.27676120306789
      vertex 97.9212710518496 -8 64.13896227717855
    endloop
  endfacet
  facet normal 0.9569403357322137 0 0.29028467725444673
    outer loop
      vertex 97.869407208636 0 64.27676120306789
      vertex 97.8266668908496 -8 64.41765714851933
      vertex 97.869407208636 -8 64.27676120306789
    endloop
  endfacet
  facet normal 0.9738769792773389 0 0.22707626303435144
    outer loop
      vertex 97.8266668908496 0 64.41765714851933
      vertex 97.79323311909273 -8 64.56104677546371
      vertex 97.8266668908496 -8 64.41765714851933
    endloop
  endfacet
  facet normal 0.5280678506503382 0 0.8492021815265973
    outer loop
      vertex 98.875 0 63.05144284148501
      vertex 98.74996697570589 -8 63.12919337231927
      vertex 98.875 -8 63.05144284148501
    endloop
  endfacet
  facet normal 0.47139673682602423 0 0.881921264348341
    outer loop
      vertex 99.00485044700724 0 62.98203633155145
      vertex 98.875 -8 63.05144284148501
      vertex 99.00485044700724 -8 62.98203633155145
    endloop
  endfacet
  facet normal 0.3522500479212447 0 0.9359059267573215
    outer loop
      vertex 99.27676120306789 0 62.86940720863601
      vertex 99.13896227717855 -8 62.92127105184961
      vertex 99.27676120306789 -8 62.86940720863601
    endloop
  endfacet
  facet normal 0.41270702980434504 0 0.9108638249211983
    outer loop
      vertex 99.13896227717855 0 62.92127105184961
      vertex 99.00485044700724 -8 62.98203633155145
      vertex 99.13896227717855 -8 62.92127105184961
    endloop
  endfacet
  facet normal 0.29028467725449086 0 0.9569403357322002
    outer loop
      vertex 99.41765714851933 0 62.826666890849594
      vertex 99.27676120306789 -8 62.86940720863601
      vertex 99.41765714851933 -8 62.826666890849594
    endloop
  endfacet
  facet normal 0.5824776968678189 0 0.8128466845916031
    outer loop
      vertex 98.74996697570589 0 63.12919337231927
      vertex 98.63028678473037 -8 63.21495498434472
      vertex 98.74996697570589 -8 63.12919337231927
    endloop
  endfacet
  facet normal 0.22707626303435144 0 0.9738769792773389
    outer loop
      vertex 99.56104677546371 0 62.79323311909273
      vertex 99.41765714851933 -8 62.826666890849594
      vertex 99.56104677546371 -8 62.79323311909273
    endloop
  endfacet
  facet normal 0.16289547339457053 0 0.9866433320848819
    outer loop
      vertex 99.70631606750489 0 62.76924906190893
      vertex 99.56104677546371 -8 62.79323311909273
      vertex 99.70631606750489 -8 62.76924906190893
    endloop
  endfacet
  facet normal 0.09801714032956228 0 0.9951847266721967
    outer loop
      vertex 99.85284295923218 0 62.754817422713145
      vertex 99.70631606750489 -8 62.76924906190893
      vertex 99.85284295923218 -8 62.754817422713145
    endloop
  endfacet
  facet normal 0.03271908282179856 0 0.9994645874763648
    outer loop
      vertex 100 0 62.75
      vertex 99.85284295923218 -8 62.754817422713145
      vertex 100 -8 62.75
    endloop
  endfacet
  facet normal -0.03271908282179856 0 0.9994645874763648
    outer loop
      vertex 100.14715704076782 0 62.754817422713145
      vertex 100 -8 62.75
      vertex 100.14715704076782 -8 62.754817422713145
    endloop
  endfacet
  facet normal -0.09801714032956228 0 0.9951847266721967
    outer loop
      vertex 100.29368393249511 0 62.76924906190893
      vertex 100.14715704076782 -8 62.754817422713145
      vertex 100.29368393249511 -8 62.76924906190893
    endloop
  endfacet
  facet normal -0.16289547339457053 0 0.9866433320848819
    outer loop
      vertex 100.43895322453629 0 62.79323311909273
      vertex 100.29368393249511 -8 62.76924906190893
      vertex 100.43895322453629 -8 62.79323311909273
    endloop
  endfacet
  facet normal -0.22707626303435144 0 0.9738769792773389
    outer loop
      vertex 100.58234285148067 0 62.826666890849594
      vertex 100.43895322453629 -8 62.79323311909273
      vertex 100.58234285148067 -8 62.826666890849594
    endloop
  endfacet
  facet normal -0.29028467725449086 0 0.9569403357322002
    outer loop
      vertex 100.72323879693211 0 62.86940720863601
      vertex 100.58234285148067 -8 62.826666890849594
      vertex 100.72323879693211 -8 62.86940720863601
    endloop
  endfacet
  facet normal -0.3522500479212447 0 0.9359059267573215
    outer loop
      vertex 100.86103772282145 0 62.92127105184961
      vertex 100.72323879693211 -8 62.86940720863601
      vertex 100.86103772282145 -8 62.92127105184961
    endloop
  endfacet
  facet normal -0.41270702980434504 0 0.9108638249211983
    outer loop
      vertex 100.99514955299276 0 62.98203633155145
      vertex 100.86103772282145 -8 62.92127105184961
      vertex 100.99514955299276 -8 62.98203633155145
    endloop
  endfacet
  facet normal -0.47139673682602423 0 0.881921264348341
    outer loop
      vertex 101.125 0 63.05144284148501
      vertex 100.99514955299276 -8 62.98203633155145
      vertex 101.125 -8 63.05144284148501
    endloop
  endfacet
  facet normal -0.5280678506503382 0 0.8492021815265973
    outer loop
      vertex 101.25003302429411 0 63.12919337231927
      vertex 101.125 -8 63.05144284148501
      vertex 101.25003302429411 -8 63.12919337231927
    endloop
  endfacet
  facet normal -0.5824776968678189 0 0.8128466845916031
    outer loop
      vertex 101.36971321526963 0 63.21495498434472
      vertex 101.25003302429411 -8 63.12919337231927
      vertex 101.36971321526963 -8 63.21495498434472
    endloop
  endfacet
  facet normal -0.6343932841636585 0 0.7730104533627264
    outer loop
      vertex 101.48352808397516 0 63.308360433172304
      vertex 101.36971321526963 -8 63.21495498434472
      vertex 101.48352808397516 -8 63.308360433172304
    endloop
  endfacet
  facet normal -0.683592302022884 0 0.7298640726978237
    outer loop
      vertex 101.59099025766973 0 63.40900974233027
      vertex 101.48352808397516 -8 63.308360433172304
      vertex 101.59099025766973 -8 63.40900974233027
    endloop
  endfacet
  facet normal -0.7298640726978222 0 0.6835923020228856
    outer loop
      vertex 101.6916395668277 0 63.51647191602485
      vertex 101.59099025766973 -8 63.40900974233027
      vertex 101.6916395668277 -8 63.51647191602485
    endloop
  endfacet
  facet normal -0.7730104533627264 0 0.6343932841636585
    outer loop
      vertex 101.78504501565529 0 63.63028678473038
      vertex 101.6916395668277 -8 63.51647191602485
      vertex 101.78504501565529 -8 63.63028678473038
    endloop
  endfacet
  facet normal -0.8128466845916488 0 0.5824776968677552
    outer loop
      vertex 101.87080662768072 0 63.749966975705895
      vertex 101.78504501565529 -8 63.63028678473038
      vertex 101.87080662768072 -8 63.749966975705895
    endloop
  endfacet
  facet normal -0.8492021815265623 0 0.5280678506503947
    outer loop
      vertex 101.94855715851499 0 63.875
      vertex 101.87080662768072 -8 63.749966975705895
      vertex 101.94855715851499 -8 63.875
    endloop
  endfacet
  facet normal -0.8819212643483608 0 0.47139673682598665
    outer loop
      vertex 102.01796366844854 0 64.00485044700724
      vertex 101.94855715851499 -8 63.875
      vertex 102.01796366844854 -8 64.00485044700724
    endloop
  endfacet
  facet normal -0.9108638249211621 0 0.41270702980442514
    outer loop
      vertex 102.0787289481504 0 64.13896227717855
      vertex 102.01796366844854 -8 64.00485044700724
      vertex 102.0787289481504 -8 64.13896227717855
    endloop
  endfacet
  facet normal -0.9359059267573215 0 0.3522500479212447
    outer loop
      vertex 102.130592791364 0 64.27676120306789
      vertex 102.0787289481504 -8 64.13896227717855
      vertex 102.130592791364 -8 64.27676120306789
    endloop
  endfacet
  facet normal -0.9569403357322137 0 0.29028467725444673
    outer loop
      vertex 102.1733331091504 0 64.41765714851933
      vertex 102.130592791364 -8 64.27676120306789
      vertex 102.1733331091504 -8 64.41765714851933
    endloop
  endfacet
  facet normal -0.9738769792773389 0 0.22707626303435144
    outer loop
      vertex 102.20676688090727 0 64.56104677546371
      vertex 102.1733331091504 -8 64.41765714851933
      vertex 102.20676688090727 -8 64.56104677546371
    endloop
  endfacet
  facet normal -0.9866433320848742 0 0.16289547339461752
    outer loop
      vertex 102.23075093809108 0 64.70631606750489
      vertex 102.20676688090727 -8 64.56104677546371
      vertex 102.23075093809108 -8 64.70631606750489
    endloop
  endfacet
  facet normal -0.9951847266722015 0 0.09801714032951449
    outer loop
      vertex 102.24518257728685 0 64.85284295923218
      vertex 102.23075093809108 -8 64.70631606750489
      vertex 102.24518257728685 -8 64.85284295923218
    endloop
  endfacet
  facet normal -0.9994645874763648 0 0.03271908282179856
    outer loop
      vertex 102.25 0 65
      vertex 102.24518257728685 -8 64.85284295923218
      vertex 102.25 -8 65
    endloop
  endfacet
  facet normal 0.8128466845916488 0 0.5824776968677552
    outer loop
      vertex 98.12919337231928 0 63.749966975705895
      vertex 98.12919337231928 -8 63.749966975705895
      vertex 98.21495498434471 0 63.63028678473038
    endloop
  endfacet
  facet normal 0.683592302022884 -2.1823075034373866e-19 0.7298640726978237
    outer loop
      vertex 98.51647191602484 0 63.308360433172304
      vertex 98.40900974233027 0 63.40900974233027
      vertex 98.40900974233027 -8 63.40900974233027
    endloop
  endfacet
  facet normal 0.6343932841636585 5.79909014632326e-19 0.7730104533627264
    outer loop
      vertex 98.63028678473037 0 63.21495498434472
      vertex 98.51647191602484 0 63.308360433172304
      vertex 98.51647191602484 -8 63.308360433172304
    endloop
  endfacet
  facet normal 0.7298640726978222 0 0.6835923020228856
    outer loop
      vertex 98.3083604331723 0 63.51647191602485
      vertex 98.3083604331723 -8 63.51647191602485
      vertex 98.40900974233027 0 63.40900974233027
    endloop
  endfacet
  facet normal 0.7730104533627264 0 0.6343932841636585
    outer loop
      vertex 98.21495498434471 0 63.63028678473038
      vertex 98.21495498434471 -8 63.63028678473038
      vertex 98.3083604331723 0 63.51647191602485
    endloop
  endfacet
  facet normal 0.9738769792773389 0 0.22707626303435144
    outer loop
      vertex 97.79323311909273 0 64.56104677546371
      vertex 97.79323311909273 -8 64.56104677546371
      vertex 97.8266668908496 0 64.41765714851933
    endloop
  endfacet
  facet normal 0.9866433320848742 0 0.16289547339461752
    outer loop
      vertex 97.76924906190892 0 64.70631606750489
      vertex 97.76924906190892 -8 64.70631606750489
      vertex 97.79323311909273 0 64.56104677546371
    endloop
  endfacet
  facet normal 0.9951847266722015 0 0.09801714032951449
    outer loop
      vertex 97.75481742271315 0 64.85284295923218
      vertex 97.75481742271315 -8 64.85284295923218
      vertex 97.76924906190892 0 64.70631606750489
    endloop
  endfacet
  facet normal 0.9994645874763648 0 0.03271908282179856
    outer loop
      vertex 97.75 0 65
      vertex 97.75 -8 65
      vertex 97.75481742271315 0 64.85284295923218
    endloop
  endfacet
  facet normal 0.8819212643483608 0 0.47139673682598665
    outer loop
      vertex 97.98203633155146 0 64.00485044700724
      vertex 97.98203633155146 -8 64.00485044700724
      vertex 98.05144284148501 0 63.875
    endloop
  endfacet
  facet normal 0.8492021815265623 0 0.5280678506503947
    outer loop
      vertex 98.05144284148501 0 63.875
      vertex 98.05144284148501 -8 63.875
      vertex 98.12919337231928 0 63.749966975705895
    endloop
  endfacet
  facet normal 0.9108638249211621 0 0.41270702980442514
    outer loop
      vertex 97.9212710518496 0 64.13896227717855
      vertex 97.9212710518496 -8 64.13896227717855
      vertex 97.98203633155146 0 64.00485044700724
    endloop
  endfacet
  facet normal 0.9359059267573215 0 0.3522500479212447
    outer loop
      vertex 97.869407208636 0 64.27676120306789
      vertex 97.869407208636 -8 64.27676120306789
      vertex 97.9212710518496 0 64.13896227717855
    endloop
  endfacet
  facet normal 0.9569403357322137 0 0.29028467725444673
    outer loop
      vertex 97.8266668908496 0 64.41765714851933
      vertex 97.8266668908496 -8 64.41765714851933
      vertex 97.869407208636 0 64.27676120306789
    endloop
  endfacet
  facet normal 0.41270702980434504 -2.555680540009148e-19 0.9108638249211983
    outer loop
      vertex 99.13896227717855 0 62.92127105184961
      vertex 99.00485044700724 0 62.98203633155145
      vertex 99.00485044700724 -8 62.98203633155145
    endloop
  endfacet
  facet normal 0.47139673682602423 5.832282578705801e-21 0.881921264348341
    outer loop
      vertex 99.00485044700724 0 62.98203633155145
      vertex 98.875 0 63.05144284148501
      vertex 98.875 -8 63.05144284148501
    endloop
  endfacet
  facet normal 0.3522500479212447 -1.12871083145536e-19 0.9359059267573215
    outer loop
      vertex 99.27676120306789 0 62.86940720863601
      vertex 99.13896227717855 0 62.92127105184961
      vertex 99.13896227717855 -8 62.92127105184961
    endloop
  endfacet
  facet normal 0.29028467725449086 -1.4147386879274194e-19 0.9569403357322002
    outer loop
      vertex 99.41765714851933 0 62.826666890849594
      vertex 99.27676120306789 0 62.86940720863601
      vertex 99.27676120306789 -8 62.86940720863601
    endloop
  endfacet
  facet normal 0.22707626303435144 -7.510293277444442e-20 0.9738769792773389
    outer loop
      vertex 99.56104677546371 0 62.79323311909273
      vertex 99.41765714851933 0 62.826666890849594
      vertex 99.41765714851933 -8 62.826666890849594
    endloop
  endfacet
  facet normal 0.5280678506503382 -6.760672141677903e-19 0.8492021815265973
    outer loop
      vertex 98.875 0 63.05144284148501
      vertex 98.74996697570589 0 63.12919337231927
      vertex 98.74996697570589 -8 63.12919337231927
    endloop
  endfacet
  facet normal 0.5824776968678189 6.594850290786709e-19 0.8128466845916031
    outer loop
      vertex 98.74996697570589 0 63.12919337231927
      vertex 98.63028678473037 0 63.21495498434472
      vertex 98.63028678473037 -8 63.21495498434472
    endloop
  endfacet
  facet normal 0.16289547339457053 6.607431480318591e-20 0.9866433320848819
    outer loop
      vertex 99.70631606750489 0 62.76924906190893
      vertex 99.56104677546371 0 62.79323311909273
      vertex 99.56104677546371 -8 62.79323311909273
    endloop
  endfacet
  facet normal 0.09801714032956228 1.0679421091238673e-19 0.9951847266721967
    outer loop
      vertex 99.85284295923218 0 62.754817422713145
      vertex 99.70631606750489 0 62.76924906190893
      vertex 99.70631606750489 -8 62.76924906190893
    endloop
  endfacet
  facet normal 0.03271908282179856 -3.368817804412451e-20 0.9994645874763648
    outer loop
      vertex 100 0 62.75
      vertex 99.85284295923218 0 62.754817422713145
      vertex 99.85284295923218 -8 62.754817422713145
    endloop
  endfacet
  facet normal -0.03271908282179856 3.368817804412451e-20 0.9994645874763648
    outer loop
      vertex 100.14715704076782 0 62.754817422713145
      vertex 100 0 62.75
      vertex 100 -8 62.75
    endloop
  endfacet
  facet normal -0.09801714032956228 -1.0679421091238673e-19 0.9951847266721967
    outer loop
      vertex 100.29368393249511 0 62.76924906190893
      vertex 100.14715704076782 0 62.754817422713145
      vertex 100.14715704076782 -8 62.754817422713145
    endloop
  endfacet
  facet normal -0.16289547339457053 -6.607431480318591e-20 0.9866433320848819
    outer loop
      vertex 100.43895322453629 0 62.79323311909273
      vertex 100.29368393249511 0 62.76924906190893
      vertex 100.29368393249511 -8 62.76924906190893
    endloop
  endfacet
  facet normal -0.22707626303435144 7.510293277444442e-20 0.9738769792773389
    outer loop
      vertex 100.58234285148067 0 62.826666890849594
      vertex 100.43895322453629 0 62.79323311909273
      vertex 100.43895322453629 -8 62.79323311909273
    endloop
  endfacet
  facet normal -0.29028467725449086 1.4147386879274194e-19 0.9569403357322002
    outer loop
      vertex 100.72323879693211 0 62.86940720863601
      vertex 100.58234285148067 0 62.826666890849594
      vertex 100.58234285148067 -8 62.826666890849594
    endloop
  endfacet
  facet normal -0.3522500479212447 1.12871083145536e-19 0.9359059267573215
    outer loop
      vertex 100.86103772282145 0 62.92127105184961
      vertex 100.72323879693211 0 62.86940720863601
      vertex 100.72323879693211 -8 62.86940720863601
    endloop
  endfacet
  facet normal -0.41270702980434504 2.555680540009148e-19 0.9108638249211983
    outer loop
      vertex 100.99514955299276 0 62.98203633155145
      vertex 100.86103772282145 0 62.92127105184961
      vertex 100.86103772282145 -8 62.92127105184961
    endloop
  endfacet
  facet normal -0.47139673682602423 -5.832282578705801e-21 0.881921264348341
    outer loop
      vertex 101.125 0 63.05144284148501
      vertex 100.99514955299276 0 62.98203633155145
      vertex 100.99514955299276 -8 62.98203633155145
    endloop
  endfacet
  facet normal -0.5280678506503382 6.760672141677903e-19 0.8492021815265973
    outer loop
      vertex 101.25003302429411 0 63.12919337231927
      vertex 101.125 0 63.05144284148501
      vertex 101.125 -8 63.05144284148501
    endloop
  endfacet
  facet normal -0.5824776968678189 -6.594850290786709e-19 0.8128466845916031
    outer loop
      vertex 101.36971321526963 0 63.21495498434472
      vertex 101.25003302429411 0 63.12919337231927
      vertex 101.25003302429411 -8 63.12919337231927
    endloop
  endfacet
  facet normal -0.6343932841636585 -5.79909014632326e-19 0.7730104533627264
    outer loop
      vertex 101.48352808397516 0 63.308360433172304
      vertex 101.36971321526963 0 63.21495498434472
      vertex 101.36971321526963 -8 63.21495498434472
    endloop
  endfacet
  facet normal -0.683592302022884 2.1823075034373866e-19 0.7298640726978237
    outer loop
      vertex 101.59099025766973 0 63.40900974233027
      vertex 101.48352808397516 0 63.308360433172304
      vertex 101.48352808397516 -8 63.308360433172304
    endloop
  endfacet
  facet normal -0.7298640726978222 0 0.6835923020228856
    outer loop
      vertex 101.59099025766973 0 63.40900974233027
      vertex 101.59099025766973 -8 63.40900974233027
      vertex 101.6916395668277 0 63.51647191602485
    endloop
  endfacet
  facet normal -0.7730104533627264 0 0.6343932841636585
    outer loop
      vertex 101.6916395668277 0 63.51647191602485
      vertex 101.6916395668277 -8 63.51647191602485
      vertex 101.78504501565529 0 63.63028678473038
    endloop
  endfacet
  facet normal -0.8128466845916488 0 0.5824776968677552
    outer loop
      vertex 101.78504501565529 0 63.63028678473038
      vertex 101.78504501565529 -8 63.63028678473038
      vertex 101.87080662768072 0 63.749966975705895
    endloop
  endfacet
  facet normal -0.8492021815265623 0 0.5280678506503947
    outer loop
      vertex 101.87080662768072 0 63.749966975705895
      vertex 101.87080662768072 -8 63.749966975705895
      vertex 101.94855715851499 0 63.875
    endloop
  endfacet
  facet normal -0.8819212643483608 0 0.47139673682598665
    outer loop
      vertex 101.94855715851499 0 63.875
      vertex 101.94855715851499 -8 63.875
      vertex 102.01796366844854 0 64.00485044700724
    endloop
  endfacet
  facet normal -0.9108638249211621 0 0.41270702980442514
    outer loop
      vertex 102.01796366844854 0 64.00485044700724
      vertex 102.01796366844854 -8 64.00485044700724
      vertex 102.0787289481504 0 64.13896227717855
    endloop
  endfacet
  facet normal -0.9359059267573215 0 0.3522500479212447
    outer loop
      vertex 102.0787289481504 0 64.13896227717855
      vertex 102.0787289481504 -8 64.13896227717855
      vertex 102.130592791364 0 64.27676120306789
    endloop
  endfacet
  facet normal -0.9569403357322137 0 0.29028467725444673
    outer loop
      vertex 102.130592791364 0 64.27676120306789
      vertex 102.130592791364 -8 64.27676120306789
      vertex 102.1733331091504 0 64.41765714851933
    endloop
  endfacet
  facet normal -0.9738769792773389 0 0.22707626303435144
    outer loop
      vertex 102.1733331091504 0 64.41765714851933
      vertex 102.1733331091504 -8 64.41765714851933
      vertex 102.20676688090727 0 64.56104677546371
    endloop
  endfacet
  facet normal -0.9866433320848742 0 0.16289547339461752
    outer loop
      vertex 102.20676688090727 0 64.56104677546371
      vertex 102.20676688090727 -8 64.56104677546371
      vertex 102.23075093809108 0 64.70631606750489
    endloop
  endfacet
  facet normal -0.9951847266722015 0 0.09801714032951449
    outer loop
      vertex 102.23075093809108 0 64.70631606750489
      vertex 102.23075093809108 -8 64.70631606750489
      vertex 102.24518257728685 0 64.85284295923218
    endloop
  endfacet
  facet normal -0.9994645874763648 0 0.03271908282179856
    outer loop
      vertex 102.24518257728685 0 64.85284295923218
      vertex 102.24518257728685 -8 64.85284295923218
      vertex 102.25 0 65
    endloop
  endfacet
  facet normal 0.9994645874763648 0 -0.03271908282179856
    outer loop
      vertex 97.75 0 65
      vertex 97.75481742271315 -8 65.14715704076782
      vertex 97.75 -8 65
    endloop
  endfacet
  facet normal 0.9951847266722015 0 -0.09801714032951449
    outer loop
      vertex 97.75481742271315 0 65.14715704076782
      vertex 97.76924906190892 -8 65.29368393249511
      vertex 97.75481742271315 -8 65.14715704076782
    endloop
  endfacet
  facet normal 0.9866433320848742 0 -0.16289547339461752
    outer loop
      vertex 97.76924906190892 0 65.29368393249511
      vertex 97.79323311909273 -8 65.43895322453629
      vertex 97.76924906190892 -8 65.29368393249511
    endloop
  endfacet
  facet normal 0.9738769792773389 0 -0.22707626303435144
    outer loop
      vertex 97.79323311909273 0 65.43895322453629
      vertex 97.8266668908496 -8 65.58234285148067
      vertex 97.79323311909273 -8 65.43895322453629
    endloop
  endfacet
  facet normal 0.9569403357322137 0 -0.29028467725444673
    outer loop
      vertex 97.8266668908496 0 65.58234285148067
      vertex 97.869407208636 -8 65.72323879693211
      vertex 97.8266668908496 -8 65.58234285148067
    endloop
  endfacet
  facet normal 0.9359059267573215 0 -0.3522500479212447
    outer loop
      vertex 97.869407208636 0 65.72323879693211
      vertex 97.9212710518496 -8 65.86103772282145
      vertex 97.869407208636 -8 65.72323879693211
    endloop
  endfacet
  facet normal 0.9108638249211621 0 -0.41270702980442514
    outer loop
      vertex 97.9212710518496 0 65.86103772282145
      vertex 97.98203633155146 -8 65.99514955299276
      vertex 97.9212710518496 -8 65.86103772282145
    endloop
  endfacet
  facet normal 0.8819212643483608 0 -0.47139673682598665
    outer loop
      vertex 97.98203633155146 0 65.99514955299276
      vertex 98.05144284148501 -8 66.125
      vertex 97.98203633155146 -8 65.99514955299276
    endloop
  endfacet
  facet normal 0.8492021815265757 0 -0.528067850650373
    outer loop
      vertex 98.05144284148501 0 66.125
      vertex 98.12919337231928 -8 66.25003302429411
      vertex 98.05144284148501 -8 66.125
    endloop
  endfacet
  facet normal 0.8128466845916488 0 -0.5824776968677552
    outer loop
      vertex 98.12919337231928 0 66.25003302429411
      vertex 98.21495498434471 -8 66.36971321526963
      vertex 98.12919337231928 -8 66.25003302429411
    endloop
  endfacet
  facet normal 0.7730104533627264 0 -0.6343932841636585
    outer loop
      vertex 98.21495498434471 0 66.36971321526963
      vertex 98.3083604331723 -8 66.48352808397516
      vertex 98.21495498434471 -8 66.36971321526963
    endloop
  endfacet
  facet normal 0.7298640726977996 0 -0.6835923020229097
    outer loop
      vertex 98.3083604331723 0 66.48352808397516
      vertex 98.40900974233027 -8 66.59099025766973
      vertex 98.3083604331723 -8 66.48352808397516
    endloop
  endfacet
  facet normal 0.6835923020229097 0 -0.7298640726977996
    outer loop
      vertex 98.40900974233027 -8 66.59099025766973
      vertex 98.40900974233027 0 66.59099025766973
      vertex 98.51647191602484 -8 66.6916395668277
    endloop
  endfacet
  facet normal 0.6343932841636585 0 -0.7730104533627264
    outer loop
      vertex 98.51647191602484 0 66.6916395668277
      vertex 98.63028678473037 -8 66.78504501565529
      vertex 98.51647191602484 -8 66.6916395668277
    endloop
  endfacet
  facet normal 0.5824776968677552 0 -0.8128466845916488
    outer loop
      vertex 98.63028678473037 0 66.78504501565529
      vertex 98.74996697570589 -8 66.87080662768072
      vertex 98.63028678473037 -8 66.78504501565529
    endloop
  endfacet
  facet normal 0.528067850650373 0 -0.8492021815265757
    outer loop
      vertex 98.74996697570589 0 66.87080662768072
      vertex 98.875 -8 66.94855715851499
      vertex 98.74996697570589 -8 66.87080662768072
    endloop
  endfacet
  facet normal 0.47139673682598665 0 -0.8819212643483608
    outer loop
      vertex 98.875 0 66.94855715851499
      vertex 99.00485044700724 -8 67.01796366844854
      vertex 98.875 -8 66.94855715851499
    endloop
  endfacet
  facet normal 0.41270702980442514 0 -0.9108638249211621
    outer loop
      vertex 99.00485044700724 0 67.01796366844854
      vertex 99.13896227717855 -8 67.0787289481504
      vertex 99.00485044700724 -8 67.01796366844854
    endloop
  endfacet
  facet normal 0.3522500479212447 0 -0.9359059267573215
    outer loop
      vertex 99.13896227717855 0 67.0787289481504
      vertex 99.27676120306789 -8 67.130592791364
      vertex 99.13896227717855 -8 67.0787289481504
    endloop
  endfacet
  facet normal 0.29028467725444673 0 -0.9569403357322137
    outer loop
      vertex 99.27676120306789 0 67.130592791364
      vertex 99.41765714851933 -8 67.1733331091504
      vertex 99.27676120306789 -8 67.130592791364
    endloop
  endfacet
  facet normal 0.22707626303435144 0 -0.9738769792773389
    outer loop
      vertex 99.41765714851933 0 67.1733331091504
      vertex 99.56104677546371 -8 67.20676688090727
      vertex 99.41765714851933 -8 67.1733331091504
    endloop
  endfacet
  facet normal 0.16289547339461752 0 -0.9866433320848742
    outer loop
      vertex 99.56104677546371 0 67.20676688090727
      vertex 99.70631606750489 -8 67.23075093809108
      vertex 99.56104677546371 -8 67.20676688090727
    endloop
  endfacet
  facet normal 0.09801714032951449 0 -0.9951847266722015
    outer loop
      vertex 99.70631606750489 0 67.23075093809108
      vertex 99.85284295923218 -8 67.24518257728685
      vertex 99.70631606750489 -8 67.23075093809108
    endloop
  endfacet
  facet normal -0.09801714032951449 0 -0.9951847266722015
    outer loop
      vertex 100.14715704076782 0 67.24518257728685
      vertex 100.29368393249511 -8 67.23075093809108
      vertex 100.14715704076782 -8 67.24518257728685
    endloop
  endfacet
  facet normal 0.03271908282179856 0 -0.9994645874763648
    outer loop
      vertex 99.85284295923218 0 67.24518257728685
      vertex 100 -8 67.25
      vertex 99.85284295923218 -8 67.24518257728685
    endloop
  endfacet
  facet normal -0.03271908282179856 0 -0.9994645874763648
    outer loop
      vertex 100 0 67.25
      vertex 100.14715704076782 -8 67.24518257728685
      vertex 100 -8 67.25
    endloop
  endfacet
  facet normal -0.8819212643483608 0 -0.47139673682598665
    outer loop
      vertex 101.94855715851499 0 66.125
      vertex 102.01796366844854 -8 65.99514955299276
      vertex 101.94855715851499 -8 66.125
    endloop
  endfacet
  facet normal -0.8492021815265757 0 -0.528067850650373
    outer loop
      vertex 101.87080662768072 0 66.25003302429411
      vertex 101.94855715851499 -8 66.125
      vertex 101.87080662768072 -8 66.25003302429411
    endloop
  endfacet
  facet normal -0.16289547339461752 0 -0.9866433320848742
    outer loop
      vertex 100.29368393249511 0 67.23075093809108
      vertex 100.43895322453629 -8 67.20676688090727
      vertex 100.29368393249511 -8 67.23075093809108
    endloop
  endfacet
  facet normal -0.22707626303435144 0 -0.9738769792773389
    outer loop
      vertex 100.43895322453629 0 67.20676688090727
      vertex 100.58234285148067 -8 67.1733331091504
      vertex 100.43895322453629 -8 67.20676688090727
    endloop
  endfacet
  facet normal -0.29028467725444673 0 -0.9569403357322137
    outer loop
      vertex 100.58234285148067 0 67.1733331091504
      vertex 100.72323879693211 -8 67.130592791364
      vertex 100.58234285148067 -8 67.1733331091504
    endloop
  endfacet
  facet normal -0.41270702980442514 0 -0.9108638249211621
    outer loop
      vertex 100.86103772282145 0 67.0787289481504
      vertex 100.99514955299276 -8 67.01796366844854
      vertex 100.86103772282145 -8 67.0787289481504
    endloop
  endfacet
  facet normal -0.3522500479212447 0 -0.9359059267573215
    outer loop
      vertex 100.72323879693211 0 67.130592791364
      vertex 100.86103772282145 -8 67.0787289481504
      vertex 100.72323879693211 -8 67.130592791364
    endloop
  endfacet
  facet normal -0.47139673682598665 0 -0.8819212643483608
    outer loop
      vertex 100.99514955299276 0 67.01796366844854
      vertex 101.125 -8 66.94855715851499
      vertex 100.99514955299276 -8 67.01796366844854
    endloop
  endfacet
  facet normal -0.5824776968677552 0 -0.8128466845916488
    outer loop
      vertex 101.25003302429411 0 66.87080662768072
      vertex 101.36971321526963 -8 66.78504501565529
      vertex 101.25003302429411 -8 66.87080662768072
    endloop
  endfacet
  facet normal -0.6343932841636585 0 -0.7730104533627264
    outer loop
      vertex 101.36971321526963 0 66.78504501565529
      vertex 101.48352808397516 -8 66.6916395668277
      vertex 101.36971321526963 -8 66.78504501565529
    endloop
  endfacet
  facet normal -0.6835923020229097 0 -0.7298640726977996
    outer loop
      vertex 101.48352808397516 0 66.6916395668277
      vertex 101.59099025766973 -8 66.59099025766973
      vertex 101.48352808397516 -8 66.6916395668277
    endloop
  endfacet
  facet normal -0.7298640726977996 -4.613266087420711e-19 -0.6835923020229097
    outer loop
      vertex 101.6916395668277 -8 66.48352808397516
      vertex 101.59099025766973 -8 66.59099025766973
      vertex 101.59099025766973 0 66.59099025766973
    endloop
  endfacet
  facet normal -0.7730104533627264 0 -0.6343932841636585
    outer loop
      vertex 101.6916395668277 0 66.48352808397516
      vertex 101.78504501565529 -8 66.36971321526963
      vertex 101.6916395668277 -8 66.48352808397516
    endloop
  endfacet
  facet normal -0.8128466845916488 0 -0.5824776968677552
    outer loop
      vertex 101.78504501565529 0 66.36971321526963
      vertex 101.87080662768072 -8 66.25003302429411
      vertex 101.78504501565529 -8 66.36971321526963
    endloop
  endfacet
  facet normal -0.528067850650373 0 -0.8492021815265757
    outer loop
      vertex 101.125 0 66.94855715851499
      vertex 101.25003302429411 -8 66.87080662768072
      vertex 101.125 -8 66.94855715851499
    endloop
  endfacet
  facet normal -0.9994645874763648 0 -0.03271908282179856
    outer loop
      vertex 102.24518257728685 0 65.14715704076782
      vertex 102.25 -8 65
      vertex 102.24518257728685 -8 65.14715704076782
    endloop
  endfacet
  facet normal -0.9951847266722015 0 -0.09801714032951449
    outer loop
      vertex 102.23075093809108 0 65.29368393249511
      vertex 102.24518257728685 -8 65.14715704076782
      vertex 102.23075093809108 -8 65.29368393249511
    endloop
  endfacet
  facet normal -0.9738769792773389 0 -0.22707626303435144
    outer loop
      vertex 102.1733331091504 0 65.58234285148067
      vertex 102.20676688090727 -8 65.43895322453629
      vertex 102.1733331091504 -8 65.58234285148067
    endloop
  endfacet
  facet normal -0.9866433320848742 0 -0.16289547339461752
    outer loop
      vertex 102.20676688090727 0 65.43895322453629
      vertex 102.23075093809108 -8 65.29368393249511
      vertex 102.20676688090727 -8 65.43895322453629
    endloop
  endfacet
  facet normal -0.9569403357322137 0 -0.29028467725444673
    outer loop
      vertex 102.130592791364 0 65.72323879693211
      vertex 102.1733331091504 -8 65.58234285148067
      vertex 102.130592791364 -8 65.72323879693211
    endloop
  endfacet
  facet normal -0.9359059267573215 0 -0.3522500479212447
    outer loop
      vertex 102.0787289481504 0 65.86103772282145
      vertex 102.130592791364 -8 65.72323879693211
      vertex 102.0787289481504 -8 65.86103772282145
    endloop
  endfacet
  facet normal -0.9108638249211621 0 -0.41270702980442514
    outer loop
      vertex 102.01796366844854 0 65.99514955299276
      vertex 102.0787289481504 -8 65.86103772282145
      vertex 102.01796366844854 -8 65.99514955299276
    endloop
  endfacet
  facet normal 0.9994645874763648 0 -0.03271908282179856
    outer loop
      vertex 97.75481742271315 0 65.14715704076782
      vertex 97.75481742271315 -8 65.14715704076782
      vertex 97.75 0 65
    endloop
  endfacet
  facet normal 0.9951847266722015 0 -0.09801714032951449
    outer loop
      vertex 97.76924906190892 0 65.29368393249511
      vertex 97.76924906190892 -8 65.29368393249511
      vertex 97.75481742271315 0 65.14715704076782
    endloop
  endfacet
  facet normal 0.9866433320848742 0 -0.16289547339461752
    outer loop
      vertex 97.79323311909273 0 65.43895322453629
      vertex 97.79323311909273 -8 65.43895322453629
      vertex 97.76924906190892 0 65.29368393249511
    endloop
  endfacet
  facet normal 0.9738769792773389 0 -0.22707626303435144
    outer loop
      vertex 97.8266668908496 0 65.58234285148067
      vertex 97.8266668908496 -8 65.58234285148067
      vertex 97.79323311909273 0 65.43895322453629
    endloop
  endfacet
  facet normal 0.9569403357322137 0 -0.29028467725444673
    outer loop
      vertex 97.869407208636 0 65.72323879693211
      vertex 97.869407208636 -8 65.72323879693211
      vertex 97.8266668908496 0 65.58234285148067
    endloop
  endfacet
  facet normal 0.9359059267573215 0 -0.3522500479212447
    outer loop
      vertex 97.9212710518496 0 65.86103772282145
      vertex 97.9212710518496 -8 65.86103772282145
      vertex 97.869407208636 0 65.72323879693211
    endloop
  endfacet
  facet normal 0.9108638249211621 0 -0.41270702980442514
    outer loop
      vertex 97.98203633155146 0 65.99514955299276
      vertex 97.98203633155146 -8 65.99514955299276
      vertex 97.9212710518496 0 65.86103772282145
    endloop
  endfacet
  facet normal 0.8819212643483608 0 -0.47139673682598665
    outer loop
      vertex 98.05144284148501 0 66.125
      vertex 98.05144284148501 -8 66.125
      vertex 97.98203633155146 0 65.99514955299276
    endloop
  endfacet
  facet normal 0.8492021815265757 0 -0.528067850650373
    outer loop
      vertex 98.12919337231928 0 66.25003302429411
      vertex 98.12919337231928 -8 66.25003302429411
      vertex 98.05144284148501 0 66.125
    endloop
  endfacet
  facet normal 0.8128466845916488 0 -0.5824776968677552
    outer loop
      vertex 98.21495498434471 0 66.36971321526963
      vertex 98.21495498434471 -8 66.36971321526963
      vertex 98.12919337231928 0 66.25003302429411
    endloop
  endfacet
  facet normal 0.7730104533627264 0 -0.6343932841636585
    outer loop
      vertex 98.3083604331723 0 66.48352808397516
      vertex 98.3083604331723 -8 66.48352808397516
      vertex 98.21495498434471 0 66.36971321526963
    endloop
  endfacet
  facet normal 0.7298640726977996 0 -0.6835923020229097
    outer loop
      vertex 98.40900974233027 0 66.59099025766973
      vertex 98.40900974233027 -8 66.59099025766973
      vertex 98.3083604331723 0 66.48352808397516
    endloop
  endfacet
  facet normal 0.6835923020229097 4.613266087420711e-19 -0.7298640726977996
    outer loop
      vertex 98.40900974233027 0 66.59099025766973
      vertex 98.51647191602484 0 66.6916395668277
      vertex 98.51647191602484 -8 66.6916395668277
    endloop
  endfacet
  facet normal 0.6343932841636585 -5.79909014632326e-19 -0.7730104533627264
    outer loop
      vertex 98.51647191602484 0 66.6916395668277
      vertex 98.63028678473037 0 66.78504501565529
      vertex 98.63028678473037 -8 66.78504501565529
    endloop
  endfacet
  facet normal 0.5824776968677552 1.9452194128343057e-19 -0.8128466845916488
    outer loop
      vertex 98.63028678473037 0 66.78504501565529
      vertex 98.74996697570589 0 66.87080662768072
      vertex 98.74996697570589 -8 66.87080662768072
    endloop
  endfacet
  facet normal 0.528067850650373 -5.97460532197334e-19 -0.8492021815265757
    outer loop
      vertex 98.74996697570589 0 66.87080662768072
      vertex 98.875 0 66.94855715851499
      vertex 98.875 -8 66.94855715851499
    endloop
  endfacet
  facet normal 0.47139673682598665 1.8940772030208544e-19 -0.8819212643483608
    outer loop
      vertex 98.875 0 66.94855715851499
      vertex 99.00485044700724 0 67.01796366844854
      vertex 99.00485044700724 -8 67.01796366844854
    endloop
  endfacet
  facet normal 0.41270702980442514 -2.6856198044171373e-19 -0.9108638249211621
    outer loop
      vertex 99.00485044700724 0 67.01796366844854
      vertex 99.13896227717855 0 67.0787289481504
      vertex 99.13896227717855 -8 67.0787289481504
    endloop
  endfacet
  facet normal 0.3522500479212447 1.12871083145536e-19 -0.9359059267573215
    outer loop
      vertex 99.13896227717855 0 67.0787289481504
      vertex 99.27676120306789 0 67.130592791364
      vertex 99.27676120306789 -8 67.130592791364
    endloop
  endfacet
  facet normal 0.29028467725444673 -2.0222244698249296e-20 -0.9569403357322137
    outer loop
      vertex 99.27676120306789 0 67.130592791364
      vertex 99.41765714851933 0 67.1733331091504
      vertex 99.41765714851933 -8 67.1733331091504
    endloop
  endfacet
  facet normal 0.22707626303435144 7.510293277444442e-20 -0.9738769792773389
    outer loop
      vertex 99.41765714851933 0 67.1733331091504
      vertex 99.56104677546371 0 67.20676688090727
      vertex 99.56104677546371 -8 67.20676688090727
    endloop
  endfacet
  facet normal 0.16289547339461752 -3.21715014278784e-20 -0.9866433320848742
    outer loop
      vertex 99.56104677546371 0 67.20676688090727
      vertex 99.70631606750489 0 67.23075093809108
      vertex 99.70631606750489 -8 67.23075093809108
    endloop
  endfacet
  facet normal 0.09801714032951449 4.915446977991466e-21 -0.9951847266722015
    outer loop
      vertex 99.70631606750489 0 67.23075093809108
      vertex 99.85284295923218 0 67.24518257728685
      vertex 99.85284295923218 -8 67.24518257728685
    endloop
  endfacet
  facet normal -0.09801714032951449 -4.915446977991466e-21 -0.9951847266722015
    outer loop
      vertex 100.14715704076782 0 67.24518257728685
      vertex 100.29368393249511 0 67.23075093809108
      vertex 100.29368393249511 -8 67.23075093809108
    endloop
  endfacet
  facet normal 0.03271908282179856 3.368817804412451e-20 -0.9994645874763648
    outer loop
      vertex 99.85284295923218 0 67.24518257728685
      vertex 100 0 67.25
      vertex 100 -8 67.25
    endloop
  endfacet
  facet normal -0.03271908282179856 -3.368817804412451e-20 -0.9994645874763648
    outer loop
      vertex 100 0 67.25
      vertex 100.14715704076782 0 67.24518257728685
      vertex 100.14715704076782 -8 67.24518257728685
    endloop
  endfacet
  facet normal -0.8492021815265757 0 -0.528067850650373
    outer loop
      vertex 101.94855715851499 0 66.125
      vertex 101.94855715851499 -8 66.125
      vertex 101.87080662768072 0 66.25003302429411
    endloop
  endfacet
  facet normal -0.16289547339461752 3.21715014278784e-20 -0.9866433320848742
    outer loop
      vertex 100.29368393249511 0 67.23075093809108
      vertex 100.43895322453629 0 67.20676688090727
      vertex 100.43895322453629 -8 67.20676688090727
    endloop
  endfacet
  facet normal -0.22707626303435144 -7.510293277444442e-20 -0.9738769792773389
    outer loop
      vertex 100.43895322453629 0 67.20676688090727
      vertex 100.58234285148067 0 67.1733331091504
      vertex 100.58234285148067 -8 67.1733331091504
    endloop
  endfacet
  facet normal -0.29028467725444673 2.0222244698249296e-20 -0.9569403357322137
    outer loop
      vertex 100.58234285148067 0 67.1733331091504
      vertex 100.72323879693211 0 67.130592791364
      vertex 100.72323879693211 -8 67.130592791364
    endloop
  endfacet
  facet normal -0.3522500479212447 -1.12871083145536e-19 -0.9359059267573215
    outer loop
      vertex 100.72323879693211 0 67.130592791364
      vertex 100.86103772282145 0 67.0787289481504
      vertex 100.86103772282145 -8 67.0787289481504
    endloop
  endfacet
  facet normal -0.41270702980442514 2.6856198044171373e-19 -0.9108638249211621
    outer loop
      vertex 100.86103772282145 0 67.0787289481504
      vertex 100.99514955299276 0 67.01796366844854
      vertex 100.99514955299276 -8 67.01796366844854
    endloop
  endfacet
  facet normal -0.47139673682598665 -1.8940772030208544e-19 -0.8819212643483608
    outer loop
      vertex 100.99514955299276 0 67.01796366844854
      vertex 101.125 0 66.94855715851499
      vertex 101.125 -8 66.94855715851499
    endloop
  endfacet
  facet normal -0.5824776968677552 -1.9452194128343057e-19 -0.8128466845916488
    outer loop
      vertex 101.25003302429411 0 66.87080662768072
      vertex 101.36971321526963 0 66.78504501565529
      vertex 101.36971321526963 -8 66.78504501565529
    endloop
  endfacet
  facet normal -0.528067850650373 5.97460532197334e-19 -0.8492021815265757
    outer loop
      vertex 101.125 0 66.94855715851499
      vertex 101.25003302429411 0 66.87080662768072
      vertex 101.25003302429411 -8 66.87080662768072
    endloop
  endfacet
  facet normal -0.6343932841636585 5.79909014632326e-19 -0.7730104533627264
    outer loop
      vertex 101.36971321526963 0 66.78504501565529
      vertex 101.48352808397516 0 66.6916395668277
      vertex 101.48352808397516 -8 66.6916395668277
    endloop
  endfacet
  facet normal -0.6835923020229097 -4.613266087420711e-19 -0.7298640726977996
    outer loop
      vertex 101.48352808397516 0 66.6916395668277
      vertex 101.59099025766973 0 66.59099025766973
      vertex 101.59099025766973 -8 66.59099025766973
    endloop
  endfacet
  facet normal -0.7730104533627264 0 -0.6343932841636585
    outer loop
      vertex 101.78504501565529 0 66.36971321526963
      vertex 101.78504501565529 -8 66.36971321526963
      vertex 101.6916395668277 0 66.48352808397516
    endloop
  endfacet
  facet normal -0.7298640726977996 0 -0.6835923020229097
    outer loop
      vertex 101.6916395668277 0 66.48352808397516
      vertex 101.6916395668277 -8 66.48352808397516
      vertex 101.59099025766973 0 66.59099025766973
    endloop
  endfacet
  facet normal -0.8128466845916488 0 -0.5824776968677552
    outer loop
      vertex 101.87080662768072 0 66.25003302429411
      vertex 101.87080662768072 -8 66.25003302429411
      vertex 101.78504501565529 0 66.36971321526963
    endloop
  endfacet
  facet normal -0.9994645874763648 0 -0.03271908282179856
    outer loop
      vertex 102.25 0 65
      vertex 102.25 -8 65
      vertex 102.24518257728685 0 65.14715704076782
    endloop
  endfacet
  facet normal -0.9951847266722015 0 -0.09801714032951449
    outer loop
      vertex 102.24518257728685 0 65.14715704076782
      vertex 102.24518257728685 -8 65.14715704076782
      vertex 102.23075093809108 0 65.29368393249511
    endloop
  endfacet
  facet normal -0.9569403357322137 0 -0.29028467725444673
    outer loop
      vertex 102.1733331091504 0 65.58234285148067
      vertex 102.1733331091504 -8 65.58234285148067
      vertex 102.130592791364 0 65.72323879693211
    endloop
  endfacet
  facet normal -0.9866433320848742 0 -0.16289547339461752
    outer loop
      vertex 102.23075093809108 0 65.29368393249511
      vertex 102.23075093809108 -8 65.29368393249511
      vertex 102.20676688090727 0 65.43895322453629
    endloop
  endfacet
  facet normal -0.9738769792773389 0 -0.22707626303435144
    outer loop
      vertex 102.20676688090727 0 65.43895322453629
      vertex 102.20676688090727 -8 65.43895322453629
      vertex 102.1733331091504 0 65.58234285148067
    endloop
  endfacet
  facet normal -0.9359059267573215 0 -0.3522500479212447
    outer loop
      vertex 102.130592791364 0 65.72323879693211
      vertex 102.130592791364 -8 65.72323879693211
      vertex 102.0787289481504 0 65.86103772282145
    endloop
  endfacet
  facet normal -0.9108638249211621 0 -0.41270702980442514
    outer loop
      vertex 102.0787289481504 0 65.86103772282145
      vertex 102.0787289481504 -8 65.86103772282145
      vertex 102.01796366844854 0 65.99514955299276
    endloop
  endfacet
  facet normal -0.8819212643483608 0 -0.47139673682598665
    outer loop
      vertex 102.01796366844854 0 65.99514955299276
      vertex 102.01796366844854 -8 65.99514955299276
      vertex 101.94855715851499 0 66.125
    endloop
  endfacet
  facet normal 0.6343932841636585 0 0.7730104533627264
    outer loop
      vertex 98.63028678473037 0 121.21495498434471
      vertex 98.51647191602484 -8 121.3083604331723
      vertex 98.63028678473037 -8 121.21495498434471
    endloop
  endfacet
  facet normal 0.6835923020229097 0 0.7298640726977996
    outer loop
      vertex 98.51647191602484 0 121.3083604331723
      vertex 98.40900974233027 -8 121.40900974233027
      vertex 98.51647191602484 -8 121.3083604331723
    endloop
  endfacet
  facet normal 0.47139673682598665 0 0.8819212643483608
    outer loop
      vertex 99.00485044700724 0 120.98203633155146
      vertex 98.875 -8 121.05144284148501
      vertex 99.00485044700724 -8 120.98203633155146
    endloop
  endfacet
  facet normal 0.528067850650373 0 0.8492021815265757
    outer loop
      vertex 98.875 0 121.05144284148501
      vertex 98.74996697570589 -8 121.12919337231928
      vertex 98.875 -8 121.05144284148501
    endloop
  endfacet
  facet normal 0.5824776968677552 0 0.8128466845916488
    outer loop
      vertex 98.74996697570589 0 121.12919337231928
      vertex 98.63028678473037 -8 121.21495498434471
      vertex 98.74996697570589 -8 121.12919337231928
    endloop
  endfacet
  facet normal 0.3522500479212447 0 0.9359059267573215
    outer loop
      vertex 99.27676120306789 0 120.869407208636
      vertex 99.13896227717855 -8 120.9212710518496
      vertex 99.27676120306789 -8 120.869407208636
    endloop
  endfacet
  facet normal 0.41270702980442514 0 0.9108638249211621
    outer loop
      vertex 99.13896227717855 0 120.9212710518496
      vertex 99.00485044700724 -8 120.98203633155146
      vertex 99.13896227717855 -8 120.9212710518496
    endloop
  endfacet
  facet normal 0.29028467725444673 0 0.9569403357322137
    outer loop
      vertex 99.41765714851933 0 120.8266668908496
      vertex 99.27676120306789 -8 120.869407208636
      vertex 99.41765714851933 -8 120.8266668908496
    endloop
  endfacet
  facet normal 0.22707626303435144 0 0.9738769792773389
    outer loop
      vertex 99.56104677546371 0 120.79323311909273
      vertex 99.41765714851933 -8 120.8266668908496
      vertex 99.56104677546371 -8 120.79323311909273
    endloop
  endfacet
  facet normal 0.16289547339461752 0 0.9866433320848742
    outer loop
      vertex 99.70631606750489 0 120.76924906190892
      vertex 99.56104677546371 -8 120.79323311909273
      vertex 99.70631606750489 -8 120.76924906190892
    endloop
  endfacet
  facet normal 0.09801714032951449 0 0.9951847266722015
    outer loop
      vertex 99.85284295923218 0 120.75481742271315
      vertex 99.70631606750489 -8 120.76924906190892
      vertex 99.85284295923218 -8 120.75481742271315
    endloop
  endfacet
  facet normal 0.03271908282179856 0 0.9994645874763648
    outer loop
      vertex 100 0 120.75
      vertex 99.85284295923218 -8 120.75481742271315
      vertex 100 -8 120.75
    endloop
  endfacet
  facet normal -0.03271908282179856 0 0.9994645874763648
    outer loop
      vertex 100.14715704076782 0 120.75481742271315
      vertex 100 -8 120.75
      vertex 100.14715704076782 -8 120.75481742271315
    endloop
  endfacet
  facet normal -0.09801714032951449 0 0.9951847266722015
    outer loop
      vertex 100.29368393249511 0 120.76924906190892
      vertex 100.14715704076782 -8 120.75481742271315
      vertex 100.29368393249511 -8 120.76924906190892
    endloop
  endfacet
  facet normal 0.9866433320848742 0 0.16289547339461752
    outer loop
      vertex 97.79323311909273 0 122.56104677546371
      vertex 97.76924906190892 -8 122.70631606750489
      vertex 97.79323311909273 -8 122.56104677546371
    endloop
  endfacet
  facet normal 0.8128466845916488 0 0.5824776968677552
    outer loop
      vertex 98.21495498434471 0 121.63028678473037
      vertex 98.12919337231928 -8 121.74996697570589
      vertex 98.21495498434471 -8 121.63028678473037
    endloop
  endfacet
  facet normal 0.8492021815265757 0 0.528067850650373
    outer loop
      vertex 98.12919337231928 0 121.74996697570589
      vertex 98.05144284148501 -8 121.875
      vertex 98.12919337231928 -8 121.74996697570589
    endloop
  endfacet
  facet normal 0.8819212643483608 0 0.47139673682598665
    outer loop
      vertex 98.05144284148501 0 121.875
      vertex 97.98203633155146 -8 122.00485044700724
      vertex 98.05144284148501 -8 121.875
    endloop
  endfacet
  facet normal 0.7298640726977996 -4.613266087420711e-19 0.6835923020229097
    outer loop
      vertex 98.3083604331723 -8 121.51647191602484
      vertex 98.40900974233027 -8 121.40900974233027
      vertex 98.40900974233027 0 121.40900974233027
    endloop
  endfacet
  facet normal 0.7730104533627264 0 0.6343932841636585
    outer loop
      vertex 98.3083604331723 0 121.51647191602484
      vertex 98.21495498434471 -8 121.63028678473037
      vertex 98.3083604331723 -8 121.51647191602484
    endloop
  endfacet
  facet normal 0.9108638249211621 0 0.41270702980442514
    outer loop
      vertex 97.98203633155146 0 122.00485044700724
      vertex 97.9212710518496 -8 122.13896227717855
      vertex 97.98203633155146 -8 122.00485044700724
    endloop
  endfacet
  facet normal 0.9359059267573215 0 0.3522500479212447
    outer loop
      vertex 97.9212710518496 0 122.13896227717855
      vertex 97.869407208636 -8 122.27676120306789
      vertex 97.9212710518496 -8 122.13896227717855
    endloop
  endfacet
  facet normal 0.9569403357322137 0 0.29028467725444673
    outer loop
      vertex 97.869407208636 0 122.27676120306789
      vertex 97.8266668908496 -8 122.41765714851933
      vertex 97.869407208636 -8 122.27676120306789
    endloop
  endfacet
  facet normal 0.9738769792773389 0 0.22707626303435144
    outer loop
      vertex 97.8266668908496 0 122.41765714851933
      vertex 97.79323311909273 -8 122.56104677546371
      vertex 97.8266668908496 -8 122.41765714851933
    endloop
  endfacet
  facet normal 0.9951847266722015 0 0.09801714032951449
    outer loop
      vertex 97.76924906190892 0 122.70631606750489
      vertex 97.75481742271315 -8 122.85284295923218
      vertex 97.76924906190892 -8 122.70631606750489
    endloop
  endfacet
  facet normal 0.9994645874763648 0 0.03271908282179856
    outer loop
      vertex 97.75481742271315 0 122.85284295923218
      vertex 97.75 -8 123
      vertex 97.75481742271315 -8 122.85284295923218
    endloop
  endfacet
  facet normal 0.9994645874763648 0 -0.03271908282179856
    outer loop
      vertex 97.75 0 123
      vertex 97.75481742271315 -8 123.14715704076782
      vertex 97.75 -8 123
    endloop
  endfacet
  facet normal 0.9951847266722015 0 -0.09801714032951449
    outer loop
      vertex 97.75481742271315 0 123.14715704076782
      vertex 97.76924906190892 -8 123.29368393249511
      vertex 97.75481742271315 -8 123.14715704076782
    endloop
  endfacet
  facet normal 0.9866433320848742 0 -0.16289547339461752
    outer loop
      vertex 97.76924906190892 0 123.29368393249511
      vertex 97.79323311909273 -8 123.43895322453629
      vertex 97.76924906190892 -8 123.29368393249511
    endloop
  endfacet
  facet normal 0.9738769792773389 0 -0.22707626303435144
    outer loop
      vertex 97.79323311909273 0 123.43895322453629
      vertex 97.8266668908496 -8 123.58234285148067
      vertex 97.79323311909273 -8 123.43895322453629
    endloop
  endfacet
  facet normal 0.9569403357322137 0 -0.29028467725444673
    outer loop
      vertex 97.8266668908496 0 123.58234285148067
      vertex 97.869407208636 -8 123.72323879693211
      vertex 97.8266668908496 -8 123.58234285148067
    endloop
  endfacet
  facet normal 0.9359059267573215 0 -0.3522500479212447
    outer loop
      vertex 97.869407208636 0 123.72323879693211
      vertex 97.9212710518496 -8 123.86103772282145
      vertex 97.869407208636 -8 123.72323879693211
    endloop
  endfacet
  facet normal 0.9108638249211621 0 -0.41270702980442514
    outer loop
      vertex 97.9212710518496 0 123.86103772282145
      vertex 97.98203633155146 -8 123.99514955299276
      vertex 97.9212710518496 -8 123.86103772282145
    endloop
  endfacet
  facet normal 0.8819212643483608 0 -0.47139673682598665
    outer loop
      vertex 97.98203633155146 0 123.99514955299276
      vertex 98.05144284148501 -8 124.125
      vertex 97.98203633155146 -8 123.99514955299276
    endloop
  endfacet
  facet normal 0.8492021815265757 0 -0.528067850650373
    outer loop
      vertex 98.05144284148501 0 124.125
      vertex 98.12919337231928 -8 124.25003302429411
      vertex 98.05144284148501 -8 124.125
    endloop
  endfacet
  facet normal 0.8128466845916488 0 -0.5824776968677552
    outer loop
      vertex 98.12919337231928 0 124.25003302429411
      vertex 98.21495498434471 -8 124.36971321526963
      vertex 98.12919337231928 -8 124.25003302429411
    endloop
  endfacet
  facet normal 0.7730104533627264 0 -0.6343932841636585
    outer loop
      vertex 98.21495498434471 0 124.36971321526963
      vertex 98.3083604331723 -8 124.48352808397516
      vertex 98.21495498434471 -8 124.36971321526963
    endloop
  endfacet
  facet normal 0.7298640726977996 0 -0.6835923020229097
    outer loop
      vertex 98.3083604331723 0 124.48352808397516
      vertex 98.40900974233027 -8 124.59099025766973
      vertex 98.3083604331723 -8 124.48352808397516
    endloop
  endfacet
  facet normal 0.6835923020229097 0 -0.7298640726977996
    outer loop
      vertex 98.40900974233027 -8 124.59099025766973
      vertex 98.40900974233027 0 124.59099025766973
      vertex 98.51647191602484 -8 124.6916395668277
    endloop
  endfacet
  facet normal 0.6343932841636585 0 -0.7730104533627264
    outer loop
      vertex 98.51647191602484 0 124.6916395668277
      vertex 98.63028678473037 -8 124.78504501565529
      vertex 98.51647191602484 -8 124.6916395668277
    endloop
  endfacet
  facet normal 0.5824776968677552 0 -0.8128466845916488
    outer loop
      vertex 98.63028678473037 0 124.78504501565529
      vertex 98.74996697570589 -8 124.87080662768072
      vertex 98.63028678473037 -8 124.78504501565529
    endloop
  endfacet
  facet normal 0.528067850650373 0 -0.8492021815265757
    outer loop
      vertex 98.74996697570589 0 124.87080662768072
      vertex 98.875 -8 124.94855715851499
      vertex 98.74996697570589 -8 124.87080662768072
    endloop
  endfacet
  facet normal 0.47139673682598665 0 -0.8819212643483608
    outer loop
      vertex 98.875 0 124.94855715851499
      vertex 99.00485044700724 -8 125.01796366844854
      vertex 98.875 -8 124.94855715851499
    endloop
  endfacet
  facet normal 0.41270702980442514 0 -0.9108638249211621
    outer loop
      vertex 99.00485044700724 0 125.01796366844854
      vertex 99.13896227717855 -8 125.0787289481504
      vertex 99.00485044700724 -8 125.01796366844854
    endloop
  endfacet
  facet normal 0.3522500479212447 0 -0.9359059267573215
    outer loop
      vertex 99.13896227717855 0 125.0787289481504
      vertex 99.27676120306789 -8 125.130592791364
      vertex 99.13896227717855 -8 125.0787289481504
    endloop
  endfacet
  facet normal 0.29028467725444673 0 -0.9569403357322137
    outer loop
      vertex 99.27676120306789 0 125.130592791364
      vertex 99.41765714851933 -8 125.1733331091504
      vertex 99.27676120306789 -8 125.130592791364
    endloop
  endfacet
  facet normal 0.22707626303435144 0 -0.9738769792773389
    outer loop
      vertex 99.41765714851933 0 125.1733331091504
      vertex 99.56104677546371 -8 125.20676688090727
      vertex 99.41765714851933 -8 125.1733331091504
    endloop
  endfacet
  facet normal 0.16289547339461752 0 -0.9866433320848742
    outer loop
      vertex 99.56104677546371 0 125.20676688090727
      vertex 99.70631606750489 -8 125.23075093809108
      vertex 99.56104677546371 -8 125.20676688090727
    endloop
  endfacet
  facet normal 0.09801714032951449 0 -0.9951847266722015
    outer loop
      vertex 99.70631606750489 0 125.23075093809108
      vertex 99.85284295923218 -8 125.24518257728685
      vertex 99.70631606750489 -8 125.23075093809108
    endloop
  endfacet
  facet normal 0.03271908282179856 0 -0.9994645874763648
    outer loop
      vertex 99.85284295923218 0 125.24518257728685
      vertex 100 -8 125.25
      vertex 99.85284295923218 -8 125.24518257728685
    endloop
  endfacet
  facet normal -0.03271908282179856 0 -0.9994645874763648
    outer loop
      vertex 100 0 125.25
      vertex 100.14715704076782 -8 125.24518257728685
      vertex 100 -8 125.25
    endloop
  endfacet
  facet normal -0.09801714032951449 0 -0.9951847266722015
    outer loop
      vertex 100.14715704076782 0 125.24518257728685
      vertex 100.29368393249511 -8 125.23075093809108
      vertex 100.14715704076782 -8 125.24518257728685
    endloop
  endfacet
  facet normal -0.16289547339461752 0 0.9866433320848742
    outer loop
      vertex 100.43895322453629 0 120.79323311909273
      vertex 100.29368393249511 -8 120.76924906190892
      vertex 100.43895322453629 -8 120.79323311909273
    endloop
  endfacet
  facet normal -0.22707626303435144 0 0.9738769792773389
    outer loop
      vertex 100.58234285148067 0 120.8266668908496
      vertex 100.43895322453629 -8 120.79323311909273
      vertex 100.58234285148067 -8 120.8266668908496
    endloop
  endfacet
  facet normal -0.29028467725444673 0 0.9569403357322137
    outer loop
      vertex 100.72323879693211 0 120.869407208636
      vertex 100.58234285148067 -8 120.8266668908496
      vertex 100.72323879693211 -8 120.869407208636
    endloop
  endfacet
  facet normal -0.3522500479212447 0 0.9359059267573215
    outer loop
      vertex 100.86103772282145 0 120.9212710518496
      vertex 100.72323879693211 -8 120.869407208636
      vertex 100.86103772282145 -8 120.9212710518496
    endloop
  endfacet
  facet normal -0.41270702980442514 0 0.9108638249211621
    outer loop
      vertex 100.99514955299276 0 120.98203633155146
      vertex 100.86103772282145 -8 120.9212710518496
      vertex 100.99514955299276 -8 120.98203633155146
    endloop
  endfacet
  facet normal -0.47139673682598665 0 0.8819212643483608
    outer loop
      vertex 101.125 0 121.05144284148501
      vertex 100.99514955299276 -8 120.98203633155146
      vertex 101.125 -8 121.05144284148501
    endloop
  endfacet
  facet normal -0.528067850650373 0 0.8492021815265757
    outer loop
      vertex 101.25003302429411 0 121.12919337231928
      vertex 101.125 -8 121.05144284148501
      vertex 101.25003302429411 -8 121.12919337231928
    endloop
  endfacet
  facet normal -0.5824776968677552 0 0.8128466845916488
    outer loop
      vertex 101.36971321526963 0 121.21495498434471
      vertex 101.25003302429411 -8 121.12919337231928
      vertex 101.36971321526963 -8 121.21495498434471
    endloop
  endfacet
  facet normal -0.6343932841636585 0 0.7730104533627264
    outer loop
      vertex 101.48352808397516 0 121.3083604331723
      vertex 101.36971321526963 -8 121.21495498434471
      vertex 101.48352808397516 -8 121.3083604331723
    endloop
  endfacet
  facet normal -0.6835923020229097 0 0.7298640726977996
    outer loop
      vertex 101.59099025766973 0 121.40900974233027
      vertex 101.48352808397516 -8 121.3083604331723
      vertex 101.59099025766973 -8 121.40900974233027
    endloop
  endfacet
  facet normal -0.7298640726977996 0 0.6835923020229097
    outer loop
      vertex 101.6916395668277 0 121.51647191602484
      vertex 101.59099025766973 -8 121.40900974233027
      vertex 101.6916395668277 -8 121.51647191602484
    endloop
  endfacet
  facet normal -0.7730104533627264 0 0.6343932841636585
    outer loop
      vertex 101.78504501565529 0 121.63028678473037
      vertex 101.6916395668277 -8 121.51647191602484
      vertex 101.78504501565529 -8 121.63028678473037
    endloop
  endfacet
  facet normal -0.8128466845916488 0 0.5824776968677552
    outer loop
      vertex 101.87080662768072 0 121.74996697570589
      vertex 101.78504501565529 -8 121.63028678473037
      vertex 101.87080662768072 -8 121.74996697570589
    endloop
  endfacet
  facet normal -0.8492021815265757 0 0.528067850650373
    outer loop
      vertex 101.94855715851499 0 121.875
      vertex 101.87080662768072 -8 121.74996697570589
      vertex 101.94855715851499 -8 121.875
    endloop
  endfacet
  facet normal -0.8819212643483608 0 0.47139673682598665
    outer loop
      vertex 102.01796366844854 0 122.00485044700724
      vertex 101.94855715851499 -8 121.875
      vertex 102.01796366844854 -8 122.00485044700724
    endloop
  endfacet
  facet normal -0.9108638249211621 0 0.41270702980442514
    outer loop
      vertex 102.0787289481504 0 122.13896227717855
      vertex 102.01796366844854 -8 122.00485044700724
      vertex 102.0787289481504 -8 122.13896227717855
    endloop
  endfacet
  facet normal -0.9359059267573215 0 0.3522500479212447
    outer loop
      vertex 102.130592791364 0 122.27676120306789
      vertex 102.0787289481504 -8 122.13896227717855
      vertex 102.130592791364 -8 122.27676120306789
    endloop
  endfacet
  facet normal -0.9569403357322137 0 0.29028467725444673
    outer loop
      vertex 102.1733331091504 0 122.41765714851933
      vertex 102.130592791364 -8 122.27676120306789
      vertex 102.1733331091504 -8 122.41765714851933
    endloop
  endfacet
  facet normal -0.9738769792773389 0 0.22707626303435144
    outer loop
      vertex 102.20676688090727 0 122.56104677546371
      vertex 102.1733331091504 -8 122.41765714851933
      vertex 102.20676688090727 -8 122.56104677546371
    endloop
  endfacet
  facet normal -0.9866433320848742 0 0.16289547339461752
    outer loop
      vertex 102.23075093809108 0 122.70631606750489
      vertex 102.20676688090727 -8 122.56104677546371
      vertex 102.23075093809108 -8 122.70631606750489
    endloop
  endfacet
  facet normal -0.9951847266722015 0 0.09801714032951449
    outer loop
      vertex 102.24518257728685 0 122.85284295923218
      vertex 102.23075093809108 -8 122.70631606750489
      vertex 102.24518257728685 -8 122.85284295923218
    endloop
  endfacet
  facet normal -0.9994645874763648 0 0.03271908282179856
    outer loop
      vertex 102.25 0 123
      vertex 102.24518257728685 -8 122.85284295923218
      vertex 102.25 -8 123
    endloop
  endfacet
  facet normal -0.9994645874763648 0 -0.03271908282179856
    outer loop
      vertex 102.24518257728685 0 123.14715704076782
      vertex 102.25 -8 123
      vertex 102.24518257728685 -8 123.14715704076782
    endloop
  endfacet
  facet normal -0.9951847266722015 0 -0.09801714032951449
    outer loop
      vertex 102.23075093809108 0 123.29368393249511
      vertex 102.24518257728685 -8 123.14715704076782
      vertex 102.23075093809108 -8 123.29368393249511
    endloop
  endfacet
  facet normal -0.9738769792773389 0 -0.22707626303435144
    outer loop
      vertex 102.1733331091504 0 123.58234285148067
      vertex 102.20676688090727 -8 123.43895322453629
      vertex 102.1733331091504 -8 123.58234285148067
    endloop
  endfacet
  facet normal -0.9866433320848742 0 -0.16289547339461752
    outer loop
      vertex 102.20676688090727 0 123.43895322453629
      vertex 102.23075093809108 -8 123.29368393249511
      vertex 102.20676688090727 -8 123.43895322453629
    endloop
  endfacet
  facet normal -0.9569403357322137 0 -0.29028467725444673
    outer loop
      vertex 102.130592791364 0 123.72323879693211
      vertex 102.1733331091504 -8 123.58234285148067
      vertex 102.130592791364 -8 123.72323879693211
    endloop
  endfacet
  facet normal -0.9359059267573215 0 -0.3522500479212447
    outer loop
      vertex 102.0787289481504 0 123.86103772282145
      vertex 102.130592791364 -8 123.72323879693211
      vertex 102.0787289481504 -8 123.86103772282145
    endloop
  endfacet
  facet normal -0.22707626303435144 0 -0.9738769792773389
    outer loop
      vertex 100.43895322453629 0 125.20676688090727
      vertex 100.58234285148067 -8 125.1733331091504
      vertex 100.43895322453629 -8 125.20676688090727
    endloop
  endfacet
  facet normal -0.29028467725444673 0 -0.9569403357322137
    outer loop
      vertex 100.58234285148067 0 125.1733331091504
      vertex 100.72323879693211 -8 125.130592791364
      vertex 100.58234285148067 -8 125.1733331091504
    endloop
  endfacet
  facet normal -0.41270702980442514 0 -0.9108638249211621
    outer loop
      vertex 100.86103772282145 0 125.0787289481504
      vertex 100.99514955299276 -8 125.01796366844854
      vertex 100.86103772282145 -8 125.0787289481504
    endloop
  endfacet
  facet normal -0.3522500479212447 0 -0.9359059267573215
    outer loop
      vertex 100.72323879693211 0 125.130592791364
      vertex 100.86103772282145 -8 125.0787289481504
      vertex 100.72323879693211 -8 125.130592791364
    endloop
  endfacet
  facet normal -0.47139673682598665 0 -0.8819212643483608
    outer loop
      vertex 100.99514955299276 0 125.01796366844854
      vertex 101.125 -8 124.94855715851499
      vertex 100.99514955299276 -8 125.01796366844854
    endloop
  endfacet
  facet normal -0.8819212643483608 0 -0.47139673682598665
    outer loop
      vertex 101.94855715851499 0 124.125
      vertex 102.01796366844854 -8 123.99514955299276
      vertex 101.94855715851499 -8 124.125
    endloop
  endfacet
  facet normal -0.8492021815265757 0 -0.528067850650373
    outer loop
      vertex 101.87080662768072 0 124.25003302429411
      vertex 101.94855715851499 -8 124.125
      vertex 101.87080662768072 -8 124.25003302429411
    endloop
  endfacet
  facet normal -0.7730104533627264 0 -0.6343932841636585
    outer loop
      vertex 101.6916395668277 0 124.48352808397516
      vertex 101.78504501565529 -8 124.36971321526963
      vertex 101.6916395668277 -8 124.48352808397516
    endloop
  endfacet
  facet normal -0.7298640726977996 0 -0.6835923020229097
    outer loop
      vertex 101.59099025766973 0 124.59099025766973
      vertex 101.6916395668277 -8 124.48352808397516
      vertex 101.59099025766973 -8 124.59099025766973
    endloop
  endfacet
  facet normal -0.8128466845916488 0 -0.5824776968677552
    outer loop
      vertex 101.78504501565529 0 124.36971321526963
      vertex 101.87080662768072 -8 124.25003302429411
      vertex 101.78504501565529 -8 124.36971321526963
    endloop
  endfacet
  facet normal -0.5824776968677552 0 -0.8128466845916488
    outer loop
      vertex 101.25003302429411 0 124.87080662768072
      vertex 101.36971321526963 -8 124.78504501565529
      vertex 101.25003302429411 -8 124.87080662768072
    endloop
  endfacet
  facet normal -0.6835923020229097 0 -0.7298640726977996
    outer loop
      vertex 101.48352808397516 0 124.6916395668277
      vertex 101.59099025766973 -8 124.59099025766973
      vertex 101.48352808397516 -8 124.6916395668277
    endloop
  endfacet
  facet normal -0.6343932841636585 0 -0.7730104533627264
    outer loop
      vertex 101.36971321526963 0 124.78504501565529
      vertex 101.48352808397516 -8 124.6916395668277
      vertex 101.36971321526963 -8 124.78504501565529
    endloop
  endfacet
  facet normal -0.528067850650373 0 -0.8492021815265757
    outer loop
      vertex 101.125 0 124.94855715851499
      vertex 101.25003302429411 -8 124.87080662768072
      vertex 101.125 -8 124.94855715851499
    endloop
  endfacet
  facet normal -0.16289547339461752 0 -0.9866433320848742
    outer loop
      vertex 100.29368393249511 0 125.23075093809108
      vertex 100.43895322453629 -8 125.20676688090727
      vertex 100.29368393249511 -8 125.23075093809108
    endloop
  endfacet
  facet normal -0.9108638249211621 0 -0.41270702980442514
    outer loop
      vertex 102.01796366844854 0 123.99514955299276
      vertex 102.0787289481504 -8 123.86103772282145
      vertex 102.01796366844854 -8 123.99514955299276
    endloop
  endfacet
  facet normal 0.6343932841636585 5.79909014632326e-19 0.7730104533627264
    outer loop
      vertex 98.63028678473037 0 121.21495498434471
      vertex 98.51647191602484 0 121.3083604331723
      vertex 98.51647191602484 -8 121.3083604331723
    endloop
  endfacet
  facet normal 0.41270702980442514 2.6856198044171373e-19 0.9108638249211621
    outer loop
      vertex 99.13896227717855 0 120.9212710518496
      vertex 99.00485044700724 0 120.98203633155146
      vertex 99.00485044700724 -8 120.98203633155146
    endloop
  endfacet
  facet normal 0.47139673682598665 -1.8940772030208544e-19 0.8819212643483608
    outer loop
      vertex 99.00485044700724 0 120.98203633155146
      vertex 98.875 0 121.05144284148501
      vertex 98.875 -8 121.05144284148501
    endloop
  endfacet
  facet normal 0.528067850650373 5.97460532197334e-19 0.8492021815265757
    outer loop
      vertex 98.875 0 121.05144284148501
      vertex 98.74996697570589 0 121.12919337231928
      vertex 98.74996697570589 -8 121.12919337231928
    endloop
  endfacet
  facet normal 0.5824776968677552 -1.9452194128343057e-19 0.8128466845916488
    outer loop
      vertex 98.74996697570589 0 121.12919337231928
      vertex 98.63028678473037 0 121.21495498434471
      vertex 98.63028678473037 -8 121.21495498434471
    endloop
  endfacet
  facet normal 0.3522500479212447 -1.12871083145536e-19 0.9359059267573215
    outer loop
      vertex 99.27676120306789 0 120.869407208636
      vertex 99.13896227717855 0 120.9212710518496
      vertex 99.13896227717855 -8 120.9212710518496
    endloop
  endfacet
  facet normal 0.22707626303435144 -7.510293277444442e-20 0.9738769792773389
    outer loop
      vertex 99.56104677546371 0 120.79323311909273
      vertex 99.41765714851933 0 120.8266668908496
      vertex 99.41765714851933 -8 120.8266668908496
    endloop
  endfacet
  facet normal 0.29028467725444673 2.0222244698249296e-20 0.9569403357322137
    outer loop
      vertex 99.41765714851933 0 120.8266668908496
      vertex 99.27676120306789 0 120.869407208636
      vertex 99.27676120306789 -8 120.869407208636
    endloop
  endfacet
  facet normal 0.16289547339461752 3.21715014278784e-20 0.9866433320848742
    outer loop
      vertex 99.70631606750489 0 120.76924906190892
      vertex 99.56104677546371 0 120.79323311909273
      vertex 99.56104677546371 -8 120.79323311909273
    endloop
  endfacet
  facet normal 0.09801714032951449 -4.915446977991466e-21 0.9951847266722015
    outer loop
      vertex 99.85284295923218 0 120.75481742271315
      vertex 99.70631606750489 0 120.76924906190892
      vertex 99.70631606750489 -8 120.76924906190892
    endloop
  endfacet
  facet normal 0.03271908282179856 -3.368817804412451e-20 0.9994645874763648
    outer loop
      vertex 100 0 120.75
      vertex 99.85284295923218 0 120.75481742271315
      vertex 99.85284295923218 -8 120.75481742271315
    endloop
  endfacet
  facet normal -0.03271908282179856 3.368817804412451e-20 0.9994645874763648
    outer loop
      vertex 100.14715704076782 0 120.75481742271315
      vertex 100 0 120.75
      vertex 100 -8 120.75
    endloop
  endfacet
  facet normal -0.09801714032951449 4.915446977991466e-21 0.9951847266722015
    outer loop
      vertex 100.29368393249511 0 120.76924906190892
      vertex 100.14715704076782 0 120.75481742271315
      vertex 100.14715704076782 -8 120.75481742271315
    endloop
  endfacet
  facet normal 0.9738769792773389 0 0.22707626303435144
    outer loop
      vertex 97.79323311909273 0 122.56104677546371
      vertex 97.79323311909273 -8 122.56104677546371
      vertex 97.8266668908496 0 122.41765714851933
    endloop
  endfacet
  facet normal 0.8819212643483608 0 0.47139673682598665
    outer loop
      vertex 97.98203633155146 0 122.00485044700724
      vertex 97.98203633155146 -8 122.00485044700724
      vertex 98.05144284148501 0 121.875
    endloop
  endfacet
  facet normal 0.8128466845916488 0 0.5824776968677552
    outer loop
      vertex 98.12919337231928 0 121.74996697570589
      vertex 98.12919337231928 -8 121.74996697570589
      vertex 98.21495498434471 0 121.63028678473037
    endloop
  endfacet
  facet normal 0.8492021815265757 0 0.528067850650373
    outer loop
      vertex 98.05144284148501 0 121.875
      vertex 98.05144284148501 -8 121.875
      vertex 98.12919337231928 0 121.74996697570589
    endloop
  endfacet
  facet normal 0.7298640726977996 0 0.6835923020229097
    outer loop
      vertex 98.3083604331723 0 121.51647191602484
      vertex 98.3083604331723 -8 121.51647191602484
      vertex 98.40900974233027 0 121.40900974233027
    endloop
  endfacet
  facet normal 0.7730104533627264 0 0.6343932841636585
    outer loop
      vertex 98.21495498434471 0 121.63028678473037
      vertex 98.21495498434471 -8 121.63028678473037
      vertex 98.3083604331723 0 121.51647191602484
    endloop
  endfacet
  facet normal 0.6835923020229097 -4.613266087420711e-19 0.7298640726977996
    outer loop
      vertex 98.51647191602484 0 121.3083604331723
      vertex 98.40900974233027 0 121.40900974233027
      vertex 98.40900974233027 -8 121.40900974233027
    endloop
  endfacet
  facet normal 0.9108638249211621 0 0.41270702980442514
    outer loop
      vertex 97.9212710518496 0 122.13896227717855
      vertex 97.9212710518496 -8 122.13896227717855
      vertex 97.98203633155146 0 122.00485044700724
    endloop
  endfacet
  facet normal 0.9359059267573215 0 0.3522500479212447
    outer loop
      vertex 97.869407208636 0 122.27676120306789
      vertex 97.869407208636 -8 122.27676120306789
      vertex 97.9212710518496 0 122.13896227717855
    endloop
  endfacet
  facet normal 0.9569403357322137 0 0.29028467725444673
    outer loop
      vertex 97.8266668908496 0 122.41765714851933
      vertex 97.8266668908496 -8 122.41765714851933
      vertex 97.869407208636 0 122.27676120306789
    endloop
  endfacet
  facet normal 0.9866433320848742 0 0.16289547339461752
    outer loop
      vertex 97.76924906190892 0 122.70631606750489
      vertex 97.76924906190892 -8 122.70631606750489
      vertex 97.79323311909273 0 122.56104677546371
    endloop
  endfacet
  facet normal 0.9951847266722015 0 0.09801714032951449
    outer loop
      vertex 97.75481742271315 0 122.85284295923218
      vertex 97.75481742271315 -8 122.85284295923218
      vertex 97.76924906190892 0 122.70631606750489
    endloop
  endfacet
  facet normal 0.9994645874763648 0 0.03271908282179856
    outer loop
      vertex 97.75 0 123
      vertex 97.75 -8 123
      vertex 97.75481742271315 0 122.85284295923218
    endloop
  endfacet
  facet normal 0.9994645874763648 0 -0.03271908282179856
    outer loop
      vertex 97.75481742271315 0 123.14715704076782
      vertex 97.75481742271315 -8 123.14715704076782
      vertex 97.75 0 123
    endloop
  endfacet
  facet normal 0.9951847266722015 0 -0.09801714032951449
    outer loop
      vertex 97.76924906190892 0 123.29368393249511
      vertex 97.76924906190892 -8 123.29368393249511
      vertex 97.75481742271315 0 123.14715704076782
    endloop
  endfacet
  facet normal 0.9866433320848742 0 -0.16289547339461752
    outer loop
      vertex 97.79323311909273 0 123.43895322453629
      vertex 97.79323311909273 -8 123.43895322453629
      vertex 97.76924906190892 0 123.29368393249511
    endloop
  endfacet
  facet normal 0.9738769792773389 0 -0.22707626303435144
    outer loop
      vertex 97.8266668908496 0 123.58234285148067
      vertex 97.8266668908496 -8 123.58234285148067
      vertex 97.79323311909273 0 123.43895322453629
    endloop
  endfacet
  facet normal 0.9569403357322137 0 -0.29028467725444673
    outer loop
      vertex 97.869407208636 0 123.72323879693211
      vertex 97.869407208636 -8 123.72323879693211
      vertex 97.8266668908496 0 123.58234285148067
    endloop
  endfacet
  facet normal 0.9359059267573215 0 -0.3522500479212447
    outer loop
      vertex 97.9212710518496 0 123.86103772282145
      vertex 97.9212710518496 -8 123.86103772282145
      vertex 97.869407208636 0 123.72323879693211
    endloop
  endfacet
  facet normal 0.9108638249211621 0 -0.41270702980442514
    outer loop
      vertex 97.98203633155146 0 123.99514955299276
      vertex 97.98203633155146 -8 123.99514955299276
      vertex 97.9212710518496 0 123.86103772282145
    endloop
  endfacet
  facet normal 0.8819212643483608 0 -0.47139673682598665
    outer loop
      vertex 98.05144284148501 0 124.125
      vertex 98.05144284148501 -8 124.125
      vertex 97.98203633155146 0 123.99514955299276
    endloop
  endfacet
  facet normal 0.8492021815265757 0 -0.528067850650373
    outer loop
      vertex 98.12919337231928 0 124.25003302429411
      vertex 98.12919337231928 -8 124.25003302429411
      vertex 98.05144284148501 0 124.125
    endloop
  endfacet
  facet normal 0.8128466845916488 0 -0.5824776968677552
    outer loop
      vertex 98.21495498434471 0 124.36971321526963
      vertex 98.21495498434471 -8 124.36971321526963
      vertex 98.12919337231928 0 124.25003302429411
    endloop
  endfacet
  facet normal 0.7730104533627264 0 -0.6343932841636585
    outer loop
      vertex 98.3083604331723 0 124.48352808397516
      vertex 98.3083604331723 -8 124.48352808397516
      vertex 98.21495498434471 0 124.36971321526963
    endloop
  endfacet
  facet normal 0.7298640726977996 0 -0.6835923020229097
    outer loop
      vertex 98.40900974233027 0 124.59099025766973
      vertex 98.40900974233027 -8 124.59099025766973
      vertex 98.3083604331723 0 124.48352808397516
    endloop
  endfacet
  facet normal 0.6835923020229097 4.613266087420711e-19 -0.7298640726977996
    outer loop
      vertex 98.40900974233027 0 124.59099025766973
      vertex 98.51647191602484 0 124.6916395668277
      vertex 98.51647191602484 -8 124.6916395668277
    endloop
  endfacet
  facet normal 0.6343932841636585 -5.79909014632326e-19 -0.7730104533627264
    outer loop
      vertex 98.51647191602484 0 124.6916395668277
      vertex 98.63028678473037 0 124.78504501565529
      vertex 98.63028678473037 -8 124.78504501565529
    endloop
  endfacet
  facet normal 0.5824776968677552 1.9452194128343057e-19 -0.8128466845916488
    outer loop
      vertex 98.63028678473037 0 124.78504501565529
      vertex 98.74996697570589 0 124.87080662768072
      vertex 98.74996697570589 -8 124.87080662768072
    endloop
  endfacet
  facet normal 0.528067850650373 -5.97460532197334e-19 -0.8492021815265757
    outer loop
      vertex 98.74996697570589 0 124.87080662768072
      vertex 98.875 0 124.94855715851499
      vertex 98.875 -8 124.94855715851499
    endloop
  endfacet
  facet normal 0.47139673682598665 1.8940772030208544e-19 -0.8819212643483608
    outer loop
      vertex 98.875 0 124.94855715851499
      vertex 99.00485044700724 0 125.01796366844854
      vertex 99.00485044700724 -8 125.01796366844854
    endloop
  endfacet
  facet normal 0.41270702980442514 -2.6856198044171373e-19 -0.9108638249211621
    outer loop
      vertex 99.00485044700724 0 125.01796366844854
      vertex 99.13896227717855 0 125.0787289481504
      vertex 99.13896227717855 -8 125.0787289481504
    endloop
  endfacet
  facet normal 0.3522500479212447 1.12871083145536e-19 -0.9359059267573215
    outer loop
      vertex 99.13896227717855 0 125.0787289481504
      vertex 99.27676120306789 0 125.130592791364
      vertex 99.27676120306789 -8 125.130592791364
    endloop
  endfacet
  facet normal 0.29028467725444673 -2.0222244698249296e-20 -0.9569403357322137
    outer loop
      vertex 99.27676120306789 0 125.130592791364
      vertex 99.41765714851933 0 125.1733331091504
      vertex 99.41765714851933 -8 125.1733331091504
    endloop
  endfacet
  facet normal 0.22707626303435144 7.510293277444442e-20 -0.9738769792773389
    outer loop
      vertex 99.41765714851933 0 125.1733331091504
      vertex 99.56104677546371 0 125.20676688090727
      vertex 99.56104677546371 -8 125.20676688090727
    endloop
  endfacet
  facet normal 0.16289547339461752 -3.21715014278784e-20 -0.9866433320848742
    outer loop
      vertex 99.56104677546371 0 125.20676688090727
      vertex 99.70631606750489 0 125.23075093809108
      vertex 99.70631606750489 -8 125.23075093809108
    endloop
  endfacet
  facet normal 0.09801714032951449 4.915446977991466e-21 -0.9951847266722015
    outer loop
      vertex 99.70631606750489 0 125.23075093809108
      vertex 99.85284295923218 0 125.24518257728685
      vertex 99.85284295923218 -8 125.24518257728685
    endloop
  endfacet
  facet normal 0.03271908282179856 3.368817804412451e-20 -0.9994645874763648
    outer loop
      vertex 99.85284295923218 0 125.24518257728685
      vertex 100 0 125.25
      vertex 100 -8 125.25
    endloop
  endfacet
  facet normal -0.03271908282179856 -3.368817804412451e-20 -0.9994645874763648
    outer loop
      vertex 100 0 125.25
      vertex 100.14715704076782 0 125.24518257728685
      vertex 100.14715704076782 -8 125.24518257728685
    endloop
  endfacet
  facet normal -0.09801714032951449 -4.915446977991466e-21 -0.9951847266722015
    outer loop
      vertex 100.14715704076782 0 125.24518257728685
      vertex 100.29368393249511 0 125.23075093809108
      vertex 100.29368393249511 -8 125.23075093809108
    endloop
  endfacet
  facet normal -0.16289547339461752 -3.21715014278784e-20 0.9866433320848742
    outer loop
      vertex 100.43895322453629 0 120.79323311909273
      vertex 100.29368393249511 0 120.76924906190892
      vertex 100.29368393249511 -8 120.76924906190892
    endloop
  endfacet
  facet normal -0.22707626303435144 7.510293277444442e-20 0.9738769792773389
    outer loop
      vertex 100.58234285148067 0 120.8266668908496
      vertex 100.43895322453629 0 120.79323311909273
      vertex 100.43895322453629 -8 120.79323311909273
    endloop
  endfacet
  facet normal -0.29028467725444673 -2.0222244698249296e-20 0.9569403357322137
    outer loop
      vertex 100.72323879693211 0 120.869407208636
      vertex 100.58234285148067 0 120.8266668908496
      vertex 100.58234285148067 -8 120.8266668908496
    endloop
  endfacet
  facet normal -0.3522500479212447 1.12871083145536e-19 0.9359059267573215
    outer loop
      vertex 100.86103772282145 0 120.9212710518496
      vertex 100.72323879693211 0 120.869407208636
      vertex 100.72323879693211 -8 120.869407208636
    endloop
  endfacet
  facet normal -0.41270702980442514 -2.6856198044171373e-19 0.9108638249211621
    outer loop
      vertex 100.99514955299276 0 120.98203633155146
      vertex 100.86103772282145 0 120.9212710518496
      vertex 100.86103772282145 -8 120.9212710518496
    endloop
  endfacet
  facet normal -0.47139673682598665 1.8940772030208544e-19 0.8819212643483608
    outer loop
      vertex 101.125 0 121.05144284148501
      vertex 100.99514955299276 0 120.98203633155146
      vertex 100.99514955299276 -8 120.98203633155146
    endloop
  endfacet
  facet normal -0.528067850650373 -5.97460532197334e-19 0.8492021815265757
    outer loop
      vertex 101.25003302429411 0 121.12919337231928
      vertex 101.125 0 121.05144284148501
      vertex 101.125 -8 121.05144284148501
    endloop
  endfacet
  facet normal -0.5824776968677552 1.9452194128343057e-19 0.8128466845916488
    outer loop
      vertex 101.36971321526963 0 121.21495498434471
      vertex 101.25003302429411 0 121.12919337231928
      vertex 101.25003302429411 -8 121.12919337231928
    endloop
  endfacet
  facet normal -0.6343932841636585 -5.79909014632326e-19 0.7730104533627264
    outer loop
      vertex 101.48352808397516 0 121.3083604331723
      vertex 101.36971321526963 0 121.21495498434471
      vertex 101.36971321526963 -8 121.21495498434471
    endloop
  endfacet
  facet normal -0.6835923020229097 4.613266087420711e-19 0.7298640726977996
    outer loop
      vertex 101.59099025766973 0 121.40900974233027
      vertex 101.48352808397516 0 121.3083604331723
      vertex 101.48352808397516 -8 121.3083604331723
    endloop
  endfacet
  facet normal -0.7298640726977996 0 0.6835923020229097
    outer loop
      vertex 101.59099025766973 0 121.40900974233027
      vertex 101.59099025766973 -8 121.40900974233027
      vertex 101.6916395668277 0 121.51647191602484
    endloop
  endfacet
  facet normal -0.7730104533627264 0 0.6343932841636585
    outer loop
      vertex 101.6916395668277 0 121.51647191602484
      vertex 101.6916395668277 -8 121.51647191602484
      vertex 101.78504501565529 0 121.63028678473037
    endloop
  endfacet
  facet normal -0.8128466845916488 0 0.5824776968677552
    outer loop
      vertex 101.78504501565529 0 121.63028678473037
      vertex 101.78504501565529 -8 121.63028678473037
      vertex 101.87080662768072 0 121.74996697570589
    endloop
  endfacet
  facet normal -0.8492021815265757 0 0.528067850650373
    outer loop
      vertex 101.87080662768072 0 121.74996697570589
      vertex 101.87080662768072 -8 121.74996697570589
      vertex 101.94855715851499 0 121.875
    endloop
  endfacet
  facet normal -0.8819212643483608 0 0.47139673682598665
    outer loop
      vertex 101.94855715851499 0 121.875
      vertex 101.94855715851499 -8 121.875
      vertex 102.01796366844854 0 122.00485044700724
    endloop
  endfacet
  facet normal -0.9108638249211621 0 0.41270702980442514
    outer loop
      vertex 102.01796366844854 0 122.00485044700724
      vertex 102.01796366844854 -8 122.00485044700724
      vertex 102.0787289481504 0 122.13896227717855
    endloop
  endfacet
  facet normal -0.9359059267573215 0 0.3522500479212447
    outer loop
      vertex 102.0787289481504 0 122.13896227717855
      vertex 102.0787289481504 -8 122.13896227717855
      vertex 102.130592791364 0 122.27676120306789
    endloop
  endfacet
  facet normal -0.9569403357322137 0 0.29028467725444673
    outer loop
      vertex 102.130592791364 0 122.27676120306789
      vertex 102.130592791364 -8 122.27676120306789
      vertex 102.1733331091504 0 122.41765714851933
    endloop
  endfacet
  facet normal -0.9738769792773389 0 0.22707626303435144
    outer loop
      vertex 102.1733331091504 0 122.41765714851933
      vertex 102.1733331091504 -8 122.41765714851933
      vertex 102.20676688090727 0 122.56104677546371
    endloop
  endfacet
  facet normal -0.9866433320848742 0 0.16289547339461752
    outer loop
      vertex 102.20676688090727 0 122.56104677546371
      vertex 102.20676688090727 -8 122.56104677546371
      vertex 102.23075093809108 0 122.70631606750489
    endloop
  endfacet
  facet normal -0.9951847266722015 0 0.09801714032951449
    outer loop
      vertex 102.23075093809108 0 122.70631606750489
      vertex 102.23075093809108 -8 122.70631606750489
      vertex 102.24518257728685 0 122.85284295923218
    endloop
  endfacet
  facet normal -0.9994645874763648 0 0.03271908282179856
    outer loop
      vertex 102.24518257728685 0 122.85284295923218
      vertex 102.24518257728685 -8 122.85284295923218
      vertex 102.25 0 123
    endloop
  endfacet
  facet normal -0.9994645874763648 0 -0.03271908282179856
    outer loop
      vertex 102.25 0 123
      vertex 102.25 -8 123
      vertex 102.24518257728685 0 123.14715704076782
    endloop
  endfacet
  facet normal -0.9951847266722015 0 -0.09801714032951449
    outer loop
      vertex 102.24518257728685 0 123.14715704076782
      vertex 102.24518257728685 -8 123.14715704076782
      vertex 102.23075093809108 0 123.29368393249511
    endloop
  endfacet
  facet normal -0.9866433320848742 0 -0.16289547339461752
    outer loop
      vertex 102.23075093809108 0 123.29368393249511
      vertex 102.23075093809108 -8 123.29368393249511
      vertex 102.20676688090727 0 123.43895322453629
    endloop
  endfacet
  facet normal -0.9738769792773389 0 -0.22707626303435144
    outer loop
      vertex 102.20676688090727 0 123.43895322453629
      vertex 102.20676688090727 -8 123.43895322453629
      vertex 102.1733331091504 0 123.58234285148067
    endloop
  endfacet
  facet normal -0.9569403357322137 0 -0.29028467725444673
    outer loop
      vertex 102.1733331091504 0 123.58234285148067
      vertex 102.1733331091504 -8 123.58234285148067
      vertex 102.130592791364 0 123.72323879693211
    endloop
  endfacet
  facet normal -0.9359059267573215 0 -0.3522500479212447
    outer loop
      vertex 102.130592791364 0 123.72323879693211
      vertex 102.130592791364 -8 123.72323879693211
      vertex 102.0787289481504 0 123.86103772282145
    endloop
  endfacet
  facet normal -0.9108638249211621 0 -0.41270702980442514
    outer loop
      vertex 102.0787289481504 0 123.86103772282145
      vertex 102.0787289481504 -8 123.86103772282145
      vertex 102.01796366844854 0 123.99514955299276
    endloop
  endfacet
  facet normal -0.16289547339461752 3.21715014278784e-20 -0.9866433320848742
    outer loop
      vertex 100.29368393249511 0 125.23075093809108
      vertex 100.43895322453629 0 125.20676688090727
      vertex 100.43895322453629 -8 125.20676688090727
    endloop
  endfacet
  facet normal -0.22707626303435144 -7.510293277444442e-20 -0.9738769792773389
    outer loop
      vertex 100.43895322453629 0 125.20676688090727
      vertex 100.58234285148067 0 125.1733331091504
      vertex 100.58234285148067 -8 125.1733331091504
    endloop
  endfacet
  facet normal -0.29028467725444673 2.0222244698249296e-20 -0.9569403357322137
    outer loop
      vertex 100.58234285148067 0 125.1733331091504
      vertex 100.72323879693211 0 125.130592791364
      vertex 100.72323879693211 -8 125.130592791364
    endloop
  endfacet
  facet normal -0.3522500479212447 -1.12871083145536e-19 -0.9359059267573215
    outer loop
      vertex 100.72323879693211 0 125.130592791364
      vertex 100.86103772282145 0 125.0787289481504
      vertex 100.86103772282145 -8 125.0787289481504
    endloop
  endfacet
  facet normal -0.41270702980442514 2.6856198044171373e-19 -0.9108638249211621
    outer loop
      vertex 100.86103772282145 0 125.0787289481504
      vertex 100.99514955299276 0 125.01796366844854
      vertex 100.99514955299276 -8 125.01796366844854
    endloop
  endfacet
  facet normal -0.47139673682598665 -1.8940772030208544e-19 -0.8819212643483608
    outer loop
      vertex 100.99514955299276 0 125.01796366844854
      vertex 101.125 0 124.94855715851499
      vertex 101.125 -8 124.94855715851499
    endloop
  endfacet
  facet normal -0.8492021815265757 0 -0.528067850650373
    outer loop
      vertex 101.94855715851499 0 124.125
      vertex 101.94855715851499 -8 124.125
      vertex 101.87080662768072 0 124.25003302429411
    endloop
  endfacet
  facet normal -0.7730104533627264 0 -0.6343932841636585
    outer loop
      vertex 101.78504501565529 0 124.36971321526963
      vertex 101.78504501565529 -8 124.36971321526963
      vertex 101.6916395668277 0 124.48352808397516
    endloop
  endfacet
  facet normal -0.7298640726977996 0 -0.6835923020229097
    outer loop
      vertex 101.6916395668277 0 124.48352808397516
      vertex 101.6916395668277 -8 124.48352808397516
      vertex 101.59099025766973 0 124.59099025766973
    endloop
  endfacet
  facet normal -0.8128466845916488 0 -0.5824776968677552
    outer loop
      vertex 101.87080662768072 0 124.25003302429411
      vertex 101.87080662768072 -8 124.25003302429411
      vertex 101.78504501565529 0 124.36971321526963
    endloop
  endfacet
  facet normal -0.528067850650373 5.97460532197334e-19 -0.8492021815265757
    outer loop
      vertex 101.125 0 124.94855715851499
      vertex 101.25003302429411 0 124.87080662768072
      vertex 101.25003302429411 -8 124.87080662768072
    endloop
  endfacet
  facet normal -0.5824776968677552 -1.9452194128343057e-19 -0.8128466845916488
    outer loop
      vertex 101.25003302429411 0 124.87080662768072
      vertex 101.36971321526963 0 124.78504501565529
      vertex 101.36971321526963 -8 124.78504501565529
    endloop
  endfacet
  facet normal -0.6343932841636585 5.79909014632326e-19 -0.7730104533627264
    outer loop
      vertex 101.36971321526963 0 124.78504501565529
      vertex 101.48352808397516 0 124.6916395668277
      vertex 101.48352808397516 -8 124.6916395668277
    endloop
  endfacet
  facet normal -0.6835923020229097 -4.613266087420711e-19 -0.7298640726977996
    outer loop
      vertex 101.48352808397516 0 124.6916395668277
      vertex 101.59099025766973 0 124.59099025766973
      vertex 101.59099025766973 -8 124.59099025766973
    endloop
  endfacet
  facet normal -0.8819212643483608 0 -0.47139673682598665
    outer loop
      vertex 102.01796366844854 0 123.99514955299276
      vertex 102.01796366844854 -8 123.99514955299276
      vertex 101.94855715851499 0 124.125
    endloop
  endfacet
endsolid OpenSCAD_Model
