solid OpenSCAD_Model
  facet normal -0.9994645874763657 0.03271908282177749 -2.4751411786679943e-19
    outer loop
      vertex -8.8 0 0
      vertex -8.78115852449971 0.575547537225259 4
      vertex -8.78115852449971 0.575547537225259 0
    endloop
  endfacet
  facet normal -0.9951847266721969 0.09801714032956109 -4.424403914206649e-19
    outer loop
      vertex -8.78115852449971 0.575547537225259 0
      vertex -8.724714780089531 1.148630491536454 4
      vertex -8.724714780089531 1.148630491536454 0
    endloop
  endfacet
  facet normal -0.9866433320848792 0.16289547339458724 -4.373039872750326e-19
    outer loop
      vertex -8.724714780089531 1.148630491536454 0
      vertex -8.630910467548428 1.7167948337419288 4
      vertex -8.630910467548428 1.7167948337419288 0
    endloop
  endfacet
  facet normal -0.9738769792773341 0.22707626303437134 -1.9674951305658093e-18
    outer loop
      vertex -8.630910467548428 1.7167948337419288 0
      vertex -8.500147271343803 2.2776075969021825 4
      vertex -8.500147271343803 2.2776075969021825 0
    endloop
  endfacet
  facet normal -0.9569403357322085 0.29028467725446405 2.2741397974767577e-18
    outer loop
      vertex -8.500147271343803 2.2776075969021825 0
      vertex -8.33298513955693 2.8286672946678224 4
      vertex -8.33298513955693 2.8286672946678224 0
    endloop
  endfacet
  facet normal -0.9359059267573254 0.3522500479212342 -2.3750013001785064e-18
    outer loop
      vertex -8.33298513955693 2.8286672946678224 0
      vertex -8.130139886099323 3.3676142048127904 4
      vertex -8.130139886099323 3.3676142048127904 0
    endloop
  endfacet
  facet normal -0.9108638249211761 0.41270702980439417 -8.049447416434159e-20
    outer loop
      vertex -8.130139886099323 3.3676142048127904 0
      vertex -7.8924801254876575 3.8921404739272116 4
      vertex -7.8924801254876575 3.8921404739272116 0
    endloop
  endfacet
  facet normal -0.8819212643483549 0.4713967368259979 5.163187740597027e-18
    outer loop
      vertex -7.8924801254876575 3.8921404739272116 0
      vertex -7.62102355330306 4.4 4
      vertex -7.62102355330306 4.4 0
    endloop
  endfacet
  facet normal -0.8492021815265786 0.5280678506503687 -4.379481525981635e-18
    outer loop
      vertex -7.62102355330306 4.4 0
      vertex -7.316932588262398 4.889018050572499 4
      vertex -7.316932588262398 4.889018050572499 0
    endloop
  endfacet
  facet normal -0.812846684591616 0.5824776968678009 -8.661996827546757e-19
    outer loop
      vertex -7.316932588262398 4.889018050572499 0
      vertex -6.98150939456287 5.357100575276742 4
      vertex -6.98150939456287 5.357100575276742 0
    endloop
  endfacet
  facet normal -0.7730104533627374 0.6343932841636449 -1.2434925316530032e-18
    outer loop
      vertex -6.98150939456287 5.357100575276742 0
      vertex -6.616190305815002 5.8022431728806065 4
      vertex -6.616190305815002 5.8022431728806065 0
    endloop
  endfacet
  facet normal -0.9994645874763657 0.03271908282177749 0
    outer loop
      vertex -8.8 0 0
      vertex -8.8 0 4
      vertex -8.78115852449971 0.575547537225259 4
    endloop
  endfacet
  facet normal -0.9951847266721969 0.09801714032956109 0
    outer loop
      vertex -8.78115852449971 0.575547537225259 0
      vertex -8.78115852449971 0.575547537225259 4
      vertex -8.724714780089531 1.148630491536454 4
    endloop
  endfacet
  facet normal -0.9866433320848792 0.16289547339458724 0
    outer loop
      vertex -8.724714780089531 1.148630491536454 0
      vertex -8.724714780089531 1.148630491536454 4
      vertex -8.630910467548428 1.7167948337419288 4
    endloop
  endfacet
  facet normal -0.9738769792773341 0.22707626303437134 0
    outer loop
      vertex -8.630910467548428 1.7167948337419288 0
      vertex -8.630910467548428 1.7167948337419288 4
      vertex -8.500147271343803 2.2776075969021825 4
    endloop
  endfacet
  facet normal -0.9569403357322085 0.29028467725446405 0
    outer loop
      vertex -8.500147271343803 2.2776075969021825 0
      vertex -8.500147271343803 2.2776075969021825 4
      vertex -8.33298513955693 2.8286672946678224 4
    endloop
  endfacet
  facet normal -0.9359059267573254 0.3522500479212342 0
    outer loop
      vertex -8.33298513955693 2.8286672946678224 0
      vertex -8.33298513955693 2.8286672946678224 4
      vertex -8.130139886099323 3.3676142048127904 4
    endloop
  endfacet
  facet normal -0.9108638249211761 0.41270702980439417 0
    outer loop
      vertex -8.130139886099323 3.3676142048127904 0
      vertex -8.130139886099323 3.3676142048127904 4
      vertex -7.8924801254876575 3.8921404739272116 4
    endloop
  endfacet
  facet normal -0.8819212643483549 0.4713967368259979 0
    outer loop
      vertex -7.8924801254876575 3.8921404739272116 0
      vertex -7.8924801254876575 3.8921404739272116 4
      vertex -7.62102355330306 4.4 4
    endloop
  endfacet
  facet normal -0.8492021815265786 0.5280678506503687 0
    outer loop
      vertex -7.62102355330306 4.4 0
      vertex -7.62102355330306 4.4 4
      vertex -7.316932588262398 4.889018050572499 4
    endloop
  endfacet
  facet normal -0.812846684591616 0.5824776968678009 0
    outer loop
      vertex -7.316932588262398 4.889018050572499 0
      vertex -7.316932588262398 4.889018050572499 4
      vertex -6.98150939456287 5.357100575276742 4
    endloop
  endfacet
  facet normal -0.7730104533627374 0.6343932841636449 0
    outer loop
      vertex -6.98150939456287 5.357100575276742 0
      vertex -6.98150939456287 5.357100575276742 4
      vertex -6.616190305815002 5.8022431728806065 4
    endloop
  endfacet
  facet normal -0.729864072697836 0.6835923020228709 0
    outer loop
      vertex -6.616190305815002 5.8022431728806065 0
      vertex -6.616190305815002 5.8022431728806065 4
      vertex -6.222539674441619 6.222539674441619 4
    endloop
  endfacet
  facet normal -0.729864072697836 0.6835923020228709 -2.0145013055273135e-19
    outer loop
      vertex -6.616190305815002 5.8022431728806065 0
      vertex -6.222539674441619 6.222539674441619 4
      vertex -6.222539674441619 6.222539674441619 0
    endloop
  endfacet
  facet normal -0.6835923020228709 0.729864072697836 0
    outer loop
      vertex -6.222539674441619 6.222539674441619 0
      vertex -6.222539674441619 6.222539674441619 4
      vertex -5.8022431728806065 6.616190305815002 0
    endloop
  endfacet
  facet normal -0.6343932841636449 0.7730104533627374 0
    outer loop
      vertex -5.8022431728806065 6.616190305815002 0
      vertex -5.8022431728806065 6.616190305815002 4
      vertex -5.357100575276742 6.98150939456287 0
    endloop
  endfacet
  facet normal -0.5824776968678009 0.812846684591616 0
    outer loop
      vertex -5.357100575276742 6.98150939456287 0
      vertex -5.357100575276742 6.98150939456287 4
      vertex -4.889018050572499 7.316932588262398 0
    endloop
  endfacet
  facet normal -0.5280678506503687 0.8492021815265786 0
    outer loop
      vertex -4.889018050572499 7.316932588262398 0
      vertex -4.889018050572499 7.316932588262398 4
      vertex -4.4 7.62102355330306 0
    endloop
  endfacet
  facet normal -0.4713967368259979 0.8819212643483549 0
    outer loop
      vertex -4.4 7.62102355330306 0
      vertex -4.4 7.62102355330306 4
      vertex -3.8921404739272116 7.8924801254876575 0
    endloop
  endfacet
  facet normal -0.41270702980439417 0.9108638249211761 0
    outer loop
      vertex -3.8921404739272116 7.8924801254876575 0
      vertex -3.8921404739272116 7.8924801254876575 4
      vertex -3.3676142048127904 8.130139886099323 0
    endloop
  endfacet
  facet normal -0.3522500479212342 0.9359059267573254 0
    outer loop
      vertex -3.3676142048127904 8.130139886099323 0
      vertex -3.3676142048127904 8.130139886099323 4
      vertex -2.8286672946678224 8.33298513955693 0
    endloop
  endfacet
  facet normal -0.29028467725446405 0.9569403357322085 0
    outer loop
      vertex -2.8286672946678224 8.33298513955693 0
      vertex -2.8286672946678224 8.33298513955693 4
      vertex -2.2776075969021825 8.500147271343803 0
    endloop
  endfacet
  facet normal -0.22707626303437134 0.9738769792773341 0
    outer loop
      vertex -2.2776075969021825 8.500147271343803 0
      vertex -2.2776075969021825 8.500147271343803 4
      vertex -1.7167948337419288 8.630910467548428 0
    endloop
  endfacet
  facet normal -0.16289547339458724 0.9866433320848792 0
    outer loop
      vertex -1.7167948337419288 8.630910467548428 0
      vertex -1.7167948337419288 8.630910467548428 4
      vertex -1.148630491536454 8.724714780089531 0
    endloop
  endfacet
  facet normal -0.09801714032956109 0.9951847266721969 0
    outer loop
      vertex -1.148630491536454 8.724714780089531 0
      vertex -1.148630491536454 8.724714780089531 4
      vertex -0.575547537225259 8.78115852449971 0
    endloop
  endfacet
  facet normal -0.03271908282177749 0.9994645874763657 0
    outer loop
      vertex -0.575547537225259 8.78115852449971 0
      vertex -0.575547537225259 8.78115852449971 4
      vertex 0 8.8 0
    endloop
  endfacet
  facet normal -0.6835923020228709 0.729864072697836 0
    outer loop
      vertex -5.8022431728806065 6.616190305815002 0
      vertex -6.222539674441619 6.222539674441619 4
      vertex -5.8022431728806065 6.616190305815002 4
    endloop
  endfacet
  facet normal -0.6343932841636449 0.7730104533627374 0
    outer loop
      vertex -5.357100575276742 6.98150939456287 0
      vertex -5.8022431728806065 6.616190305815002 4
      vertex -5.357100575276742 6.98150939456287 4
    endloop
  endfacet
  facet normal -0.5824776968678009 0.812846684591616 0
    outer loop
      vertex -4.889018050572499 7.316932588262398 0
      vertex -5.357100575276742 6.98150939456287 4
      vertex -4.889018050572499 7.316932588262398 4
    endloop
  endfacet
  facet normal -0.5280678506503687 0.8492021815265786 0
    outer loop
      vertex -4.4 7.62102355330306 0
      vertex -4.889018050572499 7.316932588262398 4
      vertex -4.4 7.62102355330306 4
    endloop
  endfacet
  facet normal -0.4713967368259979 0.8819212643483549 0
    outer loop
      vertex -3.8921404739272116 7.8924801254876575 0
      vertex -4.4 7.62102355330306 4
      vertex -3.8921404739272116 7.8924801254876575 4
    endloop
  endfacet
  facet normal -0.41270702980439417 0.9108638249211761 0
    outer loop
      vertex -3.3676142048127904 8.130139886099323 0
      vertex -3.8921404739272116 7.8924801254876575 4
      vertex -3.3676142048127904 8.130139886099323 4
    endloop
  endfacet
  facet normal -0.3522500479212342 0.9359059267573254 0
    outer loop
      vertex -2.8286672946678224 8.33298513955693 0
      vertex -3.3676142048127904 8.130139886099323 4
      vertex -2.8286672946678224 8.33298513955693 4
    endloop
  endfacet
  facet normal -0.29028467725446405 0.9569403357322085 0
    outer loop
      vertex -2.2776075969021825 8.500147271343803 0
      vertex -2.8286672946678224 8.33298513955693 4
      vertex -2.2776075969021825 8.500147271343803 4
    endloop
  endfacet
  facet normal -0.22707626303437134 0.9738769792773341 0
    outer loop
      vertex -1.7167948337419288 8.630910467548428 0
      vertex -2.2776075969021825 8.500147271343803 4
      vertex -1.7167948337419288 8.630910467548428 4
    endloop
  endfacet
  facet normal -0.16289547339458724 0.9866433320848792 0
    outer loop
      vertex -1.148630491536454 8.724714780089531 0
      vertex -1.7167948337419288 8.630910467548428 4
      vertex -1.148630491536454 8.724714780089531 4
    endloop
  endfacet
  facet normal -0.09801714032956109 0.9951847266721969 0
    outer loop
      vertex -0.575547537225259 8.78115852449971 0
      vertex -1.148630491536454 8.724714780089531 4
      vertex -0.575547537225259 8.78115852449971 4
    endloop
  endfacet
  facet normal -0.03271908282177749 0.9994645874763657 -2.4751411786679943e-19
    outer loop
      vertex -0.575547537225259 8.78115852449971 4
      vertex 0 8.8 4
      vertex 0 8.8 0
    endloop
  endfacet
  facet normal 0.9994645874763657 0.03271908282177749 0
    outer loop
      vertex 8.8 0 0
      vertex 8.78115852449971 0.575547537225259 0
      vertex 8.8 0 4
    endloop
  endfacet
  facet normal 0.9951847266721969 0.09801714032956109 0
    outer loop
      vertex 8.78115852449971 0.575547537225259 0
      vertex 8.724714780089531 1.148630491536454 0
      vertex 8.78115852449971 0.575547537225259 4
    endloop
  endfacet
  facet normal 0.9866433320848792 0.16289547339458724 0
    outer loop
      vertex 8.724714780089531 1.148630491536454 0
      vertex 8.630910467548428 1.7167948337419288 0
      vertex 8.724714780089531 1.148630491536454 4
    endloop
  endfacet
  facet normal 0.9738769792773341 0.22707626303437134 0
    outer loop
      vertex 8.630910467548428 1.7167948337419288 0
      vertex 8.500147271343803 2.2776075969021825 0
      vertex 8.630910467548428 1.7167948337419288 4
    endloop
  endfacet
  facet normal 0.9569403357322085 0.29028467725446405 0
    outer loop
      vertex 8.500147271343803 2.2776075969021825 0
      vertex 8.33298513955693 2.8286672946678224 0
      vertex 8.500147271343803 2.2776075969021825 4
    endloop
  endfacet
  facet normal 0.9108638249211761 0.41270702980439417 0
    outer loop
      vertex 8.130139886099323 3.3676142048127904 0
      vertex 7.8924801254876575 3.8921404739272116 0
      vertex 8.130139886099323 3.3676142048127904 4
    endloop
  endfacet
  facet normal 0.9359059267573254 0.3522500479212342 0
    outer loop
      vertex 8.33298513955693 2.8286672946678224 0
      vertex 8.130139886099323 3.3676142048127904 0
      vertex 8.33298513955693 2.8286672946678224 4
    endloop
  endfacet
  facet normal 0.8819212643483549 0.4713967368259979 -5.163187740597027e-18
    outer loop
      vertex 7.62102355330306 4.4 0
      vertex 7.8924801254876575 3.8921404739272116 4
      vertex 7.8924801254876575 3.8921404739272116 0
    endloop
  endfacet
  facet normal 0.812846684591616 0.5824776968678009 0
    outer loop
      vertex 7.316932588262398 4.889018050572499 0
      vertex 6.98150939456287 5.357100575276742 0
      vertex 7.316932588262398 4.889018050572499 4
    endloop
  endfacet
  facet normal 0.729864072697836 0.6835923020228709 0
    outer loop
      vertex 6.616190305815002 5.8022431728806065 0
      vertex 6.222539674441619 6.222539674441619 0
      vertex 6.616190305815002 5.8022431728806065 4
    endloop
  endfacet
  facet normal 0.7730104533627374 0.6343932841636449 1.2434925316530032e-18
    outer loop
      vertex 6.616190305815002 5.8022431728806065 0
      vertex 6.98150939456287 5.357100575276742 4
      vertex 6.98150939456287 5.357100575276742 0
    endloop
  endfacet
  facet normal 0.8492021815265786 0.5280678506503687 4.379481525981635e-18
    outer loop
      vertex 7.316932588262398 4.889018050572499 0
      vertex 7.62102355330306 4.4 4
      vertex 7.62102355330306 4.4 0
    endloop
  endfacet
  facet normal 0.9994645874763657 0.03271908282177749 0
    outer loop
      vertex 8.78115852449971 0.575547537225259 0
      vertex 8.78115852449971 0.575547537225259 4
      vertex 8.8 0 4
    endloop
  endfacet
  facet normal 0.9951847266721969 0.09801714032956109 0
    outer loop
      vertex 8.724714780089531 1.148630491536454 0
      vertex 8.724714780089531 1.148630491536454 4
      vertex 8.78115852449971 0.575547537225259 4
    endloop
  endfacet
  facet normal 0.9866433320848792 0.16289547339458724 0
    outer loop
      vertex 8.630910467548428 1.7167948337419288 0
      vertex 8.630910467548428 1.7167948337419288 4
      vertex 8.724714780089531 1.148630491536454 4
    endloop
  endfacet
  facet normal 0.9738769792773341 0.22707626303437134 0
    outer loop
      vertex 8.500147271343803 2.2776075969021825 0
      vertex 8.500147271343803 2.2776075969021825 4
      vertex 8.630910467548428 1.7167948337419288 4
    endloop
  endfacet
  facet normal 0.9569403357322085 0.29028467725446405 0
    outer loop
      vertex 8.33298513955693 2.8286672946678224 0
      vertex 8.33298513955693 2.8286672946678224 4
      vertex 8.500147271343803 2.2776075969021825 4
    endloop
  endfacet
  facet normal 0.9359059267573254 0.3522500479212342 0
    outer loop
      vertex 8.130139886099323 3.3676142048127904 0
      vertex 8.130139886099323 3.3676142048127904 4
      vertex 8.33298513955693 2.8286672946678224 4
    endloop
  endfacet
  facet normal 0.9108638249211761 0.41270702980439417 0
    outer loop
      vertex 7.8924801254876575 3.8921404739272116 0
      vertex 7.8924801254876575 3.8921404739272116 4
      vertex 8.130139886099323 3.3676142048127904 4
    endloop
  endfacet
  facet normal 0.8819212643483549 0.4713967368259979 0
    outer loop
      vertex 7.62102355330306 4.4 0
      vertex 7.62102355330306 4.4 4
      vertex 7.8924801254876575 3.8921404739272116 4
    endloop
  endfacet
  facet normal 0.8492021815265786 0.5280678506503687 0
    outer loop
      vertex 7.316932588262398 4.889018050572499 0
      vertex 7.316932588262398 4.889018050572499 4
      vertex 7.62102355330306 4.4 4
    endloop
  endfacet
  facet normal 0.812846684591616 0.5824776968678009 0
    outer loop
      vertex 6.98150939456287 5.357100575276742 0
      vertex 6.98150939456287 5.357100575276742 4
      vertex 7.316932588262398 4.889018050572499 4
    endloop
  endfacet
  facet normal 0.7730104533627374 0.6343932841636449 0
    outer loop
      vertex 6.616190305815002 5.8022431728806065 0
      vertex 6.616190305815002 5.8022431728806065 4
      vertex 6.98150939456287 5.357100575276742 4
    endloop
  endfacet
  facet normal 0.03271908282177749 0.9994645874763657 0
    outer loop
      vertex 0 8.8 0
      vertex 0 8.8 4
      vertex 0.575547537225259 8.78115852449971 0
    endloop
  endfacet
  facet normal 0.09801714032956109 0.9951847266721969 0
    outer loop
      vertex 0.575547537225259 8.78115852449971 0
      vertex 0.575547537225259 8.78115852449971 4
      vertex 1.148630491536454 8.724714780089531 0
    endloop
  endfacet
  facet normal 0.16289547339458724 0.9866433320848792 0
    outer loop
      vertex 1.148630491536454 8.724714780089531 0
      vertex 1.148630491536454 8.724714780089531 4
      vertex 1.7167948337419288 8.630910467548428 0
    endloop
  endfacet
  facet normal 0.22707626303437134 0.9738769792773341 0
    outer loop
      vertex 1.7167948337419288 8.630910467548428 0
      vertex 1.7167948337419288 8.630910467548428 4
      vertex 2.2776075969021825 8.500147271343803 0
    endloop
  endfacet
  facet normal 0.29028467725446405 0.9569403357322085 0
    outer loop
      vertex 2.2776075969021825 8.500147271343803 0
      vertex 2.2776075969021825 8.500147271343803 4
      vertex 2.8286672946678224 8.33298513955693 0
    endloop
  endfacet
  facet normal 0.6835923020228709 0.729864072697836 0
    outer loop
      vertex 5.8022431728806065 6.616190305815002 0
      vertex 5.8022431728806065 6.616190305815002 4
      vertex 6.222539674441619 6.222539674441619 0
    endloop
  endfacet
  facet normal 0.5824776968678009 0.812846684591616 0
    outer loop
      vertex 4.889018050572499 7.316932588262398 0
      vertex 4.889018050572499 7.316932588262398 4
      vertex 5.357100575276742 6.98150939456287 0
    endloop
  endfacet
  facet normal 0.6343932841636449 0.7730104533627374 1.2434925316530032e-18
    outer loop
      vertex 5.8022431728806065 6.616190305815002 0
      vertex 5.357100575276742 6.98150939456287 0
      vertex 5.357100575276742 6.98150939456287 4
    endloop
  endfacet
  facet normal 0.41270702980439417 0.9108638249211761 0
    outer loop
      vertex 3.3676142048127904 8.130139886099323 0
      vertex 3.3676142048127904 8.130139886099323 4
      vertex 3.8921404739272116 7.8924801254876575 0
    endloop
  endfacet
  facet normal 0.4713967368259979 0.8819212643483549 0
    outer loop
      vertex 3.8921404739272116 7.8924801254876575 0
      vertex 3.8921404739272116 7.8924801254876575 4
      vertex 4.4 7.62102355330306 0
    endloop
  endfacet
  facet normal 0.3522500479212342 0.9359059267573254 0
    outer loop
      vertex 2.8286672946678224 8.33298513955693 0
      vertex 2.8286672946678224 8.33298513955693 4
      vertex 3.3676142048127904 8.130139886099323 0
    endloop
  endfacet
  facet normal 0.5280678506503687 0.8492021815265786 0
    outer loop
      vertex 4.4 7.62102355330306 0
      vertex 4.4 7.62102355330306 4
      vertex 4.889018050572499 7.316932588262398 0
    endloop
  endfacet
  facet normal 0.03271908282177749 0.9994645874763657 0
    outer loop
      vertex 0.575547537225259 8.78115852449971 0
      vertex 0 8.8 4
      vertex 0.575547537225259 8.78115852449971 4
    endloop
  endfacet
  facet normal 0.09801714032956109 0.9951847266721969 0
    outer loop
      vertex 1.148630491536454 8.724714780089531 0
      vertex 0.575547537225259 8.78115852449971 4
      vertex 1.148630491536454 8.724714780089531 4
    endloop
  endfacet
  facet normal 0.22707626303437134 0.9738769792773341 0
    outer loop
      vertex 2.2776075969021825 8.500147271343803 0
      vertex 1.7167948337419288 8.630910467548428 4
      vertex 2.2776075969021825 8.500147271343803 4
    endloop
  endfacet
  facet normal 0.16289547339458724 0.9866433320848792 0
    outer loop
      vertex 1.7167948337419288 8.630910467548428 0
      vertex 1.148630491536454 8.724714780089531 4
      vertex 1.7167948337419288 8.630910467548428 4
    endloop
  endfacet
  facet normal 0.29028467725446405 0.9569403357322085 0
    outer loop
      vertex 2.8286672946678224 8.33298513955693 0
      vertex 2.2776075969021825 8.500147271343803 4
      vertex 2.8286672946678224 8.33298513955693 4
    endloop
  endfacet
  facet normal 0.6343932841636449 0.7730104533627374 0
    outer loop
      vertex 5.8022431728806065 6.616190305815002 0
      vertex 5.357100575276742 6.98150939456287 4
      vertex 5.8022431728806065 6.616190305815002 4
    endloop
  endfacet
  facet normal 0.5824776968678009 0.812846684591616 0
    outer loop
      vertex 5.357100575276742 6.98150939456287 0
      vertex 4.889018050572499 7.316932588262398 4
      vertex 5.357100575276742 6.98150939456287 4
    endloop
  endfacet
  facet normal 0.5280678506503687 0.8492021815265786 0
    outer loop
      vertex 4.889018050572499 7.316932588262398 0
      vertex 4.4 7.62102355330306 4
      vertex 4.889018050572499 7.316932588262398 4
    endloop
  endfacet
  facet normal 0.3522500479212342 0.9359059267573254 0
    outer loop
      vertex 3.3676142048127904 8.130139886099323 0
      vertex 2.8286672946678224 8.33298513955693 4
      vertex 3.3676142048127904 8.130139886099323 4
    endloop
  endfacet
  facet normal 0.41270702980439417 0.9108638249211761 0
    outer loop
      vertex 3.8921404739272116 7.8924801254876575 0
      vertex 3.3676142048127904 8.130139886099323 4
      vertex 3.8921404739272116 7.8924801254876575 4
    endloop
  endfacet
  facet normal 0.4713967368259979 0.8819212643483549 0
    outer loop
      vertex 4.4 7.62102355330306 0
      vertex 3.8921404739272116 7.8924801254876575 4
      vertex 4.4 7.62102355330306 4
    endloop
  endfacet
  facet normal 0.729864072697836 0.6835923020228709 0
    outer loop
      vertex 6.222539674441619 6.222539674441619 0
      vertex 6.222539674441619 6.222539674441619 4
      vertex 6.616190305815002 5.8022431728806065 4
    endloop
  endfacet
  facet normal 0.6835923020228709 0.729864072697836 0
    outer loop
      vertex 6.222539674441619 6.222539674441619 0
      vertex 5.8022431728806065 6.616190305815002 4
      vertex 6.222539674441619 6.222539674441619 4
    endloop
  endfacet
  facet normal -0.9994645874763656 0.0327190828217777 -8.327189550464209e-19
    outer loop
      vertex -12 0 -1.5
      vertex -11.97430707886324 0.7848375507617167 0
      vertex -11.97430707886324 0.7848375507617167 -1.5
    endloop
  endfacet
  facet normal 0 0 -1
    outer loop
      vertex -11.97430707886324 0.7848375507617167 -1.5
      vertex -11.897338336485724 1.5663143066406189 -1.5
      vertex -12 0 -1.5
    endloop
  endfacet
  facet normal 0 0 -1
    outer loop
      vertex -11.897338336485724 1.5663143066406189 -1.5
      vertex -11.769423364838765 2.341083864193539 -1.5
      vertex -12 0 -1.5
    endloop
  endfacet
  facet normal -0.9951847266721968 0.09801714032956006 1.1251333996853578e-18
    outer loop
      vertex -11.97430707886324 0.7848375507617167 -1.5
      vertex -11.897338336485724 1.5663143066406189 0
      vertex -11.897338336485724 1.5663143066406189 -1.5
    endloop
  endfacet
  facet normal -0.9994645874763656 0.0327190828217777 0
    outer loop
      vertex -12 0 -1.5
      vertex -12 0 0
      vertex -11.97430707886324 0.7848375507617167 0
    endloop
  endfacet
  facet normal 0 0 1
    outer loop
      vertex -12 0 0
      vertex -8.8 0 0
      vertex -11.97430707886324 0.7848375507617167 0
    endloop
  endfacet
  facet normal -0.9951847266721968 0.09801714032956006 0
    outer loop
      vertex -11.97430707886324 0.7848375507617167 -1.5
      vertex -11.97430707886324 0.7848375507617167 0
      vertex -11.897338336485724 1.5663143066406189 0
    endloop
  endfacet
  facet normal 0 0 1
    outer loop
      vertex -11.97430707886324 0.7848375507617167 0
      vertex -8.8 0 0
      vertex -11.897338336485724 1.5663143066406189 0
    endloop
  endfacet
  facet normal 0 0 1
    outer loop
      vertex -11.897338336485724 1.5663143066406189 0
      vertex -8.8 0 0
      vertex -11.769423364838765 2.341083864193539 0
    endloop
  endfacet
  facet normal 0 0 -1
    outer loop
      vertex -11.769423364838765 2.341083864193539 -1.5
      vertex -11.59110991546882 3.105828541230249 -1.5
      vertex -12 0 -1.5
    endloop
  endfacet
  facet normal -0.9866433320848792 0.162895473394588 1.4911723975169281e-18
    outer loop
      vertex -11.897338336485724 1.5663143066406189 -1.5
      vertex -11.769423364838765 2.341083864193539 0
      vertex -11.769423364838765 2.341083864193539 -1.5
    endloop
  endfacet
  facet normal 0 0 -1
    outer loop
      vertex -11.59110991546882 3.105828541230249 -1.5
      vertex -11.363161553941268 3.857273583637939 -1.5
      vertex -12 0 -1.5
    endloop
  endfacet
  facet normal 0 0 -1
    outer loop
      vertex -11.363161553941268 3.857273583637939 -1.5
      vertex -11.08655439013544 4.592201188381077 -1.5
      vertex -12 0 -1.5
    endloop
  endfacet
  facet normal -0.973876979277334 0.22707626303437212 -4.8735852405996876e-18
    outer loop
      vertex -11.769423364838765 2.341083864193539 -1.5
      vertex -11.59110991546882 3.105828541230249 0
      vertex -11.59110991546882 3.105828541230249 -1.5
    endloop
  endfacet
  facet normal -0.9866433320848792 0.162895473394588 0
    outer loop
      vertex -11.897338336485724 1.5663143066406189 -1.5
      vertex -11.897338336485724 1.5663143066406189 0
      vertex -11.769423364838765 2.341083864193539 0
    endloop
  endfacet
  facet normal 0 0 1
    outer loop
      vertex -11.769423364838765 2.341083864193539 0
      vertex -8.8 0 0
      vertex -11.59110991546882 3.105828541230249 0
    endloop
  endfacet
  facet normal -0.973876979277334 0.22707626303437212 0
    outer loop
      vertex -11.769423364838765 2.341083864193539 -1.5
      vertex -11.769423364838765 2.341083864193539 0
      vertex -11.59110991546882 3.105828541230249 0
    endloop
  endfacet
  facet normal 0 0 1
    outer loop
      vertex -11.59110991546882 3.105828541230249 0
      vertex -8.8 0 0
      vertex -11.363161553941268 3.857273583637939 0
    endloop
  endfacet
  facet normal 0 0 1
    outer loop
      vertex -11.363161553941268 3.857273583637939 0
      vertex -8.8 0 0
      vertex -11.08655439013544 4.592201188381077 0
    endloop
  endfacet
  facet normal 0 0 1
    outer loop
      vertex -8.8 0 0
      vertex -8.78115852449971 0.575547537225259 0
      vertex -9.02207768974773 7.912149781200826 0
    endloop
  endfacet
  facet normal 0 0 -1
    outer loop
      vertex -11.08655439013544 4.592201188381077 -1.5
      vertex -10.762472898392259 5.307464282628016 -1.5
      vertex -12 0 -1.5
    endloop
  endfacet
  facet normal -0.9569403357322085 0.2902846772544633 -1.1471514499330931e-17
    outer loop
      vertex -11.59110991546882 3.105828541230249 -1.5
      vertex -11.363161553941268 3.857273583637939 0
      vertex -11.363161553941268 3.857273583637939 -1.5
    endloop
  endfacet
  facet normal 0 0 -1
    outer loop
      vertex -10.762472898392259 5.307464282628016 -1.5
      vertex -10.392304845413264 6 -1.5
      vertex -12 0 -1.5
    endloop
  endfacet
  facet normal 0 0 -1
    outer loop
      vertex -10.392304845413264 6 -1.5
      vertex -9.977635347630542 6.666842796235226 -1.5
      vertex -12 0 -1.5
    endloop
  endfacet
  facet normal -0.9359059267573252 0.3522500479212346 -6.37828620583808e-18
    outer loop
      vertex -11.363161553941268 3.857273583637939 -1.5
      vertex -11.08655439013544 4.592201188381077 0
      vertex -11.08655439013544 4.592201188381077 -1.5
    endloop
  endfacet
  facet normal -0.9569403357322085 0.2902846772544633 0
    outer loop
      vertex -11.59110991546882 3.105828541230249 -1.5
      vertex -11.59110991546882 3.105828541230249 0
      vertex -11.363161553941268 3.857273583637939 0
    endloop
  endfacet
  facet normal -0.9359059267573252 0.3522500479212346 0
    outer loop
      vertex -11.363161553941268 3.857273583637939 -1.5
      vertex -11.363161553941268 3.857273583637939 0
      vertex -11.08655439013544 4.592201188381077 0
    endloop
  endfacet
  facet normal 0 0 1
    outer loop
      vertex -11.08655439013544 4.592201188381077 0
      vertex -8.8 0 0
      vertex -10.762472898392259 5.307464282628016 0
    endloop
  endfacet
  facet normal 0 0 1
    outer loop
      vertex -10.762472898392259 5.307464282628016 0
      vertex -8.8 0 0
      vertex -10.392304845413264 6 0
    endloop
  endfacet
  facet normal 0 0 1
    outer loop
      vertex -10.392304845413264 6 0
      vertex -8.8 0 0
      vertex -9.977635347630542 6.666842796235226 0
    endloop
  endfacet
  facet normal -0.9108638249211761 0.41270702980439405 1.1616985756816659e-17
    outer loop
      vertex -11.08655439013544 4.592201188381077 -1.5
      vertex -10.762472898392259 5.307464282628016 0
      vertex -10.762472898392259 5.307464282628016 -1.5
    endloop
  endfacet
  facet normal -0.8819212643483553 0.47139673682599686 -5.317072102590027e-18
    outer loop
      vertex -10.762472898392259 5.307464282628016 -1.5
      vertex -10.392304845413264 6 0
      vertex -10.392304845413264 6 -1.5
    endloop
  endfacet
  facet normal 0 0 -1
    outer loop
      vertex -9.977635347630542 6.666842796235226 -1.5
      vertex -9.520240083494823 7.305137148104648 -1.5
      vertex -12 0 -1.5
    endloop
  endfacet
  facet normal 0 0 -1
    outer loop
      vertex -9.520240083494823 7.305137148104648 -1.5
      vertex -9.02207768974773 7.912149781200826 -1.5
      vertex -12 0 -1.5
    endloop
  endfacet
  facet normal 0 0 -1
    outer loop
      vertex -9.02207768974773 7.912149781200826 -1.5
      vertex -8.485281374238571 8.485281374238571 -1.5
      vertex -12 0 -1.5
    endloop
  endfacet
  facet normal 0 0 -1
    outer loop
      vertex -8.485281374238571 8.485281374238571 -1.5
      vertex -7.912149781200826 9.02207768974773 -1.5
      vertex -12 0 -1.5
    endloop
  endfacet
  facet normal -0.9108638249211761 0.41270702980439405 0
    outer loop
      vertex -11.08655439013544 4.592201188381077 -1.5
      vertex -11.08655439013544 4.592201188381077 0
      vertex -10.762472898392259 5.307464282628016 0
    endloop
  endfacet
  facet normal -0.8819212643483553 0.47139673682599686 0
    outer loop
      vertex -10.762472898392259 5.307464282628016 -1.5
      vertex -10.762472898392259 5.307464282628016 0
      vertex -10.392304845413264 6 0
    endloop
  endfacet
  facet normal 0 0 1
    outer loop
      vertex -9.977635347630542 6.666842796235226 0
      vertex -8.8 0 0
      vertex -9.520240083494823 7.305137148104648 0
    endloop
  endfacet
  facet normal 0 0 1
    outer loop
      vertex -9.520240083494823 7.305137148104648 0
      vertex -8.8 0 0
      vertex -9.02207768974773 7.912149781200826 0
    endloop
  endfacet
  facet normal 0 0 -1
    outer loop
      vertex -5 0 -1.5
      vertex -12 0 -1.5
      vertex -5.307464282628016 10.762472898392259 -1.5
    endloop
  endfacet
  facet normal 0 0 1
    outer loop
      vertex -8.78115852449971 0.575547537225259 0
      vertex -8.724714780089531 1.148630491536454 0
      vertex -9.02207768974773 7.912149781200826 0
    endloop
  endfacet
  facet normal 0 0 1
    outer loop
      vertex -8.724714780089531 1.148630491536454 0
      vertex -8.630910467548428 1.7167948337419288 0
      vertex -9.02207768974773 7.912149781200826 0
    endloop
  endfacet
  facet normal 0 0 1
    outer loop
      vertex -8.630910467548428 1.7167948337419288 0
      vertex -8.500147271343803 2.2776075969021825 0
      vertex -9.02207768974773 7.912149781200826 0
    endloop
  endfacet
  facet normal 0 0 1
    outer loop
      vertex -8.500147271343803 2.2776075969021825 0
      vertex -8.33298513955693 2.8286672946678224 0
      vertex -9.02207768974773 7.912149781200826 0
    endloop
  endfacet
  facet normal 0 0 1
    outer loop
      vertex -8.33298513955693 2.8286672946678224 0
      vertex -8.130139886099323 3.3676142048127904 0
      vertex -8.485281374238571 8.485281374238571 0
    endloop
  endfacet
  facet normal 0 0 1
    outer loop
      vertex -8.130139886099323 3.3676142048127904 0
      vertex -7.8924801254876575 3.8921404739272116 0
      vertex -8.485281374238571 8.485281374238571 0
    endloop
  endfacet
  facet normal 0 0 1
    outer loop
      vertex -7.8924801254876575 3.8921404739272116 0
      vertex -7.62102355330306 4.4 0
      vertex -7.912149781200826 9.02207768974773 0
    endloop
  endfacet
  facet normal 0 0 -1
    outer loop
      vertex -5 0 -1.5
      vertex -5.307464282628016 10.762472898392259 -1.5
      vertex -4.989294616193018 0.3270156461507153 -1.5
    endloop
  endfacet
  facet normal 0 0 -1
    outer loop
      vertex -4.989294616193018 0.3270156461507153 -1.5
      vertex -5.307464282628016 10.762472898392259 -1.5
      vertex -4.957224306869052 0.6526309611002579 -1.5
    endloop
  endfacet
  facet normal 0 0 -1
    outer loop
      vertex -4.957224306869052 0.6526309611002579 -1.5
      vertex -4.592201188381077 11.08655439013544 -1.5
      vertex -4.903926402016152 0.9754516100806412 -1.5
    endloop
  endfacet
  facet normal 0 0 -1
    outer loop
      vertex -4.903926402016152 0.9754516100806412 -1.5
      vertex -4.592201188381077 11.08655439013544 -1.5
      vertex -4.8296291314453415 1.2940952255126037 -1.5
    endloop
  endfacet
  facet normal 0 0 -1
    outer loop
      vertex -4.8296291314453415 1.2940952255126037 -1.5
      vertex -4.592201188381077 11.08655439013544 -1.5
      vertex -4.7346506474755286 1.607197326515808 -1.5
    endloop
  endfacet
  facet normal 0 0 -1
    outer loop
      vertex -4.7346506474755286 1.607197326515808 -1.5
      vertex -4.592201188381077 11.08655439013544 -1.5
      vertex -4.619397662556434 1.913417161825449 -1.5
    endloop
  endfacet
  facet normal 0 0 -1
    outer loop
      vertex -4.619397662556434 1.913417161825449 -1.5
      vertex -4.592201188381077 11.08655439013544 -1.5
      vertex -4.484363707663441 2.2114434510950067 -1.5
    endloop
  endfacet
  facet normal 0 0 -1
    outer loop
      vertex -4.484363707663441 2.2114434510950067 -1.5
      vertex -4.592201188381077 11.08655439013544 -1.5
      vertex -4.330127018922193 2.5 -1.5
    endloop
  endfacet
  facet normal 0 0 -1
    outer loop
      vertex -4.330127018922193 2.5 -1.5
      vertex -4.592201188381077 11.08655439013544 -1.5
      vertex -4.157348061512726 2.777851165098011 -1.5
    endloop
  endfacet
  facet normal 0 0 -1
    outer loop
      vertex -4.157348061512726 2.777851165098011 -1.5
      vertex -3.857273583637939 11.363161553941268 -1.5
      vertex -3.9667667014561756 3.043807145043603 -1.5
    endloop
  endfacet
  facet normal 0 0 -1
    outer loop
      vertex -3.9667667014561756 3.043807145043603 -1.5
      vertex -3.857273583637939 11.363161553941268 -1.5
      vertex -3.7591990373948874 3.296729075500344 -1.5
    endloop
  endfacet
  facet normal 0 0 -1
    outer loop
      vertex -7.912149781200826 9.02207768974773 -1.5
      vertex -7.305137148104648 9.520240083494823 -1.5
      vertex -12 0 -1.5
    endloop
  endfacet
  facet normal -0.8492021815265782 0.528067850650369 -1.1185357621319924e-17
    outer loop
      vertex -10.392304845413264 6 -1.5
      vertex -9.977635347630542 6.666842796235226 0
      vertex -9.977635347630542 6.666842796235226 -1.5
    endloop
  endfacet
  facet normal -0.8128466845916162 0.5824776968678005 1.3388188843270912e-17
    outer loop
      vertex -9.977635347630542 6.666842796235226 -1.5
      vertex -9.520240083494823 7.305137148104648 0
      vertex -9.520240083494823 7.305137148104648 -1.5
    endloop
  endfacet
  facet normal -0.8492021815265782 0.528067850650369 0
    outer loop
      vertex -10.392304845413264 6 -1.5
      vertex -10.392304845413264 6 0
      vertex -9.977635347630542 6.666842796235226 0
    endloop
  endfacet
  facet normal -0.8128466845916162 0.5824776968678005 0
    outer loop
      vertex -9.977635347630542 6.666842796235226 -1.5
      vertex -9.977635347630542 6.666842796235226 0
      vertex -9.520240083494823 7.305137148104648 0
    endloop
  endfacet
  facet normal -0.7730104533627371 0.6343932841636453 2.375960240162448e-18
    outer loop
      vertex -9.520240083494823 7.305137148104648 -1.5
      vertex -9.02207768974773 7.912149781200826 0
      vertex -9.02207768974773 7.912149781200826 -1.5
    endloop
  endfacet
  facet normal -0.7730104533627371 0.6343932841636453 0
    outer loop
      vertex -9.520240083494823 7.305137148104648 -1.5
      vertex -9.520240083494823 7.305137148104648 0
      vertex -9.02207768974773 7.912149781200826 0
    endloop
  endfacet
  facet normal 0 0 -1
    outer loop
      vertex -7.305137148104648 9.520240083494823 -1.5
      vertex -6.666842796235226 9.977635347630542 -1.5
      vertex -12 0 -1.5
    endloop
  endfacet
  facet normal 0 0 -1
    outer loop
      vertex -6.666842796235226 9.977635347630542 -1.5
      vertex -6 10.392304845413264 -1.5
      vertex -12 0 -1.5
    endloop
  endfacet
  facet normal 0 0 -1
    outer loop
      vertex -6 10.392304845413264 -1.5
      vertex -5.307464282628016 10.762472898392259 -1.5
      vertex -12 0 -1.5
    endloop
  endfacet
  facet normal 0 0 1
    outer loop
      vertex -8.33298513955693 2.8286672946678224 0
      vertex -8.485281374238571 8.485281374238571 0
      vertex -9.02207768974773 7.912149781200826 0
    endloop
  endfacet
  facet normal 0 0 1
    outer loop
      vertex -7.62102355330306 4.4 0
      vertex -7.316932588262398 4.889018050572499 0
      vertex -7.912149781200826 9.02207768974773 0
    endloop
  endfacet
  facet normal 0 0 1
    outer loop
      vertex -7.8924801254876575 3.8921404739272116 0
      vertex -7.912149781200826 9.02207768974773 0
      vertex -8.485281374238571 8.485281374238571 0
    endloop
  endfacet
  facet normal 0 0 1
    outer loop
      vertex -7.316932588262398 4.889018050572499 0
      vertex -6.98150939456287 5.357100575276742 0
      vertex -7.912149781200826 9.02207768974773 0
    endloop
  endfacet
  facet normal 0 0 1
    outer loop
      vertex -6.98150939456287 5.357100575276742 0
      vertex -6.616190305815002 5.8022431728806065 0
      vertex -7.305137148104648 9.520240083494823 0
    endloop
  endfacet
  facet normal 0 0 1
    outer loop
      vertex -6.616190305815002 5.8022431728806065 0
      vertex -6.222539674441619 6.222539674441619 0
      vertex -6.666842796235226 9.977635347630542 0
    endloop
  endfacet
  facet normal -0.729864072697836 0.6835923020228708 8.638483016339408e-18
    outer loop
      vertex -9.02207768974773 7.912149781200826 -1.5
      vertex -8.485281374238571 8.485281374238571 0
      vertex -8.485281374238571 8.485281374238571 -1.5
    endloop
  endfacet
  facet normal -0.6835923020228708 0.729864072697836 0
    outer loop
      vertex -8.485281374238571 8.485281374238571 -1.5
      vertex -8.485281374238571 8.485281374238571 0
      vertex -7.912149781200826 9.02207768974773 -1.5
    endloop
  endfacet
  facet normal -0.729864072697836 0.6835923020228708 0
    outer loop
      vertex -9.02207768974773 7.912149781200826 -1.5
      vertex -9.02207768974773 7.912149781200826 0
      vertex -8.485281374238571 8.485281374238571 0
    endloop
  endfacet
  facet normal -0.6835923020228708 0.729864072697836 8.638483016339408e-18
    outer loop
      vertex -8.485281374238571 8.485281374238571 0
      vertex -7.912149781200826 9.02207768974773 0
      vertex -7.912149781200826 9.02207768974773 -1.5
    endloop
  endfacet
  facet normal 0 0 1
    outer loop
      vertex -6.98150939456287 5.357100575276742 0
      vertex -7.305137148104648 9.520240083494823 0
      vertex -7.912149781200826 9.02207768974773 0
    endloop
  endfacet
  facet normal 0 0 1
    outer loop
      vertex -6.222539674441619 6.222539674441619 0
      vertex -5.8022431728806065 6.616190305815002 0
      vertex -6.666842796235226 9.977635347630542 0
    endloop
  endfacet
  facet normal 0 0 1
    outer loop
      vertex -6.616190305815002 5.8022431728806065 0
      vertex -6.666842796235226 9.977635347630542 0
      vertex -7.305137148104648 9.520240083494823 0
    endloop
  endfacet
  facet normal 0 0 1
    outer loop
      vertex -6.666842796235226 9.977635347630542 0
      vertex -5.8022431728806065 6.616190305815002 0
      vertex -6 10.392304845413264 0
    endloop
  endfacet
  facet normal -0.6343932841636453 0.7730104533627371 0
    outer loop
      vertex -7.912149781200826 9.02207768974773 -1.5
      vertex -7.912149781200826 9.02207768974773 0
      vertex -7.305137148104648 9.520240083494823 -1.5
    endloop
  endfacet
  facet normal -0.5824776968678005 0.8128466845916162 0
    outer loop
      vertex -7.305137148104648 9.520240083494823 -1.5
      vertex -7.305137148104648 9.520240083494823 0
      vertex -6.666842796235226 9.977635347630542 -1.5
    endloop
  endfacet
  facet normal -0.528067850650369 0.8492021815265782 0
    outer loop
      vertex -6.666842796235226 9.977635347630542 -1.5
      vertex -6.666842796235226 9.977635347630542 0
      vertex -6 10.392304845413264 -1.5
    endloop
  endfacet
  facet normal -0.6343932841636453 0.7730104533627371 0
    outer loop
      vertex -7.305137148104648 9.520240083494823 -1.5
      vertex -7.912149781200826 9.02207768974773 0
      vertex -7.305137148104648 9.520240083494823 0
    endloop
  endfacet
  facet normal -0.5824776968678005 0.8128466845916162 0
    outer loop
      vertex -6.666842796235226 9.977635347630542 -1.5
      vertex -7.305137148104648 9.520240083494823 0
      vertex -6.666842796235226 9.977635347630542 0
    endloop
  endfacet
  facet normal -0.528067850650369 0.8492021815265782 -1.1185357621319924e-17
    outer loop
      vertex -6.666842796235226 9.977635347630542 0
      vertex -6 10.392304845413264 0
      vertex -6 10.392304845413264 -1.5
    endloop
  endfacet
  facet normal 0 0 -1
    outer loop
      vertex -3.7591990373948874 3.296729075500344 -1.5
      vertex -3.857273583637939 11.363161553941268 -1.5
      vertex -3.5355339059327378 3.5355339059327378 -1.5
    endloop
  endfacet
  facet normal 0 0 -1
    outer loop
      vertex -3.5355339059327378 3.5355339059327378 -1.5
      vertex -3.105828541230249 11.59110991546882 -1.5
      vertex -3.296729075500344 3.7591990373948874 -1.5
    endloop
  endfacet
  facet normal 0 0 -1
    outer loop
      vertex -3.296729075500344 3.7591990373948874 -1.5
      vertex -3.105828541230249 11.59110991546882 -1.5
      vertex -3.043807145043603 3.9667667014561756 -1.5
    endloop
  endfacet
  facet normal 0 0 -1
    outer loop
      vertex -4.957224306869052 0.6526309611002579 -1.5
      vertex -5.307464282628016 10.762472898392259 -1.5
      vertex -4.592201188381077 11.08655439013544 -1.5
    endloop
  endfacet
  facet normal 0 0 -1
    outer loop
      vertex -4.157348061512726 2.777851165098011 -1.5
      vertex -4.592201188381077 11.08655439013544 -1.5
      vertex -3.857273583637939 11.363161553941268 -1.5
    endloop
  endfacet
  facet normal 0 0 -1
    outer loop
      vertex -3.5355339059327378 3.5355339059327378 -1.5
      vertex -3.857273583637939 11.363161553941268 -1.5
      vertex -3.105828541230249 11.59110991546882 -1.5
    endloop
  endfacet
  facet normal 0 0 1
    outer loop
      vertex -5.8022431728806065 6.616190305815002 0
      vertex -5.357100575276742 6.98150939456287 0
      vertex -6 10.392304845413264 0
    endloop
  endfacet
  facet normal 0 0 1
    outer loop
      vertex -5.357100575276742 6.98150939456287 0
      vertex -4.889018050572499 7.316932588262398 0
      vertex -6 10.392304845413264 0
    endloop
  endfacet
  facet normal 0 0 1
    outer loop
      vertex -4.889018050572499 7.316932588262398 0
      vertex -4.4 7.62102355330306 0
      vertex -5.307464282628016 10.762472898392259 0
    endloop
  endfacet
  facet normal 0 0 1
    outer loop
      vertex -4.4 7.62102355330306 0
      vertex -3.8921404739272116 7.8924801254876575 0
      vertex -4.592201188381077 11.08655439013544 0
    endloop
  endfacet
  facet normal 0 0 -1
    outer loop
      vertex -3.043807145043603 3.9667667014561756 -1.5
      vertex -3.105828541230249 11.59110991546882 -1.5
      vertex -2.777851165098011 4.157348061512726 -1.5
    endloop
  endfacet
  facet normal 0 0 -1
    outer loop
      vertex -2.777851165098011 4.157348061512726 -1.5
      vertex -2.341083864193539 11.769423364838765 -1.5
      vertex -2.5 4.330127018922193 -1.5
    endloop
  endfacet
  facet normal 0 0 -1
    outer loop
      vertex -2.5 4.330127018922193 -1.5
      vertex -2.341083864193539 11.769423364838765 -1.5
      vertex -2.2114434510950067 4.484363707663441 -1.5
    endloop
  endfacet
  facet normal 0 0 -1
    outer loop
      vertex -2.2114434510950067 4.484363707663441 -1.5
      vertex -2.341083864193539 11.769423364838765 -1.5
      vertex -1.913417161825449 4.619397662556434 -1.5
    endloop
  endfacet
  facet normal 0 0 -1
    outer loop
      vertex -1.913417161825449 4.619397662556434 -1.5
      vertex -1.5663143066406189 11.897338336485724 -1.5
      vertex -1.607197326515808 4.7346506474755286 -1.5
    endloop
  endfacet
  facet normal 0 0 -1
    outer loop
      vertex -1.607197326515808 4.7346506474755286 -1.5
      vertex -1.5663143066406189 11.897338336485724 -1.5
      vertex -1.2940952255126037 4.8296291314453415 -1.5
    endloop
  endfacet
  facet normal 0 0 -1
    outer loop
      vertex -1.2940952255126037 4.8296291314453415 -1.5
      vertex -0.7848375507617167 11.97430707886324 -1.5
      vertex -0.9754516100806412 4.903926402016152 -1.5
    endloop
  endfacet
  facet normal 0 0 -1
    outer loop
      vertex -0.9754516100806412 4.903926402016152 -1.5
      vertex -0.7848375507617167 11.97430707886324 -1.5
      vertex -0.6526309611002579 4.957224306869052 -1.5
    endloop
  endfacet
  facet normal 0 0 -1
    outer loop
      vertex -0.6526309611002579 4.957224306869052 -1.5
      vertex -0.7848375507617167 11.97430707886324 -1.5
      vertex -0.3270156461507153 4.989294616193018 -1.5
    endloop
  endfacet
  facet normal 0 0 -1
    outer loop
      vertex -0.3270156461507153 4.989294616193018 -1.5
      vertex 0 12 -1.5
      vertex 0 5 -1.5
    endloop
  endfacet
  facet normal 0 0 1
    outer loop
      vertex -4.889018050572499 7.316932588262398 0
      vertex -5.307464282628016 10.762472898392259 0
      vertex -6 10.392304845413264 0
    endloop
  endfacet
  facet normal 0 0 1
    outer loop
      vertex -4.4 7.62102355330306 0
      vertex -4.592201188381077 11.08655439013544 0
      vertex -5.307464282628016 10.762472898392259 0
    endloop
  endfacet
  facet normal 0 0 1
    outer loop
      vertex -3.8921404739272116 7.8924801254876575 0
      vertex -3.3676142048127904 8.130139886099323 0
      vertex -4.592201188381077 11.08655439013544 0
    endloop
  endfacet
  facet normal 0 0 1
    outer loop
      vertex -3.3676142048127904 8.130139886099323 0
      vertex -2.8286672946678224 8.33298513955693 0
      vertex -3.857273583637939 11.363161553941268 0
    endloop
  endfacet
  facet normal 0 0 1
    outer loop
      vertex -3.3676142048127904 8.130139886099323 0
      vertex -3.857273583637939 11.363161553941268 0
      vertex -4.592201188381077 11.08655439013544 0
    endloop
  endfacet
  facet normal 0 0 1
    outer loop
      vertex -3.857273583637939 11.363161553941268 0
      vertex -2.8286672946678224 8.33298513955693 0
      vertex -3.105828541230249 11.59110991546882 0
    endloop
  endfacet
  facet normal -0.47139673682599686 0.8819212643483553 0
    outer loop
      vertex -6 10.392304845413264 -1.5
      vertex -6 10.392304845413264 0
      vertex -5.307464282628016 10.762472898392259 -1.5
    endloop
  endfacet
  facet normal -0.41270702980439405 0.9108638249211761 0
    outer loop
      vertex -5.307464282628016 10.762472898392259 -1.5
      vertex -5.307464282628016 10.762472898392259 0
      vertex -4.592201188381077 11.08655439013544 -1.5
    endloop
  endfacet
  facet normal -0.3522500479212346 0.9359059267573252 0
    outer loop
      vertex -4.592201188381077 11.08655439013544 -1.5
      vertex -4.592201188381077 11.08655439013544 0
      vertex -3.857273583637939 11.363161553941268 -1.5
    endloop
  endfacet
  facet normal -0.2902846772544633 0.9569403357322085 0
    outer loop
      vertex -3.857273583637939 11.363161553941268 -1.5
      vertex -3.857273583637939 11.363161553941268 0
      vertex -3.105828541230249 11.59110991546882 -1.5
    endloop
  endfacet
  facet normal -0.47139673682599686 0.8819212643483553 0
    outer loop
      vertex -5.307464282628016 10.762472898392259 -1.5
      vertex -6 10.392304845413264 0
      vertex -5.307464282628016 10.762472898392259 0
    endloop
  endfacet
  facet normal -0.41270702980439405 0.9108638249211761 0
    outer loop
      vertex -4.592201188381077 11.08655439013544 -1.5
      vertex -5.307464282628016 10.762472898392259 0
      vertex -4.592201188381077 11.08655439013544 0
    endloop
  endfacet
  facet normal -0.3522500479212346 0.9359059267573252 0
    outer loop
      vertex -3.857273583637939 11.363161553941268 -1.5
      vertex -4.592201188381077 11.08655439013544 0
      vertex -3.857273583637939 11.363161553941268 0
    endloop
  endfacet
  facet normal -0.2902846772544633 0.9569403357322085 0
    outer loop
      vertex -3.105828541230249 11.59110991546882 -1.5
      vertex -3.857273583637939 11.363161553941268 0
      vertex -3.105828541230249 11.59110991546882 0
    endloop
  endfacet
  facet normal 0 0 -1
    outer loop
      vertex -2.777851165098011 4.157348061512726 -1.5
      vertex -3.105828541230249 11.59110991546882 -1.5
      vertex -2.341083864193539 11.769423364838765 -1.5
    endloop
  endfacet
  facet normal 0 0 -1
    outer loop
      vertex -1.913417161825449 4.619397662556434 -1.5
      vertex -2.341083864193539 11.769423364838765 -1.5
      vertex -1.5663143066406189 11.897338336485724 -1.5
    endloop
  endfacet
  facet normal 0 0 -1
    outer loop
      vertex -1.2940952255126037 4.8296291314453415 -1.5
      vertex -1.5663143066406189 11.897338336485724 -1.5
      vertex -0.7848375507617167 11.97430707886324 -1.5
    endloop
  endfacet
  facet normal 0 0 -1
    outer loop
      vertex -0.3270156461507153 4.989294616193018 -1.5
      vertex -0.7848375507617167 11.97430707886324 -1.5
      vertex 0 12 -1.5
    endloop
  endfacet
  facet normal 0 0 1
    outer loop
      vertex -3.105828541230249 11.59110991546882 0
      vertex -2.8286672946678224 8.33298513955693 0
      vertex -2.2776075969021825 8.500147271343803 0
    endloop
  endfacet
  facet normal 0 0 1
    outer loop
      vertex -2.2776075969021825 8.500147271343803 0
      vertex -1.7167948337419288 8.630910467548428 0
      vertex -2.341083864193539 11.769423364838765 0
    endloop
  endfacet
  facet normal 0 0 1
    outer loop
      vertex -1.7167948337419288 8.630910467548428 0
      vertex -1.148630491536454 8.724714780089531 0
      vertex -2.341083864193539 11.769423364838765 0
    endloop
  endfacet
  facet normal 0 0 1
    outer loop
      vertex -1.148630491536454 8.724714780089531 0
      vertex -0.575547537225259 8.78115852449971 0
      vertex -1.5663143066406189 11.897338336485724 0
    endloop
  endfacet
  facet normal 0 0 1
    outer loop
      vertex -0.575547537225259 8.78115852449971 0
      vertex 0 8.8 0
      vertex -0.7848375507617167 11.97430707886324 0
    endloop
  endfacet
  facet normal -0.22707626303437212 0.973876979277334 0
    outer loop
      vertex -3.105828541230249 11.59110991546882 -1.5
      vertex -3.105828541230249 11.59110991546882 0
      vertex -2.341083864193539 11.769423364838765 -1.5
    endloop
  endfacet
  facet normal -0.162895473394588 0.9866433320848792 0
    outer loop
      vertex -2.341083864193539 11.769423364838765 -1.5
      vertex -2.341083864193539 11.769423364838765 0
      vertex -1.5663143066406189 11.897338336485724 -1.5
    endloop
  endfacet
  facet normal -0.09801714032956006 0.9951847266721968 0
    outer loop
      vertex -1.5663143066406189 11.897338336485724 -1.5
      vertex -1.5663143066406189 11.897338336485724 0
      vertex -0.7848375507617167 11.97430707886324 -1.5
    endloop
  endfacet
  facet normal -0.0327190828217777 0.9994645874763656 0
    outer loop
      vertex -0.7848375507617167 11.97430707886324 -1.5
      vertex -0.7848375507617167 11.97430707886324 0
      vertex 0 12 -1.5
    endloop
  endfacet
  facet normal 0 0 1
    outer loop
      vertex -3.105828541230249 11.59110991546882 0
      vertex -2.2776075969021825 8.500147271343803 0
      vertex -2.341083864193539 11.769423364838765 0
    endloop
  endfacet
  facet normal 0 0 1
    outer loop
      vertex -1.148630491536454 8.724714780089531 0
      vertex -1.5663143066406189 11.897338336485724 0
      vertex -2.341083864193539 11.769423364838765 0
    endloop
  endfacet
  facet normal -0.22707626303437212 0.973876979277334 -4.8735852405996876e-18
    outer loop
      vertex -3.105828541230249 11.59110991546882 0
      vertex -2.341083864193539 11.769423364838765 0
      vertex -2.341083864193539 11.769423364838765 -1.5
    endloop
  endfacet
  facet normal -0.162895473394588 0.9866433320848792 0
    outer loop
      vertex -1.5663143066406189 11.897338336485724 -1.5
      vertex -2.341083864193539 11.769423364838765 0
      vertex -1.5663143066406189 11.897338336485724 0
    endloop
  endfacet
  facet normal 0 0 1
    outer loop
      vertex -0.575547537225259 8.78115852449971 0
      vertex -0.7848375507617167 11.97430707886324 0
      vertex -1.5663143066406189 11.897338336485724 0
    endloop
  endfacet
  facet normal 0 0 1
    outer loop
      vertex -0.7848375507617167 11.97430707886324 0
      vertex 0 8.8 0
      vertex 0 12 0
    endloop
  endfacet
  facet normal -0.09801714032956006 0.9951847266721968 0
    outer loop
      vertex -0.7848375507617167 11.97430707886324 -1.5
      vertex -1.5663143066406189 11.897338336485724 0
      vertex -0.7848375507617167 11.97430707886324 0
    endloop
  endfacet
  facet normal -0.0327190828217777 0.9994645874763656 -8.327189550464209e-19
    outer loop
      vertex -0.7848375507617167 11.97430707886324 0
      vertex 0 12 0
      vertex 0 12 -1.5
    endloop
  endfacet
  facet normal 0 0 -1
    outer loop
      vertex 5 0 -1.5
      vertex 4.989294616193018 0.3270156461507153 -1.5
      vertex 5.307464282628016 10.762472898392259 -1.5
    endloop
  endfacet
  facet normal 0 0 -1
    outer loop
      vertex 4.989294616193018 0.3270156461507153 -1.5
      vertex 4.957224306869052 0.6526309611002579 -1.5
      vertex 5.307464282628016 10.762472898392259 -1.5
    endloop
  endfacet
  facet normal 0 0 -1
    outer loop
      vertex 4.957224306869052 0.6526309611002579 -1.5
      vertex 4.903926402016152 0.9754516100806412 -1.5
      vertex 5.307464282628016 10.762472898392259 -1.5
    endloop
  endfacet
  facet normal 0 0 -1
    outer loop
      vertex 4.8296291314453415 1.2940952255126037 -1.5
      vertex 5.307464282628016 10.762472898392259 -1.5
      vertex 4.903926402016152 0.9754516100806412 -1.5
    endloop
  endfacet
  facet normal 0 0 -1
    outer loop
      vertex 4.484363707663441 2.2114434510950067 -1.5
      vertex 4.330127018922193 2.5 -1.5
      vertex 4.592201188381077 11.08655439013544 -1.5
    endloop
  endfacet
  facet normal 0 0 -1
    outer loop
      vertex 4.330127018922193 2.5 -1.5
      vertex 4.157348061512726 2.777851165098011 -1.5
      vertex 4.592201188381077 11.08655439013544 -1.5
    endloop
  endfacet
  facet normal 0 0 -1
    outer loop
      vertex 3.7591990373948874 3.296729075500344 -1.5
      vertex 4.592201188381077 11.08655439013544 -1.5
      vertex 3.9667667014561756 3.043807145043603 -1.5
    endloop
  endfacet
  facet normal 0 0 -1
    outer loop
      vertex 4.157348061512726 2.777851165098011 -1.5
      vertex 3.9667667014561756 3.043807145043603 -1.5
      vertex 4.592201188381077 11.08655439013544 -1.5
    endloop
  endfacet
  facet normal 0 0 -1
    outer loop
      vertex 4.8296291314453415 1.2940952255126037 -1.5
      vertex 4.7346506474755286 1.607197326515808 -1.5
      vertex 5.307464282628016 10.762472898392259 -1.5
    endloop
  endfacet
  facet normal 0 0 -1
    outer loop
      vertex 4.7346506474755286 1.607197326515808 -1.5
      vertex 4.619397662556434 1.913417161825449 -1.5
      vertex 5.307464282628016 10.762472898392259 -1.5
    endloop
  endfacet
  facet normal 0 0 -1
    outer loop
      vertex 4.484363707663441 2.2114434510950067 -1.5
      vertex 5.307464282628016 10.762472898392259 -1.5
      vertex 4.619397662556434 1.913417161825449 -1.5
    endloop
  endfacet
  facet normal 0 0 1
    outer loop
      vertex 8.8 0 0
      vertex 9.02207768974773 7.912149781200826 0
      vertex 8.78115852449971 0.575547537225259 0
    endloop
  endfacet
  facet normal 0 0 -1
    outer loop
      vertex 12 0 -1.5
      vertex 5 0 -1.5
      vertex 11.97430707886324 0.7848375507617167 -1.5
    endloop
  endfacet
  facet normal 0 0 -1
    outer loop
      vertex 11.97430707886324 0.7848375507617167 -1.5
      vertex 5 0 -1.5
      vertex 11.897338336485724 1.5663143066406189 -1.5
    endloop
  endfacet
  facet normal 0 0 -1
    outer loop
      vertex 11.897338336485724 1.5663143066406189 -1.5
      vertex 5 0 -1.5
      vertex 11.769423364838765 2.341083864193539 -1.5
    endloop
  endfacet
  facet normal 0.9994645874763656 0.0327190828217777 0
    outer loop
      vertex 12 0 -1.5
      vertex 11.97430707886324 0.7848375507617167 -1.5
      vertex 12 0 0
    endloop
  endfacet
  facet normal 0.9951847266721968 0.09801714032956006 0
    outer loop
      vertex 11.97430707886324 0.7848375507617167 -1.5
      vertex 11.897338336485724 1.5663143066406189 -1.5
      vertex 11.97430707886324 0.7848375507617167 0
    endloop
  endfacet
  facet normal 0.9994645874763656 0.0327190828217777 0
    outer loop
      vertex 11.97430707886324 0.7848375507617167 -1.5
      vertex 11.97430707886324 0.7848375507617167 0
      vertex 12 0 0
    endloop
  endfacet
  facet normal 0.9951847266721968 0.09801714032956006 0
    outer loop
      vertex 11.897338336485724 1.5663143066406189 -1.5
      vertex 11.897338336485724 1.5663143066406189 0
      vertex 11.97430707886324 0.7848375507617167 0
    endloop
  endfacet
  facet normal 0 0 1
    outer loop
      vertex 11.97430707886324 0.7848375507617167 0
      vertex 11.897338336485724 1.5663143066406189 0
      vertex 12 0 0
    endloop
  endfacet
  facet normal 0 0 1
    outer loop
      vertex 11.897338336485724 1.5663143066406189 0
      vertex 11.769423364838765 2.341083864193539 0
      vertex 12 0 0
    endloop
  endfacet
  facet normal 0 0 -1
    outer loop
      vertex 11.769423364838765 2.341083864193539 -1.5
      vertex 5 0 -1.5
      vertex 11.59110991546882 3.105828541230249 -1.5
    endloop
  endfacet
  facet normal 0 0 -1
    outer loop
      vertex 11.59110991546882 3.105828541230249 -1.5
      vertex 5 0 -1.5
      vertex 11.363161553941268 3.857273583637939 -1.5
    endloop
  endfacet
  facet normal 0 0 -1
    outer loop
      vertex 11.363161553941268 3.857273583637939 -1.5
      vertex 5 0 -1.5
      vertex 11.08655439013544 4.592201188381077 -1.5
    endloop
  endfacet
  facet normal 0.9866433320848792 0.162895473394588 0
    outer loop
      vertex 11.897338336485724 1.5663143066406189 -1.5
      vertex 11.769423364838765 2.341083864193539 -1.5
      vertex 11.897338336485724 1.5663143066406189 0
    endloop
  endfacet
  facet normal 0.973876979277334 0.22707626303437212 0
    outer loop
      vertex 11.769423364838765 2.341083864193539 -1.5
      vertex 11.59110991546882 3.105828541230249 -1.5
      vertex 11.769423364838765 2.341083864193539 0
    endloop
  endfacet
  facet normal 0 0 1
    outer loop
      vertex 8.8 0 0
      vertex 12 0 0
      vertex 9.02207768974773 7.912149781200826 0
    endloop
  endfacet
  facet normal 0.9866433320848792 0.162895473394588 0
    outer loop
      vertex 11.769423364838765 2.341083864193539 -1.5
      vertex 11.769423364838765 2.341083864193539 0
      vertex 11.897338336485724 1.5663143066406189 0
    endloop
  endfacet
  facet normal 0 0 1
    outer loop
      vertex 11.769423364838765 2.341083864193539 0
      vertex 11.59110991546882 3.105828541230249 0
      vertex 12 0 0
    endloop
  endfacet
  facet normal 0.973876979277334 0.22707626303437212 4.8735852405996876e-18
    outer loop
      vertex 11.769423364838765 2.341083864193539 0
      vertex 11.59110991546882 3.105828541230249 -1.5
      vertex 11.59110991546882 3.105828541230249 0
    endloop
  endfacet
  facet normal 0 0 1
    outer loop
      vertex 11.59110991546882 3.105828541230249 0
      vertex 11.363161553941268 3.857273583637939 0
      vertex 12 0 0
    endloop
  endfacet
  facet normal 0 0 1
    outer loop
      vertex 11.363161553941268 3.857273583637939 0
      vertex 11.08655439013544 4.592201188381077 0
      vertex 12 0 0
    endloop
  endfacet
  facet normal 0 0 -1
    outer loop
      vertex 11.08655439013544 4.592201188381077 -1.5
      vertex 5 0 -1.5
      vertex 10.762472898392259 5.307464282628016 -1.5
    endloop
  endfacet
  facet normal 0 0 -1
    outer loop
      vertex 10.762472898392259 5.307464282628016 -1.5
      vertex 5 0 -1.5
      vertex 10.392304845413264 6 -1.5
    endloop
  endfacet
  facet normal 0 0 -1
    outer loop
      vertex 9.977635347630542 6.666842796235226 -1.5
      vertex 10.392304845413264 6 -1.5
      vertex 5 0 -1.5
    endloop
  endfacet
  facet normal 0 0 1
    outer loop
      vertex 8.78115852449971 0.575547537225259 0
      vertex 8.485281374238571 8.485281374238571 0
      vertex 8.724714780089531 1.148630491536454 0
    endloop
  endfacet
  facet normal 0 0 1
    outer loop
      vertex 8.724714780089531 1.148630491536454 0
      vertex 8.485281374238571 8.485281374238571 0
      vertex 8.630910467548428 1.7167948337419288 0
    endloop
  endfacet
  facet normal 0 0 1
    outer loop
      vertex 8.630910467548428 1.7167948337419288 0
      vertex 8.485281374238571 8.485281374238571 0
      vertex 8.500147271343803 2.2776075969021825 0
    endloop
  endfacet
  facet normal 0 0 -1
    outer loop
      vertex 8.485281374238571 8.485281374238571 -1.5
      vertex 5 0 -1.5
      vertex 7.912149781200826 9.02207768974773 -1.5
    endloop
  endfacet
  facet normal 0 0 -1
    outer loop
      vertex 9.520240083494823 7.305137148104648 -1.5
      vertex 9.977635347630542 6.666842796235226 -1.5
      vertex 5 0 -1.5
    endloop
  endfacet
  facet normal 0 0 -1
    outer loop
      vertex 9.520240083494823 7.305137148104648 -1.5
      vertex 5 0 -1.5
      vertex 9.02207768974773 7.912149781200826 -1.5
    endloop
  endfacet
  facet normal 0 0 -1
    outer loop
      vertex 8.485281374238571 8.485281374238571 -1.5
      vertex 9.02207768974773 7.912149781200826 -1.5
      vertex 5 0 -1.5
    endloop
  endfacet
  facet normal 0 0 1
    outer loop
      vertex 8.500147271343803 2.2776075969021825 0
      vertex 8.485281374238571 8.485281374238571 0
      vertex 8.33298513955693 2.8286672946678224 0
    endloop
  endfacet
  facet normal 0 0 1
    outer loop
      vertex 8.33298513955693 2.8286672946678224 0
      vertex 8.485281374238571 8.485281374238571 0
      vertex 8.130139886099323 3.3676142048127904 0
    endloop
  endfacet
  facet normal 0 0 1
    outer loop
      vertex 8.130139886099323 3.3676142048127904 0
      vertex 7.912149781200826 9.02207768974773 0
      vertex 7.8924801254876575 3.8921404739272116 0
    endloop
  endfacet
  facet normal 0 0 1
    outer loop
      vertex 7.62102355330306 4.4 0
      vertex 7.8924801254876575 3.8921404739272116 0
      vertex 7.912149781200826 9.02207768974773 0
    endloop
  endfacet
  facet normal 0 0 1
    outer loop
      vertex 8.78115852449971 0.575547537225259 0
      vertex 9.02207768974773 7.912149781200826 0
      vertex 8.485281374238571 8.485281374238571 0
    endloop
  endfacet
  facet normal 0.9569403357322085 0.2902846772544633 0
    outer loop
      vertex 11.59110991546882 3.105828541230249 -1.5
      vertex 11.363161553941268 3.857273583637939 -1.5
      vertex 11.59110991546882 3.105828541230249 0
    endloop
  endfacet
  facet normal 0.9359059267573252 0.3522500479212346 0
    outer loop
      vertex 11.363161553941268 3.857273583637939 -1.5
      vertex 11.08655439013544 4.592201188381077 -1.5
      vertex 11.363161553941268 3.857273583637939 0
    endloop
  endfacet
  facet normal 0.9569403357322085 0.2902846772544633 0
    outer loop
      vertex 11.363161553941268 3.857273583637939 -1.5
      vertex 11.363161553941268 3.857273583637939 0
      vertex 11.59110991546882 3.105828541230249 0
    endloop
  endfacet
  facet normal 0 0 1
    outer loop
      vertex 11.08655439013544 4.592201188381077 0
      vertex 10.762472898392259 5.307464282628016 0
      vertex 12 0 0
    endloop
  endfacet
  facet normal 0.9359059267573252 0.3522500479212346 0
    outer loop
      vertex 11.08655439013544 4.592201188381077 -1.5
      vertex 11.08655439013544 4.592201188381077 0
      vertex 11.363161553941268 3.857273583637939 0
    endloop
  endfacet
  facet normal 0 0 1
    outer loop
      vertex 10.762472898392259 5.307464282628016 0
      vertex 10.392304845413264 6 0
      vertex 12 0 0
    endloop
  endfacet
  facet normal 0 0 1
    outer loop
      vertex 9.977635347630542 6.666842796235226 0
      vertex 12 0 0
      vertex 10.392304845413264 6 0
    endloop
  endfacet
  facet normal 0.9108638249211761 0.41270702980439405 0
    outer loop
      vertex 11.08655439013544 4.592201188381077 -1.5
      vertex 10.762472898392259 5.307464282628016 -1.5
      vertex 11.08655439013544 4.592201188381077 0
    endloop
  endfacet
  facet normal 0.8819212643483553 0.47139673682599686 0
    outer loop
      vertex 10.762472898392259 5.307464282628016 -1.5
      vertex 10.392304845413264 6 -1.5
      vertex 10.762472898392259 5.307464282628016 0
    endloop
  endfacet
  facet normal 0 0 1
    outer loop
      vertex 9.520240083494823 7.305137148104648 0
      vertex 12 0 0
      vertex 9.977635347630542 6.666842796235226 0
    endloop
  endfacet
  facet normal 0 0 1
    outer loop
      vertex 9.520240083494823 7.305137148104648 0
      vertex 9.02207768974773 7.912149781200826 0
      vertex 12 0 0
    endloop
  endfacet
  facet normal 0.9108638249211761 0.41270702980439405 0
    outer loop
      vertex 10.762472898392259 5.307464282628016 -1.5
      vertex 10.762472898392259 5.307464282628016 0
      vertex 11.08655439013544 4.592201188381077 0
    endloop
  endfacet
  facet normal 0.8819212643483553 0.47139673682599686 5.317072102590027e-18
    outer loop
      vertex 10.762472898392259 5.307464282628016 0
      vertex 10.392304845413264 6 -1.5
      vertex 10.392304845413264 6 0
    endloop
  endfacet
  facet normal 0 0 -1
    outer loop
      vertex 0 5 -1.5
      vertex 0 12 -1.5
      vertex 0.3270156461507153 4.989294616193018 -1.5
    endloop
  endfacet
  facet normal 0 0 -1
    outer loop
      vertex 0.3270156461507153 4.989294616193018 -1.5
      vertex 0.7848375507617167 11.97430707886324 -1.5
      vertex 0.6526309611002579 4.957224306869052 -1.5
    endloop
  endfacet
  facet normal 0 0 -1
    outer loop
      vertex 0.6526309611002579 4.957224306869052 -1.5
      vertex 1.5663143066406189 11.897338336485724 -1.5
      vertex 0.9754516100806412 4.903926402016152 -1.5
    endloop
  endfacet
  facet normal 0 0 -1
    outer loop
      vertex 0.9754516100806412 4.903926402016152 -1.5
      vertex 1.5663143066406189 11.897338336485724 -1.5
      vertex 1.2940952255126037 4.8296291314453415 -1.5
    endloop
  endfacet
  facet normal 0 0 -1
    outer loop
      vertex 2.5 4.330127018922193 -1.5
      vertex 3.105828541230249 11.59110991546882 -1.5
      vertex 2.777851165098011 4.157348061512726 -1.5
    endloop
  endfacet
  facet normal 0 0 -1
    outer loop
      vertex 2.777851165098011 4.157348061512726 -1.5
      vertex 3.105828541230249 11.59110991546882 -1.5
      vertex 3.043807145043603 3.9667667014561756 -1.5
    endloop
  endfacet
  facet normal 0 0 -1
    outer loop
      vertex 1.2940952255126037 4.8296291314453415 -1.5
      vertex 2.341083864193539 11.769423364838765 -1.5
      vertex 1.607197326515808 4.7346506474755286 -1.5
    endloop
  endfacet
  facet normal 0 0 -1
    outer loop
      vertex 1.607197326515808 4.7346506474755286 -1.5
      vertex 2.341083864193539 11.769423364838765 -1.5
      vertex 1.913417161825449 4.619397662556434 -1.5
    endloop
  endfacet
  facet normal 0 0 -1
    outer loop
      vertex 2.2114434510950067 4.484363707663441 -1.5
      vertex 1.913417161825449 4.619397662556434 -1.5
      vertex 2.341083864193539 11.769423364838765 -1.5
    endloop
  endfacet
  facet normal 0 0 -1
    outer loop
      vertex 2.2114434510950067 4.484363707663441 -1.5
      vertex 3.105828541230249 11.59110991546882 -1.5
      vertex 2.5 4.330127018922193 -1.5
    endloop
  endfacet
  facet normal 0 0 -1
    outer loop
      vertex 3.5355339059327378 3.5355339059327378 -1.5
      vertex 3.857273583637939 11.363161553941268 -1.5
      vertex 3.7591990373948874 3.296729075500344 -1.5
    endloop
  endfacet
  facet normal 0 0 -1
    outer loop
      vertex 3.043807145043603 3.9667667014561756 -1.5
      vertex 3.857273583637939 11.363161553941268 -1.5
      vertex 3.296729075500344 3.7591990373948874 -1.5
    endloop
  endfacet
  facet normal 0 0 -1
    outer loop
      vertex 3.5355339059327378 3.5355339059327378 -1.5
      vertex 3.296729075500344 3.7591990373948874 -1.5
      vertex 3.857273583637939 11.363161553941268 -1.5
    endloop
  endfacet
  facet normal 0 0 -1
    outer loop
      vertex 5.307464282628016 10.762472898392259 -1.5
      vertex 6 10.392304845413264 -1.5
      vertex 5 0 -1.5
    endloop
  endfacet
  facet normal 0 0 -1
    outer loop
      vertex 6 10.392304845413264 -1.5
      vertex 6.666842796235226 9.977635347630542 -1.5
      vertex 5 0 -1.5
    endloop
  endfacet
  facet normal 0 0 -1
    outer loop
      vertex 3.043807145043603 3.9667667014561756 -1.5
      vertex 3.105828541230249 11.59110991546882 -1.5
      vertex 3.857273583637939 11.363161553941268 -1.5
    endloop
  endfacet
  facet normal 0 0 -1
    outer loop
      vertex 3.7591990373948874 3.296729075500344 -1.5
      vertex 3.857273583637939 11.363161553941268 -1.5
      vertex 4.592201188381077 11.08655439013544 -1.5
    endloop
  endfacet
  facet normal 0 0 -1
    outer loop
      vertex 4.484363707663441 2.2114434510950067 -1.5
      vertex 4.592201188381077 11.08655439013544 -1.5
      vertex 5.307464282628016 10.762472898392259 -1.5
    endloop
  endfacet
  facet normal 0 0 1
    outer loop
      vertex 3.8921404739272116 7.8924801254876575 0
      vertex 4.4 7.62102355330306 0
      vertex 3.857273583637939 11.363161553941268 0
    endloop
  endfacet
  facet normal 0 0 1
    outer loop
      vertex 5.8022431728806065 6.616190305815002 0
      vertex 5.307464282628016 10.762472898392259 0
      vertex 5.357100575276742 6.98150939456287 0
    endloop
  endfacet
  facet normal 0 0 1
    outer loop
      vertex 4.889018050572499 7.316932588262398 0
      vertex 5.357100575276742 6.98150939456287 0
      vertex 5.307464282628016 10.762472898392259 0
    endloop
  endfacet
  facet normal 0 0 1
    outer loop
      vertex 4.4 7.62102355330306 0
      vertex 4.889018050572499 7.316932588262398 0
      vertex 4.592201188381077 11.08655439013544 0
    endloop
  endfacet
  facet normal 0 0 -1
    outer loop
      vertex 0.3270156461507153 4.989294616193018 -1.5
      vertex 0 12 -1.5
      vertex 0.7848375507617167 11.97430707886324 -1.5
    endloop
  endfacet
  facet normal 0 0 -1
    outer loop
      vertex 0.6526309611002579 4.957224306869052 -1.5
      vertex 0.7848375507617167 11.97430707886324 -1.5
      vertex 1.5663143066406189 11.897338336485724 -1.5
    endloop
  endfacet
  facet normal 0 0 -1
    outer loop
      vertex 1.2940952255126037 4.8296291314453415 -1.5
      vertex 1.5663143066406189 11.897338336485724 -1.5
      vertex 2.341083864193539 11.769423364838765 -1.5
    endloop
  endfacet
  facet normal 0 0 -1
    outer loop
      vertex 2.2114434510950067 4.484363707663441 -1.5
      vertex 2.341083864193539 11.769423364838765 -1.5
      vertex 3.105828541230249 11.59110991546882 -1.5
    endloop
  endfacet
  facet normal 0 0 1
    outer loop
      vertex 0 8.8 0
      vertex 0.575547537225259 8.78115852449971 0
      vertex 0 12 0
    endloop
  endfacet
  facet normal 0 0 1
    outer loop
      vertex 0.575547537225259 8.78115852449971 0
      vertex 1.148630491536454 8.724714780089531 0
      vertex 0.7848375507617167 11.97430707886324 0
    endloop
  endfacet
  facet normal 0 0 1
    outer loop
      vertex 1.148630491536454 8.724714780089531 0
      vertex 1.7167948337419288 8.630910467548428 0
      vertex 1.5663143066406189 11.897338336485724 0
    endloop
  endfacet
  facet normal 0 0 1
    outer loop
      vertex 1.7167948337419288 8.630910467548428 0
      vertex 2.2776075969021825 8.500147271343803 0
      vertex 2.341083864193539 11.769423364838765 0
    endloop
  endfacet
  facet normal 0 0 1
    outer loop
      vertex 2.2776075969021825 8.500147271343803 0
      vertex 2.8286672946678224 8.33298513955693 0
      vertex 2.341083864193539 11.769423364838765 0
    endloop
  endfacet
  facet normal 0.0327190828217777 0.9994645874763656 0
    outer loop
      vertex 0 12 -1.5
      vertex 0 12 0
      vertex 0.7848375507617167 11.97430707886324 -1.5
    endloop
  endfacet
  facet normal 0.09801714032956006 0.9951847266721968 0
    outer loop
      vertex 0.7848375507617167 11.97430707886324 -1.5
      vertex 0.7848375507617167 11.97430707886324 0
      vertex 1.5663143066406189 11.897338336485724 -1.5
    endloop
  endfacet
  facet normal 0.162895473394588 0.9866433320848792 0
    outer loop
      vertex 1.5663143066406189 11.897338336485724 -1.5
      vertex 1.5663143066406189 11.897338336485724 0
      vertex 2.341083864193539 11.769423364838765 -1.5
    endloop
  endfacet
  facet normal 0.22707626303437212 0.973876979277334 0
    outer loop
      vertex 2.341083864193539 11.769423364838765 -1.5
      vertex 2.341083864193539 11.769423364838765 0
      vertex 3.105828541230249 11.59110991546882 -1.5
    endloop
  endfacet
  facet normal 0 0 1
    outer loop
      vertex 0.575547537225259 8.78115852449971 0
      vertex 0.7848375507617167 11.97430707886324 0
      vertex 0 12 0
    endloop
  endfacet
  facet normal 0 0 1
    outer loop
      vertex 1.148630491536454 8.724714780089531 0
      vertex 1.5663143066406189 11.897338336485724 0
      vertex 0.7848375507617167 11.97430707886324 0
    endloop
  endfacet
  facet normal 0.0327190828217777 0.9994645874763656 0
    outer loop
      vertex 0.7848375507617167 11.97430707886324 -1.5
      vertex 0 12 0
      vertex 0.7848375507617167 11.97430707886324 0
    endloop
  endfacet
  facet normal 0.09801714032956006 0.9951847266721968 0
    outer loop
      vertex 1.5663143066406189 11.897338336485724 -1.5
      vertex 0.7848375507617167 11.97430707886324 0
      vertex 1.5663143066406189 11.897338336485724 0
    endloop
  endfacet
  facet normal 0 0 1
    outer loop
      vertex 1.7167948337419288 8.630910467548428 0
      vertex 2.341083864193539 11.769423364838765 0
      vertex 1.5663143066406189 11.897338336485724 0
    endloop
  endfacet
  facet normal 0 0 1
    outer loop
      vertex 2.8286672946678224 8.33298513955693 0
      vertex 3.105828541230249 11.59110991546882 0
      vertex 2.341083864193539 11.769423364838765 0
    endloop
  endfacet
  facet normal 0.162895473394588 0.9866433320848792 0
    outer loop
      vertex 2.341083864193539 11.769423364838765 -1.5
      vertex 1.5663143066406189 11.897338336485724 0
      vertex 2.341083864193539 11.769423364838765 0
    endloop
  endfacet
  facet normal 0.22707626303437212 0.973876979277334 4.8735852405996876e-18
    outer loop
      vertex 2.341083864193539 11.769423364838765 0
      vertex 3.105828541230249 11.59110991546882 0
      vertex 3.105828541230249 11.59110991546882 -1.5
    endloop
  endfacet
  facet normal 0 0 1
    outer loop
      vertex 2.8286672946678224 8.33298513955693 0
      vertex 3.3676142048127904 8.130139886099323 0
      vertex 3.105828541230249 11.59110991546882 0
    endloop
  endfacet
  facet normal 0 0 1
    outer loop
      vertex 3.3676142048127904 8.130139886099323 0
      vertex 3.8921404739272116 7.8924801254876575 0
      vertex 3.857273583637939 11.363161553941268 0
    endloop
  endfacet
  facet normal 0 0 1
    outer loop
      vertex 3.3676142048127904 8.130139886099323 0
      vertex 3.857273583637939 11.363161553941268 0
      vertex 3.105828541230249 11.59110991546882 0
    endloop
  endfacet
  facet normal 0 0 1
    outer loop
      vertex 4.4 7.62102355330306 0
      vertex 4.592201188381077 11.08655439013544 0
      vertex 3.857273583637939 11.363161553941268 0
    endloop
  endfacet
  facet normal 0 0 1
    outer loop
      vertex 4.889018050572499 7.316932588262398 0
      vertex 5.307464282628016 10.762472898392259 0
      vertex 4.592201188381077 11.08655439013544 0
    endloop
  endfacet
  facet normal 0 0 1
    outer loop
      vertex 5.8022431728806065 6.616190305815002 0
      vertex 6 10.392304845413264 0
      vertex 5.307464282628016 10.762472898392259 0
    endloop
  endfacet
  facet normal 0.2902846772544633 0.9569403357322085 0
    outer loop
      vertex 3.105828541230249 11.59110991546882 -1.5
      vertex 3.105828541230249 11.59110991546882 0
      vertex 3.857273583637939 11.363161553941268 -1.5
    endloop
  endfacet
  facet normal 0.3522500479212346 0.9359059267573252 0
    outer loop
      vertex 3.857273583637939 11.363161553941268 -1.5
      vertex 3.857273583637939 11.363161553941268 0
      vertex 4.592201188381077 11.08655439013544 -1.5
    endloop
  endfacet
  facet normal 0.41270702980439405 0.9108638249211761 0
    outer loop
      vertex 4.592201188381077 11.08655439013544 -1.5
      vertex 4.592201188381077 11.08655439013544 0
      vertex 5.307464282628016 10.762472898392259 -1.5
    endloop
  endfacet
  facet normal 0.47139673682599686 0.8819212643483553 0
    outer loop
      vertex 5.307464282628016 10.762472898392259 -1.5
      vertex 5.307464282628016 10.762472898392259 0
      vertex 6 10.392304845413264 -1.5
    endloop
  endfacet
  facet normal 0.3522500479212346 0.9359059267573252 0
    outer loop
      vertex 4.592201188381077 11.08655439013544 -1.5
      vertex 3.857273583637939 11.363161553941268 0
      vertex 4.592201188381077 11.08655439013544 0
    endloop
  endfacet
  facet normal 0.2902846772544633 0.9569403357322085 0
    outer loop
      vertex 3.857273583637939 11.363161553941268 -1.5
      vertex 3.105828541230249 11.59110991546882 0
      vertex 3.857273583637939 11.363161553941268 0
    endloop
  endfacet
  facet normal 0.41270702980439405 0.9108638249211761 0
    outer loop
      vertex 5.307464282628016 10.762472898392259 -1.5
      vertex 4.592201188381077 11.08655439013544 0
      vertex 5.307464282628016 10.762472898392259 0
    endloop
  endfacet
  facet normal 0.47139673682599686 0.8819212643483553 5.317072102590027e-18
    outer loop
      vertex 5.307464282628016 10.762472898392259 0
      vertex 6 10.392304845413264 0
      vertex 6 10.392304845413264 -1.5
    endloop
  endfacet
  facet normal 0 0 -1
    outer loop
      vertex 7.305137148104648 9.520240083494823 -1.5
      vertex 7.912149781200826 9.02207768974773 -1.5
      vertex 5 0 -1.5
    endloop
  endfacet
  facet normal 0 0 -1
    outer loop
      vertex 6.666842796235226 9.977635347630542 -1.5
      vertex 7.305137148104648 9.520240083494823 -1.5
      vertex 5 0 -1.5
    endloop
  endfacet
  facet normal 0 0 1
    outer loop
      vertex 7.316932588262398 4.889018050572499 0
      vertex 7.62102355330306 4.4 0
      vertex 7.305137148104648 9.520240083494823 0
    endloop
  endfacet
  facet normal 0 0 1
    outer loop
      vertex 7.316932588262398 4.889018050572499 0
      vertex 7.305137148104648 9.520240083494823 0
      vertex 6.98150939456287 5.357100575276742 0
    endloop
  endfacet
  facet normal 0 0 1
    outer loop
      vertex 6.616190305815002 5.8022431728806065 0
      vertex 6.666842796235226 9.977635347630542 0
      vertex 6.222539674441619 6.222539674441619 0
    endloop
  endfacet
  facet normal 0 0 1
    outer loop
      vertex 6.616190305815002 5.8022431728806065 0
      vertex 6.98150939456287 5.357100575276742 0
      vertex 6.666842796235226 9.977635347630542 0
    endloop
  endfacet
  facet normal 0 0 1
    outer loop
      vertex 8.130139886099323 3.3676142048127904 0
      vertex 8.485281374238571 8.485281374238571 0
      vertex 7.912149781200826 9.02207768974773 0
    endloop
  endfacet
  facet normal 0.729864072697836 0.6835923020228708 -8.638483016339408e-18
    outer loop
      vertex 8.485281374238571 8.485281374238571 -1.5
      vertex 9.02207768974773 7.912149781200826 0
      vertex 9.02207768974773 7.912149781200826 -1.5
    endloop
  endfacet
  facet normal 0.6835923020228708 0.729864072697836 -8.638483016339408e-18
    outer loop
      vertex 8.485281374238571 8.485281374238571 -1.5
      vertex 7.912149781200826 9.02207768974773 -1.5
      vertex 7.912149781200826 9.02207768974773 0
    endloop
  endfacet
  facet normal 0 0 1
    outer loop
      vertex 5.8022431728806065 6.616190305815002 0
      vertex 6.222539674441619 6.222539674441619 0
      vertex 6 10.392304845413264 0
    endloop
  endfacet
  facet normal 0 0 1
    outer loop
      vertex 6.222539674441619 6.222539674441619 0
      vertex 6.666842796235226 9.977635347630542 0
      vertex 6 10.392304845413264 0
    endloop
  endfacet
  facet normal 0 0 1
    outer loop
      vertex 6.98150939456287 5.357100575276742 0
      vertex 7.305137148104648 9.520240083494823 0
      vertex 6.666842796235226 9.977635347630542 0
    endloop
  endfacet
  facet normal 0 0 1
    outer loop
      vertex 7.62102355330306 4.4 0
      vertex 7.912149781200826 9.02207768974773 0
      vertex 7.305137148104648 9.520240083494823 0
    endloop
  endfacet
  facet normal 0.729864072697836 0.6835923020228708 0
    outer loop
      vertex 8.485281374238571 8.485281374238571 -1.5
      vertex 8.485281374238571 8.485281374238571 0
      vertex 9.02207768974773 7.912149781200826 0
    endloop
  endfacet
  facet normal 0.6835923020228708 0.729864072697836 0
    outer loop
      vertex 8.485281374238571 8.485281374238571 -1.5
      vertex 7.912149781200826 9.02207768974773 0
      vertex 8.485281374238571 8.485281374238571 0
    endloop
  endfacet
  facet normal 0.8492021815265782 0.528067850650369 1.1185357621319924e-17
    outer loop
      vertex 9.977635347630542 6.666842796235226 -1.5
      vertex 10.392304845413264 6 0
      vertex 10.392304845413264 6 -1.5
    endloop
  endfacet
  facet normal 0.8128466845916162 0.5824776968678005 -1.3388188843270912e-17
    outer loop
      vertex 9.520240083494823 7.305137148104648 -1.5
      vertex 9.977635347630542 6.666842796235226 0
      vertex 9.977635347630542 6.666842796235226 -1.5
    endloop
  endfacet
  facet normal 0.8492021815265782 0.528067850650369 0
    outer loop
      vertex 9.977635347630542 6.666842796235226 -1.5
      vertex 9.977635347630542 6.666842796235226 0
      vertex 10.392304845413264 6 0
    endloop
  endfacet
  facet normal 0.8128466845916162 0.5824776968678005 0
    outer loop
      vertex 9.520240083494823 7.305137148104648 -1.5
      vertex 9.520240083494823 7.305137148104648 0
      vertex 9.977635347630542 6.666842796235226 0
    endloop
  endfacet
  facet normal 0.7730104533627371 0.6343932841636453 0
    outer loop
      vertex 9.520240083494823 7.305137148104648 -1.5
      vertex 9.02207768974773 7.912149781200826 -1.5
      vertex 9.520240083494823 7.305137148104648 0
    endloop
  endfacet
  facet normal 0.7730104533627371 0.6343932841636453 0
    outer loop
      vertex 9.02207768974773 7.912149781200826 -1.5
      vertex 9.02207768974773 7.912149781200826 0
      vertex 9.520240083494823 7.305137148104648 0
    endloop
  endfacet
  facet normal 0.528067850650369 0.8492021815265782 0
    outer loop
      vertex 6 10.392304845413264 -1.5
      vertex 6 10.392304845413264 0
      vertex 6.666842796235226 9.977635347630542 -1.5
    endloop
  endfacet
  facet normal 0.5824776968678005 0.8128466845916162 0
    outer loop
      vertex 6.666842796235226 9.977635347630542 -1.5
      vertex 6.666842796235226 9.977635347630542 0
      vertex 7.305137148104648 9.520240083494823 -1.5
    endloop
  endfacet
  facet normal 0.6343932841636453 0.7730104533627371 0
    outer loop
      vertex 7.305137148104648 9.520240083494823 -1.5
      vertex 7.305137148104648 9.520240083494823 0
      vertex 7.912149781200826 9.02207768974773 -1.5
    endloop
  endfacet
  facet normal 0.5824776968678005 0.8128466845916162 0
    outer loop
      vertex 7.305137148104648 9.520240083494823 -1.5
      vertex 6.666842796235226 9.977635347630542 0
      vertex 7.305137148104648 9.520240083494823 0
    endloop
  endfacet
  facet normal 0.528067850650369 0.8492021815265782 0
    outer loop
      vertex 6.666842796235226 9.977635347630542 -1.5
      vertex 6 10.392304845413264 0
      vertex 6.666842796235226 9.977635347630542 0
    endloop
  endfacet
  facet normal 0.6343932841636453 0.7730104533627371 0
    outer loop
      vertex 7.912149781200826 9.02207768974773 -1.5
      vertex 7.305137148104648 9.520240083494823 0
      vertex 7.912149781200826 9.02207768974773 0
    endloop
  endfacet
  facet normal -0.9994645874763656 0.0327190828217777 -8.327189550464209e-19
    outer loop
      vertex -12 0 4
      vertex -11.97430707886324 0.7848375507617167 5.5
      vertex -11.97430707886324 0.7848375507617167 4
    endloop
  endfacet
  facet normal 0 0 -1
    outer loop
      vertex -11.97430707886324 0.7848375507617167 4
      vertex -11.897338336485724 1.5663143066406189 4
      vertex -12 0 4
    endloop
  endfacet
  facet normal 0 0 -1
    outer loop
      vertex -11.897338336485724 1.5663143066406189 4
      vertex -11.769423364838765 2.341083864193539 4
      vertex -12 0 4
    endloop
  endfacet
  facet normal -0.9951847266721968 0.09801714032956006 1.1251333996853578e-18
    outer loop
      vertex -11.97430707886324 0.7848375507617167 4
      vertex -11.897338336485724 1.5663143066406189 5.5
      vertex -11.897338336485724 1.5663143066406189 4
    endloop
  endfacet
  facet normal -0.9994645874763656 0.0327190828217777 0
    outer loop
      vertex -12 0 4
      vertex -12 0 5.5
      vertex -11.97430707886324 0.7848375507617167 5.5
    endloop
  endfacet
  facet normal -0.9951847266721968 0.09801714032956006 0
    outer loop
      vertex -11.97430707886324 0.7848375507617167 4
      vertex -11.97430707886324 0.7848375507617167 5.5
      vertex -11.897338336485724 1.5663143066406189 5.5
    endloop
  endfacet
  facet normal 0 0 1
    outer loop
      vertex -12 0 5.5
      vertex -5 0 5.5
      vertex -11.97430707886324 0.7848375507617167 5.5
    endloop
  endfacet
  facet normal 0 0 1
    outer loop
      vertex -11.97430707886324 0.7848375507617167 5.5
      vertex -5 0 5.5
      vertex -11.897338336485724 1.5663143066406189 5.5
    endloop
  endfacet
  facet normal 0 0 1
    outer loop
      vertex -11.897338336485724 1.5663143066406189 5.5
      vertex -5 0 5.5
      vertex -11.769423364838765 2.341083864193539 5.5
    endloop
  endfacet
  facet normal 0 0 -1
    outer loop
      vertex -11.769423364838765 2.341083864193539 4
      vertex -11.59110991546882 3.105828541230249 4
      vertex -12 0 4
    endloop
  endfacet
  facet normal -0.9866433320848792 0.162895473394588 1.4911723975169281e-18
    outer loop
      vertex -11.897338336485724 1.5663143066406189 4
      vertex -11.769423364838765 2.341083864193539 5.5
      vertex -11.769423364838765 2.341083864193539 4
    endloop
  endfacet
  facet normal 0 0 -1
    outer loop
      vertex -11.59110991546882 3.105828541230249 4
      vertex -11.363161553941268 3.857273583637939 4
      vertex -12 0 4
    endloop
  endfacet
  facet normal 0 0 -1
    outer loop
      vertex -11.363161553941268 3.857273583637939 4
      vertex -11.08655439013544 4.592201188381077 4
      vertex -12 0 4
    endloop
  endfacet
  facet normal -0.973876979277334 0.22707626303437212 -4.8735852405996876e-18
    outer loop
      vertex -11.769423364838765 2.341083864193539 4
      vertex -11.59110991546882 3.105828541230249 5.5
      vertex -11.59110991546882 3.105828541230249 4
    endloop
  endfacet
  facet normal 0 0 -1
    outer loop
      vertex -8.8 0 4
      vertex -12 0 4
      vertex -9.02207768974773 7.912149781200826 4
    endloop
  endfacet
  facet normal -0.9866433320848792 0.162895473394588 0
    outer loop
      vertex -11.897338336485724 1.5663143066406189 4
      vertex -11.897338336485724 1.5663143066406189 5.5
      vertex -11.769423364838765 2.341083864193539 5.5
    endloop
  endfacet
  facet normal -0.973876979277334 0.22707626303437212 0
    outer loop
      vertex -11.769423364838765 2.341083864193539 4
      vertex -11.769423364838765 2.341083864193539 5.5
      vertex -11.59110991546882 3.105828541230249 5.5
    endloop
  endfacet
  facet normal 0 0 1
    outer loop
      vertex -11.769423364838765 2.341083864193539 5.5
      vertex -5 0 5.5
      vertex -11.59110991546882 3.105828541230249 5.5
    endloop
  endfacet
  facet normal 0 0 1
    outer loop
      vertex -11.59110991546882 3.105828541230249 5.5
      vertex -5 0 5.5
      vertex -11.363161553941268 3.857273583637939 5.5
    endloop
  endfacet
  facet normal 0 0 1
    outer loop
      vertex -11.363161553941268 3.857273583637939 5.5
      vertex -5 0 5.5
      vertex -11.08655439013544 4.592201188381077 5.5
    endloop
  endfacet
  facet normal 0 0 -1
    outer loop
      vertex -8.8 0 4
      vertex -9.02207768974773 7.912149781200826 4
      vertex -8.78115852449971 0.575547537225259 4
    endloop
  endfacet
  facet normal 0 0 -1
    outer loop
      vertex -11.08655439013544 4.592201188381077 4
      vertex -10.762472898392259 5.307464282628016 4
      vertex -12 0 4
    endloop
  endfacet
  facet normal -0.9569403357322085 0.2902846772544633 -1.1471514499330931e-17
    outer loop
      vertex -11.59110991546882 3.105828541230249 4
      vertex -11.363161553941268 3.857273583637939 5.5
      vertex -11.363161553941268 3.857273583637939 4
    endloop
  endfacet
  facet normal 0 0 -1
    outer loop
      vertex -10.762472898392259 5.307464282628016 4
      vertex -10.392304845413264 6 4
      vertex -12 0 4
    endloop
  endfacet
  facet normal 0 0 -1
    outer loop
      vertex -10.392304845413264 6 4
      vertex -9.977635347630542 6.666842796235226 4
      vertex -12 0 4
    endloop
  endfacet
  facet normal -0.9359059267573252 0.3522500479212346 -6.37828620583808e-18
    outer loop
      vertex -11.363161553941268 3.857273583637939 4
      vertex -11.08655439013544 4.592201188381077 5.5
      vertex -11.08655439013544 4.592201188381077 4
    endloop
  endfacet
  facet normal -0.9569403357322085 0.2902846772544633 0
    outer loop
      vertex -11.59110991546882 3.105828541230249 4
      vertex -11.59110991546882 3.105828541230249 5.5
      vertex -11.363161553941268 3.857273583637939 5.5
    endloop
  endfacet
  facet normal -0.9359059267573252 0.3522500479212346 0
    outer loop
      vertex -11.363161553941268 3.857273583637939 4
      vertex -11.363161553941268 3.857273583637939 5.5
      vertex -11.08655439013544 4.592201188381077 5.5
    endloop
  endfacet
  facet normal -0.9108638249211761 0.41270702980439405 1.1616985756816659e-17
    outer loop
      vertex -11.08655439013544 4.592201188381077 4
      vertex -10.762472898392259 5.307464282628016 5.5
      vertex -10.762472898392259 5.307464282628016 4
    endloop
  endfacet
  facet normal -0.8819212643483553 0.47139673682599686 -5.317072102590027e-18
    outer loop
      vertex -10.762472898392259 5.307464282628016 4
      vertex -10.392304845413264 6 5.5
      vertex -10.392304845413264 6 4
    endloop
  endfacet
  facet normal 0 0 -1
    outer loop
      vertex -9.977635347630542 6.666842796235226 4
      vertex -9.520240083494823 7.305137148104648 4
      vertex -12 0 4
    endloop
  endfacet
  facet normal 0 0 -1
    outer loop
      vertex -9.520240083494823 7.305137148104648 4
      vertex -9.02207768974773 7.912149781200826 4
      vertex -12 0 4
    endloop
  endfacet
  facet normal -0.9108638249211761 0.41270702980439405 0
    outer loop
      vertex -11.08655439013544 4.592201188381077 4
      vertex -11.08655439013544 4.592201188381077 5.5
      vertex -10.762472898392259 5.307464282628016 5.5
    endloop
  endfacet
  facet normal -0.8819212643483553 0.47139673682599686 0
    outer loop
      vertex -10.762472898392259 5.307464282628016 4
      vertex -10.762472898392259 5.307464282628016 5.5
      vertex -10.392304845413264 6 5.5
    endloop
  endfacet
  facet normal 0 0 -1
    outer loop
      vertex -8.78115852449971 0.575547537225259 4
      vertex -8.485281374238571 8.485281374238571 4
      vertex -8.724714780089531 1.148630491536454 4
    endloop
  endfacet
  facet normal 0 0 -1
    outer loop
      vertex -8.724714780089531 1.148630491536454 4
      vertex -8.485281374238571 8.485281374238571 4
      vertex -8.630910467548428 1.7167948337419288 4
    endloop
  endfacet
  facet normal 0 0 -1
    outer loop
      vertex -8.630910467548428 1.7167948337419288 4
      vertex -8.485281374238571 8.485281374238571 4
      vertex -8.500147271343803 2.2776075969021825 4
    endloop
  endfacet
  facet normal 0 0 1
    outer loop
      vertex -11.08655439013544 4.592201188381077 5.5
      vertex -5 0 5.5
      vertex -10.762472898392259 5.307464282628016 5.5
    endloop
  endfacet
  facet normal 0 0 1
    outer loop
      vertex -10.762472898392259 5.307464282628016 5.5
      vertex -5 0 5.5
      vertex -10.392304845413264 6 5.5
    endloop
  endfacet
  facet normal 0 0 1
    outer loop
      vertex -10.392304845413264 6 5.5
      vertex -5 0 5.5
      vertex -9.977635347630542 6.666842796235226 5.5
    endloop
  endfacet
  facet normal 0 0 -1
    outer loop
      vertex -8.500147271343803 2.2776075969021825 4
      vertex -8.485281374238571 8.485281374238571 4
      vertex -8.33298513955693 2.8286672946678224 4
    endloop
  endfacet
  facet normal 0 0 -1
    outer loop
      vertex -8.33298513955693 2.8286672946678224 4
      vertex -8.485281374238571 8.485281374238571 4
      vertex -8.130139886099323 3.3676142048127904 4
    endloop
  endfacet
  facet normal 0 0 -1
    outer loop
      vertex -8.78115852449971 0.575547537225259 4
      vertex -9.02207768974773 7.912149781200826 4
      vertex -8.485281374238571 8.485281374238571 4
    endloop
  endfacet
  facet normal 0 0 -1
    outer loop
      vertex -8.130139886099323 3.3676142048127904 4
      vertex -7.912149781200826 9.02207768974773 4
      vertex -7.8924801254876575 3.8921404739272116 4
    endloop
  endfacet
  facet normal 0 0 -1
    outer loop
      vertex -7.8924801254876575 3.8921404739272116 4
      vertex -7.912149781200826 9.02207768974773 4
      vertex -7.62102355330306 4.4 4
    endloop
  endfacet
  facet normal 0 0 1
    outer loop
      vertex -9.977635347630542 6.666842796235226 5.5
      vertex -5 0 5.5
      vertex -9.520240083494823 7.305137148104648 5.5
    endloop
  endfacet
  facet normal 0 0 1
    outer loop
      vertex -9.520240083494823 7.305137148104648 5.5
      vertex -5 0 5.5
      vertex -9.02207768974773 7.912149781200826 5.5
    endloop
  endfacet
  facet normal 0 0 1
    outer loop
      vertex -9.02207768974773 7.912149781200826 5.5
      vertex -5 0 5.5
      vertex -8.485281374238571 8.485281374238571 5.5
    endloop
  endfacet
  facet normal 0 0 1
    outer loop
      vertex -8.485281374238571 8.485281374238571 5.5
      vertex -5 0 5.5
      vertex -7.912149781200826 9.02207768974773 5.5
    endloop
  endfacet
  facet normal 0 0 1
    outer loop
      vertex -5 0 5.5
      vertex -4.989294616193018 0.3270156461507153 5.5
      vertex -5.307464282628016 10.762472898392259 5.5
    endloop
  endfacet
  facet normal 0 0 1
    outer loop
      vertex -4.989294616193018 0.3270156461507153 5.5
      vertex -4.957224306869052 0.6526309611002579 5.5
      vertex -5.307464282628016 10.762472898392259 5.5
    endloop
  endfacet
  facet normal 0 0 1
    outer loop
      vertex -4.957224306869052 0.6526309611002579 5.5
      vertex -4.903926402016152 0.9754516100806412 5.5
      vertex -5.307464282628016 10.762472898392259 5.5
    endloop
  endfacet
  facet normal 0 0 1
    outer loop
      vertex -4.903926402016152 0.9754516100806412 5.5
      vertex -4.8296291314453415 1.2940952255126037 5.5
      vertex -5.307464282628016 10.762472898392259 5.5
    endloop
  endfacet
  facet normal 0 0 1
    outer loop
      vertex -4.8296291314453415 1.2940952255126037 5.5
      vertex -4.7346506474755286 1.607197326515808 5.5
      vertex -5.307464282628016 10.762472898392259 5.5
    endloop
  endfacet
  facet normal 0 0 1
    outer loop
      vertex -4.7346506474755286 1.607197326515808 5.5
      vertex -4.619397662556434 1.913417161825449 5.5
      vertex -5.307464282628016 10.762472898392259 5.5
    endloop
  endfacet
  facet normal 0 0 1
    outer loop
      vertex -4.619397662556434 1.913417161825449 5.5
      vertex -4.484363707663441 2.2114434510950067 5.5
      vertex -5.307464282628016 10.762472898392259 5.5
    endloop
  endfacet
  facet normal 0 0 1
    outer loop
      vertex -4.484363707663441 2.2114434510950067 5.5
      vertex -4.330127018922193 2.5 5.5
      vertex -4.592201188381077 11.08655439013544 5.5
    endloop
  endfacet
  facet normal 0 0 1
    outer loop
      vertex -4.330127018922193 2.5 5.5
      vertex -4.157348061512726 2.777851165098011 5.5
      vertex -4.592201188381077 11.08655439013544 5.5
    endloop
  endfacet
  facet normal 0 0 1
    outer loop
      vertex -4.157348061512726 2.777851165098011 5.5
      vertex -3.9667667014561756 3.043807145043603 5.5
      vertex -4.592201188381077 11.08655439013544 5.5
    endloop
  endfacet
  facet normal 0 0 1
    outer loop
      vertex -3.9667667014561756 3.043807145043603 5.5
      vertex -3.7591990373948874 3.296729075500344 5.5
      vertex -4.592201188381077 11.08655439013544 5.5
    endloop
  endfacet
  facet normal -0.8492021815265782 0.528067850650369 -1.1185357621319924e-17
    outer loop
      vertex -10.392304845413264 6 4
      vertex -9.977635347630542 6.666842796235226 5.5
      vertex -9.977635347630542 6.666842796235226 4
    endloop
  endfacet
  facet normal -0.8128466845916162 0.5824776968678005 1.3388188843270912e-17
    outer loop
      vertex -9.977635347630542 6.666842796235226 4
      vertex -9.520240083494823 7.305137148104648 5.5
      vertex -9.520240083494823 7.305137148104648 4
    endloop
  endfacet
  facet normal -0.8492021815265782 0.528067850650369 0
    outer loop
      vertex -10.392304845413264 6 4
      vertex -10.392304845413264 6 5.5
      vertex -9.977635347630542 6.666842796235226 5.5
    endloop
  endfacet
  facet normal -0.8128466845916162 0.5824776968678005 0
    outer loop
      vertex -9.977635347630542 6.666842796235226 4
      vertex -9.977635347630542 6.666842796235226 5.5
      vertex -9.520240083494823 7.305137148104648 5.5
    endloop
  endfacet
  facet normal -0.7730104533627371 0.6343932841636453 2.375960240162448e-18
    outer loop
      vertex -9.520240083494823 7.305137148104648 4
      vertex -9.02207768974773 7.912149781200826 5.5
      vertex -9.02207768974773 7.912149781200826 4
    endloop
  endfacet
  facet normal -0.7730104533627371 0.6343932841636453 0
    outer loop
      vertex -9.520240083494823 7.305137148104648 4
      vertex -9.520240083494823 7.305137148104648 5.5
      vertex -9.02207768974773 7.912149781200826 5.5
    endloop
  endfacet
  facet normal 0 0 -1
    outer loop
      vertex -8.130139886099323 3.3676142048127904 4
      vertex -8.485281374238571 8.485281374238571 4
      vertex -7.912149781200826 9.02207768974773 4
    endloop
  endfacet
  facet normal 0 0 -1
    outer loop
      vertex -7.62102355330306 4.4 4
      vertex -7.305137148104648 9.520240083494823 4
      vertex -7.316932588262398 4.889018050572499 4
    endloop
  endfacet
  facet normal 0 0 -1
    outer loop
      vertex -7.316932588262398 4.889018050572499 4
      vertex -7.305137148104648 9.520240083494823 4
      vertex -6.98150939456287 5.357100575276742 4
    endloop
  endfacet
  facet normal 0 0 -1
    outer loop
      vertex -6.98150939456287 5.357100575276742 4
      vertex -6.666842796235226 9.977635347630542 4
      vertex -6.616190305815002 5.8022431728806065 4
    endloop
  endfacet
  facet normal 0 0 -1
    outer loop
      vertex -6.616190305815002 5.8022431728806065 4
      vertex -6.666842796235226 9.977635347630542 4
      vertex -6.222539674441619 6.222539674441619 4
    endloop
  endfacet
  facet normal 0 0 1
    outer loop
      vertex -7.912149781200826 9.02207768974773 5.5
      vertex -5 0 5.5
      vertex -7.305137148104648 9.520240083494823 5.5
    endloop
  endfacet
  facet normal 0 0 1
    outer loop
      vertex -7.305137148104648 9.520240083494823 5.5
      vertex -5 0 5.5
      vertex -6.666842796235226 9.977635347630542 5.5
    endloop
  endfacet
  facet normal 0 0 -1
    outer loop
      vertex -7.62102355330306 4.4 4
      vertex -7.912149781200826 9.02207768974773 4
      vertex -7.305137148104648 9.520240083494823 4
    endloop
  endfacet
  facet normal -0.729864072697836 0.6835923020228708 8.638483016339408e-18
    outer loop
      vertex -9.02207768974773 7.912149781200826 4
      vertex -8.485281374238571 8.485281374238571 5.5
      vertex -8.485281374238571 8.485281374238571 4
    endloop
  endfacet
  facet normal -0.6835923020228708 0.729864072697836 0
    outer loop
      vertex -8.485281374238571 8.485281374238571 4
      vertex -8.485281374238571 8.485281374238571 5.5
      vertex -7.912149781200826 9.02207768974773 4
    endloop
  endfacet
  facet normal 0 0 -1
    outer loop
      vertex -6.222539674441619 6.222539674441619 4
      vertex -6 10.392304845413264 4
      vertex -5.8022431728806065 6.616190305815002 4
    endloop
  endfacet
  facet normal 0 0 -1
    outer loop
      vertex -6.98150939456287 5.357100575276742 4
      vertex -7.305137148104648 9.520240083494823 4
      vertex -6.666842796235226 9.977635347630542 4
    endloop
  endfacet
  facet normal 0 0 -1
    outer loop
      vertex -6.222539674441619 6.222539674441619 4
      vertex -6.666842796235226 9.977635347630542 4
      vertex -6 10.392304845413264 4
    endloop
  endfacet
  facet normal -0.729864072697836 0.6835923020228708 0
    outer loop
      vertex -9.02207768974773 7.912149781200826 4
      vertex -9.02207768974773 7.912149781200826 5.5
      vertex -8.485281374238571 8.485281374238571 5.5
    endloop
  endfacet
  facet normal -0.6835923020228708 0.729864072697836 8.638483016339408e-18
    outer loop
      vertex -8.485281374238571 8.485281374238571 5.5
      vertex -7.912149781200826 9.02207768974773 5.5
      vertex -7.912149781200826 9.02207768974773 4
    endloop
  endfacet
  facet normal -0.6343932841636453 0.7730104533627371 0
    outer loop
      vertex -7.912149781200826 9.02207768974773 4
      vertex -7.912149781200826 9.02207768974773 5.5
      vertex -7.305137148104648 9.520240083494823 4
    endloop
  endfacet
  facet normal -0.5824776968678005 0.8128466845916162 0
    outer loop
      vertex -7.305137148104648 9.520240083494823 4
      vertex -7.305137148104648 9.520240083494823 5.5
      vertex -6.666842796235226 9.977635347630542 4
    endloop
  endfacet
  facet normal -0.528067850650369 0.8492021815265782 0
    outer loop
      vertex -6.666842796235226 9.977635347630542 4
      vertex -6.666842796235226 9.977635347630542 5.5
      vertex -6 10.392304845413264 4
    endloop
  endfacet
  facet normal -0.6343932841636453 0.7730104533627371 0
    outer loop
      vertex -7.305137148104648 9.520240083494823 4
      vertex -7.912149781200826 9.02207768974773 5.5
      vertex -7.305137148104648 9.520240083494823 5.5
    endloop
  endfacet
  facet normal -0.5824776968678005 0.8128466845916162 0
    outer loop
      vertex -6.666842796235226 9.977635347630542 4
      vertex -7.305137148104648 9.520240083494823 5.5
      vertex -6.666842796235226 9.977635347630542 5.5
    endloop
  endfacet
  facet normal -0.528067850650369 0.8492021815265782 -1.1185357621319924e-17
    outer loop
      vertex -6.666842796235226 9.977635347630542 5.5
      vertex -6 10.392304845413264 5.5
      vertex -6 10.392304845413264 4
    endloop
  endfacet
  facet normal 0 0 1
    outer loop
      vertex -6.666842796235226 9.977635347630542 5.5
      vertex -5 0 5.5
      vertex -6 10.392304845413264 5.5
    endloop
  endfacet
  facet normal 0 0 1
    outer loop
      vertex -6 10.392304845413264 5.5
      vertex -5 0 5.5
      vertex -5.307464282628016 10.762472898392259 5.5
    endloop
  endfacet
  facet normal 0 0 1
    outer loop
      vertex -3.7591990373948874 3.296729075500344 5.5
      vertex -3.5355339059327378 3.5355339059327378 5.5
      vertex -3.857273583637939 11.363161553941268 5.5
    endloop
  endfacet
  facet normal 0 0 1
    outer loop
      vertex -3.5355339059327378 3.5355339059327378 5.5
      vertex -3.296729075500344 3.7591990373948874 5.5
      vertex -3.857273583637939 11.363161553941268 5.5
    endloop
  endfacet
  facet normal 0 0 1
    outer loop
      vertex -3.296729075500344 3.7591990373948874 5.5
      vertex -3.043807145043603 3.9667667014561756 5.5
      vertex -3.857273583637939 11.363161553941268 5.5
    endloop
  endfacet
  facet normal 0 0 -1
    outer loop
      vertex -5.8022431728806065 6.616190305815002 4
      vertex -5.307464282628016 10.762472898392259 4
      vertex -5.357100575276742 6.98150939456287 4
    endloop
  endfacet
  facet normal 0 0 -1
    outer loop
      vertex -5.357100575276742 6.98150939456287 4
      vertex -5.307464282628016 10.762472898392259 4
      vertex -4.889018050572499 7.316932588262398 4
    endloop
  endfacet
  facet normal 0 0 -1
    outer loop
      vertex -4.889018050572499 7.316932588262398 4
      vertex -4.592201188381077 11.08655439013544 4
      vertex -4.4 7.62102355330306 4
    endloop
  endfacet
  facet normal 0 0 -1
    outer loop
      vertex -4.4 7.62102355330306 4
      vertex -3.857273583637939 11.363161553941268 4
      vertex -3.8921404739272116 7.8924801254876575 4
    endloop
  endfacet
  facet normal 0 0 1
    outer loop
      vertex -4.484363707663441 2.2114434510950067 5.5
      vertex -4.592201188381077 11.08655439013544 5.5
      vertex -5.307464282628016 10.762472898392259 5.5
    endloop
  endfacet
  facet normal 0 0 1
    outer loop
      vertex -3.7591990373948874 3.296729075500344 5.5
      vertex -3.857273583637939 11.363161553941268 5.5
      vertex -4.592201188381077 11.08655439013544 5.5
    endloop
  endfacet
  facet normal 0 0 1
    outer loop
      vertex -3.043807145043603 3.9667667014561756 5.5
      vertex -3.105828541230249 11.59110991546882 5.5
      vertex -3.857273583637939 11.363161553941268 5.5
    endloop
  endfacet
  facet normal 0 0 1
    outer loop
      vertex -3.043807145043603 3.9667667014561756 5.5
      vertex -2.777851165098011 4.157348061512726 5.5
      vertex -3.105828541230249 11.59110991546882 5.5
    endloop
  endfacet
  facet normal 0 0 1
    outer loop
      vertex -2.777851165098011 4.157348061512726 5.5
      vertex -2.5 4.330127018922193 5.5
      vertex -3.105828541230249 11.59110991546882 5.5
    endloop
  endfacet
  facet normal 0 0 1
    outer loop
      vertex -2.5 4.330127018922193 5.5
      vertex -2.2114434510950067 4.484363707663441 5.5
      vertex -3.105828541230249 11.59110991546882 5.5
    endloop
  endfacet
  facet normal 0 0 1
    outer loop
      vertex -2.2114434510950067 4.484363707663441 5.5
      vertex -1.913417161825449 4.619397662556434 5.5
      vertex -2.341083864193539 11.769423364838765 5.5
    endloop
  endfacet
  facet normal 0 0 1
    outer loop
      vertex -1.913417161825449 4.619397662556434 5.5
      vertex -1.607197326515808 4.7346506474755286 5.5
      vertex -2.341083864193539 11.769423364838765 5.5
    endloop
  endfacet
  facet normal 0 0 1
    outer loop
      vertex -1.607197326515808 4.7346506474755286 5.5
      vertex -1.2940952255126037 4.8296291314453415 5.5
      vertex -2.341083864193539 11.769423364838765 5.5
    endloop
  endfacet
  facet normal 0 0 1
    outer loop
      vertex -1.2940952255126037 4.8296291314453415 5.5
      vertex -0.9754516100806412 4.903926402016152 5.5
      vertex -1.5663143066406189 11.897338336485724 5.5
    endloop
  endfacet
  facet normal 0 0 1
    outer loop
      vertex -0.9754516100806412 4.903926402016152 5.5
      vertex -0.6526309611002579 4.957224306869052 5.5
      vertex -1.5663143066406189 11.897338336485724 5.5
    endloop
  endfacet
  facet normal 0 0 1
    outer loop
      vertex -0.6526309611002579 4.957224306869052 5.5
      vertex -0.3270156461507153 4.989294616193018 5.5
      vertex -0.7848375507617167 11.97430707886324 5.5
    endloop
  endfacet
  facet normal 0 0 1
    outer loop
      vertex -0.3270156461507153 4.989294616193018 5.5
      vertex 0 5 5.5
      vertex 0 12 5.5
    endloop
  endfacet
  facet normal 0 0 -1
    outer loop
      vertex -5.8022431728806065 6.616190305815002 4
      vertex -6 10.392304845413264 4
      vertex -5.307464282628016 10.762472898392259 4
    endloop
  endfacet
  facet normal 0 0 -1
    outer loop
      vertex -4.889018050572499 7.316932588262398 4
      vertex -5.307464282628016 10.762472898392259 4
      vertex -4.592201188381077 11.08655439013544 4
    endloop
  endfacet
  facet normal 0 0 -1
    outer loop
      vertex -3.8921404739272116 7.8924801254876575 4
      vertex -3.857273583637939 11.363161553941268 4
      vertex -3.3676142048127904 8.130139886099323 4
    endloop
  endfacet
  facet normal 0 0 -1
    outer loop
      vertex -3.3676142048127904 8.130139886099323 4
      vertex -3.105828541230249 11.59110991546882 4
      vertex -2.8286672946678224 8.33298513955693 4
    endloop
  endfacet
  facet normal 0 0 -1
    outer loop
      vertex -4.4 7.62102355330306 4
      vertex -4.592201188381077 11.08655439013544 4
      vertex -3.857273583637939 11.363161553941268 4
    endloop
  endfacet
  facet normal 0 0 -1
    outer loop
      vertex -3.3676142048127904 8.130139886099323 4
      vertex -3.857273583637939 11.363161553941268 4
      vertex -3.105828541230249 11.59110991546882 4
    endloop
  endfacet
  facet normal -0.47139673682599686 0.8819212643483553 0
    outer loop
      vertex -6 10.392304845413264 4
      vertex -6 10.392304845413264 5.5
      vertex -5.307464282628016 10.762472898392259 4
    endloop
  endfacet
  facet normal -0.41270702980439405 0.9108638249211761 0
    outer loop
      vertex -5.307464282628016 10.762472898392259 4
      vertex -5.307464282628016 10.762472898392259 5.5
      vertex -4.592201188381077 11.08655439013544 4
    endloop
  endfacet
  facet normal -0.3522500479212346 0.9359059267573252 0
    outer loop
      vertex -4.592201188381077 11.08655439013544 4
      vertex -4.592201188381077 11.08655439013544 5.5
      vertex -3.857273583637939 11.363161553941268 4
    endloop
  endfacet
  facet normal -0.2902846772544633 0.9569403357322085 0
    outer loop
      vertex -3.857273583637939 11.363161553941268 4
      vertex -3.857273583637939 11.363161553941268 5.5
      vertex -3.105828541230249 11.59110991546882 4
    endloop
  endfacet
  facet normal -0.47139673682599686 0.8819212643483553 0
    outer loop
      vertex -5.307464282628016 10.762472898392259 4
      vertex -6 10.392304845413264 5.5
      vertex -5.307464282628016 10.762472898392259 5.5
    endloop
  endfacet
  facet normal -0.41270702980439405 0.9108638249211761 0
    outer loop
      vertex -4.592201188381077 11.08655439013544 4
      vertex -5.307464282628016 10.762472898392259 5.5
      vertex -4.592201188381077 11.08655439013544 5.5
    endloop
  endfacet
  facet normal -0.3522500479212346 0.9359059267573252 0
    outer loop
      vertex -3.857273583637939 11.363161553941268 4
      vertex -4.592201188381077 11.08655439013544 5.5
      vertex -3.857273583637939 11.363161553941268 5.5
    endloop
  endfacet
  facet normal -0.2902846772544633 0.9569403357322085 0
    outer loop
      vertex -3.105828541230249 11.59110991546882 4
      vertex -3.857273583637939 11.363161553941268 5.5
      vertex -3.105828541230249 11.59110991546882 5.5
    endloop
  endfacet
  facet normal 0 0 -1
    outer loop
      vertex -2.8286672946678224 8.33298513955693 4
      vertex -2.341083864193539 11.769423364838765 4
      vertex -2.2776075969021825 8.500147271343803 4
    endloop
  endfacet
  facet normal 0 0 -1
    outer loop
      vertex -2.2776075969021825 8.500147271343803 4
      vertex -2.341083864193539 11.769423364838765 4
      vertex -1.7167948337419288 8.630910467548428 4
    endloop
  endfacet
  facet normal 0 0 -1
    outer loop
      vertex -1.7167948337419288 8.630910467548428 4
      vertex -1.5663143066406189 11.897338336485724 4
      vertex -1.148630491536454 8.724714780089531 4
    endloop
  endfacet
  facet normal 0 0 -1
    outer loop
      vertex -1.148630491536454 8.724714780089531 4
      vertex -0.7848375507617167 11.97430707886324 4
      vertex -0.575547537225259 8.78115852449971 4
    endloop
  endfacet
  facet normal 0 0 -1
    outer loop
      vertex -0.575547537225259 8.78115852449971 4
      vertex 0 12 4
      vertex 0 8.8 4
    endloop
  endfacet
  facet normal 0 0 1
    outer loop
      vertex -2.2114434510950067 4.484363707663441 5.5
      vertex -2.341083864193539 11.769423364838765 5.5
      vertex -3.105828541230249 11.59110991546882 5.5
    endloop
  endfacet
  facet normal 0 0 1
    outer loop
      vertex -1.2940952255126037 4.8296291314453415 5.5
      vertex -1.5663143066406189 11.897338336485724 5.5
      vertex -2.341083864193539 11.769423364838765 5.5
    endloop
  endfacet
  facet normal 0 0 1
    outer loop
      vertex -0.6526309611002579 4.957224306869052 5.5
      vertex -0.7848375507617167 11.97430707886324 5.5
      vertex -1.5663143066406189 11.897338336485724 5.5
    endloop
  endfacet
  facet normal 0 0 1
    outer loop
      vertex -0.3270156461507153 4.989294616193018 5.5
      vertex 0 12 5.5
      vertex -0.7848375507617167 11.97430707886324 5.5
    endloop
  endfacet
  facet normal 0 0 -1
    outer loop
      vertex -3.105828541230249 11.59110991546882 4
      vertex -2.341083864193539 11.769423364838765 4
      vertex -2.8286672946678224 8.33298513955693 4
    endloop
  endfacet
  facet normal 0 0 -1
    outer loop
      vertex -1.7167948337419288 8.630910467548428 4
      vertex -2.341083864193539 11.769423364838765 4
      vertex -1.5663143066406189 11.897338336485724 4
    endloop
  endfacet
  facet normal -0.22707626303437212 0.973876979277334 0
    outer loop
      vertex -3.105828541230249 11.59110991546882 4
      vertex -3.105828541230249 11.59110991546882 5.5
      vertex -2.341083864193539 11.769423364838765 4
    endloop
  endfacet
  facet normal -0.162895473394588 0.9866433320848792 0
    outer loop
      vertex -2.341083864193539 11.769423364838765 4
      vertex -2.341083864193539 11.769423364838765 5.5
      vertex -1.5663143066406189 11.897338336485724 4
    endloop
  endfacet
  facet normal 0 0 -1
    outer loop
      vertex -1.148630491536454 8.724714780089531 4
      vertex -1.5663143066406189 11.897338336485724 4
      vertex -0.7848375507617167 11.97430707886324 4
    endloop
  endfacet
  facet normal 0 0 -1
    outer loop
      vertex -0.575547537225259 8.78115852449971 4
      vertex -0.7848375507617167 11.97430707886324 4
      vertex 0 12 4
    endloop
  endfacet
  facet normal -0.09801714032956006 0.9951847266721968 0
    outer loop
      vertex -1.5663143066406189 11.897338336485724 4
      vertex -1.5663143066406189 11.897338336485724 5.5
      vertex -0.7848375507617167 11.97430707886324 4
    endloop
  endfacet
  facet normal -0.0327190828217777 0.9994645874763656 0
    outer loop
      vertex -0.7848375507617167 11.97430707886324 4
      vertex -0.7848375507617167 11.97430707886324 5.5
      vertex 0 12 4
    endloop
  endfacet
  facet normal -0.22707626303437212 0.973876979277334 -4.8735852405996876e-18
    outer loop
      vertex -3.105828541230249 11.59110991546882 5.5
      vertex -2.341083864193539 11.769423364838765 5.5
      vertex -2.341083864193539 11.769423364838765 4
    endloop
  endfacet
  facet normal -0.162895473394588 0.9866433320848792 0
    outer loop
      vertex -1.5663143066406189 11.897338336485724 4
      vertex -2.341083864193539 11.769423364838765 5.5
      vertex -1.5663143066406189 11.897338336485724 5.5
    endloop
  endfacet
  facet normal -0.09801714032956006 0.9951847266721968 0
    outer loop
      vertex -0.7848375507617167 11.97430707886324 4
      vertex -1.5663143066406189 11.897338336485724 5.5
      vertex -0.7848375507617167 11.97430707886324 5.5
    endloop
  endfacet
  facet normal -0.0327190828217777 0.9994645874763656 -8.327189550464209e-19
    outer loop
      vertex -0.7848375507617167 11.97430707886324 5.5
      vertex 0 12 5.5
      vertex 0 12 4
    endloop
  endfacet
  facet normal 0 0 1
    outer loop
      vertex 5 0 5.5
      vertex 5.307464282628016 10.762472898392259 5.5
      vertex 4.989294616193018 0.3270156461507153 5.5
    endloop
  endfacet
  facet normal 0 0 1
    outer loop
      vertex 4.989294616193018 0.3270156461507153 5.5
      vertex 5.307464282628016 10.762472898392259 5.5
      vertex 4.957224306869052 0.6526309611002579 5.5
    endloop
  endfacet
  facet normal 0 0 1
    outer loop
      vertex 4.957224306869052 0.6526309611002579 5.5
      vertex 4.592201188381077 11.08655439013544 5.5
      vertex 4.903926402016152 0.9754516100806412 5.5
    endloop
  endfacet
  facet normal 0 0 1
    outer loop
      vertex 4.8296291314453415 1.2940952255126037 5.5
      vertex 4.903926402016152 0.9754516100806412 5.5
      vertex 4.592201188381077 11.08655439013544 5.5
    endloop
  endfacet
  facet normal 0 0 1
    outer loop
      vertex 4.484363707663441 2.2114434510950067 5.5
      vertex 4.592201188381077 11.08655439013544 5.5
      vertex 4.330127018922193 2.5 5.5
    endloop
  endfacet
  facet normal 0 0 1
    outer loop
      vertex 4.330127018922193 2.5 5.5
      vertex 4.592201188381077 11.08655439013544 5.5
      vertex 4.157348061512726 2.777851165098011 5.5
    endloop
  endfacet
  facet normal 0 0 1
    outer loop
      vertex 4.157348061512726 2.777851165098011 5.5
      vertex 3.857273583637939 11.363161553941268 5.5
      vertex 3.9667667014561756 3.043807145043603 5.5
    endloop
  endfacet
  facet normal 0 0 1
    outer loop
      vertex 3.7591990373948874 3.296729075500344 5.5
      vertex 3.9667667014561756 3.043807145043603 5.5
      vertex 3.857273583637939 11.363161553941268 5.5
    endloop
  endfacet
  facet normal 0 0 1
    outer loop
      vertex 4.8296291314453415 1.2940952255126037 5.5
      vertex 4.592201188381077 11.08655439013544 5.5
      vertex 4.7346506474755286 1.607197326515808 5.5
    endloop
  endfacet
  facet normal 0 0 1
    outer loop
      vertex 4.7346506474755286 1.607197326515808 5.5
      vertex 4.592201188381077 11.08655439013544 5.5
      vertex 4.619397662556434 1.913417161825449 5.5
    endloop
  endfacet
  facet normal 0 0 1
    outer loop
      vertex 4.484363707663441 2.2114434510950067 5.5
      vertex 4.619397662556434 1.913417161825449 5.5
      vertex 4.592201188381077 11.08655439013544 5.5
    endloop
  endfacet
  facet normal 0 0 -1
    outer loop
      vertex 8.8 0 4
      vertex 8.78115852449971 0.575547537225259 4
      vertex 9.02207768974773 7.912149781200826 4
    endloop
  endfacet
  facet normal 0 0 -1
    outer loop
      vertex 12 0 4
      vertex 8.8 0 4
      vertex 11.97430707886324 0.7848375507617167 4
    endloop
  endfacet
  facet normal 0.9994645874763656 0.0327190828217777 0
    outer loop
      vertex 12 0 4
      vertex 11.97430707886324 0.7848375507617167 4
      vertex 12 0 5.5
    endloop
  endfacet
  facet normal 0 0 -1
    outer loop
      vertex 11.97430707886324 0.7848375507617167 4
      vertex 8.8 0 4
      vertex 11.897338336485724 1.5663143066406189 4
    endloop
  endfacet
  facet normal 0 0 -1
    outer loop
      vertex 11.897338336485724 1.5663143066406189 4
      vertex 8.8 0 4
      vertex 11.769423364838765 2.341083864193539 4
    endloop
  endfacet
  facet normal 0.9951847266721968 0.09801714032956006 0
    outer loop
      vertex 11.97430707886324 0.7848375507617167 4
      vertex 11.897338336485724 1.5663143066406189 4
      vertex 11.97430707886324 0.7848375507617167 5.5
    endloop
  endfacet
  facet normal 0.9994645874763656 0.0327190828217777 0
    outer loop
      vertex 11.97430707886324 0.7848375507617167 4
      vertex 11.97430707886324 0.7848375507617167 5.5
      vertex 12 0 5.5
    endloop
  endfacet
  facet normal 0.9951847266721968 0.09801714032956006 0
    outer loop
      vertex 11.897338336485724 1.5663143066406189 4
      vertex 11.897338336485724 1.5663143066406189 5.5
      vertex 11.97430707886324 0.7848375507617167 5.5
    endloop
  endfacet
  facet normal 0 0 1
    outer loop
      vertex 11.97430707886324 0.7848375507617167 5.5
      vertex 11.897338336485724 1.5663143066406189 5.5
      vertex 12 0 5.5
    endloop
  endfacet
  facet normal 0 0 1
    outer loop
      vertex 11.897338336485724 1.5663143066406189 5.5
      vertex 11.769423364838765 2.341083864193539 5.5
      vertex 12 0 5.5
    endloop
  endfacet
  facet normal 0 0 -1
    outer loop
      vertex 11.363161553941268 3.857273583637939 4
      vertex 8.8 0 4
      vertex 11.08655439013544 4.592201188381077 4
    endloop
  endfacet
  facet normal 0 0 -1
    outer loop
      vertex 11.769423364838765 2.341083864193539 4
      vertex 8.8 0 4
      vertex 11.59110991546882 3.105828541230249 4
    endloop
  endfacet
  facet normal 0.9866433320848792 0.162895473394588 0
    outer loop
      vertex 11.897338336485724 1.5663143066406189 4
      vertex 11.769423364838765 2.341083864193539 4
      vertex 11.897338336485724 1.5663143066406189 5.5
    endloop
  endfacet
  facet normal 0 0 -1
    outer loop
      vertex 11.59110991546882 3.105828541230249 4
      vertex 8.8 0 4
      vertex 11.363161553941268 3.857273583637939 4
    endloop
  endfacet
  facet normal 0.973876979277334 0.22707626303437212 0
    outer loop
      vertex 11.769423364838765 2.341083864193539 4
      vertex 11.59110991546882 3.105828541230249 4
      vertex 11.769423364838765 2.341083864193539 5.5
    endloop
  endfacet
  facet normal 0.9866433320848792 0.162895473394588 0
    outer loop
      vertex 11.769423364838765 2.341083864193539 4
      vertex 11.769423364838765 2.341083864193539 5.5
      vertex 11.897338336485724 1.5663143066406189 5.5
    endloop
  endfacet
  facet normal 0 0 1
    outer loop
      vertex 11.769423364838765 2.341083864193539 5.5
      vertex 11.59110991546882 3.105828541230249 5.5
      vertex 12 0 5.5
    endloop
  endfacet
  facet normal 0.973876979277334 0.22707626303437212 4.8735852405996876e-18
    outer loop
      vertex 11.769423364838765 2.341083864193539 5.5
      vertex 11.59110991546882 3.105828541230249 4
      vertex 11.59110991546882 3.105828541230249 5.5
    endloop
  endfacet
  facet normal 0 0 1
    outer loop
      vertex 11.59110991546882 3.105828541230249 5.5
      vertex 11.363161553941268 3.857273583637939 5.5
      vertex 12 0 5.5
    endloop
  endfacet
  facet normal 0 0 1
    outer loop
      vertex 11.363161553941268 3.857273583637939 5.5
      vertex 11.08655439013544 4.592201188381077 5.5
      vertex 12 0 5.5
    endloop
  endfacet
  facet normal 0 0 -1
    outer loop
      vertex 8.78115852449971 0.575547537225259 4
      vertex 8.724714780089531 1.148630491536454 4
      vertex 9.02207768974773 7.912149781200826 4
    endloop
  endfacet
  facet normal 0 0 -1
    outer loop
      vertex 8.724714780089531 1.148630491536454 4
      vertex 8.630910467548428 1.7167948337419288 4
      vertex 9.02207768974773 7.912149781200826 4
    endloop
  endfacet
  facet normal 0 0 -1
    outer loop
      vertex 8.630910467548428 1.7167948337419288 4
      vertex 8.500147271343803 2.2776075969021825 4
      vertex 9.02207768974773 7.912149781200826 4
    endloop
  endfacet
  facet normal 0 0 -1
    outer loop
      vertex 8.500147271343803 2.2776075969021825 4
      vertex 8.33298513955693 2.8286672946678224 4
      vertex 9.02207768974773 7.912149781200826 4
    endloop
  endfacet
  facet normal 0 0 1
    outer loop
      vertex 5 0 5.5
      vertex 12 0 5.5
      vertex 5.307464282628016 10.762472898392259 5.5
    endloop
  endfacet
  facet normal 0 0 -1
    outer loop
      vertex 8.130139886099323 3.3676142048127904 4
      vertex 7.8924801254876575 3.8921404739272116 4
      vertex 8.485281374238571 8.485281374238571 4
    endloop
  endfacet
  facet normal 0 0 -1
    outer loop
      vertex 8.33298513955693 2.8286672946678224 4
      vertex 8.130139886099323 3.3676142048127904 4
      vertex 8.485281374238571 8.485281374238571 4
    endloop
  endfacet
  facet normal 0 0 -1
    outer loop
      vertex 7.62102355330306 4.4 4
      vertex 7.912149781200826 9.02207768974773 4
      vertex 7.8924801254876575 3.8921404739272116 4
    endloop
  endfacet
  facet normal 0 0 -1
    outer loop
      vertex 11.08655439013544 4.592201188381077 4
      vertex 8.8 0 4
      vertex 10.762472898392259 5.307464282628016 4
    endloop
  endfacet
  facet normal 0 0 -1
    outer loop
      vertex 9.977635347630542 6.666842796235226 4
      vertex 10.392304845413264 6 4
      vertex 8.8 0 4
    endloop
  endfacet
  facet normal 0 0 -1
    outer loop
      vertex 10.762472898392259 5.307464282628016 4
      vertex 8.8 0 4
      vertex 10.392304845413264 6 4
    endloop
  endfacet
  facet normal 0.9569403357322085 0.2902846772544633 0
    outer loop
      vertex 11.59110991546882 3.105828541230249 4
      vertex 11.363161553941268 3.857273583637939 4
      vertex 11.59110991546882 3.105828541230249 5.5
    endloop
  endfacet
  facet normal 0.9359059267573252 0.3522500479212346 0
    outer loop
      vertex 11.363161553941268 3.857273583637939 4
      vertex 11.08655439013544 4.592201188381077 4
      vertex 11.363161553941268 3.857273583637939 5.5
    endloop
  endfacet
  facet normal 0.9569403357322085 0.2902846772544633 0
    outer loop
      vertex 11.363161553941268 3.857273583637939 4
      vertex 11.363161553941268 3.857273583637939 5.5
      vertex 11.59110991546882 3.105828541230249 5.5
    endloop
  endfacet
  facet normal 0 0 1
    outer loop
      vertex 11.08655439013544 4.592201188381077 5.5
      vertex 10.762472898392259 5.307464282628016 5.5
      vertex 12 0 5.5
    endloop
  endfacet
  facet normal 0.9359059267573252 0.3522500479212346 0
    outer loop
      vertex 11.08655439013544 4.592201188381077 4
      vertex 11.08655439013544 4.592201188381077 5.5
      vertex 11.363161553941268 3.857273583637939 5.5
    endloop
  endfacet
  facet normal 0 0 1
    outer loop
      vertex 10.762472898392259 5.307464282628016 5.5
      vertex 10.392304845413264 6 5.5
      vertex 12 0 5.5
    endloop
  endfacet
  facet normal 0 0 1
    outer loop
      vertex 9.977635347630542 6.666842796235226 5.5
      vertex 12 0 5.5
      vertex 10.392304845413264 6 5.5
    endloop
  endfacet
  facet normal 0 0 -1
    outer loop
      vertex 9.520240083494823 7.305137148104648 4
      vertex 9.977635347630542 6.666842796235226 4
      vertex 8.8 0 4
    endloop
  endfacet
  facet normal 0 0 -1
    outer loop
      vertex 9.520240083494823 7.305137148104648 4
      vertex 8.8 0 4
      vertex 9.02207768974773 7.912149781200826 4
    endloop
  endfacet
  facet normal 0.9108638249211761 0.41270702980439405 0
    outer loop
      vertex 11.08655439013544 4.592201188381077 4
      vertex 10.762472898392259 5.307464282628016 4
      vertex 11.08655439013544 4.592201188381077 5.5
    endloop
  endfacet
  facet normal 0.8819212643483553 0.47139673682599686 0
    outer loop
      vertex 10.762472898392259 5.307464282628016 4
      vertex 10.392304845413264 6 4
      vertex 10.762472898392259 5.307464282628016 5.5
    endloop
  endfacet
  facet normal 0 0 1
    outer loop
      vertex 9.520240083494823 7.305137148104648 5.5
      vertex 12 0 5.5
      vertex 9.977635347630542 6.666842796235226 5.5
    endloop
  endfacet
  facet normal 0 0 1
    outer loop
      vertex 9.520240083494823 7.305137148104648 5.5
      vertex 9.02207768974773 7.912149781200826 5.5
      vertex 12 0 5.5
    endloop
  endfacet
  facet normal 0 0 1
    outer loop
      vertex 8.485281374238571 8.485281374238571 5.5
      vertex 7.912149781200826 9.02207768974773 5.5
      vertex 12 0 5.5
    endloop
  endfacet
  facet normal 0 0 1
    outer loop
      vertex 8.485281374238571 8.485281374238571 5.5
      vertex 12 0 5.5
      vertex 9.02207768974773 7.912149781200826 5.5
    endloop
  endfacet
  facet normal 0.9108638249211761 0.41270702980439405 0
    outer loop
      vertex 10.762472898392259 5.307464282628016 4
      vertex 10.762472898392259 5.307464282628016 5.5
      vertex 11.08655439013544 4.592201188381077 5.5
    endloop
  endfacet
  facet normal 0.8819212643483553 0.47139673682599686 5.317072102590027e-18
    outer loop
      vertex 10.762472898392259 5.307464282628016 5.5
      vertex 10.392304845413264 6 4
      vertex 10.392304845413264 6 5.5
    endloop
  endfacet
  facet normal 0 0 1
    outer loop
      vertex 0 5 5.5
      vertex 0.3270156461507153 4.989294616193018 5.5
      vertex 0 12 5.5
    endloop
  endfacet
  facet normal 0 0 1
    outer loop
      vertex 0.3270156461507153 4.989294616193018 5.5
      vertex 0.6526309611002579 4.957224306869052 5.5
      vertex 0.7848375507617167 11.97430707886324 5.5
    endloop
  endfacet
  facet normal 0 0 1
    outer loop
      vertex 0.6526309611002579 4.957224306869052 5.5
      vertex 0.9754516100806412 4.903926402016152 5.5
      vertex 0.7848375507617167 11.97430707886324 5.5
    endloop
  endfacet
  facet normal 0 0 1
    outer loop
      vertex 0.9754516100806412 4.903926402016152 5.5
      vertex 1.2940952255126037 4.8296291314453415 5.5
      vertex 0.7848375507617167 11.97430707886324 5.5
    endloop
  endfacet
  facet normal 0 0 1
    outer loop
      vertex 1.2940952255126037 4.8296291314453415 5.5
      vertex 1.607197326515808 4.7346506474755286 5.5
      vertex 1.5663143066406189 11.897338336485724 5.5
    endloop
  endfacet
  facet normal 0 0 1
    outer loop
      vertex 2.777851165098011 4.157348061512726 5.5
      vertex 3.043807145043603 3.9667667014561756 5.5
      vertex 3.105828541230249 11.59110991546882 5.5
    endloop
  endfacet
  facet normal 0 0 1
    outer loop
      vertex 1.607197326515808 4.7346506474755286 5.5
      vertex 1.913417161825449 4.619397662556434 5.5
      vertex 1.5663143066406189 11.897338336485724 5.5
    endloop
  endfacet
  facet normal 0 0 1
    outer loop
      vertex 2.2114434510950067 4.484363707663441 5.5
      vertex 2.341083864193539 11.769423364838765 5.5
      vertex 1.913417161825449 4.619397662556434 5.5
    endloop
  endfacet
  facet normal 0 0 1
    outer loop
      vertex 2.2114434510950067 4.484363707663441 5.5
      vertex 2.5 4.330127018922193 5.5
      vertex 2.341083864193539 11.769423364838765 5.5
    endloop
  endfacet
  facet normal 0 0 1
    outer loop
      vertex 2.5 4.330127018922193 5.5
      vertex 2.777851165098011 4.157348061512726 5.5
      vertex 2.341083864193539 11.769423364838765 5.5
    endloop
  endfacet
  facet normal 0 0 1
    outer loop
      vertex 3.5355339059327378 3.5355339059327378 5.5
      vertex 3.105828541230249 11.59110991546882 5.5
      vertex 3.296729075500344 3.7591990373948874 5.5
    endloop
  endfacet
  facet normal 0 0 1
    outer loop
      vertex 3.5355339059327378 3.5355339059327378 5.5
      vertex 3.7591990373948874 3.296729075500344 5.5
      vertex 3.857273583637939 11.363161553941268 5.5
    endloop
  endfacet
  facet normal 0 0 1
    outer loop
      vertex 3.043807145043603 3.9667667014561756 5.5
      vertex 3.296729075500344 3.7591990373948874 5.5
      vertex 3.105828541230249 11.59110991546882 5.5
    endloop
  endfacet
  facet normal 0 0 -1
    outer loop
      vertex 3.8921404739272116 7.8924801254876575 4
      vertex 4.592201188381077 11.08655439013544 4
      vertex 4.4 7.62102355330306 4
    endloop
  endfacet
  facet normal 0 0 -1
    outer loop
      vertex 4.889018050572499 7.316932588262398 4
      vertex 6 10.392304845413264 4
      vertex 5.357100575276742 6.98150939456287 4
    endloop
  endfacet
  facet normal 0 0 -1
    outer loop
      vertex 5.8022431728806065 6.616190305815002 4
      vertex 5.357100575276742 6.98150939456287 4
      vertex 6 10.392304845413264 4
    endloop
  endfacet
  facet normal 0 0 -1
    outer loop
      vertex 4.4 7.62102355330306 4
      vertex 5.307464282628016 10.762472898392259 4
      vertex 4.889018050572499 7.316932588262398 4
    endloop
  endfacet
  facet normal 0 0 1
    outer loop
      vertex 3.5355339059327378 3.5355339059327378 5.5
      vertex 3.857273583637939 11.363161553941268 5.5
      vertex 3.105828541230249 11.59110991546882 5.5
    endloop
  endfacet
  facet normal 0 0 1
    outer loop
      vertex 4.157348061512726 2.777851165098011 5.5
      vertex 4.592201188381077 11.08655439013544 5.5
      vertex 3.857273583637939 11.363161553941268 5.5
    endloop
  endfacet
  facet normal 0 0 1
    outer loop
      vertex 4.957224306869052 0.6526309611002579 5.5
      vertex 5.307464282628016 10.762472898392259 5.5
      vertex 4.592201188381077 11.08655439013544 5.5
    endloop
  endfacet
  facet normal 0 0 -1
    outer loop
      vertex 0 8.8 4
      vertex 0.7848375507617167 11.97430707886324 4
      vertex 0.575547537225259 8.78115852449971 4
    endloop
  endfacet
  facet normal 0 0 -1
    outer loop
      vertex 0.575547537225259 8.78115852449971 4
      vertex 1.5663143066406189 11.897338336485724 4
      vertex 1.148630491536454 8.724714780089531 4
    endloop
  endfacet
  facet normal 0 0 -1
    outer loop
      vertex 1.148630491536454 8.724714780089531 4
      vertex 2.341083864193539 11.769423364838765 4
      vertex 1.7167948337419288 8.630910467548428 4
    endloop
  endfacet
  facet normal 0 0 -1
    outer loop
      vertex 1.7167948337419288 8.630910467548428 4
      vertex 2.341083864193539 11.769423364838765 4
      vertex 2.2776075969021825 8.500147271343803 4
    endloop
  endfacet
  facet normal 0 0 -1
    outer loop
      vertex 2.2776075969021825 8.500147271343803 4
      vertex 3.105828541230249 11.59110991546882 4
      vertex 2.8286672946678224 8.33298513955693 4
    endloop
  endfacet
  facet normal 0 0 1
    outer loop
      vertex 0.3270156461507153 4.989294616193018 5.5
      vertex 0.7848375507617167 11.97430707886324 5.5
      vertex 0 12 5.5
    endloop
  endfacet
  facet normal 0 0 1
    outer loop
      vertex 1.2940952255126037 4.8296291314453415 5.5
      vertex 1.5663143066406189 11.897338336485724 5.5
      vertex 0.7848375507617167 11.97430707886324 5.5
    endloop
  endfacet
  facet normal 0 0 1
    outer loop
      vertex 1.913417161825449 4.619397662556434 5.5
      vertex 2.341083864193539 11.769423364838765 5.5
      vertex 1.5663143066406189 11.897338336485724 5.5
    endloop
  endfacet
  facet normal 0 0 1
    outer loop
      vertex 2.777851165098011 4.157348061512726 5.5
      vertex 3.105828541230249 11.59110991546882 5.5
      vertex 2.341083864193539 11.769423364838765 5.5
    endloop
  endfacet
  facet normal 0 0 -1
    outer loop
      vertex 0 8.8 4
      vertex 0 12 4
      vertex 0.7848375507617167 11.97430707886324 4
    endloop
  endfacet
  facet normal 0 0 -1
    outer loop
      vertex 0.575547537225259 8.78115852449971 4
      vertex 0.7848375507617167 11.97430707886324 4
      vertex 1.5663143066406189 11.897338336485724 4
    endloop
  endfacet
  facet normal 0.0327190828217777 0.9994645874763656 0
    outer loop
      vertex 0 12 4
      vertex 0 12 5.5
      vertex 0.7848375507617167 11.97430707886324 4
    endloop
  endfacet
  facet normal 0.09801714032956006 0.9951847266721968 0
    outer loop
      vertex 0.7848375507617167 11.97430707886324 4
      vertex 0.7848375507617167 11.97430707886324 5.5
      vertex 1.5663143066406189 11.897338336485724 4
    endloop
  endfacet
  facet normal 0 0 -1
    outer loop
      vertex 1.148630491536454 8.724714780089531 4
      vertex 1.5663143066406189 11.897338336485724 4
      vertex 2.341083864193539 11.769423364838765 4
    endloop
  endfacet
  facet normal 0 0 -1
    outer loop
      vertex 2.2776075969021825 8.500147271343803 4
      vertex 2.341083864193539 11.769423364838765 4
      vertex 3.105828541230249 11.59110991546882 4
    endloop
  endfacet
  facet normal 0.162895473394588 0.9866433320848792 0
    outer loop
      vertex 1.5663143066406189 11.897338336485724 4
      vertex 1.5663143066406189 11.897338336485724 5.5
      vertex 2.341083864193539 11.769423364838765 4
    endloop
  endfacet
  facet normal 0.22707626303437212 0.973876979277334 0
    outer loop
      vertex 2.341083864193539 11.769423364838765 4
      vertex 2.341083864193539 11.769423364838765 5.5
      vertex 3.105828541230249 11.59110991546882 4
    endloop
  endfacet
  facet normal 0.0327190828217777 0.9994645874763656 0
    outer loop
      vertex 0.7848375507617167 11.97430707886324 4
      vertex 0 12 5.5
      vertex 0.7848375507617167 11.97430707886324 5.5
    endloop
  endfacet
  facet normal 0.09801714032956006 0.9951847266721968 0
    outer loop
      vertex 1.5663143066406189 11.897338336485724 4
      vertex 0.7848375507617167 11.97430707886324 5.5
      vertex 1.5663143066406189 11.897338336485724 5.5
    endloop
  endfacet
  facet normal 0.162895473394588 0.9866433320848792 0
    outer loop
      vertex 2.341083864193539 11.769423364838765 4
      vertex 1.5663143066406189 11.897338336485724 5.5
      vertex 2.341083864193539 11.769423364838765 5.5
    endloop
  endfacet
  facet normal 0.22707626303437212 0.973876979277334 4.8735852405996876e-18
    outer loop
      vertex 2.341083864193539 11.769423364838765 5.5
      vertex 3.105828541230249 11.59110991546882 5.5
      vertex 3.105828541230249 11.59110991546882 4
    endloop
  endfacet
  facet normal 0 0 -1
    outer loop
      vertex 2.8286672946678224 8.33298513955693 4
      vertex 3.857273583637939 11.363161553941268 4
      vertex 3.3676142048127904 8.130139886099323 4
    endloop
  endfacet
  facet normal 0 0 -1
    outer loop
      vertex 3.3676142048127904 8.130139886099323 4
      vertex 4.592201188381077 11.08655439013544 4
      vertex 3.8921404739272116 7.8924801254876575 4
    endloop
  endfacet
  facet normal 0 0 -1
    outer loop
      vertex 2.8286672946678224 8.33298513955693 4
      vertex 3.105828541230249 11.59110991546882 4
      vertex 3.857273583637939 11.363161553941268 4
    endloop
  endfacet
  facet normal 0 0 -1
    outer loop
      vertex 3.3676142048127904 8.130139886099323 4
      vertex 3.857273583637939 11.363161553941268 4
      vertex 4.592201188381077 11.08655439013544 4
    endloop
  endfacet
  facet normal 0 0 -1
    outer loop
      vertex 4.889018050572499 7.316932588262398 4
      vertex 5.307464282628016 10.762472898392259 4
      vertex 6 10.392304845413264 4
    endloop
  endfacet
  facet normal 0 0 -1
    outer loop
      vertex 4.4 7.62102355330306 4
      vertex 4.592201188381077 11.08655439013544 4
      vertex 5.307464282628016 10.762472898392259 4
    endloop
  endfacet
  facet normal 0.2902846772544633 0.9569403357322085 0
    outer loop
      vertex 3.105828541230249 11.59110991546882 4
      vertex 3.105828541230249 11.59110991546882 5.5
      vertex 3.857273583637939 11.363161553941268 4
    endloop
  endfacet
  facet normal 0.3522500479212346 0.9359059267573252 0
    outer loop
      vertex 3.857273583637939 11.363161553941268 4
      vertex 3.857273583637939 11.363161553941268 5.5
      vertex 4.592201188381077 11.08655439013544 4
    endloop
  endfacet
  facet normal 0.41270702980439405 0.9108638249211761 0
    outer loop
      vertex 4.592201188381077 11.08655439013544 4
      vertex 4.592201188381077 11.08655439013544 5.5
      vertex 5.307464282628016 10.762472898392259 4
    endloop
  endfacet
  facet normal 0.47139673682599686 0.8819212643483553 0
    outer loop
      vertex 5.307464282628016 10.762472898392259 4
      vertex 5.307464282628016 10.762472898392259 5.5
      vertex 6 10.392304845413264 4
    endloop
  endfacet
  facet normal 0.3522500479212346 0.9359059267573252 0
    outer loop
      vertex 4.592201188381077 11.08655439013544 4
      vertex 3.857273583637939 11.363161553941268 5.5
      vertex 4.592201188381077 11.08655439013544 5.5
    endloop
  endfacet
  facet normal 0.2902846772544633 0.9569403357322085 0
    outer loop
      vertex 3.857273583637939 11.363161553941268 4
      vertex 3.105828541230249 11.59110991546882 5.5
      vertex 3.857273583637939 11.363161553941268 5.5
    endloop
  endfacet
  facet normal 0.41270702980439405 0.9108638249211761 0
    outer loop
      vertex 5.307464282628016 10.762472898392259 4
      vertex 4.592201188381077 11.08655439013544 5.5
      vertex 5.307464282628016 10.762472898392259 5.5
    endloop
  endfacet
  facet normal 0.47139673682599686 0.8819212643483553 5.317072102590027e-18
    outer loop
      vertex 5.307464282628016 10.762472898392259 5.5
      vertex 6 10.392304845413264 5.5
      vertex 6 10.392304845413264 4
    endloop
  endfacet
  facet normal 0 0 -1
    outer loop
      vertex 7.316932588262398 4.889018050572499 4
      vertex 6.98150939456287 5.357100575276742 4
      vertex 7.912149781200826 9.02207768974773 4
    endloop
  endfacet
  facet normal 0 0 -1
    outer loop
      vertex 6.616190305815002 5.8022431728806065 4
      vertex 6.222539674441619 6.222539674441619 4
      vertex 6.666842796235226 9.977635347630542 4
    endloop
  endfacet
  facet normal 0 0 -1
    outer loop
      vertex 6.616190305815002 5.8022431728806065 4
      vertex 7.305137148104648 9.520240083494823 4
      vertex 6.98150939456287 5.357100575276742 4
    endloop
  endfacet
  facet normal 0 0 -1
    outer loop
      vertex 7.316932588262398 4.889018050572499 4
      vertex 7.912149781200826 9.02207768974773 4
      vertex 7.62102355330306 4.4 4
    endloop
  endfacet
  facet normal 0 0 -1
    outer loop
      vertex 8.33298513955693 2.8286672946678224 4
      vertex 8.485281374238571 8.485281374238571 4
      vertex 9.02207768974773 7.912149781200826 4
    endloop
  endfacet
  facet normal 0 0 -1
    outer loop
      vertex 7.8924801254876575 3.8921404739272116 4
      vertex 7.912149781200826 9.02207768974773 4
      vertex 8.485281374238571 8.485281374238571 4
    endloop
  endfacet
  facet normal 0 0 1
    outer loop
      vertex 6.666842796235226 9.977635347630542 5.5
      vertex 12 0 5.5
      vertex 7.305137148104648 9.520240083494823 5.5
    endloop
  endfacet
  facet normal 0 0 1
    outer loop
      vertex 5.307464282628016 10.762472898392259 5.5
      vertex 12 0 5.5
      vertex 6 10.392304845413264 5.5
    endloop
  endfacet
  facet normal 0 0 1
    outer loop
      vertex 6 10.392304845413264 5.5
      vertex 12 0 5.5
      vertex 6.666842796235226 9.977635347630542 5.5
    endloop
  endfacet
  facet normal 0 0 -1
    outer loop
      vertex 5.8022431728806065 6.616190305815002 4
      vertex 6.666842796235226 9.977635347630542 4
      vertex 6.222539674441619 6.222539674441619 4
    endloop
  endfacet
  facet normal 0 0 -1
    outer loop
      vertex 6.98150939456287 5.357100575276742 4
      vertex 7.305137148104648 9.520240083494823 4
      vertex 7.912149781200826 9.02207768974773 4
    endloop
  endfacet
  facet normal 0 0 -1
    outer loop
      vertex 5.8022431728806065 6.616190305815002 4
      vertex 6 10.392304845413264 4
      vertex 6.666842796235226 9.977635347630542 4
    endloop
  endfacet
  facet normal 0 0 -1
    outer loop
      vertex 6.616190305815002 5.8022431728806065 4
      vertex 6.666842796235226 9.977635347630542 4
      vertex 7.305137148104648 9.520240083494823 4
    endloop
  endfacet
  facet normal 0.729864072697836 0.6835923020228708 -8.638483016339408e-18
    outer loop
      vertex 8.485281374238571 8.485281374238571 4
      vertex 9.02207768974773 7.912149781200826 5.5
      vertex 9.02207768974773 7.912149781200826 4
    endloop
  endfacet
  facet normal 0.6835923020228708 0.729864072697836 -8.638483016339408e-18
    outer loop
      vertex 8.485281374238571 8.485281374238571 4
      vertex 7.912149781200826 9.02207768974773 4
      vertex 7.912149781200826 9.02207768974773 5.5
    endloop
  endfacet
  facet normal 0.729864072697836 0.6835923020228708 0
    outer loop
      vertex 8.485281374238571 8.485281374238571 4
      vertex 8.485281374238571 8.485281374238571 5.5
      vertex 9.02207768974773 7.912149781200826 5.5
    endloop
  endfacet
  facet normal 0.6835923020228708 0.729864072697836 0
    outer loop
      vertex 8.485281374238571 8.485281374238571 4
      vertex 7.912149781200826 9.02207768974773 5.5
      vertex 8.485281374238571 8.485281374238571 5.5
    endloop
  endfacet
  facet normal 0.8492021815265782 0.528067850650369 1.1185357621319924e-17
    outer loop
      vertex 9.977635347630542 6.666842796235226 4
      vertex 10.392304845413264 6 5.5
      vertex 10.392304845413264 6 4
    endloop
  endfacet
  facet normal 0.8128466845916162 0.5824776968678005 -1.3388188843270912e-17
    outer loop
      vertex 9.520240083494823 7.305137148104648 4
      vertex 9.977635347630542 6.666842796235226 5.5
      vertex 9.977635347630542 6.666842796235226 4
    endloop
  endfacet
  facet normal 0.8492021815265782 0.528067850650369 0
    outer loop
      vertex 9.977635347630542 6.666842796235226 4
      vertex 9.977635347630542 6.666842796235226 5.5
      vertex 10.392304845413264 6 5.5
    endloop
  endfacet
  facet normal 0 0 1
    outer loop
      vertex 7.305137148104648 9.520240083494823 5.5
      vertex 12 0 5.5
      vertex 7.912149781200826 9.02207768974773 5.5
    endloop
  endfacet
  facet normal 0.8128466845916162 0.5824776968678005 0
    outer loop
      vertex 9.520240083494823 7.305137148104648 4
      vertex 9.520240083494823 7.305137148104648 5.5
      vertex 9.977635347630542 6.666842796235226 5.5
    endloop
  endfacet
  facet normal 0.7730104533627371 0.6343932841636453 0
    outer loop
      vertex 9.520240083494823 7.305137148104648 4
      vertex 9.02207768974773 7.912149781200826 4
      vertex 9.520240083494823 7.305137148104648 5.5
    endloop
  endfacet
  facet normal 0.7730104533627371 0.6343932841636453 0
    outer loop
      vertex 9.02207768974773 7.912149781200826 4
      vertex 9.02207768974773 7.912149781200826 5.5
      vertex 9.520240083494823 7.305137148104648 5.5
    endloop
  endfacet
  facet normal 0.528067850650369 0.8492021815265782 0
    outer loop
      vertex 6 10.392304845413264 4
      vertex 6 10.392304845413264 5.5
      vertex 6.666842796235226 9.977635347630542 4
    endloop
  endfacet
  facet normal 0.5824776968678005 0.8128466845916162 0
    outer loop
      vertex 6.666842796235226 9.977635347630542 4
      vertex 6.666842796235226 9.977635347630542 5.5
      vertex 7.305137148104648 9.520240083494823 4
    endloop
  endfacet
  facet normal 0.6343932841636453 0.7730104533627371 0
    outer loop
      vertex 7.305137148104648 9.520240083494823 4
      vertex 7.305137148104648 9.520240083494823 5.5
      vertex 7.912149781200826 9.02207768974773 4
    endloop
  endfacet
  facet normal 0.5824776968678005 0.8128466845916162 0
    outer loop
      vertex 7.305137148104648 9.520240083494823 4
      vertex 6.666842796235226 9.977635347630542 5.5
      vertex 7.305137148104648 9.520240083494823 5.5
    endloop
  endfacet
  facet normal 0.528067850650369 0.8492021815265782 0
    outer loop
      vertex 6.666842796235226 9.977635347630542 4
      vertex 6 10.392304845413264 5.5
      vertex 6.666842796235226 9.977635347630542 5.5
    endloop
  endfacet
  facet normal 0.6343932841636453 0.7730104533627371 0
    outer loop
      vertex 7.912149781200826 9.02207768974773 4
      vertex 7.305137148104648 9.520240083494823 5.5
      vertex 7.912149781200826 9.02207768974773 5.5
    endloop
  endfacet
  facet normal 0.9994645874763656 -0.03271908282177589 -7.743267388825366e-20
    outer loop
      vertex -5 0 -1.5
      vertex -4.989294616193018 0.3270156461507153 -1.5
      vertex -4.989294616193018 0.3270156461507153 5.5
    endloop
  endfacet
  facet normal 0.9951847266721969 -0.09801714032956098 -8.993567861221107e-20
    outer loop
      vertex -4.989294616193018 0.3270156461507153 -1.5
      vertex -4.957224306869052 0.6526309611002579 -1.5
      vertex -4.957224306869052 0.6526309611002579 5.5
    endloop
  endfacet
  facet normal 0.9866433320848789 -0.16289547339458893 -8.40069041202187e-20
    outer loop
      vertex -4.957224306869052 0.6526309611002579 -1.5
      vertex -4.903926402016152 0.9754516100806412 -1.5
      vertex -4.903926402016152 0.9754516100806412 5.5
    endloop
  endfacet
  facet normal 0.9738769792773337 -0.22707626303437287 2.745906165178963e-20
    outer loop
      vertex -4.903926402016152 0.9754516100806412 -1.5
      vertex -4.8296291314453415 1.2940952255126037 -1.5
      vertex -4.8296291314453415 1.2940952255126037 5.5
    endloop
  endfacet
  facet normal 0.9569403357322092 -0.29028467725446166 5.873871177166542e-19
    outer loop
      vertex -4.8296291314453415 1.2940952255126037 -1.5
      vertex -4.7346506474755286 1.607197326515808 -1.5
      vertex -4.7346506474755286 1.607197326515808 5.5
    endloop
  endfacet
  facet normal 0.9359059267573255 -0.35225004792123366 -8.084421760547244e-19
    outer loop
      vertex -4.7346506474755286 1.607197326515808 -1.5
      vertex -4.619397662556434 1.913417161825449 -1.5
      vertex -4.619397662556434 1.913417161825449 5.5
    endloop
  endfacet
  facet normal 0.910863824921175 -0.4127070298043966 -1.2314337417030604e-18
    outer loop
      vertex -4.619397662556434 1.913417161825449 -1.5
      vertex -4.484363707663441 2.2114434510950067 -1.5
      vertex -4.484363707663441 2.2114434510950067 5.5
    endloop
  endfacet
  facet normal 0.881921264348355 -0.47139673682599753 -9.855053112350699e-19
    outer loop
      vertex -4.484363707663441 2.2114434510950067 -1.5
      vertex -4.330127018922193 2.5 -1.5
      vertex -4.330127018922193 2.5 5.5
    endloop
  endfacet
  facet normal 0.8492021815265794 -0.5280678506503671 1.3292351868128321e-18
    outer loop
      vertex -4.330127018922193 2.5 -1.5
      vertex -4.157348061512726 2.777851165098011 -1.5
      vertex -4.157348061512726 2.777851165098011 5.5
    endloop
  endfacet
  facet normal 0.8128466845916149 -0.5824776968678027 -1.1630808184567939e-18
    outer loop
      vertex -4.157348061512726 2.777851165098011 -1.5
      vertex -3.9667667014561756 3.043807145043603 -1.5
      vertex -3.9667667014561756 3.043807145043603 5.5
    endloop
  endfacet
  facet normal 0.7730104533627379 -0.6343932841636444 -7.148015938169038e-20
    outer loop
      vertex -3.9667667014561756 3.043807145043603 -1.5
      vertex -3.7591990373948874 3.296729075500344 -1.5
      vertex -3.7591990373948874 3.296729075500344 5.5
    endloop
  endfacet
  facet normal 0.7298640726978356 -0.6835923020228712 9.775071225972735e-19
    outer loop
      vertex -3.7591990373948874 3.296729075500344 -1.5
      vertex -3.5355339059327378 3.5355339059327378 -1.5
      vertex -3.5355339059327378 3.5355339059327378 5.5
    endloop
  endfacet
  facet normal 0.6835923020228712 -0.7298640726978356 9.775071225972735e-19
    outer loop
      vertex -3.5355339059327378 3.5355339059327378 -1.5
      vertex -3.296729075500344 3.7591990373948874 -1.5
      vertex -3.296729075500344 3.7591990373948874 5.5
    endloop
  endfacet
  facet normal 0.6343932841636444 -0.7730104533627379 -7.148015938169038e-20
    outer loop
      vertex -3.296729075500344 3.7591990373948874 -1.5
      vertex -3.043807145043603 3.9667667014561756 -1.5
      vertex -3.043807145043603 3.9667667014561756 5.5
    endloop
  endfacet
  facet normal 0.5824776968678027 -0.8128466845916149 -1.1630808184567939e-18
    outer loop
      vertex -3.043807145043603 3.9667667014561756 -1.5
      vertex -2.777851165098011 4.157348061512726 -1.5
      vertex -2.777851165098011 4.157348061512726 5.5
    endloop
  endfacet
  facet normal 0.5280678506503671 -0.8492021815265794 1.3292351868128321e-18
    outer loop
      vertex -2.777851165098011 4.157348061512726 -1.5
      vertex -2.5 4.330127018922193 -1.5
      vertex -2.5 4.330127018922193 5.5
    endloop
  endfacet
  facet normal 0.47139673682599753 -0.881921264348355 -9.855053112350699e-19
    outer loop
      vertex -2.5 4.330127018922193 -1.5
      vertex -2.2114434510950067 4.484363707663441 -1.5
      vertex -2.2114434510950067 4.484363707663441 5.5
    endloop
  endfacet
  facet normal 0.4127070298043966 -0.910863824921175 -1.2314337417030604e-18
    outer loop
      vertex -2.2114434510950067 4.484363707663441 -1.5
      vertex -1.913417161825449 4.619397662556434 -1.5
      vertex -1.913417161825449 4.619397662556434 5.5
    endloop
  endfacet
  facet normal 0.35225004792123366 -0.9359059267573255 -8.084421760547244e-19
    outer loop
      vertex -1.913417161825449 4.619397662556434 -1.5
      vertex -1.607197326515808 4.7346506474755286 -1.5
      vertex -1.607197326515808 4.7346506474755286 5.5
    endloop
  endfacet
  facet normal 0.29028467725446166 -0.9569403357322092 5.873871177166542e-19
    outer loop
      vertex -1.607197326515808 4.7346506474755286 -1.5
      vertex -1.2940952255126037 4.8296291314453415 -1.5
      vertex -1.2940952255126037 4.8296291314453415 5.5
    endloop
  endfacet
  facet normal 0.22707626303437287 -0.9738769792773337 2.745906165178963e-20
    outer loop
      vertex -1.2940952255126037 4.8296291314453415 -1.5
      vertex -0.9754516100806412 4.903926402016152 -1.5
      vertex -0.9754516100806412 4.903926402016152 5.5
    endloop
  endfacet
  facet normal 0.16289547339458893 -0.9866433320848789 -8.40069041202187e-20
    outer loop
      vertex -0.9754516100806412 4.903926402016152 -1.5
      vertex -0.6526309611002579 4.957224306869052 -1.5
      vertex -0.6526309611002579 4.957224306869052 5.5
    endloop
  endfacet
  facet normal 0.09801714032956098 -0.9951847266721969 -8.993567861221107e-20
    outer loop
      vertex -0.6526309611002579 4.957224306869052 -1.5
      vertex -0.3270156461507153 4.989294616193018 -1.5
      vertex -0.3270156461507153 4.989294616193018 5.5
    endloop
  endfacet
  facet normal 0.03271908282177589 -0.9994645874763656 -7.743267388825366e-20
    outer loop
      vertex -0.3270156461507153 4.989294616193018 -1.5
      vertex 0 5 -1.5
      vertex 0 5 5.5
    endloop
  endfacet
  facet normal 0.9994645874763656 -0.03271908282177589 0
    outer loop
      vertex -5 0 -1.5
      vertex -4.989294616193018 0.3270156461507153 5.5
      vertex -5 0 5.5
    endloop
  endfacet
  facet normal 0.9951847266721969 -0.09801714032956098 0
    outer loop
      vertex -4.989294616193018 0.3270156461507153 -1.5
      vertex -4.957224306869052 0.6526309611002579 5.5
      vertex -4.989294616193018 0.3270156461507153 5.5
    endloop
  endfacet
  facet normal 0.9866433320848789 -0.16289547339458893 0
    outer loop
      vertex -4.957224306869052 0.6526309611002579 -1.5
      vertex -4.903926402016152 0.9754516100806412 5.5
      vertex -4.957224306869052 0.6526309611002579 5.5
    endloop
  endfacet
  facet normal 0.9738769792773337 -0.22707626303437287 0
    outer loop
      vertex -4.903926402016152 0.9754516100806412 -1.5
      vertex -4.8296291314453415 1.2940952255126037 5.5
      vertex -4.903926402016152 0.9754516100806412 5.5
    endloop
  endfacet
  facet normal 0.9569403357322092 -0.29028467725446166 0
    outer loop
      vertex -4.8296291314453415 1.2940952255126037 -1.5
      vertex -4.7346506474755286 1.607197326515808 5.5
      vertex -4.8296291314453415 1.2940952255126037 5.5
    endloop
  endfacet
  facet normal 0.9359059267573255 -0.35225004792123366 0
    outer loop
      vertex -4.7346506474755286 1.607197326515808 -1.5
      vertex -4.619397662556434 1.913417161825449 5.5
      vertex -4.7346506474755286 1.607197326515808 5.5
    endloop
  endfacet
  facet normal 0.910863824921175 -0.4127070298043966 0
    outer loop
      vertex -4.619397662556434 1.913417161825449 -1.5
      vertex -4.484363707663441 2.2114434510950067 5.5
      vertex -4.619397662556434 1.913417161825449 5.5
    endloop
  endfacet
  facet normal 0.881921264348355 -0.47139673682599753 0
    outer loop
      vertex -4.484363707663441 2.2114434510950067 -1.5
      vertex -4.330127018922193 2.5 5.5
      vertex -4.484363707663441 2.2114434510950067 5.5
    endloop
  endfacet
  facet normal 0.8492021815265794 -0.5280678506503671 0
    outer loop
      vertex -4.330127018922193 2.5 -1.5
      vertex -4.157348061512726 2.777851165098011 5.5
      vertex -4.330127018922193 2.5 5.5
    endloop
  endfacet
  facet normal 0.8128466845916149 -0.5824776968678027 0
    outer loop
      vertex -4.157348061512726 2.777851165098011 -1.5
      vertex -3.9667667014561756 3.043807145043603 5.5
      vertex -4.157348061512726 2.777851165098011 5.5
    endloop
  endfacet
  facet normal 0.7730104533627379 -0.6343932841636444 0
    outer loop
      vertex -3.9667667014561756 3.043807145043603 -1.5
      vertex -3.7591990373948874 3.296729075500344 5.5
      vertex -3.9667667014561756 3.043807145043603 5.5
    endloop
  endfacet
  facet normal 0.7298640726978356 -0.6835923020228712 0
    outer loop
      vertex -3.7591990373948874 3.296729075500344 -1.5
      vertex -3.5355339059327378 3.5355339059327378 5.5
      vertex -3.7591990373948874 3.296729075500344 5.5
    endloop
  endfacet
  facet normal 0.6835923020228712 -0.7298640726978356 0
    outer loop
      vertex -3.5355339059327378 3.5355339059327378 -1.5
      vertex -3.296729075500344 3.7591990373948874 5.5
      vertex -3.5355339059327378 3.5355339059327378 5.5
    endloop
  endfacet
  facet normal 0.6343932841636444 -0.7730104533627379 0
    outer loop
      vertex -3.296729075500344 3.7591990373948874 -1.5
      vertex -3.043807145043603 3.9667667014561756 5.5
      vertex -3.296729075500344 3.7591990373948874 5.5
    endloop
  endfacet
  facet normal 0.5824776968678027 -0.8128466845916149 0
    outer loop
      vertex -3.043807145043603 3.9667667014561756 -1.5
      vertex -2.777851165098011 4.157348061512726 5.5
      vertex -3.043807145043603 3.9667667014561756 5.5
    endloop
  endfacet
  facet normal 0.5280678506503671 -0.8492021815265794 0
    outer loop
      vertex -2.777851165098011 4.157348061512726 -1.5
      vertex -2.5 4.330127018922193 5.5
      vertex -2.777851165098011 4.157348061512726 5.5
    endloop
  endfacet
  facet normal 0.47139673682599753 -0.881921264348355 0
    outer loop
      vertex -2.5 4.330127018922193 -1.5
      vertex -2.2114434510950067 4.484363707663441 5.5
      vertex -2.5 4.330127018922193 5.5
    endloop
  endfacet
  facet normal 0.4127070298043966 -0.910863824921175 0
    outer loop
      vertex -2.2114434510950067 4.484363707663441 -1.5
      vertex -1.913417161825449 4.619397662556434 5.5
      vertex -2.2114434510950067 4.484363707663441 5.5
    endloop
  endfacet
  facet normal 0.35225004792123366 -0.9359059267573255 0
    outer loop
      vertex -1.913417161825449 4.619397662556434 -1.5
      vertex -1.607197326515808 4.7346506474755286 5.5
      vertex -1.913417161825449 4.619397662556434 5.5
    endloop
  endfacet
  facet normal 0.29028467725446166 -0.9569403357322092 0
    outer loop
      vertex -1.607197326515808 4.7346506474755286 -1.5
      vertex -1.2940952255126037 4.8296291314453415 5.5
      vertex -1.607197326515808 4.7346506474755286 5.5
    endloop
  endfacet
  facet normal 0.22707626303437287 -0.9738769792773337 0
    outer loop
      vertex -1.2940952255126037 4.8296291314453415 -1.5
      vertex -0.9754516100806412 4.903926402016152 5.5
      vertex -1.2940952255126037 4.8296291314453415 5.5
    endloop
  endfacet
  facet normal 0.16289547339458893 -0.9866433320848789 0
    outer loop
      vertex -0.9754516100806412 4.903926402016152 -1.5
      vertex -0.6526309611002579 4.957224306869052 5.5
      vertex -0.9754516100806412 4.903926402016152 5.5
    endloop
  endfacet
  facet normal 0.09801714032956098 -0.9951847266721969 0
    outer loop
      vertex -0.6526309611002579 4.957224306869052 -1.5
      vertex -0.3270156461507153 4.989294616193018 5.5
      vertex -0.6526309611002579 4.957224306869052 5.5
    endloop
  endfacet
  facet normal 0.03271908282177589 -0.9994645874763656 0
    outer loop
      vertex -0.3270156461507153 4.989294616193018 -1.5
      vertex 0 5 5.5
      vertex -0.3270156461507153 4.989294616193018 5.5
    endloop
  endfacet
  facet normal -0.9994645874763656 -0.03271908282177589 0
    outer loop
      vertex 5 0 -1.5
      vertex 5 0 5.5
      vertex 4.989294616193018 0.3270156461507153 -1.5
    endloop
  endfacet
  facet normal -0.9951847266721969 -0.09801714032956098 0
    outer loop
      vertex 4.989294616193018 0.3270156461507153 -1.5
      vertex 4.989294616193018 0.3270156461507153 5.5
      vertex 4.957224306869052 0.6526309611002579 -1.5
    endloop
  endfacet
  facet normal -0.9866433320848789 -0.16289547339458893 0
    outer loop
      vertex 4.957224306869052 0.6526309611002579 -1.5
      vertex 4.957224306869052 0.6526309611002579 5.5
      vertex 4.903926402016152 0.9754516100806412 -1.5
    endloop
  endfacet
  facet normal -0.9738769792773337 -0.22707626303437287 -2.745906165178963e-20
    outer loop
      vertex 4.8296291314453415 1.2940952255126037 -1.5
      vertex 4.903926402016152 0.9754516100806412 -1.5
      vertex 4.903926402016152 0.9754516100806412 5.5
    endloop
  endfacet
  facet normal -0.9569403357322092 -0.29028467725446166 0
    outer loop
      vertex 4.8296291314453415 1.2940952255126037 -1.5
      vertex 4.8296291314453415 1.2940952255126037 5.5
      vertex 4.7346506474755286 1.607197326515808 -1.5
    endloop
  endfacet
  facet normal -0.881921264348355 -0.47139673682599753 0
    outer loop
      vertex 4.484363707663441 2.2114434510950067 -1.5
      vertex 4.484363707663441 2.2114434510950067 5.5
      vertex 4.330127018922193 2.5 -1.5
    endloop
  endfacet
  facet normal -0.8492021815265794 -0.5280678506503671 0
    outer loop
      vertex 4.330127018922193 2.5 -1.5
      vertex 4.330127018922193 2.5 5.5
      vertex 4.157348061512726 2.777851165098011 -1.5
    endloop
  endfacet
  facet normal -0.8128466845916149 -0.5824776968678027 0
    outer loop
      vertex 4.157348061512726 2.777851165098011 -1.5
      vertex 4.157348061512726 2.777851165098011 5.5
      vertex 3.9667667014561756 3.043807145043603 -1.5
    endloop
  endfacet
  facet normal -0.9359059267573255 -0.35225004792123366 0
    outer loop
      vertex 4.7346506474755286 1.607197326515808 -1.5
      vertex 4.7346506474755286 1.607197326515808 5.5
      vertex 4.619397662556434 1.913417161825449 -1.5
    endloop
  endfacet
  facet normal -0.910863824921175 -0.4127070298043966 1.2314337417030604e-18
    outer loop
      vertex 4.484363707663441 2.2114434510950067 -1.5
      vertex 4.619397662556434 1.913417161825449 -1.5
      vertex 4.619397662556434 1.913417161825449 5.5
    endloop
  endfacet
  facet normal -0.5824776968678027 -0.8128466845916149 1.1630808184567939e-18
    outer loop
      vertex 2.777851165098011 4.157348061512726 -1.5
      vertex 3.043807145043603 3.9667667014561756 -1.5
      vertex 3.043807145043603 3.9667667014561756 5.5
    endloop
  endfacet
  facet normal -0.47139673682599753 -0.881921264348355 9.855053112350699e-19
    outer loop
      vertex 2.2114434510950067 4.484363707663441 -1.5
      vertex 2.5 4.330127018922193 -1.5
      vertex 2.5 4.330127018922193 5.5
    endloop
  endfacet
  facet normal -0.5280678506503671 -0.8492021815265794 -1.3292351868128321e-18
    outer loop
      vertex 2.5 4.330127018922193 -1.5
      vertex 2.777851165098011 4.157348061512726 -1.5
      vertex 2.777851165098011 4.157348061512726 5.5
    endloop
  endfacet
  facet normal -0.03271908282177589 -0.9994645874763656 7.743267388825366e-20
    outer loop
      vertex 0 5 -1.5
      vertex 0.3270156461507153 4.989294616193018 -1.5
      vertex 0.3270156461507153 4.989294616193018 5.5
    endloop
  endfacet
  facet normal -0.09801714032956098 -0.9951847266721969 8.993567861221107e-20
    outer loop
      vertex 0.3270156461507153 4.989294616193018 -1.5
      vertex 0.6526309611002579 4.957224306869052 -1.5
      vertex 0.6526309611002579 4.957224306869052 5.5
    endloop
  endfacet
  facet normal -0.22707626303437287 -0.9738769792773337 -2.745906165178963e-20
    outer loop
      vertex 0.9754516100806412 4.903926402016152 -1.5
      vertex 1.2940952255126037 4.8296291314453415 -1.5
      vertex 1.2940952255126037 4.8296291314453415 5.5
    endloop
  endfacet
  facet normal -0.16289547339458893 -0.9866433320848789 8.40069041202187e-20
    outer loop
      vertex 0.6526309611002579 4.957224306869052 -1.5
      vertex 0.9754516100806412 4.903926402016152 -1.5
      vertex 0.9754516100806412 4.903926402016152 5.5
    endloop
  endfacet
  facet normal -0.35225004792123366 -0.9359059267573255 8.084421760547244e-19
    outer loop
      vertex 1.607197326515808 4.7346506474755286 -1.5
      vertex 1.913417161825449 4.619397662556434 -1.5
      vertex 1.913417161825449 4.619397662556434 5.5
    endloop
  endfacet
  facet normal -0.29028467725446166 -0.9569403357322092 -5.873871177166542e-19
    outer loop
      vertex 1.2940952255126037 4.8296291314453415 -1.5
      vertex 1.607197326515808 4.7346506474755286 -1.5
      vertex 1.607197326515808 4.7346506474755286 5.5
    endloop
  endfacet
  facet normal -0.4127070298043966 -0.910863824921175 0
    outer loop
      vertex 2.2114434510950067 4.484363707663441 -1.5
      vertex 2.2114434510950067 4.484363707663441 5.5
      vertex 1.913417161825449 4.619397662556434 -1.5
    endloop
  endfacet
  facet normal -0.7298640726978356 -0.6835923020228712 -9.775071225972735e-19
    outer loop
      vertex 3.5355339059327378 3.5355339059327378 -1.5
      vertex 3.7591990373948874 3.296729075500344 -1.5
      vertex 3.7591990373948874 3.296729075500344 5.5
    endloop
  endfacet
  facet normal -0.6835923020228712 -0.7298640726978356 0
    outer loop
      vertex 3.5355339059327378 3.5355339059327378 -1.5
      vertex 3.5355339059327378 3.5355339059327378 5.5
      vertex 3.296729075500344 3.7591990373948874 -1.5
    endloop
  endfacet
  facet normal -0.7730104533627379 -0.6343932841636444 7.148015938169038e-20
    outer loop
      vertex 3.7591990373948874 3.296729075500344 -1.5
      vertex 3.9667667014561756 3.043807145043603 -1.5
      vertex 3.9667667014561756 3.043807145043603 5.5
    endloop
  endfacet
  facet normal -0.6343932841636444 -0.7730104533627379 7.148015938169038e-20
    outer loop
      vertex 3.043807145043603 3.9667667014561756 -1.5
      vertex 3.296729075500344 3.7591990373948874 -1.5
      vertex 3.296729075500344 3.7591990373948874 5.5
    endloop
  endfacet
  facet normal -0.9994645874763656 -0.03271908282177589 0
    outer loop
      vertex 4.989294616193018 0.3270156461507153 -1.5
      vertex 5 0 5.5
      vertex 4.989294616193018 0.3270156461507153 5.5
    endloop
  endfacet
  facet normal -0.9951847266721969 -0.09801714032956098 0
    outer loop
      vertex 4.957224306869052 0.6526309611002579 -1.5
      vertex 4.989294616193018 0.3270156461507153 5.5
      vertex 4.957224306869052 0.6526309611002579 5.5
    endloop
  endfacet
  facet normal -0.9866433320848789 -0.16289547339458893 0
    outer loop
      vertex 4.903926402016152 0.9754516100806412 -1.5
      vertex 4.957224306869052 0.6526309611002579 5.5
      vertex 4.903926402016152 0.9754516100806412 5.5
    endloop
  endfacet
  facet normal -0.9738769792773337 -0.22707626303437287 0
    outer loop
      vertex 4.8296291314453415 1.2940952255126037 -1.5
      vertex 4.903926402016152 0.9754516100806412 5.5
      vertex 4.8296291314453415 1.2940952255126037 5.5
    endloop
  endfacet
  facet normal -0.881921264348355 -0.47139673682599753 0
    outer loop
      vertex 4.330127018922193 2.5 -1.5
      vertex 4.484363707663441 2.2114434510950067 5.5
      vertex 4.330127018922193 2.5 5.5
    endloop
  endfacet
  facet normal -0.8128466845916149 -0.5824776968678027 0
    outer loop
      vertex 3.9667667014561756 3.043807145043603 -1.5
      vertex 4.157348061512726 2.777851165098011 5.5
      vertex 3.9667667014561756 3.043807145043603 5.5
    endloop
  endfacet
  facet normal -0.8492021815265794 -0.5280678506503671 0
    outer loop
      vertex 4.157348061512726 2.777851165098011 -1.5
      vertex 4.330127018922193 2.5 5.5
      vertex 4.157348061512726 2.777851165098011 5.5
    endloop
  endfacet
  facet normal -0.9569403357322092 -0.29028467725446166 0
    outer loop
      vertex 4.7346506474755286 1.607197326515808 -1.5
      vertex 4.8296291314453415 1.2940952255126037 5.5
      vertex 4.7346506474755286 1.607197326515808 5.5
    endloop
  endfacet
  facet normal -0.9359059267573255 -0.35225004792123366 0
    outer loop
      vertex 4.619397662556434 1.913417161825449 -1.5
      vertex 4.7346506474755286 1.607197326515808 5.5
      vertex 4.619397662556434 1.913417161825449 5.5
    endloop
  endfacet
  facet normal -0.910863824921175 -0.4127070298043966 0
    outer loop
      vertex 4.484363707663441 2.2114434510950067 -1.5
      vertex 4.619397662556434 1.913417161825449 5.5
      vertex 4.484363707663441 2.2114434510950067 5.5
    endloop
  endfacet
  facet normal -0.5824776968678027 -0.8128466845916149 0
    outer loop
      vertex 2.777851165098011 4.157348061512726 -1.5
      vertex 3.043807145043603 3.9667667014561756 5.5
      vertex 2.777851165098011 4.157348061512726 5.5
    endloop
  endfacet
  facet normal -0.5280678506503671 -0.8492021815265794 0
    outer loop
      vertex 2.5 4.330127018922193 -1.5
      vertex 2.777851165098011 4.157348061512726 5.5
      vertex 2.5 4.330127018922193 5.5
    endloop
  endfacet
  facet normal -0.47139673682599753 -0.881921264348355 0
    outer loop
      vertex 2.2114434510950067 4.484363707663441 -1.5
      vertex 2.5 4.330127018922193 5.5
      vertex 2.2114434510950067 4.484363707663441 5.5
    endloop
  endfacet
  facet normal -0.03271908282177589 -0.9994645874763656 0
    outer loop
      vertex 0 5 -1.5
      vertex 0.3270156461507153 4.989294616193018 5.5
      vertex 0 5 5.5
    endloop
  endfacet
  facet normal -0.09801714032956098 -0.9951847266721969 0
    outer loop
      vertex 0.3270156461507153 4.989294616193018 -1.5
      vertex 0.6526309611002579 4.957224306869052 5.5
      vertex 0.3270156461507153 4.989294616193018 5.5
    endloop
  endfacet
  facet normal -0.29028467725446166 -0.9569403357322092 0
    outer loop
      vertex 1.2940952255126037 4.8296291314453415 -1.5
      vertex 1.607197326515808 4.7346506474755286 5.5
      vertex 1.2940952255126037 4.8296291314453415 5.5
    endloop
  endfacet
  facet normal -0.16289547339458893 -0.9866433320848789 0
    outer loop
      vertex 0.6526309611002579 4.957224306869052 -1.5
      vertex 0.9754516100806412 4.903926402016152 5.5
      vertex 0.6526309611002579 4.957224306869052 5.5
    endloop
  endfacet
  facet normal -0.22707626303437287 -0.9738769792773337 0
    outer loop
      vertex 0.9754516100806412 4.903926402016152 -1.5
      vertex 1.2940952255126037 4.8296291314453415 5.5
      vertex 0.9754516100806412 4.903926402016152 5.5
    endloop
  endfacet
  facet normal -0.35225004792123366 -0.9359059267573255 0
    outer loop
      vertex 1.607197326515808 4.7346506474755286 -1.5
      vertex 1.913417161825449 4.619397662556434 5.5
      vertex 1.607197326515808 4.7346506474755286 5.5
    endloop
  endfacet
  facet normal -0.4127070298043966 -0.910863824921175 0
    outer loop
      vertex 1.913417161825449 4.619397662556434 -1.5
      vertex 2.2114434510950067 4.484363707663441 5.5
      vertex 1.913417161825449 4.619397662556434 5.5
    endloop
  endfacet
  facet normal -0.7298640726978356 -0.6835923020228712 0
    outer loop
      vertex 3.5355339059327378 3.5355339059327378 -1.5
      vertex 3.7591990373948874 3.296729075500344 5.5
      vertex 3.5355339059327378 3.5355339059327378 5.5
    endloop
  endfacet
  facet normal -0.6835923020228712 -0.7298640726978356 0
    outer loop
      vertex 3.296729075500344 3.7591990373948874 -1.5
      vertex 3.5355339059327378 3.5355339059327378 5.5
      vertex 3.296729075500344 3.7591990373948874 5.5
    endloop
  endfacet
  facet normal -0.7730104533627379 -0.6343932841636444 0
    outer loop
      vertex 3.7591990373948874 3.296729075500344 -1.5
      vertex 3.9667667014561756 3.043807145043603 5.5
      vertex 3.7591990373948874 3.296729075500344 5.5
    endloop
  endfacet
  facet normal -0.6343932841636444 -0.7730104533627379 0
    outer loop
      vertex 3.043807145043603 3.9667667014561756 -1.5
      vertex 3.296729075500344 3.7591990373948874 5.5
      vertex 3.043807145043603 3.9667667014561756 5.5
    endloop
  endfacet
  facet normal 0 -1 0
    outer loop
      vertex -12 0 -1.5
      vertex -8.8 0 0
      vertex -12 0 0
    endloop
  endfacet
  facet normal 0 -1 0
    outer loop
      vertex -8.8 0 0
      vertex -12 0 -1.5
      vertex -5 0 -1.5
    endloop
  endfacet
  facet normal 0 -1 0
    outer loop
      vertex -8.8 0 0
      vertex -5 0 -1.5
      vertex -8.8 0 4
    endloop
  endfacet
  facet normal 0 -1 0
    outer loop
      vertex -8.8 0 4
      vertex -5 0 -1.5
      vertex -5 0 5.5
    endloop
  endfacet
  facet normal 0 -1 0
    outer loop
      vertex -12 0 5.5
      vertex -12 0 4
      vertex -5 0 5.5
    endloop
  endfacet
  facet normal 0 -1 0
    outer loop
      vertex -8.8 0 4
      vertex -5 0 5.5
      vertex -12 0 4
    endloop
  endfacet
  facet normal 0 -1 0
    outer loop
      vertex 8.8 0 0
      vertex 5 0 -1.5
      vertex 12 0 0
    endloop
  endfacet
  facet normal 0 -1 0
    outer loop
      vertex 12 0 -1.5
      vertex 12 0 0
      vertex 5 0 -1.5
    endloop
  endfacet
  facet normal 0 -1 0
    outer loop
      vertex 8.8 0 0
      vertex 5 0 5.5
      vertex 5 0 -1.5
    endloop
  endfacet
  facet normal 0 -1 0
    outer loop
      vertex 8.8 0 0
      vertex 8.8 0 4
      vertex 5 0 5.5
    endloop
  endfacet
  facet normal 0 -1 0
    outer loop
      vertex 8.8 0 4
      vertex 12 0 5.5
      vertex 5 0 5.5
    endloop
  endfacet
  facet normal 0 -1 0
    outer loop
      vertex 12 0 4
      vertex 12 0 5.5
      vertex 8.8 0 4
    endloop
  endfacet
endsolid OpenSCAD_Model
