solid OpenSCAD_Model
  facet normal 0.35225004792122355 0.9359059267573295 0
    outer loop
      vertex -84.86103772282145 15.921271051849605 134
      vertex -84.86103772282145 15.921271051849605 138
      vertex -84.72323879693211 15.869407208636012 134
    endloop
  endfacet
  facet normal 0.5280678506503557 0.8492021815265866 0
    outer loop
      vertex -85.25003302429411 16.129193372319275 134
      vertex -85.25003302429411 16.129193372319275 138
      vertex -85.125 16.051442841485013 134
    endloop
  endfacet
  facet normal 0.582477696867803 0.8128466845916147 0
    outer loop
      vertex -85.36971321526963 16.214954984344722 134
      vertex -85.36971321526963 16.214954984344722 138
      vertex -85.25003302429411 16.129193372319275 134
    endloop
  endfacet
  facet normal 0.4713967368260054 0.8819212643483509 -1.8357543772337743e-19
    outer loop
      vertex -84.99514955299276 15.982036331551452 134
      vertex -85.125 16.051442841485013 134
      vertex -85.125 16.051442841485013 138
    endloop
  endfacet
  facet normal 0.412707029804385 0.9108638249211801 0
    outer loop
      vertex -84.99514955299276 15.982036331551452 134
      vertex -84.99514955299276 15.982036331551452 138
      vertex -84.86103772282145 15.921271051849605 134
    endloop
  endfacet
  facet normal 0.6835923020228969 0.7298640726978117 0
    outer loop
      vertex -85.59099025766973 16.40900974233027 134
      vertex -85.59099025766973 16.40900974233027 138
      vertex -85.48352808397516 16.3083604331723 134
    endloop
  endfacet
  facet normal 0.729864072697811 0.6835923020228978 -1.3049332828013517e-18
    outer loop
      vertex -85.59099025766973 16.40900974233027 134
      vertex -85.6916395668277 16.516471916024845 134
      vertex -85.6916395668277 16.516471916024845 138
    endloop
  endfacet
  facet normal 0.773010453362736 0.6343932841636465 0
    outer loop
      vertex -85.78504501565529 16.63028678473038 134
      vertex -85.78504501565529 16.63028678473038 138
      vertex -85.6916395668277 16.516471916024845 134
    endloop
  endfacet
  facet normal 0.8128466845916488 0.5824776968677552 -3.8904388256686114e-19
    outer loop
      vertex -85.78504501565529 16.63028678473038 134
      vertex -85.87080662768072 16.749966975705895 134
      vertex -85.87080662768072 16.749966975705895 138
    endloop
  endfacet
  facet normal 0.634393284163644 0.7730104533627382 1.4333094608688732e-18
    outer loop
      vertex -85.36971321526963 16.214954984344722 134
      vertex -85.48352808397516 16.3083604331723 134
      vertex -85.48352808397516 16.3083604331723 138
    endloop
  endfacet
  facet normal 0.2270762630343743 0.9738769792773335 -6.272445774318914e-19
    outer loop
      vertex -84.43895322453629 15.793233119092731 134
      vertex -84.58234285148067 15.826666890849596 134
      vertex -84.58234285148067 15.826666890849596 138
    endloop
  endfacet
  facet normal 0.2902846772544799 0.9569403357322036 0
    outer loop
      vertex -84.72323879693211 15.869407208636012 134
      vertex -84.72323879693211 15.869407208636012 138
      vertex -84.58234285148067 15.826666890849596 134
    endloop
  endfacet
  facet normal 0.1628954733945823 0.98664333208488 0
    outer loop
      vertex -84.43895322453629 15.793233119092731 134
      vertex -84.43895322453629 15.793233119092731 138
      vertex -84.29368393249511 15.769249061908926 134
    endloop
  endfacet
  facet normal 0.03271908282177446 0.9994645874763656 0
    outer loop
      vertex -84.14715704076782 15.754817422713142 134
      vertex -84.14715704076782 15.754817422713142 138
      vertex -84 15.75 134
    endloop
  endfacet
  facet normal 0.09801714032956228 0.9951847266721967 0
    outer loop
      vertex -84.29368393249511 15.769249061908926 134
      vertex -84.29368393249511 15.769249061908926 138
      vertex -84.14715704076782 15.754817422713142 134
    endloop
  endfacet
  facet normal -0.03271908282177446 0.9994645874763656 0
    outer loop
      vertex -84 15.75 134
      vertex -84 15.75 138
      vertex -83.85284295923218 15.754817422713142 134
    endloop
  endfacet
  facet normal -0.09801714032956228 0.9951847266721967 0
    outer loop
      vertex -83.85284295923218 15.754817422713142 134
      vertex -83.85284295923218 15.754817422713142 138
      vertex -83.70631606750489 15.769249061908926 134
    endloop
  endfacet
  facet normal -0.1628954733945823 0.98664333208488 0
    outer loop
      vertex -83.70631606750489 15.769249061908926 134
      vertex -83.70631606750489 15.769249061908926 138
      vertex -83.56104677546371 15.793233119092731 134
    endloop
  endfacet
  facet normal -0.2270762630343743 0.9738769792773335 0
    outer loop
      vertex -83.56104677546371 15.793233119092731 134
      vertex -83.56104677546371 15.793233119092731 138
      vertex -83.41765714851933 15.826666890849596 134
    endloop
  endfacet
  facet normal -0.2902846772544799 0.9569403357322036 0
    outer loop
      vertex -83.41765714851933 15.826666890849596 134
      vertex -83.41765714851933 15.826666890849596 138
      vertex -83.27676120306789 15.869407208636012 134
    endloop
  endfacet
  facet normal -0.35225004792122355 0.9359059267573295 0
    outer loop
      vertex -83.27676120306789 15.869407208636012 134
      vertex -83.27676120306789 15.869407208636012 138
      vertex -83.13896227717855 15.921271051849605 134
    endloop
  endfacet
  facet normal -0.412707029804385 0.9108638249211801 0
    outer loop
      vertex -83.13896227717855 15.921271051849605 134
      vertex -83.13896227717855 15.921271051849605 138
      vertex -83.00485044700724 15.982036331551452 134
    endloop
  endfacet
  facet normal -0.4713967368260054 0.8819212643483509 0
    outer loop
      vertex -83.00485044700724 15.982036331551452 134
      vertex -83.00485044700724 15.982036331551452 138
      vertex -82.875 16.051442841485013 134
    endloop
  endfacet
  facet normal -0.5280678506503557 0.8492021815265866 0
    outer loop
      vertex -82.875 16.051442841485013 134
      vertex -82.875 16.051442841485013 138
      vertex -82.74996697570589 16.129193372319275 134
    endloop
  endfacet
  facet normal -0.582477696867803 0.8128466845916147 0
    outer loop
      vertex -82.74996697570589 16.129193372319275 134
      vertex -82.74996697570589 16.129193372319275 138
      vertex -82.63028678473037 16.214954984344722 134
    endloop
  endfacet
  facet normal -0.634393284163644 0.7730104533627382 0
    outer loop
      vertex -82.63028678473037 16.214954984344722 134
      vertex -82.63028678473037 16.214954984344722 138
      vertex -82.51647191602484 16.3083604331723 134
    endloop
  endfacet
  facet normal -0.6835923020228969 0.7298640726978117 0
    outer loop
      vertex -82.51647191602484 16.3083604331723 134
      vertex -82.51647191602484 16.3083604331723 138
      vertex -82.40900974233027 16.40900974233027 134
    endloop
  endfacet
  facet normal -0.729864072697811 0.6835923020228978 0
    outer loop
      vertex -82.40900974233027 16.40900974233027 134
      vertex -82.40900974233027 16.40900974233027 138
      vertex -82.3083604331723 16.516471916024845 134
    endloop
  endfacet
  facet normal -0.773010453362736 0.6343932841636465 0
    outer loop
      vertex -82.3083604331723 16.516471916024845 134
      vertex -82.3083604331723 16.516471916024845 138
      vertex -82.21495498434471 16.63028678473038 134
    endloop
  endfacet
  facet normal -0.8128466845916488 0.5824776968677552 0
    outer loop
      vertex -82.21495498434471 16.63028678473038 134
      vertex -82.21495498434471 16.63028678473038 138
      vertex -82.12919337231928 16.749966975705895 134
    endloop
  endfacet
  facet normal 0.8492021815265623 0.5280678506503947 0
    outer loop
      vertex -85.94855715851499 16.875 134
      vertex -85.94855715851499 16.875 138
      vertex -85.87080662768072 16.749966975705895 134
    endloop
  endfacet
  facet normal 0.8819212643483663 0.4713967368259766 -8.045331095585668e-19
    outer loop
      vertex -85.94855715851499 16.875 134
      vertex -86.01796366844854 17.004850447007247 134
      vertex -86.01796366844854 17.004850447007247 138
    endloop
  endfacet
  facet normal 0.9108638249211579 0.41270702980443413 -1.0908660231718026e-18
    outer loop
      vertex -86.01796366844854 17.004850447007247 134
      vertex -86.0787289481504 17.13896227717855 134
      vertex -86.0787289481504 17.13896227717855 138
    endloop
  endfacet
  facet normal 0.9359059267573154 0.3522500479212606 -4.1925513763811884e-19
    outer loop
      vertex -86.0787289481504 17.13896227717855 134
      vertex -86.130592791364 17.276761203067885 134
      vertex -86.130592791364 17.276761203067885 138
    endloop
  endfacet
  facet normal 0.9569403357322197 0.2902846772544266 -2.438314503008223e-19
    outer loop
      vertex -86.130592791364 17.276761203067885 134
      vertex -86.1733331091504 17.41765714851933 134
      vertex -86.1733331091504 17.41765714851933 138
    endloop
  endfacet
  facet normal 0.9738769792773389 0.22707626303435144 -1.5020586554888885e-19
    outer loop
      vertex -86.1733331091504 17.41765714851933 134
      vertex -86.20676688090727 17.561046775463712 134
      vertex -86.20676688090727 17.561046775463712 138
    endloop
  endfacet
  facet normal 0.9866433320848729 0.16289547339462526 3.105380802393264e-20
    outer loop
      vertex -86.20676688090727 17.561046775463712 134
      vertex -86.23075093809108 17.706316067504883 134
      vertex -86.23075093809108 17.706316067504883 138
    endloop
  endfacet
  facet normal 0.9951847266722017 0.09801714032951214 -1.7476936182998115e-19
    outer loop
      vertex -86.23075093809108 17.706316067504883 134
      vertex -86.24518257728685 17.852842959232177 134
      vertex -86.24518257728685 17.852842959232177 138
    endloop
  endfacet
  facet normal 0.9994645874763648 0.03271908282179856 -6.737635608824902e-20
    outer loop
      vertex -86.24518257728685 17.852842959232177 134
      vertex -86.25 18 134
      vertex -86.25 18 138
    endloop
  endfacet
  facet normal 0.9994645874763648 -0.03271908282179856 6.737635608824902e-20
    outer loop
      vertex -86.25 18 134
      vertex -86.24518257728685 18.147157040767823 134
      vertex -86.24518257728685 18.147157040767823 138
    endloop
  endfacet
  facet normal 0.9951847266722017 -0.09801714032951214 1.7476936182998115e-19
    outer loop
      vertex -86.24518257728685 18.147157040767823 134
      vertex -86.23075093809108 18.293683932495117 134
      vertex -86.23075093809108 18.293683932495117 138
    endloop
  endfacet
  facet normal 0.9866433320848729 -0.16289547339462526 -3.105380802393264e-20
    outer loop
      vertex -86.23075093809108 18.293683932495117 134
      vertex -86.20676688090727 18.438953224536288 134
      vertex -86.20676688090727 18.438953224536288 138
    endloop
  endfacet
  facet normal 0.9738769792773389 -0.22707626303435144 1.5020586554888885e-19
    outer loop
      vertex -86.20676688090727 18.438953224536288 134
      vertex -86.1733331091504 18.58234285148067 134
      vertex -86.1733331091504 18.58234285148067 138
    endloop
  endfacet
  facet normal 0.9569403357322197 -0.2902846772544266 2.438314503008223e-19
    outer loop
      vertex -86.1733331091504 18.58234285148067 134
      vertex -86.130592791364 18.723238796932115 134
      vertex -86.130592791364 18.723238796932115 138
    endloop
  endfacet
  facet normal 0.9359059267573154 -0.3522500479212606 4.1925513763811884e-19
    outer loop
      vertex -86.130592791364 18.723238796932115 134
      vertex -86.0787289481504 18.86103772282145 134
      vertex -86.0787289481504 18.86103772282145 138
    endloop
  endfacet
  facet normal -0.8492021815265623 0.5280678506503947 0
    outer loop
      vertex -82.12919337231928 16.749966975705895 134
      vertex -82.12919337231928 16.749966975705895 138
      vertex -82.05144284148501 16.875 134
    endloop
  endfacet
  facet normal -0.8819212643483663 0.4713967368259766 0
    outer loop
      vertex -82.05144284148501 16.875 134
      vertex -82.05144284148501 16.875 138
      vertex -81.98203633155146 17.004850447007247 134
    endloop
  endfacet
  facet normal -0.9108638249211579 0.41270702980443413 0
    outer loop
      vertex -81.98203633155146 17.004850447007247 134
      vertex -81.98203633155146 17.004850447007247 138
      vertex -81.9212710518496 17.13896227717855 134
    endloop
  endfacet
  facet normal -0.9359059267573154 0.3522500479212606 0
    outer loop
      vertex -81.9212710518496 17.13896227717855 134
      vertex -81.9212710518496 17.13896227717855 138
      vertex -81.869407208636 17.276761203067885 134
    endloop
  endfacet
  facet normal -0.9569403357322197 0.2902846772544266 0
    outer loop
      vertex -81.869407208636 17.276761203067885 134
      vertex -81.869407208636 17.276761203067885 138
      vertex -81.8266668908496 17.41765714851933 134
    endloop
  endfacet
  facet normal -0.9738769792773389 0.22707626303435144 0
    outer loop
      vertex -81.8266668908496 17.41765714851933 134
      vertex -81.8266668908496 17.41765714851933 138
      vertex -81.79323311909273 17.561046775463712 134
    endloop
  endfacet
  facet normal -0.9866433320848729 0.16289547339462526 0
    outer loop
      vertex -81.79323311909273 17.561046775463712 134
      vertex -81.79323311909273 17.561046775463712 138
      vertex -81.76924906190892 17.706316067504883 134
    endloop
  endfacet
  facet normal -0.9951847266722017 0.09801714032951214 0
    outer loop
      vertex -81.76924906190892 17.706316067504883 134
      vertex -81.76924906190892 17.706316067504883 138
      vertex -81.75481742271315 17.852842959232177 134
    endloop
  endfacet
  facet normal -0.9994645874763648 0.03271908282179856 0
    outer loop
      vertex -81.75481742271315 17.852842959232177 134
      vertex -81.75481742271315 17.852842959232177 138
      vertex -81.75 18 134
    endloop
  endfacet
  facet normal -0.9994645874763648 -0.03271908282179856 0
    outer loop
      vertex -81.75 18 134
      vertex -81.75 18 138
      vertex -81.75481742271315 18.147157040767823 134
    endloop
  endfacet
  facet normal -0.9951847266722017 -0.09801714032951214 0
    outer loop
      vertex -81.75481742271315 18.147157040767823 134
      vertex -81.75481742271315 18.147157040767823 138
      vertex -81.76924906190892 18.293683932495117 134
    endloop
  endfacet
  facet normal -0.9866433320848729 -0.16289547339462526 0
    outer loop
      vertex -81.76924906190892 18.293683932495117 134
      vertex -81.76924906190892 18.293683932495117 138
      vertex -81.79323311909273 18.438953224536288 134
    endloop
  endfacet
  facet normal -0.9738769792773389 -0.22707626303435144 0
    outer loop
      vertex -81.79323311909273 18.438953224536288 134
      vertex -81.79323311909273 18.438953224536288 138
      vertex -81.8266668908496 18.58234285148067 134
    endloop
  endfacet
  facet normal -0.9569403357322197 -0.2902846772544266 0
    outer loop
      vertex -81.8266668908496 18.58234285148067 134
      vertex -81.8266668908496 18.58234285148067 138
      vertex -81.869407208636 18.723238796932115 134
    endloop
  endfacet
  facet normal -0.9359059267573154 -0.3522500479212606 0
    outer loop
      vertex -81.869407208636 18.723238796932115 134
      vertex -81.869407208636 18.723238796932115 138
      vertex -81.9212710518496 18.86103772282145 134
    endloop
  endfacet
  facet normal 0.9108638249211579 -0.41270702980443413 1.0908660231718026e-18
    outer loop
      vertex -86.0787289481504 18.86103772282145 134
      vertex -86.01796366844854 18.995149552992753 134
      vertex -86.01796366844854 18.995149552992753 138
    endloop
  endfacet
  facet normal 0.8819212643483663 -0.4713967368259766 8.045331095585668e-19
    outer loop
      vertex -86.01796366844854 18.995149552992753 134
      vertex -85.94855715851499 19.125 134
      vertex -85.94855715851499 19.125 138
    endloop
  endfacet
  facet normal 0.8492021815265623 -0.5280678506503947 3.774538634042454e-19
    outer loop
      vertex -85.94855715851499 19.125 134
      vertex -85.87080662768072 19.250033024294105 134
      vertex -85.87080662768072 19.250033024294105 138
    endloop
  endfacet
  facet normal 0.8128466845916488 -0.5824776968677552 3.8904388256686114e-19
    outer loop
      vertex -85.87080662768072 19.250033024294105 134
      vertex -85.78504501565529 19.36971321526962 134
      vertex -85.78504501565529 19.36971321526962 138
    endloop
  endfacet
  facet normal 0.773010453362736 -0.6343932841636465 -2.927877951860148e-19
    outer loop
      vertex -85.78504501565529 19.36971321526962 134
      vertex -85.6916395668277 19.483528083975155 134
      vertex -85.6916395668277 19.483528083975155 138
    endloop
  endfacet
  facet normal 0.729864072697811 -0.6835923020228978 1.3049332828013517e-18
    outer loop
      vertex -85.6916395668277 19.483528083975155 134
      vertex -85.59099025766973 19.59099025766973 134
      vertex -85.59099025766973 19.59099025766973 138
    endloop
  endfacet
  facet normal 0.6835923020228969 -0.7298640726978117 6.795573590858138e-19
    outer loop
      vertex -85.59099025766973 19.59099025766973 134
      vertex -85.48352808397516 19.6916395668277 134
      vertex -85.48352808397516 19.6916395668277 138
    endloop
  endfacet
  facet normal 0.634393284163644 -0.7730104533627382 -1.4333094608688732e-18
    outer loop
      vertex -85.48352808397516 19.6916395668277 134
      vertex -85.36971321526963 19.785045015655278 134
      vertex -85.36971321526963 19.785045015655278 138
    endloop
  endfacet
  facet normal 0.582477696867803 -0.8128466845916147 1.3171462321131327e-18
    outer loop
      vertex -85.36971321526963 19.785045015655278 134
      vertex -85.25003302429411 19.870806627680725 134
      vertex -85.25003302429411 19.870806627680725 138
    endloop
  endfacet
  facet normal 0.5280678506503557 -0.8492021815265866 -1.394135188089107e-18
    outer loop
      vertex -85.25003302429411 19.870806627680725 134
      vertex -85.125 19.948557158514987 134
      vertex -85.125 19.948557158514987 138
    endloop
  endfacet
  facet normal 0.4713967368260054 -0.8819212643483509 1.8357543772337743e-19
    outer loop
      vertex -85.125 19.948557158514987 134
      vertex -84.99514955299276 20.017963668448548 134
      vertex -84.99514955299276 20.017963668448548 138
    endloop
  endfacet
  facet normal 0.412707029804385 -0.9108638249211801 1.4597479436187478e-18
    outer loop
      vertex -84.99514955299276 20.017963668448548 134
      vertex -84.86103772282145 20.078728948150395 134
      vertex -84.86103772282145 20.078728948150395 138
    endloop
  endfacet
  facet normal 0.35225004792122355 -0.9359059267573295 -3.9929013541210115e-19
    outer loop
      vertex -84.86103772282145 20.078728948150395 134
      vertex -84.72323879693211 20.130592791363988 134
      vertex -84.72323879693211 20.130592791363988 138
    endloop
  endfacet
  facet normal 0.29028467725449086 -0.9569403357322002 2.829477375854839e-19
    outer loop
      vertex -84.72323879693211 20.130592791363988 134
      vertex -84.58234285148067 20.173333109150406 134
      vertex -84.58234285148067 20.173333109150406 138
    endloop
  endfacet
  facet normal 0.22707626303435144 -0.9738769792773389 1.5020586554888885e-19
    outer loop
      vertex -84.58234285148067 20.173333109150406 134
      vertex -84.43895322453629 20.206766880907267 134
      vertex -84.43895322453629 20.206766880907267 138
    endloop
  endfacet
  facet normal 0.16289547339459404 -0.9866433320848782 -9.824581623106419e-20
    outer loop
      vertex -84.43895322453629 20.206766880907267 134
      vertex -84.29368393249511 20.230750938091074 134
      vertex -84.29368393249511 20.230750938091074 138
    endloop
  endfacet
  facet normal 0.09801714032956228 -0.9951847266721967 -2.1358842182477346e-19
    outer loop
      vertex -84.29368393249511 20.230750938091074 134
      vertex -84.14715704076782 20.245182577286858 134
      vertex -84.14715704076782 20.245182577286858 138
    endloop
  endfacet
  facet normal -0.22707626303435144 -0.9738769792773389 0
    outer loop
      vertex -83.41765714851933 20.173333109150406 134
      vertex -83.41765714851933 20.173333109150406 138
      vertex -83.56104677546371 20.206766880907267 134
    endloop
  endfacet
  facet normal 0.03271908282177446 -0.9994645874763656 5.966068351844339e-20
    outer loop
      vertex -84.14715704076782 20.245182577286858 134
      vertex -84 20.25 134
      vertex -84 20.25 138
    endloop
  endfacet
  facet normal -0.03271908282177446 -0.9994645874763656 -5.966068351844339e-20
    outer loop
      vertex -84 20.25 134
      vertex -83.85284295923218 20.245182577286858 134
      vertex -83.85284295923218 20.245182577286858 138
    endloop
  endfacet
  facet normal -0.09801714032956228 -0.9951847266721967 2.1358842182477346e-19
    outer loop
      vertex -83.85284295923218 20.245182577286858 134
      vertex -83.70631606750489 20.230750938091074 134
      vertex -83.70631606750489 20.230750938091074 138
    endloop
  endfacet
  facet normal -0.16289547339459404 -0.9866433320848782 9.824581623106419e-20
    outer loop
      vertex -83.70631606750489 20.230750938091074 134
      vertex -83.56104677546371 20.206766880907267 134
      vertex -83.56104677546371 20.206766880907267 138
    endloop
  endfacet
  facet normal -0.9108638249211579 -0.41270702980443413 -1.0908660231718026e-18
    outer loop
      vertex -81.98203633155146 18.995149552992753 134
      vertex -81.9212710518496 18.86103772282145 134
      vertex -81.9212710518496 18.86103772282145 138
    endloop
  endfacet
  facet normal -0.8819212643483663 -0.4713967368259766 0
    outer loop
      vertex -81.98203633155146 18.995149552992753 134
      vertex -81.98203633155146 18.995149552992753 138
      vertex -82.05144284148501 19.125 134
    endloop
  endfacet
  facet normal -0.8492021815265623 -0.5280678506503947 -3.774538634042454e-19
    outer loop
      vertex -82.12919337231928 19.250033024294105 134
      vertex -82.05144284148501 19.125 134
      vertex -82.05144284148501 19.125 138
    endloop
  endfacet
  facet normal -0.8128466845916488 -0.5824776968677552 0
    outer loop
      vertex -82.12919337231928 19.250033024294105 134
      vertex -82.12919337231928 19.250033024294105 138
      vertex -82.21495498434471 19.36971321526962 134
    endloop
  endfacet
  facet normal -0.582477696867803 -0.8128466845916147 -1.3171462321131327e-18
    outer loop
      vertex -82.74996697570589 19.870806627680725 134
      vertex -82.63028678473037 19.785045015655278 134
      vertex -82.63028678473037 19.785045015655278 138
    endloop
  endfacet
  facet normal -0.5280678506503557 -0.8492021815265866 1.394135188089107e-18
    outer loop
      vertex -82.875 19.948557158514987 134
      vertex -82.74996697570589 19.870806627680725 134
      vertex -82.74996697570589 19.870806627680725 138
    endloop
  endfacet
  facet normal -0.729864072697811 -0.6835923020228978 0
    outer loop
      vertex -82.3083604331723 19.483528083975155 134
      vertex -82.3083604331723 19.483528083975155 138
      vertex -82.40900974233027 19.59099025766973 134
    endloop
  endfacet
  facet normal -0.6835923020228969 -0.7298640726978117 -6.795573590858138e-19
    outer loop
      vertex -82.51647191602484 19.6916395668277 134
      vertex -82.40900974233027 19.59099025766973 134
      vertex -82.40900974233027 19.59099025766973 138
    endloop
  endfacet
  facet normal -0.773010453362736 -0.6343932841636465 2.927877951860148e-19
    outer loop
      vertex -82.3083604331723 19.483528083975155 134
      vertex -82.21495498434471 19.36971321526962 134
      vertex -82.21495498434471 19.36971321526962 138
    endloop
  endfacet
  facet normal -0.634393284163644 -0.7730104533627382 0
    outer loop
      vertex -82.51647191602484 19.6916395668277 134
      vertex -82.51647191602484 19.6916395668277 138
      vertex -82.63028678473037 19.785045015655278 134
    endloop
  endfacet
  facet normal -0.412707029804385 -0.9108638249211801 -1.4597479436187478e-18
    outer loop
      vertex -83.13896227717855 20.078728948150395 134
      vertex -83.00485044700724 20.017963668448548 134
      vertex -83.00485044700724 20.017963668448548 138
    endloop
  endfacet
  facet normal -0.29028467725449086 -0.9569403357322002 -2.829477375854839e-19
    outer loop
      vertex -83.41765714851933 20.173333109150406 134
      vertex -83.27676120306789 20.130592791363988 134
      vertex -83.27676120306789 20.130592791363988 138
    endloop
  endfacet
  facet normal -0.35225004792122355 -0.9359059267573295 3.9929013541210115e-19
    outer loop
      vertex -83.27676120306789 20.130592791363988 134
      vertex -83.13896227717855 20.078728948150395 134
      vertex -83.13896227717855 20.078728948150395 138
    endloop
  endfacet
  facet normal -0.4713967368260054 -0.8819212643483509 0
    outer loop
      vertex -82.875 19.948557158514987 134
      vertex -82.875 19.948557158514987 138
      vertex -83.00485044700724 20.017963668448548 134
    endloop
  endfacet
  facet normal 0.412707029804385 0.9108638249211801 0
    outer loop
      vertex -84.86103772282145 15.921271051849605 134
      vertex -84.99514955299276 15.982036331551452 138
      vertex -84.86103772282145 15.921271051849605 138
    endloop
  endfacet
  facet normal 0.582477696867803 0.8128466845916147 0
    outer loop
      vertex -85.25003302429411 16.129193372319275 134
      vertex -85.36971321526963 16.214954984344722 138
      vertex -85.25003302429411 16.129193372319275 138
    endloop
  endfacet
  facet normal 0.4713967368260054 0.8819212643483509 0
    outer loop
      vertex -84.99514955299276 15.982036331551452 134
      vertex -85.125 16.051442841485013 138
      vertex -84.99514955299276 15.982036331551452 138
    endloop
  endfacet
  facet normal 0.5280678506503557 0.8492021815265866 0
    outer loop
      vertex -85.125 16.051442841485013 134
      vertex -85.25003302429411 16.129193372319275 138
      vertex -85.125 16.051442841485013 138
    endloop
  endfacet
  facet normal 0.729864072697811 0.6835923020228978 0
    outer loop
      vertex -85.59099025766973 16.40900974233027 134
      vertex -85.6916395668277 16.516471916024845 138
      vertex -85.59099025766973 16.40900974233027 138
    endloop
  endfacet
  facet normal 0.773010453362736 0.6343932841636465 0
    outer loop
      vertex -85.6916395668277 16.516471916024845 134
      vertex -85.78504501565529 16.63028678473038 138
      vertex -85.6916395668277 16.516471916024845 138
    endloop
  endfacet
  facet normal 0.8128466845916488 0.5824776968677552 0
    outer loop
      vertex -85.78504501565529 16.63028678473038 134
      vertex -85.87080662768072 16.749966975705895 138
      vertex -85.78504501565529 16.63028678473038 138
    endloop
  endfacet
  facet normal 0.634393284163644 0.7730104533627382 0
    outer loop
      vertex -85.36971321526963 16.214954984344722 134
      vertex -85.48352808397516 16.3083604331723 138
      vertex -85.36971321526963 16.214954984344722 138
    endloop
  endfacet
  facet normal 0.6835923020228969 0.7298640726978117 0
    outer loop
      vertex -85.48352808397516 16.3083604331723 134
      vertex -85.59099025766973 16.40900974233027 138
      vertex -85.48352808397516 16.3083604331723 138
    endloop
  endfacet
  facet normal 0.2270762630343743 0.9738769792773335 0
    outer loop
      vertex -84.43895322453629 15.793233119092731 134
      vertex -84.58234285148067 15.826666890849596 138
      vertex -84.43895322453629 15.793233119092731 138
    endloop
  endfacet
  facet normal 0.35225004792122355 0.9359059267573295 0
    outer loop
      vertex -84.72323879693211 15.869407208636012 134
      vertex -84.86103772282145 15.921271051849605 138
      vertex -84.72323879693211 15.869407208636012 138
    endloop
  endfacet
  facet normal 0.2902846772544799 0.9569403357322036 0
    outer loop
      vertex -84.58234285148067 15.826666890849596 134
      vertex -84.72323879693211 15.869407208636012 138
      vertex -84.58234285148067 15.826666890849596 138
    endloop
  endfacet
  facet normal 0.1628954733945823 0.98664333208488 0
    outer loop
      vertex -84.29368393249511 15.769249061908926 134
      vertex -84.43895322453629 15.793233119092731 138
      vertex -84.29368393249511 15.769249061908926 138
    endloop
  endfacet
  facet normal 0.09801714032956228 0.9951847266721967 0
    outer loop
      vertex -84.14715704076782 15.754817422713142 134
      vertex -84.29368393249511 15.769249061908926 138
      vertex -84.14715704076782 15.754817422713142 138
    endloop
  endfacet
  facet normal 0.03271908282177446 0.9994645874763656 0
    outer loop
      vertex -84 15.75 134
      vertex -84.14715704076782 15.754817422713142 138
      vertex -84 15.75 138
    endloop
  endfacet
  facet normal -0.03271908282177446 0.9994645874763656 0
    outer loop
      vertex -83.85284295923218 15.754817422713142 134
      vertex -84 15.75 138
      vertex -83.85284295923218 15.754817422713142 138
    endloop
  endfacet
  facet normal -0.09801714032956228 0.9951847266721967 0
    outer loop
      vertex -83.70631606750489 15.769249061908926 134
      vertex -83.85284295923218 15.754817422713142 138
      vertex -83.70631606750489 15.769249061908926 138
    endloop
  endfacet
  facet normal -0.1628954733945823 0.98664333208488 0
    outer loop
      vertex -83.56104677546371 15.793233119092731 134
      vertex -83.70631606750489 15.769249061908926 138
      vertex -83.56104677546371 15.793233119092731 138
    endloop
  endfacet
  facet normal -0.2270762630343743 0.9738769792773335 0
    outer loop
      vertex -83.41765714851933 15.826666890849596 134
      vertex -83.56104677546371 15.793233119092731 138
      vertex -83.41765714851933 15.826666890849596 138
    endloop
  endfacet
  facet normal -0.2902846772544799 0.9569403357322036 0
    outer loop
      vertex -83.27676120306789 15.869407208636012 134
      vertex -83.41765714851933 15.826666890849596 138
      vertex -83.27676120306789 15.869407208636012 138
    endloop
  endfacet
  facet normal -0.35225004792122355 0.9359059267573295 0
    outer loop
      vertex -83.13896227717855 15.921271051849605 134
      vertex -83.27676120306789 15.869407208636012 138
      vertex -83.13896227717855 15.921271051849605 138
    endloop
  endfacet
  facet normal -0.412707029804385 0.9108638249211801 0
    outer loop
      vertex -83.00485044700724 15.982036331551452 134
      vertex -83.13896227717855 15.921271051849605 138
      vertex -83.00485044700724 15.982036331551452 138
    endloop
  endfacet
  facet normal -0.4713967368260054 0.8819212643483509 0
    outer loop
      vertex -82.875 16.051442841485013 134
      vertex -83.00485044700724 15.982036331551452 138
      vertex -82.875 16.051442841485013 138
    endloop
  endfacet
  facet normal -0.5280678506503557 0.8492021815265866 0
    outer loop
      vertex -82.74996697570589 16.129193372319275 134
      vertex -82.875 16.051442841485013 138
      vertex -82.74996697570589 16.129193372319275 138
    endloop
  endfacet
  facet normal -0.582477696867803 0.8128466845916147 0
    outer loop
      vertex -82.63028678473037 16.214954984344722 134
      vertex -82.74996697570589 16.129193372319275 138
      vertex -82.63028678473037 16.214954984344722 138
    endloop
  endfacet
  facet normal -0.634393284163644 0.7730104533627382 0
    outer loop
      vertex -82.51647191602484 16.3083604331723 134
      vertex -82.63028678473037 16.214954984344722 138
      vertex -82.51647191602484 16.3083604331723 138
    endloop
  endfacet
  facet normal -0.6835923020228969 0.7298640726978117 0
    outer loop
      vertex -82.40900974233027 16.40900974233027 134
      vertex -82.51647191602484 16.3083604331723 138
      vertex -82.40900974233027 16.40900974233027 138
    endloop
  endfacet
  facet normal -0.729864072697811 0.6835923020228978 0
    outer loop
      vertex -82.3083604331723 16.516471916024845 134
      vertex -82.40900974233027 16.40900974233027 138
      vertex -82.3083604331723 16.516471916024845 138
    endloop
  endfacet
  facet normal -0.773010453362736 0.6343932841636465 0
    outer loop
      vertex -82.21495498434471 16.63028678473038 134
      vertex -82.3083604331723 16.516471916024845 138
      vertex -82.21495498434471 16.63028678473038 138
    endloop
  endfacet
  facet normal -0.8128466845916488 0.5824776968677552 0
    outer loop
      vertex -82.12919337231928 16.749966975705895 134
      vertex -82.21495498434471 16.63028678473038 138
      vertex -82.12919337231928 16.749966975705895 138
    endloop
  endfacet
  facet normal 0.8492021815265623 0.5280678506503947 0
    outer loop
      vertex -85.87080662768072 16.749966975705895 134
      vertex -85.94855715851499 16.875 138
      vertex -85.87080662768072 16.749966975705895 138
    endloop
  endfacet
  facet normal 0.8819212643483663 0.4713967368259766 0
    outer loop
      vertex -85.94855715851499 16.875 134
      vertex -86.01796366844854 17.004850447007247 138
      vertex -85.94855715851499 16.875 138
    endloop
  endfacet
  facet normal 0.9108638249211579 0.41270702980443413 0
    outer loop
      vertex -86.01796366844854 17.004850447007247 134
      vertex -86.0787289481504 17.13896227717855 138
      vertex -86.01796366844854 17.004850447007247 138
    endloop
  endfacet
  facet normal 0.9359059267573154 0.3522500479212606 0
    outer loop
      vertex -86.0787289481504 17.13896227717855 134
      vertex -86.130592791364 17.276761203067885 138
      vertex -86.0787289481504 17.13896227717855 138
    endloop
  endfacet
  facet normal 0.9569403357322197 0.2902846772544266 0
    outer loop
      vertex -86.130592791364 17.276761203067885 134
      vertex -86.1733331091504 17.41765714851933 138
      vertex -86.130592791364 17.276761203067885 138
    endloop
  endfacet
  facet normal 0.9738769792773389 0.22707626303435144 0
    outer loop
      vertex -86.1733331091504 17.41765714851933 134
      vertex -86.20676688090727 17.561046775463712 138
      vertex -86.1733331091504 17.41765714851933 138
    endloop
  endfacet
  facet normal 0.9866433320848729 0.16289547339462526 0
    outer loop
      vertex -86.20676688090727 17.561046775463712 134
      vertex -86.23075093809108 17.706316067504883 138
      vertex -86.20676688090727 17.561046775463712 138
    endloop
  endfacet
  facet normal 0.9951847266722017 0.09801714032951214 0
    outer loop
      vertex -86.23075093809108 17.706316067504883 134
      vertex -86.24518257728685 17.852842959232177 138
      vertex -86.23075093809108 17.706316067504883 138
    endloop
  endfacet
  facet normal 0.9994645874763648 0.03271908282179856 0
    outer loop
      vertex -86.24518257728685 17.852842959232177 134
      vertex -86.25 18 138
      vertex -86.24518257728685 17.852842959232177 138
    endloop
  endfacet
  facet normal 0.9994645874763648 -0.03271908282179856 0
    outer loop
      vertex -86.25 18 134
      vertex -86.24518257728685 18.147157040767823 138
      vertex -86.25 18 138
    endloop
  endfacet
  facet normal 0.9951847266722017 -0.09801714032951214 0
    outer loop
      vertex -86.24518257728685 18.147157040767823 134
      vertex -86.23075093809108 18.293683932495117 138
      vertex -86.24518257728685 18.147157040767823 138
    endloop
  endfacet
  facet normal 0.9866433320848729 -0.16289547339462526 0
    outer loop
      vertex -86.23075093809108 18.293683932495117 134
      vertex -86.20676688090727 18.438953224536288 138
      vertex -86.23075093809108 18.293683932495117 138
    endloop
  endfacet
  facet normal 0.9738769792773389 -0.22707626303435144 0
    outer loop
      vertex -86.20676688090727 18.438953224536288 134
      vertex -86.1733331091504 18.58234285148067 138
      vertex -86.20676688090727 18.438953224536288 138
    endloop
  endfacet
  facet normal 0.9569403357322197 -0.2902846772544266 0
    outer loop
      vertex -86.1733331091504 18.58234285148067 134
      vertex -86.130592791364 18.723238796932115 138
      vertex -86.1733331091504 18.58234285148067 138
    endloop
  endfacet
  facet normal 0.9359059267573154 -0.3522500479212606 0
    outer loop
      vertex -86.130592791364 18.723238796932115 134
      vertex -86.0787289481504 18.86103772282145 138
      vertex -86.130592791364 18.723238796932115 138
    endloop
  endfacet
  facet normal -0.8492021815265623 0.5280678506503947 0
    outer loop
      vertex -82.05144284148501 16.875 134
      vertex -82.12919337231928 16.749966975705895 138
      vertex -82.05144284148501 16.875 138
    endloop
  endfacet
  facet normal -0.8819212643483663 0.4713967368259766 0
    outer loop
      vertex -81.98203633155146 17.004850447007247 134
      vertex -82.05144284148501 16.875 138
      vertex -81.98203633155146 17.004850447007247 138
    endloop
  endfacet
  facet normal -0.9108638249211579 0.41270702980443413 0
    outer loop
      vertex -81.9212710518496 17.13896227717855 134
      vertex -81.98203633155146 17.004850447007247 138
      vertex -81.9212710518496 17.13896227717855 138
    endloop
  endfacet
  facet normal -0.9359059267573154 0.3522500479212606 0
    outer loop
      vertex -81.869407208636 17.276761203067885 134
      vertex -81.9212710518496 17.13896227717855 138
      vertex -81.869407208636 17.276761203067885 138
    endloop
  endfacet
  facet normal -0.9569403357322197 0.2902846772544266 0
    outer loop
      vertex -81.8266668908496 17.41765714851933 134
      vertex -81.869407208636 17.276761203067885 138
      vertex -81.8266668908496 17.41765714851933 138
    endloop
  endfacet
  facet normal -0.9738769792773389 0.22707626303435144 0
    outer loop
      vertex -81.79323311909273 17.561046775463712 134
      vertex -81.8266668908496 17.41765714851933 138
      vertex -81.79323311909273 17.561046775463712 138
    endloop
  endfacet
  facet normal -0.9866433320848729 0.16289547339462526 0
    outer loop
      vertex -81.76924906190892 17.706316067504883 134
      vertex -81.79323311909273 17.561046775463712 138
      vertex -81.76924906190892 17.706316067504883 138
    endloop
  endfacet
  facet normal -0.9951847266722017 0.09801714032951214 0
    outer loop
      vertex -81.75481742271315 17.852842959232177 134
      vertex -81.76924906190892 17.706316067504883 138
      vertex -81.75481742271315 17.852842959232177 138
    endloop
  endfacet
  facet normal -0.9994645874763648 0.03271908282179856 0
    outer loop
      vertex -81.75 18 134
      vertex -81.75481742271315 17.852842959232177 138
      vertex -81.75 18 138
    endloop
  endfacet
  facet normal -0.9994645874763648 -0.03271908282179856 0
    outer loop
      vertex -81.75481742271315 18.147157040767823 134
      vertex -81.75 18 138
      vertex -81.75481742271315 18.147157040767823 138
    endloop
  endfacet
  facet normal -0.9951847266722017 -0.09801714032951214 0
    outer loop
      vertex -81.76924906190892 18.293683932495117 134
      vertex -81.75481742271315 18.147157040767823 138
      vertex -81.76924906190892 18.293683932495117 138
    endloop
  endfacet
  facet normal -0.9866433320848729 -0.16289547339462526 0
    outer loop
      vertex -81.79323311909273 18.438953224536288 134
      vertex -81.76924906190892 18.293683932495117 138
      vertex -81.79323311909273 18.438953224536288 138
    endloop
  endfacet
  facet normal -0.9738769792773389 -0.22707626303435144 0
    outer loop
      vertex -81.8266668908496 18.58234285148067 134
      vertex -81.79323311909273 18.438953224536288 138
      vertex -81.8266668908496 18.58234285148067 138
    endloop
  endfacet
  facet normal -0.9569403357322197 -0.2902846772544266 0
    outer loop
      vertex -81.869407208636 18.723238796932115 134
      vertex -81.8266668908496 18.58234285148067 138
      vertex -81.869407208636 18.723238796932115 138
    endloop
  endfacet
  facet normal -0.9359059267573154 -0.3522500479212606 0
    outer loop
      vertex -81.9212710518496 18.86103772282145 134
      vertex -81.869407208636 18.723238796932115 138
      vertex -81.9212710518496 18.86103772282145 138
    endloop
  endfacet
  facet normal 0.9108638249211579 -0.41270702980443413 0
    outer loop
      vertex -86.0787289481504 18.86103772282145 134
      vertex -86.01796366844854 18.995149552992753 138
      vertex -86.0787289481504 18.86103772282145 138
    endloop
  endfacet
  facet normal 0.8819212643483663 -0.4713967368259766 0
    outer loop
      vertex -86.01796366844854 18.995149552992753 134
      vertex -85.94855715851499 19.125 138
      vertex -86.01796366844854 18.995149552992753 138
    endloop
  endfacet
  facet normal 0.8492021815265623 -0.5280678506503947 0
    outer loop
      vertex -85.94855715851499 19.125 134
      vertex -85.87080662768072 19.250033024294105 138
      vertex -85.94855715851499 19.125 138
    endloop
  endfacet
  facet normal 0.8128466845916488 -0.5824776968677552 0
    outer loop
      vertex -85.87080662768072 19.250033024294105 134
      vertex -85.78504501565529 19.36971321526962 138
      vertex -85.87080662768072 19.250033024294105 138
    endloop
  endfacet
  facet normal 0.773010453362736 -0.6343932841636465 0
    outer loop
      vertex -85.78504501565529 19.36971321526962 134
      vertex -85.6916395668277 19.483528083975155 138
      vertex -85.78504501565529 19.36971321526962 138
    endloop
  endfacet
  facet normal 0.729864072697811 -0.6835923020228978 0
    outer loop
      vertex -85.6916395668277 19.483528083975155 134
      vertex -85.59099025766973 19.59099025766973 138
      vertex -85.6916395668277 19.483528083975155 138
    endloop
  endfacet
  facet normal 0.6835923020228969 -0.7298640726978117 0
    outer loop
      vertex -85.59099025766973 19.59099025766973 134
      vertex -85.48352808397516 19.6916395668277 138
      vertex -85.59099025766973 19.59099025766973 138
    endloop
  endfacet
  facet normal 0.634393284163644 -0.7730104533627382 0
    outer loop
      vertex -85.48352808397516 19.6916395668277 134
      vertex -85.36971321526963 19.785045015655278 138
      vertex -85.48352808397516 19.6916395668277 138
    endloop
  endfacet
  facet normal 0.582477696867803 -0.8128466845916147 0
    outer loop
      vertex -85.36971321526963 19.785045015655278 134
      vertex -85.25003302429411 19.870806627680725 138
      vertex -85.36971321526963 19.785045015655278 138
    endloop
  endfacet
  facet normal 0.5280678506503557 -0.8492021815265866 0
    outer loop
      vertex -85.25003302429411 19.870806627680725 134
      vertex -85.125 19.948557158514987 138
      vertex -85.25003302429411 19.870806627680725 138
    endloop
  endfacet
  facet normal 0.4713967368260054 -0.8819212643483509 0
    outer loop
      vertex -85.125 19.948557158514987 134
      vertex -84.99514955299276 20.017963668448548 138
      vertex -85.125 19.948557158514987 138
    endloop
  endfacet
  facet normal 0.412707029804385 -0.9108638249211801 0
    outer loop
      vertex -84.99514955299276 20.017963668448548 134
      vertex -84.86103772282145 20.078728948150395 138
      vertex -84.99514955299276 20.017963668448548 138
    endloop
  endfacet
  facet normal 0.35225004792122355 -0.9359059267573295 0
    outer loop
      vertex -84.86103772282145 20.078728948150395 134
      vertex -84.72323879693211 20.130592791363988 138
      vertex -84.86103772282145 20.078728948150395 138
    endloop
  endfacet
  facet normal 0.29028467725449086 -0.9569403357322002 0
    outer loop
      vertex -84.72323879693211 20.130592791363988 134
      vertex -84.58234285148067 20.173333109150406 138
      vertex -84.72323879693211 20.130592791363988 138
    endloop
  endfacet
  facet normal 0.22707626303435144 -0.9738769792773389 0
    outer loop
      vertex -84.58234285148067 20.173333109150406 134
      vertex -84.43895322453629 20.206766880907267 138
      vertex -84.58234285148067 20.173333109150406 138
    endloop
  endfacet
  facet normal 0.16289547339459404 -0.9866433320848782 0
    outer loop
      vertex -84.43895322453629 20.206766880907267 134
      vertex -84.29368393249511 20.230750938091074 138
      vertex -84.43895322453629 20.206766880907267 138
    endloop
  endfacet
  facet normal 0.09801714032956228 -0.9951847266721967 0
    outer loop
      vertex -84.29368393249511 20.230750938091074 134
      vertex -84.14715704076782 20.245182577286858 138
      vertex -84.29368393249511 20.230750938091074 138
    endloop
  endfacet
  facet normal 0.03271908282177446 -0.9994645874763656 0
    outer loop
      vertex -84.14715704076782 20.245182577286858 134
      vertex -84 20.25 138
      vertex -84.14715704076782 20.245182577286858 138
    endloop
  endfacet
  facet normal -0.22707626303435144 -0.9738769792773389 0
    outer loop
      vertex -83.56104677546371 20.206766880907267 134
      vertex -83.41765714851933 20.173333109150406 138
      vertex -83.56104677546371 20.206766880907267 138
    endloop
  endfacet
  facet normal -0.03271908282177446 -0.9994645874763656 0
    outer loop
      vertex -84 20.25 134
      vertex -83.85284295923218 20.245182577286858 138
      vertex -84 20.25 138
    endloop
  endfacet
  facet normal -0.09801714032956228 -0.9951847266721967 0
    outer loop
      vertex -83.85284295923218 20.245182577286858 134
      vertex -83.70631606750489 20.230750938091074 138
      vertex -83.85284295923218 20.245182577286858 138
    endloop
  endfacet
  facet normal -0.16289547339459404 -0.9866433320848782 0
    outer loop
      vertex -83.70631606750489 20.230750938091074 134
      vertex -83.56104677546371 20.206766880907267 138
      vertex -83.70631606750489 20.230750938091074 138
    endloop
  endfacet
  facet normal -0.9108638249211579 -0.41270702980443413 0
    outer loop
      vertex -81.98203633155146 18.995149552992753 134
      vertex -81.9212710518496 18.86103772282145 138
      vertex -81.98203633155146 18.995149552992753 138
    endloop
  endfacet
  facet normal -0.8819212643483663 -0.4713967368259766 0
    outer loop
      vertex -82.05144284148501 19.125 134
      vertex -81.98203633155146 18.995149552992753 138
      vertex -82.05144284148501 19.125 138
    endloop
  endfacet
  facet normal -0.8492021815265623 -0.5280678506503947 0
    outer loop
      vertex -82.12919337231928 19.250033024294105 134
      vertex -82.05144284148501 19.125 138
      vertex -82.12919337231928 19.250033024294105 138
    endloop
  endfacet
  facet normal -0.8128466845916488 -0.5824776968677552 0
    outer loop
      vertex -82.21495498434471 19.36971321526962 134
      vertex -82.12919337231928 19.250033024294105 138
      vertex -82.21495498434471 19.36971321526962 138
    endloop
  endfacet
  facet normal -0.582477696867803 -0.8128466845916147 0
    outer loop
      vertex -82.74996697570589 19.870806627680725 134
      vertex -82.63028678473037 19.785045015655278 138
      vertex -82.74996697570589 19.870806627680725 138
    endloop
  endfacet
  facet normal -0.5280678506503557 -0.8492021815265866 0
    outer loop
      vertex -82.875 19.948557158514987 134
      vertex -82.74996697570589 19.870806627680725 138
      vertex -82.875 19.948557158514987 138
    endloop
  endfacet
  facet normal -0.6835923020228969 -0.7298640726978117 0
    outer loop
      vertex -82.51647191602484 19.6916395668277 134
      vertex -82.40900974233027 19.59099025766973 138
      vertex -82.51647191602484 19.6916395668277 138
    endloop
  endfacet
  facet normal -0.729864072697811 -0.6835923020228978 0
    outer loop
      vertex -82.40900974233027 19.59099025766973 134
      vertex -82.3083604331723 19.483528083975155 138
      vertex -82.40900974233027 19.59099025766973 138
    endloop
  endfacet
  facet normal -0.773010453362736 -0.6343932841636465 0
    outer loop
      vertex -82.3083604331723 19.483528083975155 134
      vertex -82.21495498434471 19.36971321526962 138
      vertex -82.3083604331723 19.483528083975155 138
    endloop
  endfacet
  facet normal -0.634393284163644 -0.7730104533627382 0
    outer loop
      vertex -82.63028678473037 19.785045015655278 134
      vertex -82.51647191602484 19.6916395668277 138
      vertex -82.63028678473037 19.785045015655278 138
    endloop
  endfacet
  facet normal -0.412707029804385 -0.9108638249211801 0
    outer loop
      vertex -83.13896227717855 20.078728948150395 134
      vertex -83.00485044700724 20.017963668448548 138
      vertex -83.13896227717855 20.078728948150395 138
    endloop
  endfacet
  facet normal -0.35225004792122355 -0.9359059267573295 0
    outer loop
      vertex -83.27676120306789 20.130592791363988 134
      vertex -83.13896227717855 20.078728948150395 138
      vertex -83.27676120306789 20.130592791363988 138
    endloop
  endfacet
  facet normal -0.29028467725449086 -0.9569403357322002 0
    outer loop
      vertex -83.41765714851933 20.173333109150406 134
      vertex -83.27676120306789 20.130592791363988 138
      vertex -83.41765714851933 20.173333109150406 138
    endloop
  endfacet
  facet normal -0.4713967368260054 -0.8819212643483509 0
    outer loop
      vertex -83.00485044700724 20.017963668448548 134
      vertex -82.875 19.948557158514987 138
      vertex -83.00485044700724 20.017963668448548 138
    endloop
  endfacet
  facet normal 0.16289547339457053 0.9866433320848819 0
    outer loop
      vertex -84.43895322453629 51.79323311909273 134
      vertex -84.43895322453629 51.79323311909273 138
      vertex -84.29368393249511 51.76924906190893 134
    endloop
  endfacet
  facet normal 0.09801714032956228 0.9951847266721967 0
    outer loop
      vertex -84.29368393249511 51.76924906190893 134
      vertex -84.29368393249511 51.76924906190893 138
      vertex -84.14715704076782 51.754817422713145 134
    endloop
  endfacet
  facet normal 0.03271908282179856 0.9994645874763648 0
    outer loop
      vertex -84.14715704076782 51.754817422713145 134
      vertex -84.14715704076782 51.754817422713145 138
      vertex -84 51.75 134
    endloop
  endfacet
  facet normal -0.03271908282179856 0.9994645874763648 0
    outer loop
      vertex -84 51.75 134
      vertex -84 51.75 138
      vertex -83.85284295923218 51.754817422713145 134
    endloop
  endfacet
  facet normal -0.09801714032956228 0.9951847266721967 0
    outer loop
      vertex -83.85284295923218 51.754817422713145 134
      vertex -83.85284295923218 51.754817422713145 138
      vertex -83.70631606750489 51.76924906190893 134
    endloop
  endfacet
  facet normal -0.16289547339457053 0.9866433320848819 0
    outer loop
      vertex -83.70631606750489 51.76924906190893 134
      vertex -83.70631606750489 51.76924906190893 138
      vertex -83.56104677546371 51.79323311909273 134
    endloop
  endfacet
  facet normal -0.22707626303435144 0.9738769792773389 0
    outer loop
      vertex -83.56104677546371 51.79323311909273 134
      vertex -83.56104677546371 51.79323311909273 138
      vertex -83.41765714851933 51.826666890849594 134
    endloop
  endfacet
  facet normal 0.3522500479212447 0.9359059267573215 0
    outer loop
      vertex -84.86103772282145 51.92127105184961 134
      vertex -84.86103772282145 51.92127105184961 138
      vertex -84.72323879693211 51.86940720863601 134
    endloop
  endfacet
  facet normal 0.47139673682602423 0.881921264348341 1.1664565157411602e-20
    outer loop
      vertex -84.99514955299276 51.98203633155145 134
      vertex -85.125 52.05144284148501 134
      vertex -85.125 52.05144284148501 138
    endloop
  endfacet
  facet normal 0.41270702980434504 0.9108638249211983 0
    outer loop
      vertex -84.99514955299276 51.98203633155145 134
      vertex -84.99514955299276 51.98203633155145 138
      vertex -84.86103772282145 51.92127105184961 134
    endloop
  endfacet
  facet normal 0.5280678506503382 0.8492021815265973 -1.3521344283355806e-18
    outer loop
      vertex -85.125 52.05144284148501 134
      vertex -85.25003302429411 52.12919337231927 134
      vertex -85.25003302429411 52.12919337231927 138
    endloop
  endfacet
  facet normal 0.5824776968678189 0.8128466845916031 0
    outer loop
      vertex -85.36971321526963 52.21495498434472 134
      vertex -85.36971321526963 52.21495498434472 138
      vertex -85.25003302429411 52.12919337231927 134
    endloop
  endfacet
  facet normal 0.6343932841636585 0.7730104533627264 1.159818029264652e-18
    outer loop
      vertex -85.36971321526963 52.21495498434472 134
      vertex -85.48352808397516 52.308360433172304 134
      vertex -85.48352808397516 52.308360433172304 138
    endloop
  endfacet
  facet normal 0.683592302022884 0.7298640726978237 0
    outer loop
      vertex -85.59099025766973 52.40900974233027 134
      vertex -85.59099025766973 52.40900974233027 138
      vertex -85.48352808397516 52.308360433172304 134
    endloop
  endfacet
  facet normal 0.7730104533627264 0.6343932841636585 1.159818029264652e-18
    outer loop
      vertex -85.6916395668277 52.51647191602485 134
      vertex -85.78504501565529 52.63028678473038 134
      vertex -85.78504501565529 52.63028678473038 138
    endloop
  endfacet
  facet normal 0.7298640726978222 0.6835923020228856 1.2582703920005793e-18
    outer loop
      vertex -85.59099025766973 52.40900974233027 134
      vertex -85.6916395668277 52.51647191602485 134
      vertex -85.6916395668277 52.51647191602485 138
    endloop
  endfacet
  facet normal 0.8492021815265623 0.5280678506503947 0
    outer loop
      vertex -85.94855715851499 52.875 134
      vertex -85.94855715851499 52.875 138
      vertex -85.87080662768072 52.749966975705895 134
    endloop
  endfacet
  facet normal 0.8128466845916488 0.5824776968677552 -3.8904388256686114e-19
    outer loop
      vertex -85.78504501565529 52.63028678473038 134
      vertex -85.87080662768072 52.749966975705895 134
      vertex -85.87080662768072 52.749966975705895 138
    endloop
  endfacet
  facet normal 0.29028467725449086 0.9569403357322002 0
    outer loop
      vertex -84.72323879693211 51.86940720863601 134
      vertex -84.72323879693211 51.86940720863601 138
      vertex -84.58234285148067 51.826666890849594 134
    endloop
  endfacet
  facet normal 0.22707626303435144 0.9738769792773389 0
    outer loop
      vertex -84.58234285148067 51.826666890849594 134
      vertex -84.58234285148067 51.826666890849594 138
      vertex -84.43895322453629 51.79323311909273 134
    endloop
  endfacet
  facet normal -0.29028467725449086 0.9569403357322002 0
    outer loop
      vertex -83.41765714851933 51.826666890849594 134
      vertex -83.41765714851933 51.826666890849594 138
      vertex -83.27676120306789 51.86940720863601 134
    endloop
  endfacet
  facet normal -0.3522500479212447 0.9359059267573215 0
    outer loop
      vertex -83.27676120306789 51.86940720863601 134
      vertex -83.27676120306789 51.86940720863601 138
      vertex -83.13896227717855 51.92127105184961 134
    endloop
  endfacet
  facet normal -0.41270702980434504 0.9108638249211983 0
    outer loop
      vertex -83.13896227717855 51.92127105184961 134
      vertex -83.13896227717855 51.92127105184961 138
      vertex -83.00485044700724 51.98203633155145 134
    endloop
  endfacet
  facet normal -0.47139673682602423 0.881921264348341 0
    outer loop
      vertex -83.00485044700724 51.98203633155145 134
      vertex -83.00485044700724 51.98203633155145 138
      vertex -82.875 52.05144284148501 134
    endloop
  endfacet
  facet normal -0.5280678506503382 0.8492021815265973 0
    outer loop
      vertex -82.875 52.05144284148501 134
      vertex -82.875 52.05144284148501 138
      vertex -82.74996697570589 52.12919337231927 134
    endloop
  endfacet
  facet normal -0.5824776968678189 0.8128466845916031 0
    outer loop
      vertex -82.74996697570589 52.12919337231927 134
      vertex -82.74996697570589 52.12919337231927 138
      vertex -82.63028678473037 52.21495498434472 134
    endloop
  endfacet
  facet normal -0.6343932841636585 0.7730104533627264 0
    outer loop
      vertex -82.63028678473037 52.21495498434472 134
      vertex -82.63028678473037 52.21495498434472 138
      vertex -82.51647191602484 52.308360433172304 134
    endloop
  endfacet
  facet normal -0.683592302022884 0.7298640726978237 0
    outer loop
      vertex -82.51647191602484 52.308360433172304 134
      vertex -82.51647191602484 52.308360433172304 138
      vertex -82.40900974233027 52.40900974233027 134
    endloop
  endfacet
  facet normal -0.7298640726978222 0.6835923020228856 0
    outer loop
      vertex -82.40900974233027 52.40900974233027 134
      vertex -82.40900974233027 52.40900974233027 138
      vertex -82.3083604331723 52.51647191602485 134
    endloop
  endfacet
  facet normal -0.7730104533627264 0.6343932841636585 0
    outer loop
      vertex -82.3083604331723 52.51647191602485 134
      vertex -82.3083604331723 52.51647191602485 138
      vertex -82.21495498434471 52.63028678473038 134
    endloop
  endfacet
  facet normal -0.8128466845916488 0.5824776968677552 0
    outer loop
      vertex -82.21495498434471 52.63028678473038 134
      vertex -82.21495498434471 52.63028678473038 138
      vertex -82.12919337231928 52.749966975705895 134
    endloop
  endfacet
  facet normal -0.8492021815265623 0.5280678506503947 0
    outer loop
      vertex -82.12919337231928 52.749966975705895 134
      vertex -82.12919337231928 52.749966975705895 138
      vertex -82.05144284148501 52.875 134
    endloop
  endfacet
  facet normal 0.8819212643483716 0.47139673682596656 -1.2302507785129445e-18
    outer loop
      vertex -85.94855715851499 52.875 134
      vertex -86.01796366844854 53.00485044700725 134
      vertex -86.01796366844854 53.00485044700725 138
    endloop
  endfacet
  facet normal 0.9108638249211538 0.41270702980444324 0
    outer loop
      vertex -86.0787289481504 53.13896227717855 134
      vertex -86.0787289481504 53.13896227717855 138
      vertex -86.01796366844854 53.00485044700725 134
    endloop
  endfacet
  facet normal 0.9359059267573154 0.3522500479212606 -4.1925513763811884e-19
    outer loop
      vertex -86.0787289481504 53.13896227717855 134
      vertex -86.130592791364 53.276761203067885 134
      vertex -86.130592791364 53.276761203067885 138
    endloop
  endfacet
  facet normal 0.9569403357322177 0.2902846772544333 -1.4907280373505305e-19
    outer loop
      vertex -86.130592791364 53.276761203067885 134
      vertex -86.1733331091504 53.417657148519325 134
      vertex -86.1733331091504 53.417657148519325 138
    endloop
  endfacet
  facet normal 0.9738769792773389 0.22707626303435144 -1.5020586554888885e-19
    outer loop
      vertex -86.1733331091504 53.417657148519325 134
      vertex -86.20676688090727 53.56104677546371 134
      vertex -86.20676688090727 53.56104677546371 138
    endloop
  endfacet
  facet normal 0.9866433320848742 0.16289547339461752 6.43430028557568e-20
    outer loop
      vertex -86.20676688090727 53.56104677546371 134
      vertex -86.23075093809108 53.706316067504886 134
      vertex -86.23075093809108 53.706316067504886 138
    endloop
  endfacet
  facet normal 0.9951847266722015 0.09801714032951449 -9.830893955982932e-21
    outer loop
      vertex -86.23075093809108 53.706316067504886 134
      vertex -86.24518257728685 53.85284295923218 134
      vertex -86.24518257728685 53.85284295923218 138
    endloop
  endfacet
  facet normal 0.9994645874763648 0.03271908282179856 -6.737635608824902e-20
    outer loop
      vertex -86.24518257728685 53.85284295923218 134
      vertex -86.25 54 134
      vertex -86.25 54 138
    endloop
  endfacet
  facet normal 0.9994645874763648 -0.03271908282179856 6.737635608824902e-20
    outer loop
      vertex -86.25 54 134
      vertex -86.24518257728685 54.14715704076782 134
      vertex -86.24518257728685 54.14715704076782 138
    endloop
  endfacet
  facet normal 0.9951847266722015 -0.09801714032951449 9.830893955982932e-21
    outer loop
      vertex -86.24518257728685 54.14715704076782 134
      vertex -86.23075093809108 54.293683932495114 134
      vertex -86.23075093809108 54.293683932495114 138
    endloop
  endfacet
  facet normal 0.9866433320848742 -0.16289547339461752 -6.43430028557568e-20
    outer loop
      vertex -86.23075093809108 54.293683932495114 134
      vertex -86.20676688090727 54.43895322453629 134
      vertex -86.20676688090727 54.43895322453629 138
    endloop
  endfacet
  facet normal 0.9738769792773389 -0.22707626303435144 1.5020586554888885e-19
    outer loop
      vertex -86.20676688090727 54.43895322453629 134
      vertex -86.1733331091504 54.582342851480675 134
      vertex -86.1733331091504 54.582342851480675 138
    endloop
  endfacet
  facet normal 0.9569403357322177 -0.2902846772544333 1.4907280373505305e-19
    outer loop
      vertex -86.1733331091504 54.582342851480675 134
      vertex -86.130592791364 54.723238796932115 134
      vertex -86.130592791364 54.723238796932115 138
    endloop
  endfacet
  facet normal 0.9359059267573154 -0.3522500479212606 4.1925513763811884e-19
    outer loop
      vertex -86.130592791364 54.723238796932115 134
      vertex -86.0787289481504 54.86103772282145 134
      vertex -86.0787289481504 54.86103772282145 138
    endloop
  endfacet
  facet normal 0.9108638249211538 -0.41270702980444324 -2.266277328920808e-19
    outer loop
      vertex -86.0787289481504 54.86103772282145 134
      vertex -86.01796366844854 54.99514955299275 134
      vertex -86.01796366844854 54.99514955299275 138
    endloop
  endfacet
  facet normal -0.8819212643483716 0.47139673682596656 0
    outer loop
      vertex -82.05144284148501 52.875 134
      vertex -82.05144284148501 52.875 138
      vertex -81.98203633155146 53.00485044700725 134
    endloop
  endfacet
  facet normal -0.9108638249211538 0.41270702980444324 0
    outer loop
      vertex -81.98203633155146 53.00485044700725 134
      vertex -81.98203633155146 53.00485044700725 138
      vertex -81.9212710518496 53.13896227717855 134
    endloop
  endfacet
  facet normal -0.9359059267573154 0.3522500479212606 0
    outer loop
      vertex -81.9212710518496 53.13896227717855 134
      vertex -81.9212710518496 53.13896227717855 138
      vertex -81.869407208636 53.276761203067885 134
    endloop
  endfacet
  facet normal -0.9569403357322177 0.2902846772544333 0
    outer loop
      vertex -81.869407208636 53.276761203067885 134
      vertex -81.869407208636 53.276761203067885 138
      vertex -81.8266668908496 53.417657148519325 134
    endloop
  endfacet
  facet normal -0.9738769792773389 0.22707626303435144 0
    outer loop
      vertex -81.8266668908496 53.417657148519325 134
      vertex -81.8266668908496 53.417657148519325 138
      vertex -81.79323311909273 53.56104677546371 134
    endloop
  endfacet
  facet normal -0.9866433320848742 0.16289547339461752 0
    outer loop
      vertex -81.79323311909273 53.56104677546371 134
      vertex -81.79323311909273 53.56104677546371 138
      vertex -81.76924906190892 53.706316067504886 134
    endloop
  endfacet
  facet normal -0.9951847266722015 0.09801714032951449 0
    outer loop
      vertex -81.76924906190892 53.706316067504886 134
      vertex -81.76924906190892 53.706316067504886 138
      vertex -81.75481742271315 53.85284295923218 134
    endloop
  endfacet
  facet normal -0.9994645874763648 0.03271908282179856 0
    outer loop
      vertex -81.75481742271315 53.85284295923218 134
      vertex -81.75481742271315 53.85284295923218 138
      vertex -81.75 54 134
    endloop
  endfacet
  facet normal -0.9108638249211538 -0.41270702980444324 2.266277328920808e-19
    outer loop
      vertex -81.98203633155146 54.99514955299275 134
      vertex -81.9212710518496 54.86103772282145 134
      vertex -81.9212710518496 54.86103772282145 138
    endloop
  endfacet
  facet normal -0.9994645874763648 -0.03271908282179856 0
    outer loop
      vertex -81.75 54 134
      vertex -81.75 54 138
      vertex -81.75481742271315 54.14715704076782 134
    endloop
  endfacet
  facet normal -0.9951847266722015 -0.09801714032951449 -9.830893955982932e-21
    outer loop
      vertex -81.76924906190892 54.293683932495114 134
      vertex -81.75481742271315 54.14715704076782 134
      vertex -81.75481742271315 54.14715704076782 138
    endloop
  endfacet
  facet normal -0.9866433320848742 -0.16289547339461752 0
    outer loop
      vertex -81.76924906190892 54.293683932495114 134
      vertex -81.76924906190892 54.293683932495114 138
      vertex -81.79323311909273 54.43895322453629 134
    endloop
  endfacet
  facet normal -0.9738769792773389 -0.22707626303435144 0
    outer loop
      vertex -81.79323311909273 54.43895322453629 134
      vertex -81.79323311909273 54.43895322453629 138
      vertex -81.8266668908496 54.582342851480675 134
    endloop
  endfacet
  facet normal -0.9569403357322177 -0.2902846772544333 0
    outer loop
      vertex -81.8266668908496 54.582342851480675 134
      vertex -81.8266668908496 54.582342851480675 138
      vertex -81.869407208636 54.723238796932115 134
    endloop
  endfacet
  facet normal -0.9359059267573154 -0.3522500479212606 0
    outer loop
      vertex -81.869407208636 54.723238796932115 134
      vertex -81.869407208636 54.723238796932115 138
      vertex -81.9212710518496 54.86103772282145 134
    endloop
  endfacet
  facet normal 0.8819212643483716 -0.47139673682596656 1.2302507785129445e-18
    outer loop
      vertex -86.01796366844854 54.99514955299275 134
      vertex -85.94855715851499 55.125 134
      vertex -85.94855715851499 55.125 138
    endloop
  endfacet
  facet normal 0.8492021815265623 -0.5280678506503947 3.774538634042454e-19
    outer loop
      vertex -85.94855715851499 55.125 134
      vertex -85.87080662768072 55.250033024294105 134
      vertex -85.87080662768072 55.250033024294105 138
    endloop
  endfacet
  facet normal 0.8128466845916488 -0.5824776968677552 3.8904388256686114e-19
    outer loop
      vertex -85.87080662768072 55.250033024294105 134
      vertex -85.78504501565529 55.36971321526962 134
      vertex -85.78504501565529 55.36971321526962 138
    endloop
  endfacet
  facet normal 0.7730104533627264 -0.6343932841636585 -1.159818029264652e-18
    outer loop
      vertex -85.78504501565529 55.36971321526962 134
      vertex -85.6916395668277 55.48352808397515 134
      vertex -85.6916395668277 55.48352808397515 138
    endloop
  endfacet
  facet normal 0.7298640726978222 -0.6835923020228856 -1.2582703920005793e-18
    outer loop
      vertex -85.6916395668277 55.48352808397515 134
      vertex -85.59099025766973 55.59099025766973 134
      vertex -85.59099025766973 55.59099025766973 138
    endloop
  endfacet
  facet normal 0.683592302022884 -0.7298640726978237 4.364615006874773e-19
    outer loop
      vertex -85.59099025766973 55.59099025766973 134
      vertex -85.48352808397516 55.691639566827696 134
      vertex -85.48352808397516 55.691639566827696 138
    endloop
  endfacet
  facet normal 0.6343932841636585 -0.7730104533627264 -1.159818029264652e-18
    outer loop
      vertex -85.48352808397516 55.691639566827696 134
      vertex -85.36971321526963 55.78504501565528 134
      vertex -85.36971321526963 55.78504501565528 138
    endloop
  endfacet
  facet normal 0.5824776968678189 -0.8128466845916031 -1.3189700581573419e-18
    outer loop
      vertex -85.36971321526963 55.78504501565528 134
      vertex -85.25003302429411 55.87080662768073 134
      vertex -85.25003302429411 55.87080662768073 138
    endloop
  endfacet
  facet normal 0.5280678506503382 -0.8492021815265973 1.3521344283355806e-18
    outer loop
      vertex -85.25003302429411 55.87080662768073 134
      vertex -85.125 55.94855715851499 134
      vertex -85.125 55.94855715851499 138
    endloop
  endfacet
  facet normal 0.47139673682602423 -0.881921264348341 -1.1664565157411602e-20
    outer loop
      vertex -85.125 55.94855715851499 134
      vertex -84.99514955299276 56.01796366844855 134
      vertex -84.99514955299276 56.01796366844855 138
    endloop
  endfacet
  facet normal 0.41270702980434504 -0.9108638249211983 5.111361080018296e-19
    outer loop
      vertex -84.99514955299276 56.01796366844855 134
      vertex -84.86103772282145 56.07872894815039 134
      vertex -84.86103772282145 56.07872894815039 138
    endloop
  endfacet
  facet normal 0.3522500479212447 -0.9359059267573215 2.25742166291072e-19
    outer loop
      vertex -84.86103772282145 56.07872894815039 134
      vertex -84.72323879693211 56.13059279136399 134
      vertex -84.72323879693211 56.13059279136399 138
    endloop
  endfacet
  facet normal 0.29028467725449086 -0.9569403357322002 2.829477375854839e-19
    outer loop
      vertex -84.72323879693211 56.13059279136399 134
      vertex -84.58234285148067 56.173333109150406 134
      vertex -84.58234285148067 56.173333109150406 138
    endloop
  endfacet
  facet normal 0.22707626303435144 -0.9738769792773389 1.5020586554888885e-19
    outer loop
      vertex -84.58234285148067 56.173333109150406 134
      vertex -84.43895322453629 56.20676688090727 134
      vertex -84.43895322453629 56.20676688090727 138
    endloop
  endfacet
  facet normal 0.16289547339457053 -0.9866433320848819 -1.3214862960637181e-19
    outer loop
      vertex -84.43895322453629 56.20676688090727 134
      vertex -84.29368393249511 56.23075093809107 134
      vertex -84.29368393249511 56.23075093809107 138
    endloop
  endfacet
  facet normal 0.09801714032956228 -0.9951847266721967 -2.1358842182477346e-19
    outer loop
      vertex -84.29368393249511 56.23075093809107 134
      vertex -84.14715704076782 56.245182577286855 134
      vertex -84.14715704076782 56.245182577286855 138
    endloop
  endfacet
  facet normal 0.03271908282179856 -0.9994645874763648 6.737635608824902e-20
    outer loop
      vertex -84.14715704076782 56.245182577286855 134
      vertex -84 56.25 134
      vertex -84 56.25 138
    endloop
  endfacet
  facet normal -0.03271908282179856 -0.9994645874763648 -6.737635608824902e-20
    outer loop
      vertex -84 56.25 134
      vertex -83.85284295923218 56.245182577286855 134
      vertex -83.85284295923218 56.245182577286855 138
    endloop
  endfacet
  facet normal -0.09801714032956228 -0.9951847266721967 2.1358842182477346e-19
    outer loop
      vertex -83.85284295923218 56.245182577286855 134
      vertex -83.70631606750489 56.23075093809107 134
      vertex -83.70631606750489 56.23075093809107 138
    endloop
  endfacet
  facet normal -0.22707626303435144 -0.9738769792773389 -1.5020586554888885e-19
    outer loop
      vertex -83.56104677546371 56.20676688090727 134
      vertex -83.41765714851933 56.173333109150406 134
      vertex -83.41765714851933 56.173333109150406 138
    endloop
  endfacet
  facet normal -0.16289547339457053 -0.9866433320848819 1.3214862960637181e-19
    outer loop
      vertex -83.70631606750489 56.23075093809107 134
      vertex -83.56104677546371 56.20676688090727 134
      vertex -83.56104677546371 56.20676688090727 138
    endloop
  endfacet
  facet normal -0.8819212643483716 -0.47139673682596656 0
    outer loop
      vertex -81.98203633155146 54.99514955299275 134
      vertex -81.98203633155146 54.99514955299275 138
      vertex -82.05144284148501 55.125 134
    endloop
  endfacet
  facet normal -0.8492021815265623 -0.5280678506503947 0
    outer loop
      vertex -82.05144284148501 55.125 134
      vertex -82.05144284148501 55.125 138
      vertex -82.12919337231928 55.250033024294105 134
    endloop
  endfacet
  facet normal -0.7298640726978222 -0.6835923020228856 0
    outer loop
      vertex -82.3083604331723 55.48352808397515 134
      vertex -82.3083604331723 55.48352808397515 138
      vertex -82.40900974233027 55.59099025766973 134
    endloop
  endfacet
  facet normal -0.8128466845916488 -0.5824776968677552 0
    outer loop
      vertex -82.12919337231928 55.250033024294105 134
      vertex -82.12919337231928 55.250033024294105 138
      vertex -82.21495498434471 55.36971321526962 134
    endloop
  endfacet
  facet normal -0.7730104533627264 -0.6343932841636585 1.159818029264652e-18
    outer loop
      vertex -82.3083604331723 55.48352808397515 134
      vertex -82.21495498434471 55.36971321526962 134
      vertex -82.21495498434471 55.36971321526962 138
    endloop
  endfacet
  facet normal -0.41270702980434504 -0.9108638249211983 0
    outer loop
      vertex -83.00485044700724 56.01796366844855 134
      vertex -83.00485044700724 56.01796366844855 138
      vertex -83.13896227717855 56.07872894815039 134
    endloop
  endfacet
  facet normal -0.5824776968678189 -0.8128466845916031 1.3189700581573419e-18
    outer loop
      vertex -82.74996697570589 55.87080662768073 134
      vertex -82.63028678473037 55.78504501565528 134
      vertex -82.63028678473037 55.78504501565528 138
    endloop
  endfacet
  facet normal -0.5280678506503382 -0.8492021815265973 -1.3521344283355806e-18
    outer loop
      vertex -82.875 55.94855715851499 134
      vertex -82.74996697570589 55.87080662768073 134
      vertex -82.74996697570589 55.87080662768073 138
    endloop
  endfacet
  facet normal -0.47139673682602423 -0.881921264348341 0
    outer loop
      vertex -82.875 55.94855715851499 134
      vertex -82.875 55.94855715851499 138
      vertex -83.00485044700724 56.01796366844855 134
    endloop
  endfacet
  facet normal -0.683592302022884 -0.7298640726978237 0
    outer loop
      vertex -82.40900974233027 55.59099025766973 134
      vertex -82.40900974233027 55.59099025766973 138
      vertex -82.51647191602484 55.691639566827696 134
    endloop
  endfacet
  facet normal -0.6343932841636585 -0.7730104533627264 0
    outer loop
      vertex -82.51647191602484 55.691639566827696 134
      vertex -82.51647191602484 55.691639566827696 138
      vertex -82.63028678473037 55.78504501565528 134
    endloop
  endfacet
  facet normal -0.29028467725449086 -0.9569403357322002 -2.829477375854839e-19
    outer loop
      vertex -83.41765714851933 56.173333109150406 134
      vertex -83.27676120306789 56.13059279136399 134
      vertex -83.27676120306789 56.13059279136399 138
    endloop
  endfacet
  facet normal -0.3522500479212447 -0.9359059267573215 -2.25742166291072e-19
    outer loop
      vertex -83.27676120306789 56.13059279136399 134
      vertex -83.13896227717855 56.07872894815039 134
      vertex -83.13896227717855 56.07872894815039 138
    endloop
  endfacet
  facet normal 0.22707626303435144 0.9738769792773389 0
    outer loop
      vertex -84.43895322453629 51.79323311909273 134
      vertex -84.58234285148067 51.826666890849594 138
      vertex -84.43895322453629 51.79323311909273 138
    endloop
  endfacet
  facet normal 0.16289547339457053 0.9866433320848819 0
    outer loop
      vertex -84.29368393249511 51.76924906190893 134
      vertex -84.43895322453629 51.79323311909273 138
      vertex -84.29368393249511 51.76924906190893 138
    endloop
  endfacet
  facet normal 0.09801714032956228 0.9951847266721967 0
    outer loop
      vertex -84.14715704076782 51.754817422713145 134
      vertex -84.29368393249511 51.76924906190893 138
      vertex -84.14715704076782 51.754817422713145 138
    endloop
  endfacet
  facet normal 0.03271908282179856 0.9994645874763648 0
    outer loop
      vertex -84 51.75 134
      vertex -84.14715704076782 51.754817422713145 138
      vertex -84 51.75 138
    endloop
  endfacet
  facet normal -0.03271908282179856 0.9994645874763648 0
    outer loop
      vertex -83.85284295923218 51.754817422713145 134
      vertex -84 51.75 138
      vertex -83.85284295923218 51.754817422713145 138
    endloop
  endfacet
  facet normal -0.09801714032956228 0.9951847266721967 0
    outer loop
      vertex -83.70631606750489 51.76924906190893 134
      vertex -83.85284295923218 51.754817422713145 138
      vertex -83.70631606750489 51.76924906190893 138
    endloop
  endfacet
  facet normal -0.16289547339457053 0.9866433320848819 0
    outer loop
      vertex -83.56104677546371 51.79323311909273 134
      vertex -83.70631606750489 51.76924906190893 138
      vertex -83.56104677546371 51.79323311909273 138
    endloop
  endfacet
  facet normal 0.41270702980434504 0.9108638249211983 0
    outer loop
      vertex -84.86103772282145 51.92127105184961 134
      vertex -84.99514955299276 51.98203633155145 138
      vertex -84.86103772282145 51.92127105184961 138
    endloop
  endfacet
  facet normal 0.47139673682602423 0.881921264348341 0
    outer loop
      vertex -84.99514955299276 51.98203633155145 134
      vertex -85.125 52.05144284148501 138
      vertex -84.99514955299276 51.98203633155145 138
    endloop
  endfacet
  facet normal 0.5280678506503382 0.8492021815265973 0
    outer loop
      vertex -85.125 52.05144284148501 134
      vertex -85.25003302429411 52.12919337231927 138
      vertex -85.125 52.05144284148501 138
    endloop
  endfacet
  facet normal 0.5824776968678189 0.8128466845916031 0
    outer loop
      vertex -85.25003302429411 52.12919337231927 134
      vertex -85.36971321526963 52.21495498434472 138
      vertex -85.25003302429411 52.12919337231927 138
    endloop
  endfacet
  facet normal 0.6343932841636585 0.7730104533627264 0
    outer loop
      vertex -85.36971321526963 52.21495498434472 134
      vertex -85.48352808397516 52.308360433172304 138
      vertex -85.36971321526963 52.21495498434472 138
    endloop
  endfacet
  facet normal 0.683592302022884 0.7298640726978237 0
    outer loop
      vertex -85.48352808397516 52.308360433172304 134
      vertex -85.59099025766973 52.40900974233027 138
      vertex -85.48352808397516 52.308360433172304 138
    endloop
  endfacet
  facet normal 0.7298640726978222 0.6835923020228856 0
    outer loop
      vertex -85.59099025766973 52.40900974233027 134
      vertex -85.6916395668277 52.51647191602485 138
      vertex -85.59099025766973 52.40900974233027 138
    endloop
  endfacet
  facet normal 0.7730104533627264 0.6343932841636585 0
    outer loop
      vertex -85.6916395668277 52.51647191602485 134
      vertex -85.78504501565529 52.63028678473038 138
      vertex -85.6916395668277 52.51647191602485 138
    endloop
  endfacet
  facet normal 0.8492021815265623 0.5280678506503947 0
    outer loop
      vertex -85.87080662768072 52.749966975705895 134
      vertex -85.94855715851499 52.875 138
      vertex -85.87080662768072 52.749966975705895 138
    endloop
  endfacet
  facet normal 0.8128466845916488 0.5824776968677552 0
    outer loop
      vertex -85.78504501565529 52.63028678473038 134
      vertex -85.87080662768072 52.749966975705895 138
      vertex -85.78504501565529 52.63028678473038 138
    endloop
  endfacet
  facet normal 0.3522500479212447 0.9359059267573215 0
    outer loop
      vertex -84.72323879693211 51.86940720863601 134
      vertex -84.86103772282145 51.92127105184961 138
      vertex -84.72323879693211 51.86940720863601 138
    endloop
  endfacet
  facet normal 0.29028467725449086 0.9569403357322002 0
    outer loop
      vertex -84.58234285148067 51.826666890849594 134
      vertex -84.72323879693211 51.86940720863601 138
      vertex -84.58234285148067 51.826666890849594 138
    endloop
  endfacet
  facet normal -0.22707626303435144 0.9738769792773389 0
    outer loop
      vertex -83.41765714851933 51.826666890849594 134
      vertex -83.56104677546371 51.79323311909273 138
      vertex -83.41765714851933 51.826666890849594 138
    endloop
  endfacet
  facet normal -0.29028467725449086 0.9569403357322002 0
    outer loop
      vertex -83.27676120306789 51.86940720863601 134
      vertex -83.41765714851933 51.826666890849594 138
      vertex -83.27676120306789 51.86940720863601 138
    endloop
  endfacet
  facet normal -0.3522500479212447 0.9359059267573215 0
    outer loop
      vertex -83.13896227717855 51.92127105184961 134
      vertex -83.27676120306789 51.86940720863601 138
      vertex -83.13896227717855 51.92127105184961 138
    endloop
  endfacet
  facet normal -0.41270702980434504 0.9108638249211983 0
    outer loop
      vertex -83.00485044700724 51.98203633155145 134
      vertex -83.13896227717855 51.92127105184961 138
      vertex -83.00485044700724 51.98203633155145 138
    endloop
  endfacet
  facet normal -0.47139673682602423 0.881921264348341 0
    outer loop
      vertex -82.875 52.05144284148501 134
      vertex -83.00485044700724 51.98203633155145 138
      vertex -82.875 52.05144284148501 138
    endloop
  endfacet
  facet normal -0.5280678506503382 0.8492021815265973 0
    outer loop
      vertex -82.74996697570589 52.12919337231927 134
      vertex -82.875 52.05144284148501 138
      vertex -82.74996697570589 52.12919337231927 138
    endloop
  endfacet
  facet normal -0.5824776968678189 0.8128466845916031 0
    outer loop
      vertex -82.63028678473037 52.21495498434472 134
      vertex -82.74996697570589 52.12919337231927 138
      vertex -82.63028678473037 52.21495498434472 138
    endloop
  endfacet
  facet normal -0.6343932841636585 0.7730104533627264 0
    outer loop
      vertex -82.51647191602484 52.308360433172304 134
      vertex -82.63028678473037 52.21495498434472 138
      vertex -82.51647191602484 52.308360433172304 138
    endloop
  endfacet
  facet normal -0.683592302022884 0.7298640726978237 0
    outer loop
      vertex -82.40900974233027 52.40900974233027 134
      vertex -82.51647191602484 52.308360433172304 138
      vertex -82.40900974233027 52.40900974233027 138
    endloop
  endfacet
  facet normal -0.7298640726978222 0.6835923020228856 0
    outer loop
      vertex -82.3083604331723 52.51647191602485 134
      vertex -82.40900974233027 52.40900974233027 138
      vertex -82.3083604331723 52.51647191602485 138
    endloop
  endfacet
  facet normal -0.7730104533627264 0.6343932841636585 0
    outer loop
      vertex -82.21495498434471 52.63028678473038 134
      vertex -82.3083604331723 52.51647191602485 138
      vertex -82.21495498434471 52.63028678473038 138
    endloop
  endfacet
  facet normal -0.8128466845916488 0.5824776968677552 0
    outer loop
      vertex -82.12919337231928 52.749966975705895 134
      vertex -82.21495498434471 52.63028678473038 138
      vertex -82.12919337231928 52.749966975705895 138
    endloop
  endfacet
  facet normal -0.8492021815265623 0.5280678506503947 0
    outer loop
      vertex -82.05144284148501 52.875 134
      vertex -82.12919337231928 52.749966975705895 138
      vertex -82.05144284148501 52.875 138
    endloop
  endfacet
  facet normal 0.8819212643483716 0.47139673682596656 0
    outer loop
      vertex -85.94855715851499 52.875 134
      vertex -86.01796366844854 53.00485044700725 138
      vertex -85.94855715851499 52.875 138
    endloop
  endfacet
  facet normal 0.9108638249211538 0.41270702980444324 0
    outer loop
      vertex -86.01796366844854 53.00485044700725 134
      vertex -86.0787289481504 53.13896227717855 138
      vertex -86.01796366844854 53.00485044700725 138
    endloop
  endfacet
  facet normal 0.9359059267573154 0.3522500479212606 0
    outer loop
      vertex -86.0787289481504 53.13896227717855 134
      vertex -86.130592791364 53.276761203067885 138
      vertex -86.0787289481504 53.13896227717855 138
    endloop
  endfacet
  facet normal 0.9569403357322177 0.2902846772544333 0
    outer loop
      vertex -86.130592791364 53.276761203067885 134
      vertex -86.1733331091504 53.417657148519325 138
      vertex -86.130592791364 53.276761203067885 138
    endloop
  endfacet
  facet normal 0.9738769792773389 0.22707626303435144 0
    outer loop
      vertex -86.1733331091504 53.417657148519325 134
      vertex -86.20676688090727 53.56104677546371 138
      vertex -86.1733331091504 53.417657148519325 138
    endloop
  endfacet
  facet normal 0.9866433320848742 0.16289547339461752 0
    outer loop
      vertex -86.20676688090727 53.56104677546371 134
      vertex -86.23075093809108 53.706316067504886 138
      vertex -86.20676688090727 53.56104677546371 138
    endloop
  endfacet
  facet normal 0.9951847266722015 0.09801714032951449 0
    outer loop
      vertex -86.23075093809108 53.706316067504886 134
      vertex -86.24518257728685 53.85284295923218 138
      vertex -86.23075093809108 53.706316067504886 138
    endloop
  endfacet
  facet normal 0.9994645874763648 0.03271908282179856 0
    outer loop
      vertex -86.24518257728685 53.85284295923218 134
      vertex -86.25 54 138
      vertex -86.24518257728685 53.85284295923218 138
    endloop
  endfacet
  facet normal 0.9994645874763648 -0.03271908282179856 0
    outer loop
      vertex -86.25 54 134
      vertex -86.24518257728685 54.14715704076782 138
      vertex -86.25 54 138
    endloop
  endfacet
  facet normal 0.9951847266722015 -0.09801714032951449 0
    outer loop
      vertex -86.24518257728685 54.14715704076782 134
      vertex -86.23075093809108 54.293683932495114 138
      vertex -86.24518257728685 54.14715704076782 138
    endloop
  endfacet
  facet normal 0.9866433320848742 -0.16289547339461752 0
    outer loop
      vertex -86.23075093809108 54.293683932495114 134
      vertex -86.20676688090727 54.43895322453629 138
      vertex -86.23075093809108 54.293683932495114 138
    endloop
  endfacet
  facet normal 0.9738769792773389 -0.22707626303435144 0
    outer loop
      vertex -86.20676688090727 54.43895322453629 134
      vertex -86.1733331091504 54.582342851480675 138
      vertex -86.20676688090727 54.43895322453629 138
    endloop
  endfacet
  facet normal 0.9569403357322177 -0.2902846772544333 0
    outer loop
      vertex -86.1733331091504 54.582342851480675 134
      vertex -86.130592791364 54.723238796932115 138
      vertex -86.1733331091504 54.582342851480675 138
    endloop
  endfacet
  facet normal 0.9359059267573154 -0.3522500479212606 0
    outer loop
      vertex -86.130592791364 54.723238796932115 134
      vertex -86.0787289481504 54.86103772282145 138
      vertex -86.130592791364 54.723238796932115 138
    endloop
  endfacet
  facet normal 0.9108638249211538 -0.41270702980444324 0
    outer loop
      vertex -86.0787289481504 54.86103772282145 134
      vertex -86.01796366844854 54.99514955299275 138
      vertex -86.0787289481504 54.86103772282145 138
    endloop
  endfacet
  facet normal -0.8819212643483716 0.47139673682596656 0
    outer loop
      vertex -81.98203633155146 53.00485044700725 134
      vertex -82.05144284148501 52.875 138
      vertex -81.98203633155146 53.00485044700725 138
    endloop
  endfacet
  facet normal -0.9108638249211538 0.41270702980444324 0
    outer loop
      vertex -81.9212710518496 53.13896227717855 134
      vertex -81.98203633155146 53.00485044700725 138
      vertex -81.9212710518496 53.13896227717855 138
    endloop
  endfacet
  facet normal -0.9359059267573154 0.3522500479212606 0
    outer loop
      vertex -81.869407208636 53.276761203067885 134
      vertex -81.9212710518496 53.13896227717855 138
      vertex -81.869407208636 53.276761203067885 138
    endloop
  endfacet
  facet normal -0.9569403357322177 0.2902846772544333 0
    outer loop
      vertex -81.8266668908496 53.417657148519325 134
      vertex -81.869407208636 53.276761203067885 138
      vertex -81.8266668908496 53.417657148519325 138
    endloop
  endfacet
  facet normal -0.9738769792773389 0.22707626303435144 0
    outer loop
      vertex -81.79323311909273 53.56104677546371 134
      vertex -81.8266668908496 53.417657148519325 138
      vertex -81.79323311909273 53.56104677546371 138
    endloop
  endfacet
  facet normal -0.9866433320848742 0.16289547339461752 0
    outer loop
      vertex -81.76924906190892 53.706316067504886 134
      vertex -81.79323311909273 53.56104677546371 138
      vertex -81.76924906190892 53.706316067504886 138
    endloop
  endfacet
  facet normal -0.9951847266722015 0.09801714032951449 0
    outer loop
      vertex -81.75481742271315 53.85284295923218 134
      vertex -81.76924906190892 53.706316067504886 138
      vertex -81.75481742271315 53.85284295923218 138
    endloop
  endfacet
  facet normal -0.9108638249211538 -0.41270702980444324 0
    outer loop
      vertex -81.98203633155146 54.99514955299275 134
      vertex -81.9212710518496 54.86103772282145 138
      vertex -81.98203633155146 54.99514955299275 138
    endloop
  endfacet
  facet normal -0.9994645874763648 0.03271908282179856 0
    outer loop
      vertex -81.75 54 134
      vertex -81.75481742271315 53.85284295923218 138
      vertex -81.75 54 138
    endloop
  endfacet
  facet normal -0.9994645874763648 -0.03271908282179856 0
    outer loop
      vertex -81.75481742271315 54.14715704076782 134
      vertex -81.75 54 138
      vertex -81.75481742271315 54.14715704076782 138
    endloop
  endfacet
  facet normal -0.9951847266722015 -0.09801714032951449 0
    outer loop
      vertex -81.76924906190892 54.293683932495114 134
      vertex -81.75481742271315 54.14715704076782 138
      vertex -81.76924906190892 54.293683932495114 138
    endloop
  endfacet
  facet normal -0.9866433320848742 -0.16289547339461752 0
    outer loop
      vertex -81.79323311909273 54.43895322453629 134
      vertex -81.76924906190892 54.293683932495114 138
      vertex -81.79323311909273 54.43895322453629 138
    endloop
  endfacet
  facet normal -0.9738769792773389 -0.22707626303435144 0
    outer loop
      vertex -81.8266668908496 54.582342851480675 134
      vertex -81.79323311909273 54.43895322453629 138
      vertex -81.8266668908496 54.582342851480675 138
    endloop
  endfacet
  facet normal -0.9569403357322177 -0.2902846772544333 0
    outer loop
      vertex -81.869407208636 54.723238796932115 134
      vertex -81.8266668908496 54.582342851480675 138
      vertex -81.869407208636 54.723238796932115 138
    endloop
  endfacet
  facet normal -0.9359059267573154 -0.3522500479212606 0
    outer loop
      vertex -81.9212710518496 54.86103772282145 134
      vertex -81.869407208636 54.723238796932115 138
      vertex -81.9212710518496 54.86103772282145 138
    endloop
  endfacet
  facet normal 0.8819212643483716 -0.47139673682596656 0
    outer loop
      vertex -86.01796366844854 54.99514955299275 134
      vertex -85.94855715851499 55.125 138
      vertex -86.01796366844854 54.99514955299275 138
    endloop
  endfacet
  facet normal 0.8492021815265623 -0.5280678506503947 0
    outer loop
      vertex -85.94855715851499 55.125 134
      vertex -85.87080662768072 55.250033024294105 138
      vertex -85.94855715851499 55.125 138
    endloop
  endfacet
  facet normal 0.8128466845916488 -0.5824776968677552 0
    outer loop
      vertex -85.87080662768072 55.250033024294105 134
      vertex -85.78504501565529 55.36971321526962 138
      vertex -85.87080662768072 55.250033024294105 138
    endloop
  endfacet
  facet normal 0.7730104533627264 -0.6343932841636585 0
    outer loop
      vertex -85.78504501565529 55.36971321526962 134
      vertex -85.6916395668277 55.48352808397515 138
      vertex -85.78504501565529 55.36971321526962 138
    endloop
  endfacet
  facet normal 0.7298640726978222 -0.6835923020228856 0
    outer loop
      vertex -85.6916395668277 55.48352808397515 134
      vertex -85.59099025766973 55.59099025766973 138
      vertex -85.6916395668277 55.48352808397515 138
    endloop
  endfacet
  facet normal 0.683592302022884 -0.7298640726978237 0
    outer loop
      vertex -85.59099025766973 55.59099025766973 134
      vertex -85.48352808397516 55.691639566827696 138
      vertex -85.59099025766973 55.59099025766973 138
    endloop
  endfacet
  facet normal 0.6343932841636585 -0.7730104533627264 0
    outer loop
      vertex -85.48352808397516 55.691639566827696 134
      vertex -85.36971321526963 55.78504501565528 138
      vertex -85.48352808397516 55.691639566827696 138
    endloop
  endfacet
  facet normal 0.5824776968678189 -0.8128466845916031 0
    outer loop
      vertex -85.36971321526963 55.78504501565528 134
      vertex -85.25003302429411 55.87080662768073 138
      vertex -85.36971321526963 55.78504501565528 138
    endloop
  endfacet
  facet normal 0.5280678506503382 -0.8492021815265973 0
    outer loop
      vertex -85.25003302429411 55.87080662768073 134
      vertex -85.125 55.94855715851499 138
      vertex -85.25003302429411 55.87080662768073 138
    endloop
  endfacet
  facet normal 0.47139673682602423 -0.881921264348341 0
    outer loop
      vertex -85.125 55.94855715851499 134
      vertex -84.99514955299276 56.01796366844855 138
      vertex -85.125 55.94855715851499 138
    endloop
  endfacet
  facet normal 0.41270702980434504 -0.9108638249211983 0
    outer loop
      vertex -84.99514955299276 56.01796366844855 134
      vertex -84.86103772282145 56.07872894815039 138
      vertex -84.99514955299276 56.01796366844855 138
    endloop
  endfacet
  facet normal 0.3522500479212447 -0.9359059267573215 0
    outer loop
      vertex -84.86103772282145 56.07872894815039 134
      vertex -84.72323879693211 56.13059279136399 138
      vertex -84.86103772282145 56.07872894815039 138
    endloop
  endfacet
  facet normal 0.29028467725449086 -0.9569403357322002 0
    outer loop
      vertex -84.72323879693211 56.13059279136399 134
      vertex -84.58234285148067 56.173333109150406 138
      vertex -84.72323879693211 56.13059279136399 138
    endloop
  endfacet
  facet normal 0.22707626303435144 -0.9738769792773389 0
    outer loop
      vertex -84.58234285148067 56.173333109150406 134
      vertex -84.43895322453629 56.20676688090727 138
      vertex -84.58234285148067 56.173333109150406 138
    endloop
  endfacet
  facet normal 0.16289547339457053 -0.9866433320848819 0
    outer loop
      vertex -84.43895322453629 56.20676688090727 134
      vertex -84.29368393249511 56.23075093809107 138
      vertex -84.43895322453629 56.20676688090727 138
    endloop
  endfacet
  facet normal 0.09801714032956228 -0.9951847266721967 0
    outer loop
      vertex -84.29368393249511 56.23075093809107 134
      vertex -84.14715704076782 56.245182577286855 138
      vertex -84.29368393249511 56.23075093809107 138
    endloop
  endfacet
  facet normal 0.03271908282179856 -0.9994645874763648 0
    outer loop
      vertex -84.14715704076782 56.245182577286855 134
      vertex -84 56.25 138
      vertex -84.14715704076782 56.245182577286855 138
    endloop
  endfacet
  facet normal -0.03271908282179856 -0.9994645874763648 0
    outer loop
      vertex -84 56.25 134
      vertex -83.85284295923218 56.245182577286855 138
      vertex -84 56.25 138
    endloop
  endfacet
  facet normal -0.09801714032956228 -0.9951847266721967 0
    outer loop
      vertex -83.85284295923218 56.245182577286855 134
      vertex -83.70631606750489 56.23075093809107 138
      vertex -83.85284295923218 56.245182577286855 138
    endloop
  endfacet
  facet normal -0.16289547339457053 -0.9866433320848819 0
    outer loop
      vertex -83.70631606750489 56.23075093809107 134
      vertex -83.56104677546371 56.20676688090727 138
      vertex -83.70631606750489 56.23075093809107 138
    endloop
  endfacet
  facet normal -0.22707626303435144 -0.9738769792773389 0
    outer loop
      vertex -83.56104677546371 56.20676688090727 134
      vertex -83.41765714851933 56.173333109150406 138
      vertex -83.56104677546371 56.20676688090727 138
    endloop
  endfacet
  facet normal -0.8819212643483716 -0.47139673682596656 0
    outer loop
      vertex -82.05144284148501 55.125 134
      vertex -81.98203633155146 54.99514955299275 138
      vertex -82.05144284148501 55.125 138
    endloop
  endfacet
  facet normal -0.8492021815265623 -0.5280678506503947 0
    outer loop
      vertex -82.12919337231928 55.250033024294105 134
      vertex -82.05144284148501 55.125 138
      vertex -82.12919337231928 55.250033024294105 138
    endloop
  endfacet
  facet normal -0.8128466845916488 -0.5824776968677552 0
    outer loop
      vertex -82.21495498434471 55.36971321526962 134
      vertex -82.12919337231928 55.250033024294105 138
      vertex -82.21495498434471 55.36971321526962 138
    endloop
  endfacet
  facet normal -0.7730104533627264 -0.6343932841636585 0
    outer loop
      vertex -82.3083604331723 55.48352808397515 134
      vertex -82.21495498434471 55.36971321526962 138
      vertex -82.3083604331723 55.48352808397515 138
    endloop
  endfacet
  facet normal -0.41270702980434504 -0.9108638249211983 0
    outer loop
      vertex -83.13896227717855 56.07872894815039 134
      vertex -83.00485044700724 56.01796366844855 138
      vertex -83.13896227717855 56.07872894815039 138
    endloop
  endfacet
  facet normal -0.5824776968678189 -0.8128466845916031 0
    outer loop
      vertex -82.74996697570589 55.87080662768073 134
      vertex -82.63028678473037 55.78504501565528 138
      vertex -82.74996697570589 55.87080662768073 138
    endloop
  endfacet
  facet normal -0.5280678506503382 -0.8492021815265973 0
    outer loop
      vertex -82.875 55.94855715851499 134
      vertex -82.74996697570589 55.87080662768073 138
      vertex -82.875 55.94855715851499 138
    endloop
  endfacet
  facet normal -0.47139673682602423 -0.881921264348341 0
    outer loop
      vertex -83.00485044700724 56.01796366844855 134
      vertex -82.875 55.94855715851499 138
      vertex -83.00485044700724 56.01796366844855 138
    endloop
  endfacet
  facet normal -0.683592302022884 -0.7298640726978237 0
    outer loop
      vertex -82.51647191602484 55.691639566827696 134
      vertex -82.40900974233027 55.59099025766973 138
      vertex -82.51647191602484 55.691639566827696 138
    endloop
  endfacet
  facet normal -0.7298640726978222 -0.6835923020228856 0
    outer loop
      vertex -82.40900974233027 55.59099025766973 134
      vertex -82.3083604331723 55.48352808397515 138
      vertex -82.40900974233027 55.59099025766973 138
    endloop
  endfacet
  facet normal -0.6343932841636585 -0.7730104533627264 0
    outer loop
      vertex -82.63028678473037 55.78504501565528 134
      vertex -82.51647191602484 55.691639566827696 138
      vertex -82.63028678473037 55.78504501565528 138
    endloop
  endfacet
  facet normal -0.3522500479212447 -0.9359059267573215 0
    outer loop
      vertex -83.27676120306789 56.13059279136399 134
      vertex -83.13896227717855 56.07872894815039 138
      vertex -83.27676120306789 56.13059279136399 138
    endloop
  endfacet
  facet normal -0.29028467725449086 -0.9569403357322002 0
    outer loop
      vertex -83.41765714851933 56.173333109150406 134
      vertex -83.27676120306789 56.13059279136399 138
      vertex -83.41765714851933 56.173333109150406 138
    endloop
  endfacet
  facet normal 0.35225004792122355 0.9359059267573295 0
    outer loop
      vertex 83.13896227717855 15.921271051849605 134
      vertex 83.13896227717855 15.921271051849605 138
      vertex 83.27676120306789 15.869407208636012 134
    endloop
  endfacet
  facet normal 0.2902846772544799 0.9569403357322036 0
    outer loop
      vertex 83.27676120306789 15.869407208636012 134
      vertex 83.27676120306789 15.869407208636012 138
      vertex 83.41765714851933 15.826666890849596 134
    endloop
  endfacet
  facet normal 0.4713967368260054 0.8819212643483509 -1.8357543772337743e-19
    outer loop
      vertex 83.00485044700724 15.982036331551452 134
      vertex 82.875 16.051442841485013 134
      vertex 82.875 16.051442841485013 138
    endloop
  endfacet
  facet normal 0.5280678506503557 0.8492021815265866 0
    outer loop
      vertex 82.74996697570589 16.129193372319275 134
      vertex 82.74996697570589 16.129193372319275 138
      vertex 82.875 16.051442841485013 134
    endloop
  endfacet
  facet normal 0.582477696867803 0.8128466845916147 0
    outer loop
      vertex 82.63028678473037 16.214954984344722 134
      vertex 82.63028678473037 16.214954984344722 138
      vertex 82.74996697570589 16.129193372319275 134
    endloop
  endfacet
  facet normal 0.412707029804385 0.9108638249211801 0
    outer loop
      vertex 83.00485044700724 15.982036331551452 134
      vertex 83.00485044700724 15.982036331551452 138
      vertex 83.13896227717855 15.921271051849605 134
    endloop
  endfacet
  facet normal 0.634393284163644 0.7730104533627382 1.4333094608688732e-18
    outer loop
      vertex 82.63028678473037 16.214954984344722 134
      vertex 82.51647191602484 16.3083604331723 134
      vertex 82.51647191602484 16.3083604331723 138
    endloop
  endfacet
  facet normal 0.6835923020228969 0.7298640726978117 0
    outer loop
      vertex 82.40900974233027 16.40900974233027 134
      vertex 82.40900974233027 16.40900974233027 138
      vertex 82.51647191602484 16.3083604331723 134
    endloop
  endfacet
  facet normal 0.729864072697811 0.6835923020228978 -1.3049332828013517e-18
    outer loop
      vertex 82.40900974233027 16.40900974233027 134
      vertex 82.3083604331723 16.516471916024845 134
      vertex 82.3083604331723 16.516471916024845 138
    endloop
  endfacet
  facet normal 0.773010453362736 0.6343932841636465 0
    outer loop
      vertex 82.21495498434471 16.63028678473038 134
      vertex 82.21495498434471 16.63028678473038 138
      vertex 82.3083604331723 16.516471916024845 134
    endloop
  endfacet
  facet normal 0.8128466845916488 0.5824776968677552 -3.8904388256686114e-19
    outer loop
      vertex 82.21495498434471 16.63028678473038 134
      vertex 82.12919337231928 16.749966975705895 134
      vertex 82.12919337231928 16.749966975705895 138
    endloop
  endfacet
  facet normal 0.2270762630343743 0.9738769792773335 -6.272445774318914e-19
    outer loop
      vertex 83.56104677546371 15.793233119092731 134
      vertex 83.41765714851933 15.826666890849596 134
      vertex 83.41765714851933 15.826666890849596 138
    endloop
  endfacet
  facet normal 0.1628954733945823 0.98664333208488 0
    outer loop
      vertex 83.56104677546371 15.793233119092731 134
      vertex 83.56104677546371 15.793233119092731 138
      vertex 83.70631606750489 15.769249061908926 134
    endloop
  endfacet
  facet normal 0.03271908282177446 0.9994645874763656 0
    outer loop
      vertex 83.85284295923218 15.754817422713142 134
      vertex 83.85284295923218 15.754817422713142 138
      vertex 84 15.75 134
    endloop
  endfacet
  facet normal 0.09801714032956228 0.9951847266721967 0
    outer loop
      vertex 83.70631606750489 15.769249061908926 134
      vertex 83.70631606750489 15.769249061908926 138
      vertex 83.85284295923218 15.754817422713142 134
    endloop
  endfacet
  facet normal -0.03271908282177446 0.9994645874763656 0
    outer loop
      vertex 84 15.75 134
      vertex 84 15.75 138
      vertex 84.14715704076782 15.754817422713142 134
    endloop
  endfacet
  facet normal -0.09801714032956228 0.9951847266721967 0
    outer loop
      vertex 84.14715704076782 15.754817422713142 134
      vertex 84.14715704076782 15.754817422713142 138
      vertex 84.29368393249511 15.769249061908926 134
    endloop
  endfacet
  facet normal -0.1628954733945823 0.98664333208488 0
    outer loop
      vertex 84.29368393249511 15.769249061908926 134
      vertex 84.29368393249511 15.769249061908926 138
      vertex 84.43895322453629 15.793233119092731 134
    endloop
  endfacet
  facet normal -0.2270762630343743 0.9738769792773335 0
    outer loop
      vertex 84.43895322453629 15.793233119092731 134
      vertex 84.43895322453629 15.793233119092731 138
      vertex 84.58234285148067 15.826666890849596 134
    endloop
  endfacet
  facet normal -0.2902846772544799 0.9569403357322036 0
    outer loop
      vertex 84.58234285148067 15.826666890849596 134
      vertex 84.58234285148067 15.826666890849596 138
      vertex 84.72323879693211 15.869407208636012 134
    endloop
  endfacet
  facet normal -0.35225004792122355 0.9359059267573295 0
    outer loop
      vertex 84.72323879693211 15.869407208636012 134
      vertex 84.72323879693211 15.869407208636012 138
      vertex 84.86103772282145 15.921271051849605 134
    endloop
  endfacet
  facet normal -0.412707029804385 0.9108638249211801 0
    outer loop
      vertex 84.86103772282145 15.921271051849605 134
      vertex 84.86103772282145 15.921271051849605 138
      vertex 84.99514955299276 15.982036331551452 134
    endloop
  endfacet
  facet normal -0.4713967368260054 0.8819212643483509 0
    outer loop
      vertex 84.99514955299276 15.982036331551452 134
      vertex 84.99514955299276 15.982036331551452 138
      vertex 85.125 16.051442841485013 134
    endloop
  endfacet
  facet normal -0.5280678506503557 0.8492021815265866 0
    outer loop
      vertex 85.125 16.051442841485013 134
      vertex 85.125 16.051442841485013 138
      vertex 85.25003302429411 16.129193372319275 134
    endloop
  endfacet
  facet normal -0.582477696867803 0.8128466845916147 0
    outer loop
      vertex 85.25003302429411 16.129193372319275 134
      vertex 85.25003302429411 16.129193372319275 138
      vertex 85.36971321526963 16.214954984344722 134
    endloop
  endfacet
  facet normal -0.634393284163644 0.7730104533627382 0
    outer loop
      vertex 85.36971321526963 16.214954984344722 134
      vertex 85.36971321526963 16.214954984344722 138
      vertex 85.48352808397516 16.3083604331723 134
    endloop
  endfacet
  facet normal -0.6835923020228969 0.7298640726978117 0
    outer loop
      vertex 85.48352808397516 16.3083604331723 134
      vertex 85.48352808397516 16.3083604331723 138
      vertex 85.59099025766973 16.40900974233027 134
    endloop
  endfacet
  facet normal -0.729864072697811 0.6835923020228978 0
    outer loop
      vertex 85.59099025766973 16.40900974233027 134
      vertex 85.59099025766973 16.40900974233027 138
      vertex 85.6916395668277 16.516471916024845 134
    endloop
  endfacet
  facet normal -0.773010453362736 0.6343932841636465 0
    outer loop
      vertex 85.6916395668277 16.516471916024845 134
      vertex 85.6916395668277 16.516471916024845 138
      vertex 85.78504501565529 16.63028678473038 134
    endloop
  endfacet
  facet normal -0.8128466845916488 0.5824776968677552 0
    outer loop
      vertex 85.78504501565529 16.63028678473038 134
      vertex 85.78504501565529 16.63028678473038 138
      vertex 85.87080662768072 16.749966975705895 134
    endloop
  endfacet
  facet normal 0.9359059267573154 0.3522500479212606 -4.1925513763811884e-19
    outer loop
      vertex 81.9212710518496 17.13896227717855 134
      vertex 81.869407208636 17.276761203067885 134
      vertex 81.869407208636 17.276761203067885 138
    endloop
  endfacet
  facet normal 0.9569403357322197 0.2902846772544266 -2.438314503008223e-19
    outer loop
      vertex 81.869407208636 17.276761203067885 134
      vertex 81.8266668908496 17.41765714851933 134
      vertex 81.8266668908496 17.41765714851933 138
    endloop
  endfacet
  facet normal 0.9738769792773389 0.22707626303435144 -1.5020586554888885e-19
    outer loop
      vertex 81.8266668908496 17.41765714851933 134
      vertex 81.79323311909273 17.561046775463712 134
      vertex 81.79323311909273 17.561046775463712 138
    endloop
  endfacet
  facet normal 0.9866433320848729 0.16289547339462526 3.105380802393264e-20
    outer loop
      vertex 81.79323311909273 17.561046775463712 134
      vertex 81.76924906190892 17.706316067504883 134
      vertex 81.76924906190892 17.706316067504883 138
    endloop
  endfacet
  facet normal 0.9951847266722017 0.09801714032951214 -1.7476936182998115e-19
    outer loop
      vertex 81.76924906190892 17.706316067504883 134
      vertex 81.75481742271315 17.852842959232177 134
      vertex 81.75481742271315 17.852842959232177 138
    endloop
  endfacet
  facet normal 0.8492021815265623 0.5280678506503947 0
    outer loop
      vertex 82.05144284148501 16.875 134
      vertex 82.05144284148501 16.875 138
      vertex 82.12919337231928 16.749966975705895 134
    endloop
  endfacet
  facet normal 0.8819212643483663 0.4713967368259766 -8.045331095585668e-19
    outer loop
      vertex 82.05144284148501 16.875 134
      vertex 81.98203633155146 17.004850447007247 134
      vertex 81.98203633155146 17.004850447007247 138
    endloop
  endfacet
  facet normal 0.9108638249211579 0.41270702980443413 0
    outer loop
      vertex 81.9212710518496 17.13896227717855 134
      vertex 81.9212710518496 17.13896227717855 138
      vertex 81.98203633155146 17.004850447007247 134
    endloop
  endfacet
  facet normal 0.9994645874763648 0.03271908282179856 -6.737635608824902e-20
    outer loop
      vertex 81.75481742271315 17.852842959232177 134
      vertex 81.75 18 134
      vertex 81.75 18 138
    endloop
  endfacet
  facet normal 0.9994645874763648 -0.03271908282179856 6.737635608824902e-20
    outer loop
      vertex 81.75 18 134
      vertex 81.75481742271315 18.147157040767823 134
      vertex 81.75481742271315 18.147157040767823 138
    endloop
  endfacet
  facet normal 0.9951847266722017 -0.09801714032951214 1.7476936182998115e-19
    outer loop
      vertex 81.75481742271315 18.147157040767823 134
      vertex 81.76924906190892 18.293683932495117 134
      vertex 81.76924906190892 18.293683932495117 138
    endloop
  endfacet
  facet normal 0.9866433320848729 -0.16289547339462526 -3.105380802393264e-20
    outer loop
      vertex 81.76924906190892 18.293683932495117 134
      vertex 81.79323311909273 18.438953224536288 134
      vertex 81.79323311909273 18.438953224536288 138
    endloop
  endfacet
  facet normal 0.9738769792773389 -0.22707626303435144 1.5020586554888885e-19
    outer loop
      vertex 81.79323311909273 18.438953224536288 134
      vertex 81.8266668908496 18.58234285148067 134
      vertex 81.8266668908496 18.58234285148067 138
    endloop
  endfacet
  facet normal 0.9569403357322197 -0.2902846772544266 2.438314503008223e-19
    outer loop
      vertex 81.8266668908496 18.58234285148067 134
      vertex 81.869407208636 18.723238796932115 134
      vertex 81.869407208636 18.723238796932115 138
    endloop
  endfacet
  facet normal 0.9359059267573154 -0.3522500479212606 4.1925513763811884e-19
    outer loop
      vertex 81.869407208636 18.723238796932115 134
      vertex 81.9212710518496 18.86103772282145 134
      vertex 81.9212710518496 18.86103772282145 138
    endloop
  endfacet
  facet normal -0.8492021815265623 0.5280678506503947 0
    outer loop
      vertex 85.87080662768072 16.749966975705895 134
      vertex 85.87080662768072 16.749966975705895 138
      vertex 85.94855715851499 16.875 134
    endloop
  endfacet
  facet normal -0.8819212643483663 0.4713967368259766 0
    outer loop
      vertex 85.94855715851499 16.875 134
      vertex 85.94855715851499 16.875 138
      vertex 86.01796366844854 17.004850447007247 134
    endloop
  endfacet
  facet normal -0.9108638249211579 0.41270702980443413 0
    outer loop
      vertex 86.01796366844854 17.004850447007247 134
      vertex 86.01796366844854 17.004850447007247 138
      vertex 86.0787289481504 17.13896227717855 134
    endloop
  endfacet
  facet normal -0.9359059267573154 0.3522500479212606 0
    outer loop
      vertex 86.0787289481504 17.13896227717855 134
      vertex 86.0787289481504 17.13896227717855 138
      vertex 86.130592791364 17.276761203067885 134
    endloop
  endfacet
  facet normal -0.9569403357322197 0.2902846772544266 0
    outer loop
      vertex 86.130592791364 17.276761203067885 134
      vertex 86.130592791364 17.276761203067885 138
      vertex 86.1733331091504 17.41765714851933 134
    endloop
  endfacet
  facet normal -0.9738769792773389 0.22707626303435144 0
    outer loop
      vertex 86.1733331091504 17.41765714851933 134
      vertex 86.1733331091504 17.41765714851933 138
      vertex 86.20676688090727 17.561046775463712 134
    endloop
  endfacet
  facet normal -0.9866433320848729 0.16289547339462526 0
    outer loop
      vertex 86.20676688090727 17.561046775463712 134
      vertex 86.20676688090727 17.561046775463712 138
      vertex 86.23075093809108 17.706316067504883 134
    endloop
  endfacet
  facet normal -0.9951847266722017 0.09801714032951214 0
    outer loop
      vertex 86.23075093809108 17.706316067504883 134
      vertex 86.23075093809108 17.706316067504883 138
      vertex 86.24518257728685 17.852842959232177 134
    endloop
  endfacet
  facet normal -0.9994645874763648 0.03271908282179856 0
    outer loop
      vertex 86.24518257728685 17.852842959232177 134
      vertex 86.24518257728685 17.852842959232177 138
      vertex 86.25 18 134
    endloop
  endfacet
  facet normal -0.9994645874763648 -0.03271908282179856 -6.737635608824902e-20
    outer loop
      vertex 86.24518257728685 18.147157040767823 134
      vertex 86.25 18 134
      vertex 86.25 18 138
    endloop
  endfacet
  facet normal -0.9951847266722017 -0.09801714032951214 0
    outer loop
      vertex 86.24518257728685 18.147157040767823 134
      vertex 86.24518257728685 18.147157040767823 138
      vertex 86.23075093809108 18.293683932495117 134
    endloop
  endfacet
  facet normal -0.9866433320848729 -0.16289547339462526 0
    outer loop
      vertex 86.23075093809108 18.293683932495117 134
      vertex 86.23075093809108 18.293683932495117 138
      vertex 86.20676688090727 18.438953224536288 134
    endloop
  endfacet
  facet normal -0.9738769792773389 -0.22707626303435144 0
    outer loop
      vertex 86.20676688090727 18.438953224536288 134
      vertex 86.20676688090727 18.438953224536288 138
      vertex 86.1733331091504 18.58234285148067 134
    endloop
  endfacet
  facet normal -0.9569403357322197 -0.2902846772544266 0
    outer loop
      vertex 86.1733331091504 18.58234285148067 134
      vertex 86.1733331091504 18.58234285148067 138
      vertex 86.130592791364 18.723238796932115 134
    endloop
  endfacet
  facet normal -0.9359059267573154 -0.3522500479212606 0
    outer loop
      vertex 86.130592791364 18.723238796932115 134
      vertex 86.130592791364 18.723238796932115 138
      vertex 86.0787289481504 18.86103772282145 134
    endloop
  endfacet
  facet normal 0.9108638249211579 -0.41270702980443413 1.0908660231718026e-18
    outer loop
      vertex 81.9212710518496 18.86103772282145 134
      vertex 81.98203633155146 18.995149552992753 134
      vertex 81.98203633155146 18.995149552992753 138
    endloop
  endfacet
  facet normal 0.8819212643483663 -0.4713967368259766 8.045331095585668e-19
    outer loop
      vertex 81.98203633155146 18.995149552992753 134
      vertex 82.05144284148501 19.125 134
      vertex 82.05144284148501 19.125 138
    endloop
  endfacet
  facet normal 0.8492021815265623 -0.5280678506503947 3.774538634042454e-19
    outer loop
      vertex 82.05144284148501 19.125 134
      vertex 82.12919337231928 19.250033024294105 134
      vertex 82.12919337231928 19.250033024294105 138
    endloop
  endfacet
  facet normal 0.8128466845916488 -0.5824776968677552 3.8904388256686114e-19
    outer loop
      vertex 82.12919337231928 19.250033024294105 134
      vertex 82.21495498434471 19.36971321526962 134
      vertex 82.21495498434471 19.36971321526962 138
    endloop
  endfacet
  facet normal 0.773010453362736 -0.6343932841636465 -2.927877951860148e-19
    outer loop
      vertex 82.21495498434471 19.36971321526962 134
      vertex 82.3083604331723 19.483528083975155 134
      vertex 82.3083604331723 19.483528083975155 138
    endloop
  endfacet
  facet normal 0.729864072697811 -0.6835923020228978 1.3049332828013517e-18
    outer loop
      vertex 82.3083604331723 19.483528083975155 134
      vertex 82.40900974233027 19.59099025766973 134
      vertex 82.40900974233027 19.59099025766973 138
    endloop
  endfacet
  facet normal 0.6835923020228969 -0.7298640726978117 6.795573590858138e-19
    outer loop
      vertex 82.40900974233027 19.59099025766973 134
      vertex 82.51647191602484 19.6916395668277 134
      vertex 82.51647191602484 19.6916395668277 138
    endloop
  endfacet
  facet normal 0.634393284163644 -0.7730104533627382 -1.4333094608688732e-18
    outer loop
      vertex 82.51647191602484 19.6916395668277 134
      vertex 82.63028678473037 19.785045015655278 134
      vertex 82.63028678473037 19.785045015655278 138
    endloop
  endfacet
  facet normal 0.582477696867803 -0.8128466845916147 1.3171462321131327e-18
    outer loop
      vertex 82.63028678473037 19.785045015655278 134
      vertex 82.74996697570589 19.870806627680725 134
      vertex 82.74996697570589 19.870806627680725 138
    endloop
  endfacet
  facet normal 0.5280678506503557 -0.8492021815265866 -1.394135188089107e-18
    outer loop
      vertex 82.74996697570589 19.870806627680725 134
      vertex 82.875 19.948557158514987 134
      vertex 82.875 19.948557158514987 138
    endloop
  endfacet
  facet normal 0.4713967368260054 -0.8819212643483509 1.8357543772337743e-19
    outer loop
      vertex 82.875 19.948557158514987 134
      vertex 83.00485044700724 20.017963668448548 134
      vertex 83.00485044700724 20.017963668448548 138
    endloop
  endfacet
  facet normal 0.412707029804385 -0.9108638249211801 1.4597479436187478e-18
    outer loop
      vertex 83.00485044700724 20.017963668448548 134
      vertex 83.13896227717855 20.078728948150395 134
      vertex 83.13896227717855 20.078728948150395 138
    endloop
  endfacet
  facet normal 0.35225004792122355 -0.9359059267573295 -3.9929013541210115e-19
    outer loop
      vertex 83.13896227717855 20.078728948150395 134
      vertex 83.27676120306789 20.130592791363988 134
      vertex 83.27676120306789 20.130592791363988 138
    endloop
  endfacet
  facet normal 0.29028467725449086 -0.9569403357322002 2.829477375854839e-19
    outer loop
      vertex 83.27676120306789 20.130592791363988 134
      vertex 83.41765714851933 20.173333109150406 134
      vertex 83.41765714851933 20.173333109150406 138
    endloop
  endfacet
  facet normal -0.9108638249211579 -0.41270702980443413 0
    outer loop
      vertex 86.0787289481504 18.86103772282145 134
      vertex 86.0787289481504 18.86103772282145 138
      vertex 86.01796366844854 18.995149552992753 134
    endloop
  endfacet
  facet normal -0.8819212643483663 -0.4713967368259766 0
    outer loop
      vertex 86.01796366844854 18.995149552992753 134
      vertex 86.01796366844854 18.995149552992753 138
      vertex 85.94855715851499 19.125 134
    endloop
  endfacet
  facet normal -0.8128466845916488 -0.5824776968677552 0
    outer loop
      vertex 85.87080662768072 19.250033024294105 134
      vertex 85.87080662768072 19.250033024294105 138
      vertex 85.78504501565529 19.36971321526962 134
    endloop
  endfacet
  facet normal -0.8492021815265623 -0.5280678506503947 -3.774538634042454e-19
    outer loop
      vertex 85.87080662768072 19.250033024294105 134
      vertex 85.94855715851499 19.125 134
      vertex 85.94855715851499 19.125 138
    endloop
  endfacet
  facet normal -0.634393284163644 -0.7730104533627382 0
    outer loop
      vertex 85.48352808397516 19.6916395668277 134
      vertex 85.48352808397516 19.6916395668277 138
      vertex 85.36971321526963 19.785045015655278 134
    endloop
  endfacet
  facet normal -0.582477696867803 -0.8128466845916147 -1.3171462321131327e-18
    outer loop
      vertex 85.25003302429411 19.870806627680725 134
      vertex 85.36971321526963 19.785045015655278 134
      vertex 85.36971321526963 19.785045015655278 138
    endloop
  endfacet
  facet normal -0.5280678506503557 -0.8492021815265866 1.394135188089107e-18
    outer loop
      vertex 85.125 19.948557158514987 134
      vertex 85.25003302429411 19.870806627680725 134
      vertex 85.25003302429411 19.870806627680725 138
    endloop
  endfacet
  facet normal -0.729864072697811 -0.6835923020228978 0
    outer loop
      vertex 85.6916395668277 19.483528083975155 134
      vertex 85.6916395668277 19.483528083975155 138
      vertex 85.59099025766973 19.59099025766973 134
    endloop
  endfacet
  facet normal -0.773010453362736 -0.6343932841636465 2.927877951860148e-19
    outer loop
      vertex 85.6916395668277 19.483528083975155 134
      vertex 85.78504501565529 19.36971321526962 134
      vertex 85.78504501565529 19.36971321526962 138
    endloop
  endfacet
  facet normal -0.6835923020228969 -0.7298640726978117 -6.795573590858138e-19
    outer loop
      vertex 85.48352808397516 19.6916395668277 134
      vertex 85.59099025766973 19.59099025766973 134
      vertex 85.59099025766973 19.59099025766973 138
    endloop
  endfacet
  facet normal 0.22707626303435144 -0.9738769792773389 1.5020586554888885e-19
    outer loop
      vertex 83.41765714851933 20.173333109150406 134
      vertex 83.56104677546371 20.206766880907267 134
      vertex 83.56104677546371 20.206766880907267 138
    endloop
  endfacet
  facet normal 0.16289547339459404 -0.9866433320848782 -9.824581623106419e-20
    outer loop
      vertex 83.56104677546371 20.206766880907267 134
      vertex 83.70631606750489 20.230750938091074 134
      vertex 83.70631606750489 20.230750938091074 138
    endloop
  endfacet
  facet normal 0.09801714032956228 -0.9951847266721967 -2.1358842182477346e-19
    outer loop
      vertex 83.70631606750489 20.230750938091074 134
      vertex 83.85284295923218 20.245182577286858 134
      vertex 83.85284295923218 20.245182577286858 138
    endloop
  endfacet
  facet normal 0.03271908282177446 -0.9994645874763656 5.966068351844339e-20
    outer loop
      vertex 83.85284295923218 20.245182577286858 134
      vertex 84 20.25 134
      vertex 84 20.25 138
    endloop
  endfacet
  facet normal -0.22707626303435144 -0.9738769792773389 0
    outer loop
      vertex 84.58234285148067 20.173333109150406 134
      vertex 84.58234285148067 20.173333109150406 138
      vertex 84.43895322453629 20.206766880907267 134
    endloop
  endfacet
  facet normal -0.29028467725449086 -0.9569403357322002 -2.829477375854839e-19
    outer loop
      vertex 84.58234285148067 20.173333109150406 134
      vertex 84.72323879693211 20.130592791363988 134
      vertex 84.72323879693211 20.130592791363988 138
    endloop
  endfacet
  facet normal -0.03271908282177446 -0.9994645874763656 -5.966068351844339e-20
    outer loop
      vertex 84 20.25 134
      vertex 84.14715704076782 20.245182577286858 134
      vertex 84.14715704076782 20.245182577286858 138
    endloop
  endfacet
  facet normal -0.09801714032956228 -0.9951847266721967 2.1358842182477346e-19
    outer loop
      vertex 84.14715704076782 20.245182577286858 134
      vertex 84.29368393249511 20.230750938091074 134
      vertex 84.29368393249511 20.230750938091074 138
    endloop
  endfacet
  facet normal -0.16289547339459404 -0.9866433320848782 9.824581623106419e-20
    outer loop
      vertex 84.29368393249511 20.230750938091074 134
      vertex 84.43895322453629 20.206766880907267 134
      vertex 84.43895322453629 20.206766880907267 138
    endloop
  endfacet
  facet normal -0.412707029804385 -0.9108638249211801 -1.4597479436187478e-18
    outer loop
      vertex 84.86103772282145 20.078728948150395 134
      vertex 84.99514955299276 20.017963668448548 134
      vertex 84.99514955299276 20.017963668448548 138
    endloop
  endfacet
  facet normal -0.4713967368260054 -0.8819212643483509 0
    outer loop
      vertex 85.125 19.948557158514987 134
      vertex 85.125 19.948557158514987 138
      vertex 84.99514955299276 20.017963668448548 134
    endloop
  endfacet
  facet normal -0.35225004792122355 -0.9359059267573295 3.9929013541210115e-19
    outer loop
      vertex 84.72323879693211 20.130592791363988 134
      vertex 84.86103772282145 20.078728948150395 134
      vertex 84.86103772282145 20.078728948150395 138
    endloop
  endfacet
  facet normal 0.412707029804385 0.9108638249211801 0
    outer loop
      vertex 83.13896227717855 15.921271051849605 134
      vertex 83.00485044700724 15.982036331551452 138
      vertex 83.13896227717855 15.921271051849605 138
    endloop
  endfacet
  facet normal 0.2902846772544799 0.9569403357322036 0
    outer loop
      vertex 83.41765714851933 15.826666890849596 134
      vertex 83.27676120306789 15.869407208636012 138
      vertex 83.41765714851933 15.826666890849596 138
    endloop
  endfacet
  facet normal 0.35225004792122355 0.9359059267573295 0
    outer loop
      vertex 83.27676120306789 15.869407208636012 134
      vertex 83.13896227717855 15.921271051849605 138
      vertex 83.27676120306789 15.869407208636012 138
    endloop
  endfacet
  facet normal 0.5280678506503557 0.8492021815265866 0
    outer loop
      vertex 82.875 16.051442841485013 134
      vertex 82.74996697570589 16.129193372319275 138
      vertex 82.875 16.051442841485013 138
    endloop
  endfacet
  facet normal 0.4713967368260054 0.8819212643483509 0
    outer loop
      vertex 83.00485044700724 15.982036331551452 134
      vertex 82.875 16.051442841485013 138
      vertex 83.00485044700724 15.982036331551452 138
    endloop
  endfacet
  facet normal 0.582477696867803 0.8128466845916147 0
    outer loop
      vertex 82.74996697570589 16.129193372319275 134
      vertex 82.63028678473037 16.214954984344722 138
      vertex 82.74996697570589 16.129193372319275 138
    endloop
  endfacet
  facet normal 0.634393284163644 0.7730104533627382 0
    outer loop
      vertex 82.63028678473037 16.214954984344722 134
      vertex 82.51647191602484 16.3083604331723 138
      vertex 82.63028678473037 16.214954984344722 138
    endloop
  endfacet
  facet normal 0.6835923020228969 0.7298640726978117 0
    outer loop
      vertex 82.51647191602484 16.3083604331723 134
      vertex 82.40900974233027 16.40900974233027 138
      vertex 82.51647191602484 16.3083604331723 138
    endloop
  endfacet
  facet normal 0.729864072697811 0.6835923020228978 0
    outer loop
      vertex 82.40900974233027 16.40900974233027 134
      vertex 82.3083604331723 16.516471916024845 138
      vertex 82.40900974233027 16.40900974233027 138
    endloop
  endfacet
  facet normal 0.773010453362736 0.6343932841636465 0
    outer loop
      vertex 82.3083604331723 16.516471916024845 134
      vertex 82.21495498434471 16.63028678473038 138
      vertex 82.3083604331723 16.516471916024845 138
    endloop
  endfacet
  facet normal 0.8128466845916488 0.5824776968677552 0
    outer loop
      vertex 82.21495498434471 16.63028678473038 134
      vertex 82.12919337231928 16.749966975705895 138
      vertex 82.21495498434471 16.63028678473038 138
    endloop
  endfacet
  facet normal 0.2270762630343743 0.9738769792773335 0
    outer loop
      vertex 83.56104677546371 15.793233119092731 134
      vertex 83.41765714851933 15.826666890849596 138
      vertex 83.56104677546371 15.793233119092731 138
    endloop
  endfacet
  facet normal 0.1628954733945823 0.98664333208488 0
    outer loop
      vertex 83.70631606750489 15.769249061908926 134
      vertex 83.56104677546371 15.793233119092731 138
      vertex 83.70631606750489 15.769249061908926 138
    endloop
  endfacet
  facet normal 0.09801714032956228 0.9951847266721967 0
    outer loop
      vertex 83.85284295923218 15.754817422713142 134
      vertex 83.70631606750489 15.769249061908926 138
      vertex 83.85284295923218 15.754817422713142 138
    endloop
  endfacet
  facet normal 0.03271908282177446 0.9994645874763656 0
    outer loop
      vertex 84 15.75 134
      vertex 83.85284295923218 15.754817422713142 138
      vertex 84 15.75 138
    endloop
  endfacet
  facet normal -0.03271908282177446 0.9994645874763656 0
    outer loop
      vertex 84.14715704076782 15.754817422713142 134
      vertex 84 15.75 138
      vertex 84.14715704076782 15.754817422713142 138
    endloop
  endfacet
  facet normal -0.09801714032956228 0.9951847266721967 0
    outer loop
      vertex 84.29368393249511 15.769249061908926 134
      vertex 84.14715704076782 15.754817422713142 138
      vertex 84.29368393249511 15.769249061908926 138
    endloop
  endfacet
  facet normal -0.1628954733945823 0.98664333208488 0
    outer loop
      vertex 84.43895322453629 15.793233119092731 134
      vertex 84.29368393249511 15.769249061908926 138
      vertex 84.43895322453629 15.793233119092731 138
    endloop
  endfacet
  facet normal -0.2270762630343743 0.9738769792773335 0
    outer loop
      vertex 84.58234285148067 15.826666890849596 134
      vertex 84.43895322453629 15.793233119092731 138
      vertex 84.58234285148067 15.826666890849596 138
    endloop
  endfacet
  facet normal -0.2902846772544799 0.9569403357322036 0
    outer loop
      vertex 84.72323879693211 15.869407208636012 134
      vertex 84.58234285148067 15.826666890849596 138
      vertex 84.72323879693211 15.869407208636012 138
    endloop
  endfacet
  facet normal -0.35225004792122355 0.9359059267573295 0
    outer loop
      vertex 84.86103772282145 15.921271051849605 134
      vertex 84.72323879693211 15.869407208636012 138
      vertex 84.86103772282145 15.921271051849605 138
    endloop
  endfacet
  facet normal -0.412707029804385 0.9108638249211801 0
    outer loop
      vertex 84.99514955299276 15.982036331551452 134
      vertex 84.86103772282145 15.921271051849605 138
      vertex 84.99514955299276 15.982036331551452 138
    endloop
  endfacet
  facet normal -0.4713967368260054 0.8819212643483509 0
    outer loop
      vertex 85.125 16.051442841485013 134
      vertex 84.99514955299276 15.982036331551452 138
      vertex 85.125 16.051442841485013 138
    endloop
  endfacet
  facet normal -0.5280678506503557 0.8492021815265866 0
    outer loop
      vertex 85.25003302429411 16.129193372319275 134
      vertex 85.125 16.051442841485013 138
      vertex 85.25003302429411 16.129193372319275 138
    endloop
  endfacet
  facet normal -0.582477696867803 0.8128466845916147 0
    outer loop
      vertex 85.36971321526963 16.214954984344722 134
      vertex 85.25003302429411 16.129193372319275 138
      vertex 85.36971321526963 16.214954984344722 138
    endloop
  endfacet
  facet normal -0.634393284163644 0.7730104533627382 0
    outer loop
      vertex 85.48352808397516 16.3083604331723 134
      vertex 85.36971321526963 16.214954984344722 138
      vertex 85.48352808397516 16.3083604331723 138
    endloop
  endfacet
  facet normal -0.6835923020228969 0.7298640726978117 0
    outer loop
      vertex 85.59099025766973 16.40900974233027 134
      vertex 85.48352808397516 16.3083604331723 138
      vertex 85.59099025766973 16.40900974233027 138
    endloop
  endfacet
  facet normal -0.729864072697811 0.6835923020228978 0
    outer loop
      vertex 85.6916395668277 16.516471916024845 134
      vertex 85.59099025766973 16.40900974233027 138
      vertex 85.6916395668277 16.516471916024845 138
    endloop
  endfacet
  facet normal -0.773010453362736 0.6343932841636465 0
    outer loop
      vertex 85.78504501565529 16.63028678473038 134
      vertex 85.6916395668277 16.516471916024845 138
      vertex 85.78504501565529 16.63028678473038 138
    endloop
  endfacet
  facet normal -0.8128466845916488 0.5824776968677552 0
    outer loop
      vertex 85.87080662768072 16.749966975705895 134
      vertex 85.78504501565529 16.63028678473038 138
      vertex 85.87080662768072 16.749966975705895 138
    endloop
  endfacet
  facet normal 0.9359059267573154 0.3522500479212606 0
    outer loop
      vertex 81.9212710518496 17.13896227717855 134
      vertex 81.869407208636 17.276761203067885 138
      vertex 81.9212710518496 17.13896227717855 138
    endloop
  endfacet
  facet normal 0.9569403357322197 0.2902846772544266 0
    outer loop
      vertex 81.869407208636 17.276761203067885 134
      vertex 81.8266668908496 17.41765714851933 138
      vertex 81.869407208636 17.276761203067885 138
    endloop
  endfacet
  facet normal 0.9738769792773389 0.22707626303435144 0
    outer loop
      vertex 81.8266668908496 17.41765714851933 134
      vertex 81.79323311909273 17.561046775463712 138
      vertex 81.8266668908496 17.41765714851933 138
    endloop
  endfacet
  facet normal 0.9866433320848729 0.16289547339462526 0
    outer loop
      vertex 81.79323311909273 17.561046775463712 134
      vertex 81.76924906190892 17.706316067504883 138
      vertex 81.79323311909273 17.561046775463712 138
    endloop
  endfacet
  facet normal 0.9951847266722017 0.09801714032951214 0
    outer loop
      vertex 81.76924906190892 17.706316067504883 134
      vertex 81.75481742271315 17.852842959232177 138
      vertex 81.76924906190892 17.706316067504883 138
    endloop
  endfacet
  facet normal 0.8492021815265623 0.5280678506503947 0
    outer loop
      vertex 82.12919337231928 16.749966975705895 134
      vertex 82.05144284148501 16.875 138
      vertex 82.12919337231928 16.749966975705895 138
    endloop
  endfacet
  facet normal 0.8819212643483663 0.4713967368259766 0
    outer loop
      vertex 82.05144284148501 16.875 134
      vertex 81.98203633155146 17.004850447007247 138
      vertex 82.05144284148501 16.875 138
    endloop
  endfacet
  facet normal 0.9108638249211579 0.41270702980443413 0
    outer loop
      vertex 81.98203633155146 17.004850447007247 134
      vertex 81.9212710518496 17.13896227717855 138
      vertex 81.98203633155146 17.004850447007247 138
    endloop
  endfacet
  facet normal 0.9994645874763648 0.03271908282179856 0
    outer loop
      vertex 81.75481742271315 17.852842959232177 134
      vertex 81.75 18 138
      vertex 81.75481742271315 17.852842959232177 138
    endloop
  endfacet
  facet normal 0.9994645874763648 -0.03271908282179856 0
    outer loop
      vertex 81.75 18 134
      vertex 81.75481742271315 18.147157040767823 138
      vertex 81.75 18 138
    endloop
  endfacet
  facet normal 0.9951847266722017 -0.09801714032951214 0
    outer loop
      vertex 81.75481742271315 18.147157040767823 134
      vertex 81.76924906190892 18.293683932495117 138
      vertex 81.75481742271315 18.147157040767823 138
    endloop
  endfacet
  facet normal 0.9866433320848729 -0.16289547339462526 0
    outer loop
      vertex 81.76924906190892 18.293683932495117 134
      vertex 81.79323311909273 18.438953224536288 138
      vertex 81.76924906190892 18.293683932495117 138
    endloop
  endfacet
  facet normal 0.9738769792773389 -0.22707626303435144 0
    outer loop
      vertex 81.79323311909273 18.438953224536288 134
      vertex 81.8266668908496 18.58234285148067 138
      vertex 81.79323311909273 18.438953224536288 138
    endloop
  endfacet
  facet normal 0.9569403357322197 -0.2902846772544266 0
    outer loop
      vertex 81.8266668908496 18.58234285148067 134
      vertex 81.869407208636 18.723238796932115 138
      vertex 81.8266668908496 18.58234285148067 138
    endloop
  endfacet
  facet normal 0.9359059267573154 -0.3522500479212606 0
    outer loop
      vertex 81.869407208636 18.723238796932115 134
      vertex 81.9212710518496 18.86103772282145 138
      vertex 81.869407208636 18.723238796932115 138
    endloop
  endfacet
  facet normal -0.8492021815265623 0.5280678506503947 0
    outer loop
      vertex 85.94855715851499 16.875 134
      vertex 85.87080662768072 16.749966975705895 138
      vertex 85.94855715851499 16.875 138
    endloop
  endfacet
  facet normal -0.8819212643483663 0.4713967368259766 0
    outer loop
      vertex 86.01796366844854 17.004850447007247 134
      vertex 85.94855715851499 16.875 138
      vertex 86.01796366844854 17.004850447007247 138
    endloop
  endfacet
  facet normal -0.9108638249211579 0.41270702980443413 0
    outer loop
      vertex 86.0787289481504 17.13896227717855 134
      vertex 86.01796366844854 17.004850447007247 138
      vertex 86.0787289481504 17.13896227717855 138
    endloop
  endfacet
  facet normal -0.9359059267573154 0.3522500479212606 0
    outer loop
      vertex 86.130592791364 17.276761203067885 134
      vertex 86.0787289481504 17.13896227717855 138
      vertex 86.130592791364 17.276761203067885 138
    endloop
  endfacet
  facet normal -0.9569403357322197 0.2902846772544266 0
    outer loop
      vertex 86.1733331091504 17.41765714851933 134
      vertex 86.130592791364 17.276761203067885 138
      vertex 86.1733331091504 17.41765714851933 138
    endloop
  endfacet
  facet normal -0.9738769792773389 0.22707626303435144 0
    outer loop
      vertex 86.20676688090727 17.561046775463712 134
      vertex 86.1733331091504 17.41765714851933 138
      vertex 86.20676688090727 17.561046775463712 138
    endloop
  endfacet
  facet normal -0.9866433320848729 0.16289547339462526 0
    outer loop
      vertex 86.23075093809108 17.706316067504883 134
      vertex 86.20676688090727 17.561046775463712 138
      vertex 86.23075093809108 17.706316067504883 138
    endloop
  endfacet
  facet normal -0.9951847266722017 0.09801714032951214 0
    outer loop
      vertex 86.24518257728685 17.852842959232177 134
      vertex 86.23075093809108 17.706316067504883 138
      vertex 86.24518257728685 17.852842959232177 138
    endloop
  endfacet
  facet normal -0.9994645874763648 0.03271908282179856 0
    outer loop
      vertex 86.25 18 134
      vertex 86.24518257728685 17.852842959232177 138
      vertex 86.25 18 138
    endloop
  endfacet
  facet normal -0.9994645874763648 -0.03271908282179856 0
    outer loop
      vertex 86.24518257728685 18.147157040767823 134
      vertex 86.25 18 138
      vertex 86.24518257728685 18.147157040767823 138
    endloop
  endfacet
  facet normal -0.9951847266722017 -0.09801714032951214 0
    outer loop
      vertex 86.23075093809108 18.293683932495117 134
      vertex 86.24518257728685 18.147157040767823 138
      vertex 86.23075093809108 18.293683932495117 138
    endloop
  endfacet
  facet normal -0.9866433320848729 -0.16289547339462526 0
    outer loop
      vertex 86.20676688090727 18.438953224536288 134
      vertex 86.23075093809108 18.293683932495117 138
      vertex 86.20676688090727 18.438953224536288 138
    endloop
  endfacet
  facet normal -0.9738769792773389 -0.22707626303435144 0
    outer loop
      vertex 86.1733331091504 18.58234285148067 134
      vertex 86.20676688090727 18.438953224536288 138
      vertex 86.1733331091504 18.58234285148067 138
    endloop
  endfacet
  facet normal -0.9569403357322197 -0.2902846772544266 0
    outer loop
      vertex 86.130592791364 18.723238796932115 134
      vertex 86.1733331091504 18.58234285148067 138
      vertex 86.130592791364 18.723238796932115 138
    endloop
  endfacet
  facet normal -0.9359059267573154 -0.3522500479212606 0
    outer loop
      vertex 86.0787289481504 18.86103772282145 134
      vertex 86.130592791364 18.723238796932115 138
      vertex 86.0787289481504 18.86103772282145 138
    endloop
  endfacet
  facet normal 0.9108638249211579 -0.41270702980443413 0
    outer loop
      vertex 81.9212710518496 18.86103772282145 134
      vertex 81.98203633155146 18.995149552992753 138
      vertex 81.9212710518496 18.86103772282145 138
    endloop
  endfacet
  facet normal 0.8819212643483663 -0.4713967368259766 0
    outer loop
      vertex 81.98203633155146 18.995149552992753 134
      vertex 82.05144284148501 19.125 138
      vertex 81.98203633155146 18.995149552992753 138
    endloop
  endfacet
  facet normal 0.8492021815265623 -0.5280678506503947 0
    outer loop
      vertex 82.05144284148501 19.125 134
      vertex 82.12919337231928 19.250033024294105 138
      vertex 82.05144284148501 19.125 138
    endloop
  endfacet
  facet normal 0.8128466845916488 -0.5824776968677552 0
    outer loop
      vertex 82.12919337231928 19.250033024294105 134
      vertex 82.21495498434471 19.36971321526962 138
      vertex 82.12919337231928 19.250033024294105 138
    endloop
  endfacet
  facet normal 0.773010453362736 -0.6343932841636465 0
    outer loop
      vertex 82.21495498434471 19.36971321526962 134
      vertex 82.3083604331723 19.483528083975155 138
      vertex 82.21495498434471 19.36971321526962 138
    endloop
  endfacet
  facet normal 0.729864072697811 -0.6835923020228978 0
    outer loop
      vertex 82.3083604331723 19.483528083975155 134
      vertex 82.40900974233027 19.59099025766973 138
      vertex 82.3083604331723 19.483528083975155 138
    endloop
  endfacet
  facet normal 0.6835923020228969 -0.7298640726978117 0
    outer loop
      vertex 82.40900974233027 19.59099025766973 134
      vertex 82.51647191602484 19.6916395668277 138
      vertex 82.40900974233027 19.59099025766973 138
    endloop
  endfacet
  facet normal 0.634393284163644 -0.7730104533627382 0
    outer loop
      vertex 82.51647191602484 19.6916395668277 134
      vertex 82.63028678473037 19.785045015655278 138
      vertex 82.51647191602484 19.6916395668277 138
    endloop
  endfacet
  facet normal 0.582477696867803 -0.8128466845916147 0
    outer loop
      vertex 82.63028678473037 19.785045015655278 134
      vertex 82.74996697570589 19.870806627680725 138
      vertex 82.63028678473037 19.785045015655278 138
    endloop
  endfacet
  facet normal 0.5280678506503557 -0.8492021815265866 0
    outer loop
      vertex 82.74996697570589 19.870806627680725 134
      vertex 82.875 19.948557158514987 138
      vertex 82.74996697570589 19.870806627680725 138
    endloop
  endfacet
  facet normal 0.4713967368260054 -0.8819212643483509 0
    outer loop
      vertex 82.875 19.948557158514987 134
      vertex 83.00485044700724 20.017963668448548 138
      vertex 82.875 19.948557158514987 138
    endloop
  endfacet
  facet normal 0.412707029804385 -0.9108638249211801 0
    outer loop
      vertex 83.00485044700724 20.017963668448548 134
      vertex 83.13896227717855 20.078728948150395 138
      vertex 83.00485044700724 20.017963668448548 138
    endloop
  endfacet
  facet normal 0.35225004792122355 -0.9359059267573295 0
    outer loop
      vertex 83.13896227717855 20.078728948150395 134
      vertex 83.27676120306789 20.130592791363988 138
      vertex 83.13896227717855 20.078728948150395 138
    endloop
  endfacet
  facet normal 0.29028467725449086 -0.9569403357322002 0
    outer loop
      vertex 83.27676120306789 20.130592791363988 134
      vertex 83.41765714851933 20.173333109150406 138
      vertex 83.27676120306789 20.130592791363988 138
    endloop
  endfacet
  facet normal -0.9108638249211579 -0.41270702980443413 0
    outer loop
      vertex 86.01796366844854 18.995149552992753 134
      vertex 86.0787289481504 18.86103772282145 138
      vertex 86.01796366844854 18.995149552992753 138
    endloop
  endfacet
  facet normal -0.8819212643483663 -0.4713967368259766 0
    outer loop
      vertex 85.94855715851499 19.125 134
      vertex 86.01796366844854 18.995149552992753 138
      vertex 85.94855715851499 19.125 138
    endloop
  endfacet
  facet normal -0.8128466845916488 -0.5824776968677552 0
    outer loop
      vertex 85.78504501565529 19.36971321526962 134
      vertex 85.87080662768072 19.250033024294105 138
      vertex 85.78504501565529 19.36971321526962 138
    endloop
  endfacet
  facet normal -0.8492021815265623 -0.5280678506503947 0
    outer loop
      vertex 85.87080662768072 19.250033024294105 134
      vertex 85.94855715851499 19.125 138
      vertex 85.87080662768072 19.250033024294105 138
    endloop
  endfacet
  facet normal -0.6835923020228969 -0.7298640726978117 0
    outer loop
      vertex 85.48352808397516 19.6916395668277 134
      vertex 85.59099025766973 19.59099025766973 138
      vertex 85.48352808397516 19.6916395668277 138
    endloop
  endfacet
  facet normal -0.5280678506503557 -0.8492021815265866 0
    outer loop
      vertex 85.125 19.948557158514987 134
      vertex 85.25003302429411 19.870806627680725 138
      vertex 85.125 19.948557158514987 138
    endloop
  endfacet
  facet normal -0.634393284163644 -0.7730104533627382 0
    outer loop
      vertex 85.36971321526963 19.785045015655278 134
      vertex 85.48352808397516 19.6916395668277 138
      vertex 85.36971321526963 19.785045015655278 138
    endloop
  endfacet
  facet normal -0.582477696867803 -0.8128466845916147 0
    outer loop
      vertex 85.25003302429411 19.870806627680725 134
      vertex 85.36971321526963 19.785045015655278 138
      vertex 85.25003302429411 19.870806627680725 138
    endloop
  endfacet
  facet normal -0.773010453362736 -0.6343932841636465 0
    outer loop
      vertex 85.6916395668277 19.483528083975155 134
      vertex 85.78504501565529 19.36971321526962 138
      vertex 85.6916395668277 19.483528083975155 138
    endloop
  endfacet
  facet normal -0.729864072697811 -0.6835923020228978 0
    outer loop
      vertex 85.59099025766973 19.59099025766973 134
      vertex 85.6916395668277 19.483528083975155 138
      vertex 85.59099025766973 19.59099025766973 138
    endloop
  endfacet
  facet normal 0.22707626303435144 -0.9738769792773389 0
    outer loop
      vertex 83.41765714851933 20.173333109150406 134
      vertex 83.56104677546371 20.206766880907267 138
      vertex 83.41765714851933 20.173333109150406 138
    endloop
  endfacet
  facet normal 0.16289547339459404 -0.9866433320848782 0
    outer loop
      vertex 83.56104677546371 20.206766880907267 134
      vertex 83.70631606750489 20.230750938091074 138
      vertex 83.56104677546371 20.206766880907267 138
    endloop
  endfacet
  facet normal 0.09801714032956228 -0.9951847266721967 0
    outer loop
      vertex 83.70631606750489 20.230750938091074 134
      vertex 83.85284295923218 20.245182577286858 138
      vertex 83.70631606750489 20.230750938091074 138
    endloop
  endfacet
  facet normal 0.03271908282177446 -0.9994645874763656 0
    outer loop
      vertex 83.85284295923218 20.245182577286858 134
      vertex 84 20.25 138
      vertex 83.85284295923218 20.245182577286858 138
    endloop
  endfacet
  facet normal -0.03271908282177446 -0.9994645874763656 0
    outer loop
      vertex 84 20.25 134
      vertex 84.14715704076782 20.245182577286858 138
      vertex 84 20.25 138
    endloop
  endfacet
  facet normal -0.29028467725449086 -0.9569403357322002 0
    outer loop
      vertex 84.58234285148067 20.173333109150406 134
      vertex 84.72323879693211 20.130592791363988 138
      vertex 84.58234285148067 20.173333109150406 138
    endloop
  endfacet
  facet normal -0.22707626303435144 -0.9738769792773389 0
    outer loop
      vertex 84.43895322453629 20.206766880907267 134
      vertex 84.58234285148067 20.173333109150406 138
      vertex 84.43895322453629 20.206766880907267 138
    endloop
  endfacet
  facet normal -0.35225004792122355 -0.9359059267573295 0
    outer loop
      vertex 84.72323879693211 20.130592791363988 134
      vertex 84.86103772282145 20.078728948150395 138
      vertex 84.72323879693211 20.130592791363988 138
    endloop
  endfacet
  facet normal -0.09801714032956228 -0.9951847266721967 0
    outer loop
      vertex 84.14715704076782 20.245182577286858 134
      vertex 84.29368393249511 20.230750938091074 138
      vertex 84.14715704076782 20.245182577286858 138
    endloop
  endfacet
  facet normal -0.16289547339459404 -0.9866433320848782 0
    outer loop
      vertex 84.29368393249511 20.230750938091074 134
      vertex 84.43895322453629 20.206766880907267 138
      vertex 84.29368393249511 20.230750938091074 138
    endloop
  endfacet
  facet normal -0.412707029804385 -0.9108638249211801 0
    outer loop
      vertex 84.86103772282145 20.078728948150395 134
      vertex 84.99514955299276 20.017963668448548 138
      vertex 84.86103772282145 20.078728948150395 138
    endloop
  endfacet
  facet normal -0.4713967368260054 -0.8819212643483509 0
    outer loop
      vertex 84.99514955299276 20.017963668448548 134
      vertex 85.125 19.948557158514987 138
      vertex 84.99514955299276 20.017963668448548 138
    endloop
  endfacet
  facet normal 0.6343932841636585 0.7730104533627264 1.159818029264652e-18
    outer loop
      vertex 82.63028678473037 52.21495498434472 134
      vertex 82.51647191602484 52.308360433172304 134
      vertex 82.51647191602484 52.308360433172304 138
    endloop
  endfacet
  facet normal 0.47139673682602423 0.881921264348341 1.1664565157411602e-20
    outer loop
      vertex 83.00485044700724 51.98203633155145 134
      vertex 82.875 52.05144284148501 134
      vertex 82.875 52.05144284148501 138
    endloop
  endfacet
  facet normal 0.3522500479212447 0.9359059267573215 -2.25742166291072e-19
    outer loop
      vertex 83.27676120306789 51.86940720863601 134
      vertex 83.13896227717855 51.92127105184961 134
      vertex 83.13896227717855 51.92127105184961 138
    endloop
  endfacet
  facet normal 0.29028467725449086 0.9569403357322002 0
    outer loop
      vertex 83.27676120306789 51.86940720863601 134
      vertex 83.27676120306789 51.86940720863601 138
      vertex 83.41765714851933 51.826666890849594 134
    endloop
  endfacet
  facet normal 0.41270702980434504 0.9108638249211983 0
    outer loop
      vertex 83.00485044700724 51.98203633155145 134
      vertex 83.00485044700724 51.98203633155145 138
      vertex 83.13896227717855 51.92127105184961 134
    endloop
  endfacet
  facet normal 0.5280678506503382 0.8492021815265973 -1.3521344283355806e-18
    outer loop
      vertex 82.875 52.05144284148501 134
      vertex 82.74996697570589 52.12919337231927 134
      vertex 82.74996697570589 52.12919337231927 138
    endloop
  endfacet
  facet normal 0.5824776968678189 0.8128466845916031 0
    outer loop
      vertex 82.63028678473037 52.21495498434472 134
      vertex 82.63028678473037 52.21495498434472 138
      vertex 82.74996697570589 52.12919337231927 134
    endloop
  endfacet
  facet normal 0.7730104533627264 0.6343932841636585 1.159818029264652e-18
    outer loop
      vertex 82.3083604331723 52.51647191602485 134
      vertex 82.21495498434471 52.63028678473038 134
      vertex 82.21495498434471 52.63028678473038 138
    endloop
  endfacet
  facet normal 0.683592302022884 0.7298640726978237 -4.364615006874773e-19
    outer loop
      vertex 82.51647191602484 52.308360433172304 134
      vertex 82.40900974233027 52.40900974233027 134
      vertex 82.40900974233027 52.40900974233027 138
    endloop
  endfacet
  facet normal 0.7298640726978222 0.6835923020228856 1.2582703920005793e-18
    outer loop
      vertex 82.40900974233027 52.40900974233027 134
      vertex 82.3083604331723 52.51647191602485 134
      vertex 82.3083604331723 52.51647191602485 138
    endloop
  endfacet
  facet normal 0.8128466845916488 0.5824776968677552 -3.8904388256686114e-19
    outer loop
      vertex 82.21495498434471 52.63028678473038 134
      vertex 82.12919337231928 52.749966975705895 134
      vertex 82.12919337231928 52.749966975705895 138
    endloop
  endfacet
  facet normal 0.8492021815265623 0.5280678506503947 -3.774538634042454e-19
    outer loop
      vertex 82.12919337231928 52.749966975705895 134
      vertex 82.05144284148501 52.875 134
      vertex 82.05144284148501 52.875 138
    endloop
  endfacet
  facet normal 0.16289547339457053 0.9866433320848819 0
    outer loop
      vertex 83.56104677546371 51.79323311909273 134
      vertex 83.56104677546371 51.79323311909273 138
      vertex 83.70631606750489 51.76924906190893 134
    endloop
  endfacet
  facet normal 0.09801714032956228 0.9951847266721967 0
    outer loop
      vertex 83.70631606750489 51.76924906190893 134
      vertex 83.70631606750489 51.76924906190893 138
      vertex 83.85284295923218 51.754817422713145 134
    endloop
  endfacet
  facet normal 0.03271908282179856 0.9994645874763648 0
    outer loop
      vertex 83.85284295923218 51.754817422713145 134
      vertex 83.85284295923218 51.754817422713145 138
      vertex 84 51.75 134
    endloop
  endfacet
  facet normal -0.03271908282179856 0.9994645874763648 0
    outer loop
      vertex 84 51.75 134
      vertex 84 51.75 138
      vertex 84.14715704076782 51.754817422713145 134
    endloop
  endfacet
  facet normal -0.09801714032956228 0.9951847266721967 0
    outer loop
      vertex 84.14715704076782 51.754817422713145 134
      vertex 84.14715704076782 51.754817422713145 138
      vertex 84.29368393249511 51.76924906190893 134
    endloop
  endfacet
  facet normal -0.16289547339457053 0.9866433320848819 0
    outer loop
      vertex 84.29368393249511 51.76924906190893 134
      vertex 84.29368393249511 51.76924906190893 138
      vertex 84.43895322453629 51.79323311909273 134
    endloop
  endfacet
  facet normal -0.22707626303435144 0.9738769792773389 0
    outer loop
      vertex 84.43895322453629 51.79323311909273 134
      vertex 84.43895322453629 51.79323311909273 138
      vertex 84.58234285148067 51.826666890849594 134
    endloop
  endfacet
  facet normal 0.22707626303435144 0.9738769792773389 0
    outer loop
      vertex 83.41765714851933 51.826666890849594 134
      vertex 83.41765714851933 51.826666890849594 138
      vertex 83.56104677546371 51.79323311909273 134
    endloop
  endfacet
  facet normal -0.29028467725449086 0.9569403357322002 0
    outer loop
      vertex 84.58234285148067 51.826666890849594 134
      vertex 84.58234285148067 51.826666890849594 138
      vertex 84.72323879693211 51.86940720863601 134
    endloop
  endfacet
  facet normal -0.3522500479212447 0.9359059267573215 0
    outer loop
      vertex 84.72323879693211 51.86940720863601 134
      vertex 84.72323879693211 51.86940720863601 138
      vertex 84.86103772282145 51.92127105184961 134
    endloop
  endfacet
  facet normal -0.41270702980434504 0.9108638249211983 0
    outer loop
      vertex 84.86103772282145 51.92127105184961 134
      vertex 84.86103772282145 51.92127105184961 138
      vertex 84.99514955299276 51.98203633155145 134
    endloop
  endfacet
  facet normal -0.47139673682602423 0.881921264348341 0
    outer loop
      vertex 84.99514955299276 51.98203633155145 134
      vertex 84.99514955299276 51.98203633155145 138
      vertex 85.125 52.05144284148501 134
    endloop
  endfacet
  facet normal -0.5280678506503382 0.8492021815265973 0
    outer loop
      vertex 85.125 52.05144284148501 134
      vertex 85.125 52.05144284148501 138
      vertex 85.25003302429411 52.12919337231927 134
    endloop
  endfacet
  facet normal -0.5824776968678189 0.8128466845916031 0
    outer loop
      vertex 85.25003302429411 52.12919337231927 134
      vertex 85.25003302429411 52.12919337231927 138
      vertex 85.36971321526963 52.21495498434472 134
    endloop
  endfacet
  facet normal -0.6343932841636585 0.7730104533627264 0
    outer loop
      vertex 85.36971321526963 52.21495498434472 134
      vertex 85.36971321526963 52.21495498434472 138
      vertex 85.48352808397516 52.308360433172304 134
    endloop
  endfacet
  facet normal -0.683592302022884 0.7298640726978237 0
    outer loop
      vertex 85.48352808397516 52.308360433172304 134
      vertex 85.48352808397516 52.308360433172304 138
      vertex 85.59099025766973 52.40900974233027 134
    endloop
  endfacet
  facet normal -0.7298640726978222 0.6835923020228856 0
    outer loop
      vertex 85.59099025766973 52.40900974233027 134
      vertex 85.59099025766973 52.40900974233027 138
      vertex 85.6916395668277 52.51647191602485 134
    endloop
  endfacet
  facet normal -0.7730104533627264 0.6343932841636585 0
    outer loop
      vertex 85.6916395668277 52.51647191602485 134
      vertex 85.6916395668277 52.51647191602485 138
      vertex 85.78504501565529 52.63028678473038 134
    endloop
  endfacet
  facet normal -0.8128466845916488 0.5824776968677552 0
    outer loop
      vertex 85.78504501565529 52.63028678473038 134
      vertex 85.78504501565529 52.63028678473038 138
      vertex 85.87080662768072 52.749966975705895 134
    endloop
  endfacet
  facet normal -0.8492021815265623 0.5280678506503947 0
    outer loop
      vertex 85.87080662768072 52.749966975705895 134
      vertex 85.87080662768072 52.749966975705895 138
      vertex 85.94855715851499 52.875 134
    endloop
  endfacet
  facet normal 0.9359059267573154 0.3522500479212606 -4.1925513763811884e-19
    outer loop
      vertex 81.9212710518496 53.13896227717855 134
      vertex 81.869407208636 53.276761203067885 134
      vertex 81.869407208636 53.276761203067885 138
    endloop
  endfacet
  facet normal 0.9569403357322177 0.2902846772544333 -1.4907280373505305e-19
    outer loop
      vertex 81.869407208636 53.276761203067885 134
      vertex 81.8266668908496 53.417657148519325 134
      vertex 81.8266668908496 53.417657148519325 138
    endloop
  endfacet
  facet normal 0.9738769792773389 0.22707626303435144 -1.5020586554888885e-19
    outer loop
      vertex 81.8266668908496 53.417657148519325 134
      vertex 81.79323311909273 53.56104677546371 134
      vertex 81.79323311909273 53.56104677546371 138
    endloop
  endfacet
  facet normal 0.9866433320848742 0.16289547339461752 6.43430028557568e-20
    outer loop
      vertex 81.79323311909273 53.56104677546371 134
      vertex 81.76924906190892 53.706316067504886 134
      vertex 81.76924906190892 53.706316067504886 138
    endloop
  endfacet
  facet normal 0.9951847266722015 0.09801714032951449 0
    outer loop
      vertex 81.75481742271315 53.85284295923218 134
      vertex 81.75481742271315 53.85284295923218 138
      vertex 81.76924906190892 53.706316067504886 134
    endloop
  endfacet
  facet normal 0.8819212643483716 0.47139673682596656 -1.2302507785129445e-18
    outer loop
      vertex 82.05144284148501 52.875 134
      vertex 81.98203633155146 53.00485044700725 134
      vertex 81.98203633155146 53.00485044700725 138
    endloop
  endfacet
  facet normal 0.9108638249211538 0.41270702980444324 0
    outer loop
      vertex 81.9212710518496 53.13896227717855 134
      vertex 81.9212710518496 53.13896227717855 138
      vertex 81.98203633155146 53.00485044700725 134
    endloop
  endfacet
  facet normal 0.9994645874763648 0.03271908282179856 -6.737635608824902e-20
    outer loop
      vertex 81.75481742271315 53.85284295923218 134
      vertex 81.75 54 134
      vertex 81.75 54 138
    endloop
  endfacet
  facet normal 0.9994645874763648 -0.03271908282179856 6.737635608824902e-20
    outer loop
      vertex 81.75 54 134
      vertex 81.75481742271315 54.14715704076782 134
      vertex 81.75481742271315 54.14715704076782 138
    endloop
  endfacet
  facet normal 0.9951847266722015 -0.09801714032951449 9.830893955982932e-21
    outer loop
      vertex 81.75481742271315 54.14715704076782 134
      vertex 81.76924906190892 54.293683932495114 134
      vertex 81.76924906190892 54.293683932495114 138
    endloop
  endfacet
  facet normal 0.9866433320848742 -0.16289547339461752 -6.43430028557568e-20
    outer loop
      vertex 81.76924906190892 54.293683932495114 134
      vertex 81.79323311909273 54.43895322453629 134
      vertex 81.79323311909273 54.43895322453629 138
    endloop
  endfacet
  facet normal 0.9738769792773389 -0.22707626303435144 1.5020586554888885e-19
    outer loop
      vertex 81.79323311909273 54.43895322453629 134
      vertex 81.8266668908496 54.582342851480675 134
      vertex 81.8266668908496 54.582342851480675 138
    endloop
  endfacet
  facet normal 0.9569403357322177 -0.2902846772544333 1.4907280373505305e-19
    outer loop
      vertex 81.8266668908496 54.582342851480675 134
      vertex 81.869407208636 54.723238796932115 134
      vertex 81.869407208636 54.723238796932115 138
    endloop
  endfacet
  facet normal 0.9359059267573154 -0.3522500479212606 4.1925513763811884e-19
    outer loop
      vertex 81.869407208636 54.723238796932115 134
      vertex 81.9212710518496 54.86103772282145 134
      vertex 81.9212710518496 54.86103772282145 138
    endloop
  endfacet
  facet normal 0.9108638249211538 -0.41270702980444324 -2.266277328920808e-19
    outer loop
      vertex 81.9212710518496 54.86103772282145 134
      vertex 81.98203633155146 54.99514955299275 134
      vertex 81.98203633155146 54.99514955299275 138
    endloop
  endfacet
  facet normal -0.8819212643483716 0.47139673682596656 0
    outer loop
      vertex 85.94855715851499 52.875 134
      vertex 85.94855715851499 52.875 138
      vertex 86.01796366844854 53.00485044700725 134
    endloop
  endfacet
  facet normal -0.9108638249211538 0.41270702980444324 0
    outer loop
      vertex 86.01796366844854 53.00485044700725 134
      vertex 86.01796366844854 53.00485044700725 138
      vertex 86.0787289481504 53.13896227717855 134
    endloop
  endfacet
  facet normal -0.9359059267573154 0.3522500479212606 0
    outer loop
      vertex 86.0787289481504 53.13896227717855 134
      vertex 86.0787289481504 53.13896227717855 138
      vertex 86.130592791364 53.276761203067885 134
    endloop
  endfacet
  facet normal -0.9569403357322177 0.2902846772544333 0
    outer loop
      vertex 86.130592791364 53.276761203067885 134
      vertex 86.130592791364 53.276761203067885 138
      vertex 86.1733331091504 53.417657148519325 134
    endloop
  endfacet
  facet normal -0.9738769792773389 0.22707626303435144 0
    outer loop
      vertex 86.1733331091504 53.417657148519325 134
      vertex 86.1733331091504 53.417657148519325 138
      vertex 86.20676688090727 53.56104677546371 134
    endloop
  endfacet
  facet normal -0.9866433320848742 0.16289547339461752 0
    outer loop
      vertex 86.20676688090727 53.56104677546371 134
      vertex 86.20676688090727 53.56104677546371 138
      vertex 86.23075093809108 53.706316067504886 134
    endloop
  endfacet
  facet normal -0.9951847266722015 0.09801714032951449 0
    outer loop
      vertex 86.23075093809108 53.706316067504886 134
      vertex 86.23075093809108 53.706316067504886 138
      vertex 86.24518257728685 53.85284295923218 134
    endloop
  endfacet
  facet normal -0.9994645874763648 0.03271908282179856 0
    outer loop
      vertex 86.24518257728685 53.85284295923218 134
      vertex 86.24518257728685 53.85284295923218 138
      vertex 86.25 54 134
    endloop
  endfacet
  facet normal -0.9994645874763648 -0.03271908282179856 -6.737635608824902e-20
    outer loop
      vertex 86.24518257728685 54.14715704076782 134
      vertex 86.25 54 134
      vertex 86.25 54 138
    endloop
  endfacet
  facet normal -0.9951847266722015 -0.09801714032951449 0
    outer loop
      vertex 86.24518257728685 54.14715704076782 134
      vertex 86.24518257728685 54.14715704076782 138
      vertex 86.23075093809108 54.293683932495114 134
    endloop
  endfacet
  facet normal -0.9866433320848742 -0.16289547339461752 0
    outer loop
      vertex 86.23075093809108 54.293683932495114 134
      vertex 86.23075093809108 54.293683932495114 138
      vertex 86.20676688090727 54.43895322453629 134
    endloop
  endfacet
  facet normal -0.9738769792773389 -0.22707626303435144 0
    outer loop
      vertex 86.20676688090727 54.43895322453629 134
      vertex 86.20676688090727 54.43895322453629 138
      vertex 86.1733331091504 54.582342851480675 134
    endloop
  endfacet
  facet normal -0.9569403357322177 -0.2902846772544333 0
    outer loop
      vertex 86.1733331091504 54.582342851480675 134
      vertex 86.1733331091504 54.582342851480675 138
      vertex 86.130592791364 54.723238796932115 134
    endloop
  endfacet
  facet normal -0.9359059267573154 -0.3522500479212606 0
    outer loop
      vertex 86.130592791364 54.723238796932115 134
      vertex 86.130592791364 54.723238796932115 138
      vertex 86.0787289481504 54.86103772282145 134
    endloop
  endfacet
  facet normal -0.9108638249211538 -0.41270702980444324 0
    outer loop
      vertex 86.0787289481504 54.86103772282145 134
      vertex 86.0787289481504 54.86103772282145 138
      vertex 86.01796366844854 54.99514955299275 134
    endloop
  endfacet
  facet normal 0.8819212643483716 -0.47139673682596656 1.2302507785129445e-18
    outer loop
      vertex 81.98203633155146 54.99514955299275 134
      vertex 82.05144284148501 55.125 134
      vertex 82.05144284148501 55.125 138
    endloop
  endfacet
  facet normal 0.8492021815265623 -0.5280678506503947 3.774538634042454e-19
    outer loop
      vertex 82.05144284148501 55.125 134
      vertex 82.12919337231928 55.250033024294105 134
      vertex 82.12919337231928 55.250033024294105 138
    endloop
  endfacet
  facet normal 0.8128466845916488 -0.5824776968677552 3.8904388256686114e-19
    outer loop
      vertex 82.12919337231928 55.250033024294105 134
      vertex 82.21495498434471 55.36971321526962 134
      vertex 82.21495498434471 55.36971321526962 138
    endloop
  endfacet
  facet normal 0.7730104533627264 -0.6343932841636585 -1.159818029264652e-18
    outer loop
      vertex 82.21495498434471 55.36971321526962 134
      vertex 82.3083604331723 55.48352808397515 134
      vertex 82.3083604331723 55.48352808397515 138
    endloop
  endfacet
  facet normal 0.7298640726978222 -0.6835923020228856 -1.2582703920005793e-18
    outer loop
      vertex 82.3083604331723 55.48352808397515 134
      vertex 82.40900974233027 55.59099025766973 134
      vertex 82.40900974233027 55.59099025766973 138
    endloop
  endfacet
  facet normal 0.683592302022884 -0.7298640726978237 4.364615006874773e-19
    outer loop
      vertex 82.40900974233027 55.59099025766973 134
      vertex 82.51647191602484 55.691639566827696 134
      vertex 82.51647191602484 55.691639566827696 138
    endloop
  endfacet
  facet normal 0.6343932841636585 -0.7730104533627264 -1.159818029264652e-18
    outer loop
      vertex 82.51647191602484 55.691639566827696 134
      vertex 82.63028678473037 55.78504501565528 134
      vertex 82.63028678473037 55.78504501565528 138
    endloop
  endfacet
  facet normal 0.5824776968678189 -0.8128466845916031 -1.3189700581573419e-18
    outer loop
      vertex 82.63028678473037 55.78504501565528 134
      vertex 82.74996697570589 55.87080662768073 134
      vertex 82.74996697570589 55.87080662768073 138
    endloop
  endfacet
  facet normal 0.5280678506503382 -0.8492021815265973 1.3521344283355806e-18
    outer loop
      vertex 82.74996697570589 55.87080662768073 134
      vertex 82.875 55.94855715851499 134
      vertex 82.875 55.94855715851499 138
    endloop
  endfacet
  facet normal 0.47139673682602423 -0.881921264348341 -1.1664565157411602e-20
    outer loop
      vertex 82.875 55.94855715851499 134
      vertex 83.00485044700724 56.01796366844855 134
      vertex 83.00485044700724 56.01796366844855 138
    endloop
  endfacet
  facet normal 0.41270702980434504 -0.9108638249211983 5.111361080018296e-19
    outer loop
      vertex 83.00485044700724 56.01796366844855 134
      vertex 83.13896227717855 56.07872894815039 134
      vertex 83.13896227717855 56.07872894815039 138
    endloop
  endfacet
  facet normal 0.3522500479212447 -0.9359059267573215 2.25742166291072e-19
    outer loop
      vertex 83.13896227717855 56.07872894815039 134
      vertex 83.27676120306789 56.13059279136399 134
      vertex 83.27676120306789 56.13059279136399 138
    endloop
  endfacet
  facet normal 0.29028467725449086 -0.9569403357322002 2.829477375854839e-19
    outer loop
      vertex 83.27676120306789 56.13059279136399 134
      vertex 83.41765714851933 56.173333109150406 134
      vertex 83.41765714851933 56.173333109150406 138
    endloop
  endfacet
  facet normal -0.8819212643483716 -0.47139673682596656 0
    outer loop
      vertex 86.01796366844854 54.99514955299275 134
      vertex 86.01796366844854 54.99514955299275 138
      vertex 85.94855715851499 55.125 134
    endloop
  endfacet
  facet normal -0.8492021815265623 -0.5280678506503947 0
    outer loop
      vertex 85.94855715851499 55.125 134
      vertex 85.94855715851499 55.125 138
      vertex 85.87080662768072 55.250033024294105 134
    endloop
  endfacet
  facet normal -0.8128466845916488 -0.5824776968677552 0
    outer loop
      vertex 85.87080662768072 55.250033024294105 134
      vertex 85.87080662768072 55.250033024294105 138
      vertex 85.78504501565529 55.36971321526962 134
    endloop
  endfacet
  facet normal -0.7298640726978222 -0.6835923020228856 0
    outer loop
      vertex 85.6916395668277 55.48352808397515 134
      vertex 85.6916395668277 55.48352808397515 138
      vertex 85.59099025766973 55.59099025766973 134
    endloop
  endfacet
  facet normal -0.7730104533627264 -0.6343932841636585 0
    outer loop
      vertex 85.78504501565529 55.36971321526962 134
      vertex 85.78504501565529 55.36971321526962 138
      vertex 85.6916395668277 55.48352808397515 134
    endloop
  endfacet
  facet normal -0.6343932841636585 -0.7730104533627264 0
    outer loop
      vertex 85.48352808397516 55.691639566827696 134
      vertex 85.48352808397516 55.691639566827696 138
      vertex 85.36971321526963 55.78504501565528 134
    endloop
  endfacet
  facet normal -0.41270702980434504 -0.9108638249211983 0
    outer loop
      vertex 84.99514955299276 56.01796366844855 134
      vertex 84.99514955299276 56.01796366844855 138
      vertex 84.86103772282145 56.07872894815039 134
    endloop
  endfacet
  facet normal -0.47139673682602423 -0.881921264348341 0
    outer loop
      vertex 85.125 55.94855715851499 134
      vertex 85.125 55.94855715851499 138
      vertex 84.99514955299276 56.01796366844855 134
    endloop
  endfacet
  facet normal -0.5824776968678189 -0.8128466845916031 0
    outer loop
      vertex 85.36971321526963 55.78504501565528 134
      vertex 85.36971321526963 55.78504501565528 138
      vertex 85.25003302429411 55.87080662768073 134
    endloop
  endfacet
  facet normal -0.5280678506503382 -0.8492021815265973 -1.3521344283355806e-18
    outer loop
      vertex 85.125 55.94855715851499 134
      vertex 85.25003302429411 55.87080662768073 134
      vertex 85.25003302429411 55.87080662768073 138
    endloop
  endfacet
  facet normal -0.683592302022884 -0.7298640726978237 0
    outer loop
      vertex 85.59099025766973 55.59099025766973 134
      vertex 85.59099025766973 55.59099025766973 138
      vertex 85.48352808397516 55.691639566827696 134
    endloop
  endfacet
  facet normal 0.22707626303435144 -0.9738769792773389 1.5020586554888885e-19
    outer loop
      vertex 83.41765714851933 56.173333109150406 134
      vertex 83.56104677546371 56.20676688090727 134
      vertex 83.56104677546371 56.20676688090727 138
    endloop
  endfacet
  facet normal 0.16289547339457053 -0.9866433320848819 -1.3214862960637181e-19
    outer loop
      vertex 83.56104677546371 56.20676688090727 134
      vertex 83.70631606750489 56.23075093809107 134
      vertex 83.70631606750489 56.23075093809107 138
    endloop
  endfacet
  facet normal 0.09801714032956228 -0.9951847266721967 -2.1358842182477346e-19
    outer loop
      vertex 83.70631606750489 56.23075093809107 134
      vertex 83.85284295923218 56.245182577286855 134
      vertex 83.85284295923218 56.245182577286855 138
    endloop
  endfacet
  facet normal 0.03271908282179856 -0.9994645874763648 6.737635608824902e-20
    outer loop
      vertex 83.85284295923218 56.245182577286855 134
      vertex 84 56.25 134
      vertex 84 56.25 138
    endloop
  endfacet
  facet normal -0.03271908282179856 -0.9994645874763648 -6.737635608824902e-20
    outer loop
      vertex 84 56.25 134
      vertex 84.14715704076782 56.245182577286855 134
      vertex 84.14715704076782 56.245182577286855 138
    endloop
  endfacet
  facet normal -0.09801714032956228 -0.9951847266721967 2.1358842182477346e-19
    outer loop
      vertex 84.14715704076782 56.245182577286855 134
      vertex 84.29368393249511 56.23075093809107 134
      vertex 84.29368393249511 56.23075093809107 138
    endloop
  endfacet
  facet normal -0.16289547339457053 -0.9866433320848819 1.3214862960637181e-19
    outer loop
      vertex 84.29368393249511 56.23075093809107 134
      vertex 84.43895322453629 56.20676688090727 134
      vertex 84.43895322453629 56.20676688090727 138
    endloop
  endfacet
  facet normal -0.22707626303435144 -0.9738769792773389 -1.5020586554888885e-19
    outer loop
      vertex 84.43895322453629 56.20676688090727 134
      vertex 84.58234285148067 56.173333109150406 134
      vertex 84.58234285148067 56.173333109150406 138
    endloop
  endfacet
  facet normal -0.29028467725449086 -0.9569403357322002 -2.829477375854839e-19
    outer loop
      vertex 84.58234285148067 56.173333109150406 134
      vertex 84.72323879693211 56.13059279136399 134
      vertex 84.72323879693211 56.13059279136399 138
    endloop
  endfacet
  facet normal -0.3522500479212447 -0.9359059267573215 -2.25742166291072e-19
    outer loop
      vertex 84.72323879693211 56.13059279136399 134
      vertex 84.86103772282145 56.07872894815039 134
      vertex 84.86103772282145 56.07872894815039 138
    endloop
  endfacet
  facet normal 0.6343932841636585 0.7730104533627264 0
    outer loop
      vertex 82.63028678473037 52.21495498434472 134
      vertex 82.51647191602484 52.308360433172304 138
      vertex 82.63028678473037 52.21495498434472 138
    endloop
  endfacet
  facet normal 0.683592302022884 0.7298640726978237 0
    outer loop
      vertex 82.51647191602484 52.308360433172304 134
      vertex 82.40900974233027 52.40900974233027 138
      vertex 82.51647191602484 52.308360433172304 138
    endloop
  endfacet
  facet normal 0.5280678506503382 0.8492021815265973 0
    outer loop
      vertex 82.875 52.05144284148501 134
      vertex 82.74996697570589 52.12919337231927 138
      vertex 82.875 52.05144284148501 138
    endloop
  endfacet
  facet normal 0.47139673682602423 0.881921264348341 0
    outer loop
      vertex 83.00485044700724 51.98203633155145 134
      vertex 82.875 52.05144284148501 138
      vertex 83.00485044700724 51.98203633155145 138
    endloop
  endfacet
  facet normal 0.41270702980434504 0.9108638249211983 0
    outer loop
      vertex 83.13896227717855 51.92127105184961 134
      vertex 83.00485044700724 51.98203633155145 138
      vertex 83.13896227717855 51.92127105184961 138
    endloop
  endfacet
  facet normal 0.29028467725449086 0.9569403357322002 0
    outer loop
      vertex 83.41765714851933 51.826666890849594 134
      vertex 83.27676120306789 51.86940720863601 138
      vertex 83.41765714851933 51.826666890849594 138
    endloop
  endfacet
  facet normal 0.3522500479212447 0.9359059267573215 0
    outer loop
      vertex 83.27676120306789 51.86940720863601 134
      vertex 83.13896227717855 51.92127105184961 138
      vertex 83.27676120306789 51.86940720863601 138
    endloop
  endfacet
  facet normal 0.5824776968678189 0.8128466845916031 0
    outer loop
      vertex 82.74996697570589 52.12919337231927 134
      vertex 82.63028678473037 52.21495498434472 138
      vertex 82.74996697570589 52.12919337231927 138
    endloop
  endfacet
  facet normal 0.7730104533627264 0.6343932841636585 0
    outer loop
      vertex 82.3083604331723 52.51647191602485 134
      vertex 82.21495498434471 52.63028678473038 138
      vertex 82.3083604331723 52.51647191602485 138
    endloop
  endfacet
  facet normal 0.7298640726978222 0.6835923020228856 0
    outer loop
      vertex 82.40900974233027 52.40900974233027 134
      vertex 82.3083604331723 52.51647191602485 138
      vertex 82.40900974233027 52.40900974233027 138
    endloop
  endfacet
  facet normal 0.8128466845916488 0.5824776968677552 0
    outer loop
      vertex 82.21495498434471 52.63028678473038 134
      vertex 82.12919337231928 52.749966975705895 138
      vertex 82.21495498434471 52.63028678473038 138
    endloop
  endfacet
  facet normal 0.8492021815265623 0.5280678506503947 0
    outer loop
      vertex 82.12919337231928 52.749966975705895 134
      vertex 82.05144284148501 52.875 138
      vertex 82.12919337231928 52.749966975705895 138
    endloop
  endfacet
  facet normal 0.22707626303435144 0.9738769792773389 0
    outer loop
      vertex 83.56104677546371 51.79323311909273 134
      vertex 83.41765714851933 51.826666890849594 138
      vertex 83.56104677546371 51.79323311909273 138
    endloop
  endfacet
  facet normal 0.16289547339457053 0.9866433320848819 0
    outer loop
      vertex 83.70631606750489 51.76924906190893 134
      vertex 83.56104677546371 51.79323311909273 138
      vertex 83.70631606750489 51.76924906190893 138
    endloop
  endfacet
  facet normal 0.09801714032956228 0.9951847266721967 0
    outer loop
      vertex 83.85284295923218 51.754817422713145 134
      vertex 83.70631606750489 51.76924906190893 138
      vertex 83.85284295923218 51.754817422713145 138
    endloop
  endfacet
  facet normal 0.03271908282179856 0.9994645874763648 0
    outer loop
      vertex 84 51.75 134
      vertex 83.85284295923218 51.754817422713145 138
      vertex 84 51.75 138
    endloop
  endfacet
  facet normal -0.03271908282179856 0.9994645874763648 0
    outer loop
      vertex 84.14715704076782 51.754817422713145 134
      vertex 84 51.75 138
      vertex 84.14715704076782 51.754817422713145 138
    endloop
  endfacet
  facet normal -0.09801714032956228 0.9951847266721967 0
    outer loop
      vertex 84.29368393249511 51.76924906190893 134
      vertex 84.14715704076782 51.754817422713145 138
      vertex 84.29368393249511 51.76924906190893 138
    endloop
  endfacet
  facet normal -0.16289547339457053 0.9866433320848819 0
    outer loop
      vertex 84.43895322453629 51.79323311909273 134
      vertex 84.29368393249511 51.76924906190893 138
      vertex 84.43895322453629 51.79323311909273 138
    endloop
  endfacet
  facet normal -0.22707626303435144 0.9738769792773389 0
    outer loop
      vertex 84.58234285148067 51.826666890849594 134
      vertex 84.43895322453629 51.79323311909273 138
      vertex 84.58234285148067 51.826666890849594 138
    endloop
  endfacet
  facet normal -0.29028467725449086 0.9569403357322002 0
    outer loop
      vertex 84.72323879693211 51.86940720863601 134
      vertex 84.58234285148067 51.826666890849594 138
      vertex 84.72323879693211 51.86940720863601 138
    endloop
  endfacet
  facet normal -0.3522500479212447 0.9359059267573215 0
    outer loop
      vertex 84.86103772282145 51.92127105184961 134
      vertex 84.72323879693211 51.86940720863601 138
      vertex 84.86103772282145 51.92127105184961 138
    endloop
  endfacet
  facet normal -0.41270702980434504 0.9108638249211983 0
    outer loop
      vertex 84.99514955299276 51.98203633155145 134
      vertex 84.86103772282145 51.92127105184961 138
      vertex 84.99514955299276 51.98203633155145 138
    endloop
  endfacet
  facet normal -0.47139673682602423 0.881921264348341 0
    outer loop
      vertex 85.125 52.05144284148501 134
      vertex 84.99514955299276 51.98203633155145 138
      vertex 85.125 52.05144284148501 138
    endloop
  endfacet
  facet normal -0.5280678506503382 0.8492021815265973 0
    outer loop
      vertex 85.25003302429411 52.12919337231927 134
      vertex 85.125 52.05144284148501 138
      vertex 85.25003302429411 52.12919337231927 138
    endloop
  endfacet
  facet normal -0.5824776968678189 0.8128466845916031 0
    outer loop
      vertex 85.36971321526963 52.21495498434472 134
      vertex 85.25003302429411 52.12919337231927 138
      vertex 85.36971321526963 52.21495498434472 138
    endloop
  endfacet
  facet normal -0.6343932841636585 0.7730104533627264 0
    outer loop
      vertex 85.48352808397516 52.308360433172304 134
      vertex 85.36971321526963 52.21495498434472 138
      vertex 85.48352808397516 52.308360433172304 138
    endloop
  endfacet
  facet normal -0.683592302022884 0.7298640726978237 0
    outer loop
      vertex 85.59099025766973 52.40900974233027 134
      vertex 85.48352808397516 52.308360433172304 138
      vertex 85.59099025766973 52.40900974233027 138
    endloop
  endfacet
  facet normal -0.7298640726978222 0.6835923020228856 0
    outer loop
      vertex 85.6916395668277 52.51647191602485 134
      vertex 85.59099025766973 52.40900974233027 138
      vertex 85.6916395668277 52.51647191602485 138
    endloop
  endfacet
  facet normal -0.7730104533627264 0.6343932841636585 0
    outer loop
      vertex 85.78504501565529 52.63028678473038 134
      vertex 85.6916395668277 52.51647191602485 138
      vertex 85.78504501565529 52.63028678473038 138
    endloop
  endfacet
  facet normal -0.8128466845916488 0.5824776968677552 0
    outer loop
      vertex 85.87080662768072 52.749966975705895 134
      vertex 85.78504501565529 52.63028678473038 138
      vertex 85.87080662768072 52.749966975705895 138
    endloop
  endfacet
  facet normal -0.8492021815265623 0.5280678506503947 0
    outer loop
      vertex 85.94855715851499 52.875 134
      vertex 85.87080662768072 52.749966975705895 138
      vertex 85.94855715851499 52.875 138
    endloop
  endfacet
  facet normal 0.9359059267573154 0.3522500479212606 0
    outer loop
      vertex 81.9212710518496 53.13896227717855 134
      vertex 81.869407208636 53.276761203067885 138
      vertex 81.9212710518496 53.13896227717855 138
    endloop
  endfacet
  facet normal 0.9569403357322177 0.2902846772544333 0
    outer loop
      vertex 81.869407208636 53.276761203067885 134
      vertex 81.8266668908496 53.417657148519325 138
      vertex 81.869407208636 53.276761203067885 138
    endloop
  endfacet
  facet normal 0.9738769792773389 0.22707626303435144 0
    outer loop
      vertex 81.8266668908496 53.417657148519325 134
      vertex 81.79323311909273 53.56104677546371 138
      vertex 81.8266668908496 53.417657148519325 138
    endloop
  endfacet
  facet normal 0.9866433320848742 0.16289547339461752 0
    outer loop
      vertex 81.79323311909273 53.56104677546371 134
      vertex 81.76924906190892 53.706316067504886 138
      vertex 81.79323311909273 53.56104677546371 138
    endloop
  endfacet
  facet normal 0.9951847266722015 0.09801714032951449 0
    outer loop
      vertex 81.76924906190892 53.706316067504886 134
      vertex 81.75481742271315 53.85284295923218 138
      vertex 81.76924906190892 53.706316067504886 138
    endloop
  endfacet
  facet normal 0.9994645874763648 0.03271908282179856 0
    outer loop
      vertex 81.75481742271315 53.85284295923218 134
      vertex 81.75 54 138
      vertex 81.75481742271315 53.85284295923218 138
    endloop
  endfacet
  facet normal 0.8819212643483716 0.47139673682596656 0
    outer loop
      vertex 82.05144284148501 52.875 134
      vertex 81.98203633155146 53.00485044700725 138
      vertex 82.05144284148501 52.875 138
    endloop
  endfacet
  facet normal 0.9108638249211538 0.41270702980444324 0
    outer loop
      vertex 81.98203633155146 53.00485044700725 134
      vertex 81.9212710518496 53.13896227717855 138
      vertex 81.98203633155146 53.00485044700725 138
    endloop
  endfacet
  facet normal 0.9994645874763648 -0.03271908282179856 0
    outer loop
      vertex 81.75 54 134
      vertex 81.75481742271315 54.14715704076782 138
      vertex 81.75 54 138
    endloop
  endfacet
  facet normal 0.9951847266722015 -0.09801714032951449 0
    outer loop
      vertex 81.75481742271315 54.14715704076782 134
      vertex 81.76924906190892 54.293683932495114 138
      vertex 81.75481742271315 54.14715704076782 138
    endloop
  endfacet
  facet normal 0.9866433320848742 -0.16289547339461752 0
    outer loop
      vertex 81.76924906190892 54.293683932495114 134
      vertex 81.79323311909273 54.43895322453629 138
      vertex 81.76924906190892 54.293683932495114 138
    endloop
  endfacet
  facet normal 0.9738769792773389 -0.22707626303435144 0
    outer loop
      vertex 81.79323311909273 54.43895322453629 134
      vertex 81.8266668908496 54.582342851480675 138
      vertex 81.79323311909273 54.43895322453629 138
    endloop
  endfacet
  facet normal 0.9569403357322177 -0.2902846772544333 0
    outer loop
      vertex 81.8266668908496 54.582342851480675 134
      vertex 81.869407208636 54.723238796932115 138
      vertex 81.8266668908496 54.582342851480675 138
    endloop
  endfacet
  facet normal 0.9359059267573154 -0.3522500479212606 0
    outer loop
      vertex 81.869407208636 54.723238796932115 134
      vertex 81.9212710518496 54.86103772282145 138
      vertex 81.869407208636 54.723238796932115 138
    endloop
  endfacet
  facet normal 0.9108638249211538 -0.41270702980444324 0
    outer loop
      vertex 81.9212710518496 54.86103772282145 134
      vertex 81.98203633155146 54.99514955299275 138
      vertex 81.9212710518496 54.86103772282145 138
    endloop
  endfacet
  facet normal -0.8819212643483716 0.47139673682596656 0
    outer loop
      vertex 86.01796366844854 53.00485044700725 134
      vertex 85.94855715851499 52.875 138
      vertex 86.01796366844854 53.00485044700725 138
    endloop
  endfacet
  facet normal -0.9108638249211538 0.41270702980444324 0
    outer loop
      vertex 86.0787289481504 53.13896227717855 134
      vertex 86.01796366844854 53.00485044700725 138
      vertex 86.0787289481504 53.13896227717855 138
    endloop
  endfacet
  facet normal -0.9359059267573154 0.3522500479212606 0
    outer loop
      vertex 86.130592791364 53.276761203067885 134
      vertex 86.0787289481504 53.13896227717855 138
      vertex 86.130592791364 53.276761203067885 138
    endloop
  endfacet
  facet normal -0.9569403357322177 0.2902846772544333 0
    outer loop
      vertex 86.1733331091504 53.417657148519325 134
      vertex 86.130592791364 53.276761203067885 138
      vertex 86.1733331091504 53.417657148519325 138
    endloop
  endfacet
  facet normal -0.9738769792773389 0.22707626303435144 0
    outer loop
      vertex 86.20676688090727 53.56104677546371 134
      vertex 86.1733331091504 53.417657148519325 138
      vertex 86.20676688090727 53.56104677546371 138
    endloop
  endfacet
  facet normal -0.9866433320848742 0.16289547339461752 0
    outer loop
      vertex 86.23075093809108 53.706316067504886 134
      vertex 86.20676688090727 53.56104677546371 138
      vertex 86.23075093809108 53.706316067504886 138
    endloop
  endfacet
  facet normal -0.9951847266722015 0.09801714032951449 0
    outer loop
      vertex 86.24518257728685 53.85284295923218 134
      vertex 86.23075093809108 53.706316067504886 138
      vertex 86.24518257728685 53.85284295923218 138
    endloop
  endfacet
  facet normal -0.9994645874763648 0.03271908282179856 0
    outer loop
      vertex 86.25 54 134
      vertex 86.24518257728685 53.85284295923218 138
      vertex 86.25 54 138
    endloop
  endfacet
  facet normal -0.9994645874763648 -0.03271908282179856 0
    outer loop
      vertex 86.24518257728685 54.14715704076782 134
      vertex 86.25 54 138
      vertex 86.24518257728685 54.14715704076782 138
    endloop
  endfacet
  facet normal -0.9951847266722015 -0.09801714032951449 0
    outer loop
      vertex 86.23075093809108 54.293683932495114 134
      vertex 86.24518257728685 54.14715704076782 138
      vertex 86.23075093809108 54.293683932495114 138
    endloop
  endfacet
  facet normal -0.9866433320848742 -0.16289547339461752 0
    outer loop
      vertex 86.20676688090727 54.43895322453629 134
      vertex 86.23075093809108 54.293683932495114 138
      vertex 86.20676688090727 54.43895322453629 138
    endloop
  endfacet
  facet normal -0.9738769792773389 -0.22707626303435144 0
    outer loop
      vertex 86.1733331091504 54.582342851480675 134
      vertex 86.20676688090727 54.43895322453629 138
      vertex 86.1733331091504 54.582342851480675 138
    endloop
  endfacet
  facet normal -0.9569403357322177 -0.2902846772544333 0
    outer loop
      vertex 86.130592791364 54.723238796932115 134
      vertex 86.1733331091504 54.582342851480675 138
      vertex 86.130592791364 54.723238796932115 138
    endloop
  endfacet
  facet normal -0.9359059267573154 -0.3522500479212606 0
    outer loop
      vertex 86.0787289481504 54.86103772282145 134
      vertex 86.130592791364 54.723238796932115 138
      vertex 86.0787289481504 54.86103772282145 138
    endloop
  endfacet
  facet normal -0.9108638249211538 -0.41270702980444324 0
    outer loop
      vertex 86.01796366844854 54.99514955299275 134
      vertex 86.0787289481504 54.86103772282145 138
      vertex 86.01796366844854 54.99514955299275 138
    endloop
  endfacet
  facet normal 0.8819212643483716 -0.47139673682596656 0
    outer loop
      vertex 81.98203633155146 54.99514955299275 134
      vertex 82.05144284148501 55.125 138
      vertex 81.98203633155146 54.99514955299275 138
    endloop
  endfacet
  facet normal 0.8492021815265623 -0.5280678506503947 0
    outer loop
      vertex 82.05144284148501 55.125 134
      vertex 82.12919337231928 55.250033024294105 138
      vertex 82.05144284148501 55.125 138
    endloop
  endfacet
  facet normal 0.8128466845916488 -0.5824776968677552 0
    outer loop
      vertex 82.12919337231928 55.250033024294105 134
      vertex 82.21495498434471 55.36971321526962 138
      vertex 82.12919337231928 55.250033024294105 138
    endloop
  endfacet
  facet normal 0.7730104533627264 -0.6343932841636585 0
    outer loop
      vertex 82.21495498434471 55.36971321526962 134
      vertex 82.3083604331723 55.48352808397515 138
      vertex 82.21495498434471 55.36971321526962 138
    endloop
  endfacet
  facet normal 0.7298640726978222 -0.6835923020228856 0
    outer loop
      vertex 82.3083604331723 55.48352808397515 134
      vertex 82.40900974233027 55.59099025766973 138
      vertex 82.3083604331723 55.48352808397515 138
    endloop
  endfacet
  facet normal 0.683592302022884 -0.7298640726978237 0
    outer loop
      vertex 82.40900974233027 55.59099025766973 134
      vertex 82.51647191602484 55.691639566827696 138
      vertex 82.40900974233027 55.59099025766973 138
    endloop
  endfacet
  facet normal 0.6343932841636585 -0.7730104533627264 0
    outer loop
      vertex 82.51647191602484 55.691639566827696 134
      vertex 82.63028678473037 55.78504501565528 138
      vertex 82.51647191602484 55.691639566827696 138
    endloop
  endfacet
  facet normal 0.5824776968678189 -0.8128466845916031 0
    outer loop
      vertex 82.63028678473037 55.78504501565528 134
      vertex 82.74996697570589 55.87080662768073 138
      vertex 82.63028678473037 55.78504501565528 138
    endloop
  endfacet
  facet normal 0.5280678506503382 -0.8492021815265973 0
    outer loop
      vertex 82.74996697570589 55.87080662768073 134
      vertex 82.875 55.94855715851499 138
      vertex 82.74996697570589 55.87080662768073 138
    endloop
  endfacet
  facet normal 0.47139673682602423 -0.881921264348341 0
    outer loop
      vertex 82.875 55.94855715851499 134
      vertex 83.00485044700724 56.01796366844855 138
      vertex 82.875 55.94855715851499 138
    endloop
  endfacet
  facet normal 0.41270702980434504 -0.9108638249211983 0
    outer loop
      vertex 83.00485044700724 56.01796366844855 134
      vertex 83.13896227717855 56.07872894815039 138
      vertex 83.00485044700724 56.01796366844855 138
    endloop
  endfacet
  facet normal 0.3522500479212447 -0.9359059267573215 0
    outer loop
      vertex 83.13896227717855 56.07872894815039 134
      vertex 83.27676120306789 56.13059279136399 138
      vertex 83.13896227717855 56.07872894815039 138
    endloop
  endfacet
  facet normal 0.29028467725449086 -0.9569403357322002 0
    outer loop
      vertex 83.27676120306789 56.13059279136399 134
      vertex 83.41765714851933 56.173333109150406 138
      vertex 83.27676120306789 56.13059279136399 138
    endloop
  endfacet
  facet normal -0.8819212643483716 -0.47139673682596656 0
    outer loop
      vertex 85.94855715851499 55.125 134
      vertex 86.01796366844854 54.99514955299275 138
      vertex 85.94855715851499 55.125 138
    endloop
  endfacet
  facet normal -0.8492021815265623 -0.5280678506503947 0
    outer loop
      vertex 85.87080662768072 55.250033024294105 134
      vertex 85.94855715851499 55.125 138
      vertex 85.87080662768072 55.250033024294105 138
    endloop
  endfacet
  facet normal -0.8128466845916488 -0.5824776968677552 0
    outer loop
      vertex 85.78504501565529 55.36971321526962 134
      vertex 85.87080662768072 55.250033024294105 138
      vertex 85.78504501565529 55.36971321526962 138
    endloop
  endfacet
  facet normal -0.7730104533627264 -0.6343932841636585 0
    outer loop
      vertex 85.6916395668277 55.48352808397515 134
      vertex 85.78504501565529 55.36971321526962 138
      vertex 85.6916395668277 55.48352808397515 138
    endloop
  endfacet
  facet normal -0.683592302022884 -0.7298640726978237 0
    outer loop
      vertex 85.48352808397516 55.691639566827696 134
      vertex 85.59099025766973 55.59099025766973 138
      vertex 85.48352808397516 55.691639566827696 138
    endloop
  endfacet
  facet normal -0.6343932841636585 -0.7730104533627264 0
    outer loop
      vertex 85.36971321526963 55.78504501565528 134
      vertex 85.48352808397516 55.691639566827696 138
      vertex 85.36971321526963 55.78504501565528 138
    endloop
  endfacet
  facet normal -0.5280678506503382 -0.8492021815265973 0
    outer loop
      vertex 85.125 55.94855715851499 134
      vertex 85.25003302429411 55.87080662768073 138
      vertex 85.125 55.94855715851499 138
    endloop
  endfacet
  facet normal -0.41270702980434504 -0.9108638249211983 0
    outer loop
      vertex 84.86103772282145 56.07872894815039 134
      vertex 84.99514955299276 56.01796366844855 138
      vertex 84.86103772282145 56.07872894815039 138
    endloop
  endfacet
  facet normal -0.47139673682602423 -0.881921264348341 0
    outer loop
      vertex 84.99514955299276 56.01796366844855 134
      vertex 85.125 55.94855715851499 138
      vertex 84.99514955299276 56.01796366844855 138
    endloop
  endfacet
  facet normal -0.5824776968678189 -0.8128466845916031 0
    outer loop
      vertex 85.25003302429411 55.87080662768073 134
      vertex 85.36971321526963 55.78504501565528 138
      vertex 85.25003302429411 55.87080662768073 138
    endloop
  endfacet
  facet normal -0.7298640726978222 -0.6835923020228856 0
    outer loop
      vertex 85.59099025766973 55.59099025766973 134
      vertex 85.6916395668277 55.48352808397515 138
      vertex 85.59099025766973 55.59099025766973 138
    endloop
  endfacet
  facet normal 0.22707626303435144 -0.9738769792773389 0
    outer loop
      vertex 83.41765714851933 56.173333109150406 134
      vertex 83.56104677546371 56.20676688090727 138
      vertex 83.41765714851933 56.173333109150406 138
    endloop
  endfacet
  facet normal 0.16289547339457053 -0.9866433320848819 0
    outer loop
      vertex 83.56104677546371 56.20676688090727 134
      vertex 83.70631606750489 56.23075093809107 138
      vertex 83.56104677546371 56.20676688090727 138
    endloop
  endfacet
  facet normal 0.09801714032956228 -0.9951847266721967 0
    outer loop
      vertex 83.70631606750489 56.23075093809107 134
      vertex 83.85284295923218 56.245182577286855 138
      vertex 83.70631606750489 56.23075093809107 138
    endloop
  endfacet
  facet normal 0.03271908282179856 -0.9994645874763648 0
    outer loop
      vertex 83.85284295923218 56.245182577286855 134
      vertex 84 56.25 138
      vertex 83.85284295923218 56.245182577286855 138
    endloop
  endfacet
  facet normal -0.03271908282179856 -0.9994645874763648 0
    outer loop
      vertex 84 56.25 134
      vertex 84.14715704076782 56.245182577286855 138
      vertex 84 56.25 138
    endloop
  endfacet
  facet normal -0.09801714032956228 -0.9951847266721967 0
    outer loop
      vertex 84.14715704076782 56.245182577286855 134
      vertex 84.29368393249511 56.23075093809107 138
      vertex 84.14715704076782 56.245182577286855 138
    endloop
  endfacet
  facet normal -0.16289547339457053 -0.9866433320848819 0
    outer loop
      vertex 84.29368393249511 56.23075093809107 134
      vertex 84.43895322453629 56.20676688090727 138
      vertex 84.29368393249511 56.23075093809107 138
    endloop
  endfacet
  facet normal -0.29028467725449086 -0.9569403357322002 0
    outer loop
      vertex 84.58234285148067 56.173333109150406 134
      vertex 84.72323879693211 56.13059279136399 138
      vertex 84.58234285148067 56.173333109150406 138
    endloop
  endfacet
  facet normal -0.3522500479212447 -0.9359059267573215 0
    outer loop
      vertex 84.72323879693211 56.13059279136399 134
      vertex 84.86103772282145 56.07872894815039 138
      vertex 84.72323879693211 56.13059279136399 138
    endloop
  endfacet
  facet normal -0.22707626303435144 -0.9738769792773389 0
    outer loop
      vertex 84.43895322453629 56.20676688090727 134
      vertex 84.58234285148067 56.173333109150406 138
      vertex 84.43895322453629 56.20676688090727 138
    endloop
  endfacet
  facet normal 0.2902846772544631 0.9569403357322087 0
    outer loop
      vertex -58.91795518772846 63.47762883454405 134
      vertex -58.91795518772846 63.47762883454405 138
      vertex -58.35437140592269 63.306667563398385 134
    endloop
  endfacet
  facet normal 0.16289547339458813 0.9866433320848792 0
    outer loop
      vertex -57.78081289814516 63.172932476370924 134
      vertex -57.78081289814516 63.172932476370924 138
      vertex -57.19973572998047 63.076996247635705 134
    endloop
  endfacet
  facet normal 0.2270762630343743 0.9738769792773335 0
    outer loop
      vertex -58.35437140592269 63.306667563398385 134
      vertex -58.35437140592269 63.306667563398385 138
      vertex -57.78081289814516 63.172932476370924 134
    endloop
  endfacet
  facet normal 0.09801714032955994 0.995184726672197 0
    outer loop
      vertex -57.19973572998047 63.076996247635705 134
      vertex -57.19973572998047 63.076996247635705 138
      vertex -56.61362816307129 63.01926969085257 134
    endloop
  endfacet
  facet normal 0.03271908282177485 0.9994645874763656 0
    outer loop
      vertex -56.61362816307129 63.01926969085257 134
      vertex -56.61362816307129 63.01926969085257 138
      vertex -56.025000000000006 63 134
    endloop
  endfacet
  facet normal -0.03271908282177485 0.9994645874763656 0
    outer loop
      vertex -56.025000000000006 63 134
      vertex -56.025000000000006 63 138
      vertex -55.43637183692872 63.01926969085257 134
    endloop
  endfacet
  facet normal -0.09801714032955994 0.995184726672197 0
    outer loop
      vertex -55.43637183692872 63.01926969085257 134
      vertex -55.43637183692872 63.01926969085257 138
      vertex -54.850264270019544 63.076996247635705 134
    endloop
  endfacet
  facet normal -0.16289547339458813 0.9866433320848792 0
    outer loop
      vertex -54.850264270019544 63.076996247635705 134
      vertex -54.850264270019544 63.076996247635705 138
      vertex -54.269187101854854 63.172932476370924 134
    endloop
  endfacet
  facet normal -0.2270762630343743 0.9738769792773335 0
    outer loop
      vertex -54.269187101854854 63.172932476370924 134
      vertex -54.269187101854854 63.172932476370924 138
      vertex -53.69562859407732 63.306667563398385 134
    endloop
  endfacet
  facet normal -0.2902846772544631 0.9569403357322087 0
    outer loop
      vertex -53.69562859407732 63.306667563398385 134
      vertex -53.69562859407732 63.306667563398385 138
      vertex -53.13204481227155 63.47762883454405 134
    endloop
  endfacet
  facet normal 0.812846684591609 0.582477696867811 0
    outer loop
      vertex -63.50822651072291 66.99986790282358 134
      vertex -63.50822651072291 66.99986790282358 138
      vertex -63.16518006262112 66.52114713892152 134
    endloop
  endfacet
  facet normal 0.8492021815265784 0.5280678506503685 -3.1453071170758584e-19
    outer loop
      vertex -63.50822651072291 66.99986790282358 134
      vertex -63.819228634059954 67.5 134
      vertex -63.819228634059954 67.5 138
    endloop
  endfacet
  facet normal 0.5280678506503773 0.8492021815265732 -7.129589590107229e-19
    outer loop
      vertex -60.525000000000006 64.20577136594005 134
      vertex -61.025132097176424 64.5167734892771 134
      vertex -61.025132097176424 64.5167734892771 138
    endloop
  endfacet
  facet normal 0.6835923020228789 0.7298640726978287 -5.011909828117967e-18
    outer loop
      vertex -61.95911233590063 65.2334417326892 134
      vertex -62.388961030678935 65.63603896932108 134
      vertex -62.388961030678935 65.63603896932108 138
    endloop
  endfacet
  facet normal 0.5824776968677974 0.8128466845916188 0
    outer loop
      vertex -61.50385286107849 64.85981993737889 134
      vertex -61.50385286107849 64.85981993737889 138
      vertex -61.025132097176424 64.5167734892771 134
    endloop
  endfacet
  facet normal 0.634393284163638 0.773010453362743 0
    outer loop
      vertex -61.95911233590063 65.2334417326892 134
      vertex -61.95911233590063 65.2334417326892 138
      vertex -61.50385286107849 64.85981993737889 134
    endloop
  endfacet
  facet normal 0.41270702980439866 0.910863824921174 0
    outer loop
      vertex -60.00559821197102 63.92814532620581 134
      vertex -60.00559821197102 63.92814532620581 138
      vertex -59.469150891285814 63.68508420739842 134
    endloop
  endfacet
  facet normal 0.35225004792123155 0.9359059267573265 -1.7353491412505778e-18
    outer loop
      vertex -58.91795518772846 63.47762883454405 134
      vertex -59.469150891285814 63.68508420739842 134
      vertex -59.469150891285814 63.68508420739842 138
    endloop
  endfacet
  facet normal 0.4713967368259954 0.8819212643483563 0
    outer loop
      vertex -60.525000000000006 64.20577136594005 134
      vertex -60.525000000000006 64.20577136594005 138
      vertex -60.00559821197102 63.92814532620581 134
    endloop
  endfacet
  facet normal 0.729864072697829 0.6835923020228785 0
    outer loop
      vertex -62.791558267310805 66.06588766409938 134
      vertex -62.791558267310805 66.06588766409938 138
      vertex -62.388961030678935 65.63603896932108 134
    endloop
  endfacet
  facet normal 0.7730104533627479 0.6343932841636322 2.2651169072465962e-18
    outer loop
      vertex -62.791558267310805 66.06588766409938 134
      vertex -63.16518006262112 66.52114713892152 134
      vertex -63.16518006262112 66.52114713892152 138
    endloop
  endfacet
  facet normal 0.8819212643483563 0.4713967368259954 -2.4371724267968156e-18
    outer loop
      vertex -63.819228634059954 67.5 134
      vertex -64.0968546737942 68.01940178802899 134
      vertex -64.0968546737942 68.01940178802899 138
    endloop
  endfacet
  facet normal 0.9108638249211761 0.4127070298043941 -5.690167503909503e-19
    outer loop
      vertex -64.0968546737942 68.01940178802899 134
      vertex -64.33991579260159 68.5558491087142 134
      vertex -64.33991579260159 68.5558491087142 138
    endloop
  endfacet
  facet normal 0.9359059267573234 0.35225004792123943 8.231086560888736e-19
    outer loop
      vertex -64.33991579260159 68.5558491087142 134
      vertex -64.54737116545596 69.10704481227154 134
      vertex -64.54737116545596 69.10704481227154 138
    endloop
  endfacet
  facet normal 0.9569403357322064 0.2902846772544708 0
    outer loop
      vertex -64.71833243660163 69.67062859407731 134
      vertex -64.71833243660163 69.67062859407731 138
      vertex -64.54737116545596 69.10704481227154 134
    endloop
  endfacet
  facet normal 0.9738769792773389 0.22707626303435144 -6.008234621955554e-19
    outer loop
      vertex -64.71833243660163 69.67062859407731 134
      vertex -64.85206752362907 70.24418710185485 134
      vertex -64.85206752362907 70.24418710185485 138
    endloop
  endfacet
  facet normal 0.9866433320848768 0.16289547339460178 2.598264854255163e-19
    outer loop
      vertex -64.85206752362907 70.24418710185485 134
      vertex -64.9480037523643 70.82526427001953 134
      vertex -64.9480037523643 70.82526427001953 138
    endloop
  endfacet
  facet normal 0.995184726672197 0.09801714032955994 1.9459981563163294e-19
    outer loop
      vertex -64.9480037523643 70.82526427001953 134
      vertex -65.00573030914744 71.41137183692871 134
      vertex -65.00573030914744 71.41137183692871 138
    endloop
  endfacet
  facet normal 0.9994645874763656 0.03271908282177446 -2.3864273407377357e-19
    outer loop
      vertex -65.00573030914744 71.41137183692871 134
      vertex -65.025 72 134
      vertex -65.025 72 138
    endloop
  endfacet
  facet normal -0.35225004792123155 0.9359059267573265 0
    outer loop
      vertex -53.13204481227155 63.47762883454405 134
      vertex -53.13204481227155 63.47762883454405 138
      vertex -52.5808491087142 63.68508420739842 134
    endloop
  endfacet
  facet normal -0.41270702980439866 0.910863824921174 0
    outer loop
      vertex -52.5808491087142 63.68508420739842 134
      vertex -52.5808491087142 63.68508420739842 138
      vertex -52.04440178802899 63.92814532620581 134
    endloop
  endfacet
  facet normal -0.4713967368259954 0.8819212643483563 0
    outer loop
      vertex -52.04440178802899 63.92814532620581 134
      vertex -52.04440178802899 63.92814532620581 138
      vertex -51.525000000000006 64.20577136594005 134
    endloop
  endfacet
  facet normal -0.5280678506503773 0.8492021815265732 0
    outer loop
      vertex -51.525000000000006 64.20577136594005 134
      vertex -51.525000000000006 64.20577136594005 138
      vertex -51.02486790282359 64.5167734892771 134
    endloop
  endfacet
  facet normal -0.5824776968677974 0.8128466845916188 0
    outer loop
      vertex -51.02486790282359 64.5167734892771 134
      vertex -51.02486790282359 64.5167734892771 138
      vertex -50.54614713892152 64.85981993737889 134
    endloop
  endfacet
  facet normal -0.634393284163638 0.773010453362743 0
    outer loop
      vertex -50.54614713892152 64.85981993737889 134
      vertex -50.54614713892152 64.85981993737889 138
      vertex -50.090887664099384 65.2334417326892 134
    endloop
  endfacet
  facet normal -0.6835923020228789 0.7298640726978287 0
    outer loop
      vertex -50.090887664099384 65.2334417326892 134
      vertex -50.090887664099384 65.2334417326892 138
      vertex -49.661038969321076 65.63603896932108 134
    endloop
  endfacet
  facet normal -0.729864072697829 0.6835923020228785 0
    outer loop
      vertex -49.661038969321076 65.63603896932108 134
      vertex -49.661038969321076 65.63603896932108 138
      vertex -49.25844173268921 66.06588766409938 134
    endloop
  endfacet
  facet normal -0.7730104533627479 0.6343932841636322 0
    outer loop
      vertex -49.25844173268921 66.06588766409938 134
      vertex -49.25844173268921 66.06588766409938 138
      vertex -48.88481993737889 66.52114713892152 134
    endloop
  endfacet
  facet normal -0.812846684591609 0.582477696867811 0
    outer loop
      vertex -48.88481993737889 66.52114713892152 134
      vertex -48.88481993737889 66.52114713892152 138
      vertex -48.5417734892771 66.99986790282358 134
    endloop
  endfacet
  facet normal -0.8492021815265784 0.5280678506503685 0
    outer loop
      vertex -48.5417734892771 66.99986790282358 134
      vertex -48.5417734892771 66.99986790282358 138
      vertex -48.23077136594006 67.5 134
    endloop
  endfacet
  facet normal -0.8819212643483563 0.4713967368259954 0
    outer loop
      vertex -48.23077136594006 67.5 134
      vertex -48.23077136594006 67.5 138
      vertex -47.953145326205814 68.01940178802899 134
    endloop
  endfacet
  facet normal -0.9108638249211761 0.4127070298043941 0
    outer loop
      vertex -47.953145326205814 68.01940178802899 134
      vertex -47.953145326205814 68.01940178802899 138
      vertex -47.710084207398424 68.5558491087142 134
    endloop
  endfacet
  facet normal -0.9359059267573234 0.35225004792123943 0
    outer loop
      vertex -47.710084207398424 68.5558491087142 134
      vertex -47.710084207398424 68.5558491087142 138
      vertex -47.502628834544055 69.10704481227154 134
    endloop
  endfacet
  facet normal -0.9569403357322096 0.2902846772544597 0
    outer loop
      vertex -47.502628834544055 69.10704481227154 134
      vertex -47.502628834544055 69.10704481227154 138
      vertex -47.33166756339839 69.67062859407731 134
    endloop
  endfacet
  facet normal -0.9738769792773335 0.2270762630343743 0
    outer loop
      vertex -47.33166756339839 69.67062859407731 134
      vertex -47.33166756339839 69.67062859407731 138
      vertex -47.19793247637093 70.24418710185485 134
    endloop
  endfacet
  facet normal -0.9866433320848788 0.16289547339459007 0
    outer loop
      vertex -47.19793247637093 70.24418710185485 134
      vertex -47.19793247637093 70.24418710185485 138
      vertex -47.10199624763571 70.82526427001953 134
    endloop
  endfacet
  facet normal -0.995184726672197 0.09801714032955994 0
    outer loop
      vertex -47.10199624763571 70.82526427001953 134
      vertex -47.10199624763571 70.82526427001953 138
      vertex -47.04426969085257 71.41137183692871 134
    endloop
  endfacet
  facet normal -0.9994645874763656 0.03271908282177446 0
    outer loop
      vertex -47.04426969085257 71.41137183692871 134
      vertex -47.04426969085257 71.41137183692871 138
      vertex -47.025000000000006 72 134
    endloop
  endfacet
  facet normal 0.2902846772544631 0.9569403357322087 0
    outer loop
      vertex -58.35437140592269 63.306667563398385 134
      vertex -58.91795518772846 63.47762883454405 138
      vertex -58.35437140592269 63.306667563398385 138
    endloop
  endfacet
  facet normal 0.2270762630343743 0.9738769792773335 0
    outer loop
      vertex -57.78081289814516 63.172932476370924 134
      vertex -58.35437140592269 63.306667563398385 138
      vertex -57.78081289814516 63.172932476370924 138
    endloop
  endfacet
  facet normal 0.16289547339458813 0.9866433320848792 0
    outer loop
      vertex -57.19973572998047 63.076996247635705 134
      vertex -57.78081289814516 63.172932476370924 138
      vertex -57.19973572998047 63.076996247635705 138
    endloop
  endfacet
  facet normal 0.09801714032955994 0.995184726672197 0
    outer loop
      vertex -56.61362816307129 63.01926969085257 134
      vertex -57.19973572998047 63.076996247635705 138
      vertex -56.61362816307129 63.01926969085257 138
    endloop
  endfacet
  facet normal 0.03271908282177485 0.9994645874763656 0
    outer loop
      vertex -56.025000000000006 63 134
      vertex -56.61362816307129 63.01926969085257 138
      vertex -56.025000000000006 63 138
    endloop
  endfacet
  facet normal -0.03271908282177485 0.9994645874763656 0
    outer loop
      vertex -55.43637183692872 63.01926969085257 134
      vertex -56.025000000000006 63 138
      vertex -55.43637183692872 63.01926969085257 138
    endloop
  endfacet
  facet normal -0.09801714032955994 0.995184726672197 0
    outer loop
      vertex -54.850264270019544 63.076996247635705 134
      vertex -55.43637183692872 63.01926969085257 138
      vertex -54.850264270019544 63.076996247635705 138
    endloop
  endfacet
  facet normal -0.16289547339458813 0.9866433320848792 0
    outer loop
      vertex -54.269187101854854 63.172932476370924 134
      vertex -54.850264270019544 63.076996247635705 138
      vertex -54.269187101854854 63.172932476370924 138
    endloop
  endfacet
  facet normal -0.2270762630343743 0.9738769792773335 0
    outer loop
      vertex -53.69562859407732 63.306667563398385 134
      vertex -54.269187101854854 63.172932476370924 138
      vertex -53.69562859407732 63.306667563398385 138
    endloop
  endfacet
  facet normal -0.2902846772544631 0.9569403357322087 0
    outer loop
      vertex -53.13204481227155 63.47762883454405 134
      vertex -53.69562859407732 63.306667563398385 138
      vertex -53.13204481227155 63.47762883454405 138
    endloop
  endfacet
  facet normal 0.812846684591609 0.582477696867811 0
    outer loop
      vertex -63.16518006262112 66.52114713892152 134
      vertex -63.50822651072291 66.99986790282358 138
      vertex -63.16518006262112 66.52114713892152 138
    endloop
  endfacet
  facet normal 0.8492021815265784 0.5280678506503685 0
    outer loop
      vertex -63.50822651072291 66.99986790282358 134
      vertex -63.819228634059954 67.5 138
      vertex -63.50822651072291 66.99986790282358 138
    endloop
  endfacet
  facet normal 0.8819212643483563 0.4713967368259954 0
    outer loop
      vertex -63.819228634059954 67.5 134
      vertex -64.0968546737942 68.01940178802899 138
      vertex -63.819228634059954 67.5 138
    endloop
  endfacet
  facet normal 0.5280678506503773 0.8492021815265732 0
    outer loop
      vertex -60.525000000000006 64.20577136594005 134
      vertex -61.025132097176424 64.5167734892771 138
      vertex -60.525000000000006 64.20577136594005 138
    endloop
  endfacet
  facet normal 0.6835923020228789 0.7298640726978287 0
    outer loop
      vertex -61.95911233590063 65.2334417326892 134
      vertex -62.388961030678935 65.63603896932108 138
      vertex -61.95911233590063 65.2334417326892 138
    endloop
  endfacet
  facet normal 0.5824776968677974 0.8128466845916188 0
    outer loop
      vertex -61.025132097176424 64.5167734892771 134
      vertex -61.50385286107849 64.85981993737889 138
      vertex -61.025132097176424 64.5167734892771 138
    endloop
  endfacet
  facet normal 0.634393284163638 0.773010453362743 0
    outer loop
      vertex -61.50385286107849 64.85981993737889 134
      vertex -61.95911233590063 65.2334417326892 138
      vertex -61.50385286107849 64.85981993737889 138
    endloop
  endfacet
  facet normal 0.4713967368259954 0.8819212643483563 0
    outer loop
      vertex -60.00559821197102 63.92814532620581 134
      vertex -60.525000000000006 64.20577136594005 138
      vertex -60.00559821197102 63.92814532620581 138
    endloop
  endfacet
  facet normal 0.35225004792123155 0.9359059267573265 0
    outer loop
      vertex -58.91795518772846 63.47762883454405 134
      vertex -59.469150891285814 63.68508420739842 138
      vertex -58.91795518772846 63.47762883454405 138
    endloop
  endfacet
  facet normal 0.41270702980439866 0.910863824921174 0
    outer loop
      vertex -59.469150891285814 63.68508420739842 134
      vertex -60.00559821197102 63.92814532620581 138
      vertex -59.469150891285814 63.68508420739842 138
    endloop
  endfacet
  facet normal 0.729864072697829 0.6835923020228785 0
    outer loop
      vertex -62.388961030678935 65.63603896932108 134
      vertex -62.791558267310805 66.06588766409938 138
      vertex -62.388961030678935 65.63603896932108 138
    endloop
  endfacet
  facet normal 0.7730104533627479 0.6343932841636322 0
    outer loop
      vertex -62.791558267310805 66.06588766409938 134
      vertex -63.16518006262112 66.52114713892152 138
      vertex -62.791558267310805 66.06588766409938 138
    endloop
  endfacet
  facet normal 0.9108638249211761 0.4127070298043941 0
    outer loop
      vertex -64.0968546737942 68.01940178802899 134
      vertex -64.33991579260159 68.5558491087142 138
      vertex -64.0968546737942 68.01940178802899 138
    endloop
  endfacet
  facet normal 0.9359059267573234 0.35225004792123943 0
    outer loop
      vertex -64.33991579260159 68.5558491087142 134
      vertex -64.54737116545596 69.10704481227154 138
      vertex -64.33991579260159 68.5558491087142 138
    endloop
  endfacet
  facet normal 0.9738769792773389 0.22707626303435144 0
    outer loop
      vertex -64.71833243660163 69.67062859407731 134
      vertex -64.85206752362907 70.24418710185485 138
      vertex -64.71833243660163 69.67062859407731 138
    endloop
  endfacet
  facet normal 0.9569403357322064 0.2902846772544708 0
    outer loop
      vertex -64.54737116545596 69.10704481227154 134
      vertex -64.71833243660163 69.67062859407731 138
      vertex -64.54737116545596 69.10704481227154 138
    endloop
  endfacet
  facet normal 0.9866433320848768 0.16289547339460178 0
    outer loop
      vertex -64.85206752362907 70.24418710185485 134
      vertex -64.9480037523643 70.82526427001953 138
      vertex -64.85206752362907 70.24418710185485 138
    endloop
  endfacet
  facet normal 0.995184726672197 0.09801714032955994 0
    outer loop
      vertex -64.9480037523643 70.82526427001953 134
      vertex -65.00573030914744 71.41137183692871 138
      vertex -64.9480037523643 70.82526427001953 138
    endloop
  endfacet
  facet normal 0.9994645874763656 0.03271908282177446 0
    outer loop
      vertex -65.00573030914744 71.41137183692871 134
      vertex -65.025 72 138
      vertex -65.00573030914744 71.41137183692871 138
    endloop
  endfacet
  facet normal -0.35225004792123155 0.9359059267573265 0
    outer loop
      vertex -52.5808491087142 63.68508420739842 134
      vertex -53.13204481227155 63.47762883454405 138
      vertex -52.5808491087142 63.68508420739842 138
    endloop
  endfacet
  facet normal -0.41270702980439866 0.910863824921174 0
    outer loop
      vertex -52.04440178802899 63.92814532620581 134
      vertex -52.5808491087142 63.68508420739842 138
      vertex -52.04440178802899 63.92814532620581 138
    endloop
  endfacet
  facet normal -0.4713967368259954 0.8819212643483563 0
    outer loop
      vertex -51.525000000000006 64.20577136594005 134
      vertex -52.04440178802899 63.92814532620581 138
      vertex -51.525000000000006 64.20577136594005 138
    endloop
  endfacet
  facet normal -0.5280678506503773 0.8492021815265732 0
    outer loop
      vertex -51.02486790282359 64.5167734892771 134
      vertex -51.525000000000006 64.20577136594005 138
      vertex -51.02486790282359 64.5167734892771 138
    endloop
  endfacet
  facet normal -0.5824776968677974 0.8128466845916188 0
    outer loop
      vertex -50.54614713892152 64.85981993737889 134
      vertex -51.02486790282359 64.5167734892771 138
      vertex -50.54614713892152 64.85981993737889 138
    endloop
  endfacet
  facet normal -0.634393284163638 0.773010453362743 0
    outer loop
      vertex -50.090887664099384 65.2334417326892 134
      vertex -50.54614713892152 64.85981993737889 138
      vertex -50.090887664099384 65.2334417326892 138
    endloop
  endfacet
  facet normal -0.6835923020228789 0.7298640726978287 0
    outer loop
      vertex -49.661038969321076 65.63603896932108 134
      vertex -50.090887664099384 65.2334417326892 138
      vertex -49.661038969321076 65.63603896932108 138
    endloop
  endfacet
  facet normal -0.729864072697829 0.6835923020228785 0
    outer loop
      vertex -49.25844173268921 66.06588766409938 134
      vertex -49.661038969321076 65.63603896932108 138
      vertex -49.25844173268921 66.06588766409938 138
    endloop
  endfacet
  facet normal -0.7730104533627479 0.6343932841636322 0
    outer loop
      vertex -48.88481993737889 66.52114713892152 134
      vertex -49.25844173268921 66.06588766409938 138
      vertex -48.88481993737889 66.52114713892152 138
    endloop
  endfacet
  facet normal -0.812846684591609 0.582477696867811 0
    outer loop
      vertex -48.5417734892771 66.99986790282358 134
      vertex -48.88481993737889 66.52114713892152 138
      vertex -48.5417734892771 66.99986790282358 138
    endloop
  endfacet
  facet normal -0.8492021815265784 0.5280678506503685 0
    outer loop
      vertex -48.23077136594006 67.5 134
      vertex -48.5417734892771 66.99986790282358 138
      vertex -48.23077136594006 67.5 138
    endloop
  endfacet
  facet normal -0.8819212643483563 0.4713967368259954 0
    outer loop
      vertex -47.953145326205814 68.01940178802899 134
      vertex -48.23077136594006 67.5 138
      vertex -47.953145326205814 68.01940178802899 138
    endloop
  endfacet
  facet normal -0.9108638249211761 0.4127070298043941 0
    outer loop
      vertex -47.710084207398424 68.5558491087142 134
      vertex -47.953145326205814 68.01940178802899 138
      vertex -47.710084207398424 68.5558491087142 138
    endloop
  endfacet
  facet normal -0.9359059267573234 0.35225004792123943 0
    outer loop
      vertex -47.502628834544055 69.10704481227154 134
      vertex -47.710084207398424 68.5558491087142 138
      vertex -47.502628834544055 69.10704481227154 138
    endloop
  endfacet
  facet normal -0.9569403357322096 0.2902846772544597 0
    outer loop
      vertex -47.33166756339839 69.67062859407731 134
      vertex -47.502628834544055 69.10704481227154 138
      vertex -47.33166756339839 69.67062859407731 138
    endloop
  endfacet
  facet normal -0.9738769792773335 0.2270762630343743 0
    outer loop
      vertex -47.19793247637093 70.24418710185485 134
      vertex -47.33166756339839 69.67062859407731 138
      vertex -47.19793247637093 70.24418710185485 138
    endloop
  endfacet
  facet normal -0.9866433320848788 0.16289547339459007 0
    outer loop
      vertex -47.10199624763571 70.82526427001953 134
      vertex -47.19793247637093 70.24418710185485 138
      vertex -47.10199624763571 70.82526427001953 138
    endloop
  endfacet
  facet normal -0.995184726672197 0.09801714032955994 0
    outer loop
      vertex -47.04426969085257 71.41137183692871 134
      vertex -47.10199624763571 70.82526427001953 138
      vertex -47.04426969085257 71.41137183692871 138
    endloop
  endfacet
  facet normal -0.9994645874763656 0.03271908282177446 0
    outer loop
      vertex -47.025000000000006 72 134
      vertex -47.04426969085257 71.41137183692871 138
      vertex -47.025000000000006 72 138
    endloop
  endfacet
  facet normal 0.4713967368259929 0.8819212643483576 0
    outer loop
      vertex -23.175 64.20577136594005 134
      vertex -23.175 64.20577136594005 138
      vertex -22.65559821197101 63.92814532620581 134
    endloop
  endfacet
  facet normal 0.5280678506503773 0.8492021815265732 -7.129589590107229e-19
    outer loop
      vertex -23.175 64.20577136594005 134
      vertex -23.67513209717642 64.5167734892771 134
      vertex -23.67513209717642 64.5167734892771 138
    endloop
  endfacet
  facet normal 0.634393284163641 0.7730104533627405 0
    outer loop
      vertex -24.60911233590062 65.2334417326892 134
      vertex -24.60911233590062 65.2334417326892 138
      vertex -24.153852861078487 64.85981993737889 134
    endloop
  endfacet
  facet normal 0.6835923020228758 0.7298640726978314 4.967775868246363e-19
    outer loop
      vertex -24.60911233590062 65.2334417326892 134
      vertex -25.03896103067893 65.63603896932108 134
      vertex -25.03896103067893 65.63603896932108 138
    endloop
  endfacet
  facet normal 0.5824776968677974 0.8128466845916188 0
    outer loop
      vertex -24.153852861078487 64.85981993737889 134
      vertex -24.153852861078487 64.85981993737889 138
      vertex -23.67513209717642 64.5167734892771 134
    endloop
  endfacet
  facet normal 0.8128466845916117 0.582477696867807 0
    outer loop
      vertex -26.15822651072291 66.99986790282358 134
      vertex -26.15822651072291 66.99986790282358 138
      vertex -25.815180062621117 66.52114713892152 134
    endloop
  endfacet
  facet normal 0.8492021815265784 0.5280678506503685 -3.1453071170758584e-19
    outer loop
      vertex -26.15822651072291 66.99986790282358 134
      vertex -26.46922863405995 67.5 134
      vertex -26.46922863405995 67.5 138
    endloop
  endfacet
  facet normal 0.729864072697832 0.6835923020228752 0
    outer loop
      vertex -25.441558267310796 66.06588766409938 134
      vertex -25.441558267310796 66.06588766409938 138
      vertex -25.03896103067893 65.63603896932108 134
    endloop
  endfacet
  facet normal 0.7730104533627419 0.6343932841636394 -4.172833436243062e-18
    outer loop
      vertex -25.441558267310796 66.06588766409938 134
      vertex -25.815180062621117 66.52114713892152 134
      vertex -25.815180062621117 66.52114713892152 138
    endloop
  endfacet
  facet normal 0.8819212643483537 0.4713967368260001 3.649035056301015e-18
    outer loop
      vertex -26.46922863405995 67.5 134
      vertex -26.746854673794196 68.01940178802899 134
      vertex -26.746854673794196 68.01940178802899 138
    endloop
  endfacet
  facet normal 0.9108638249211806 0.41270702980438406 3.325078825302332e-18
    outer loop
      vertex -26.746854673794196 68.01940178802899 134
      vertex -26.98991579260158 68.5558491087142 134
      vertex -26.98991579260158 68.5558491087142 138
    endloop
  endfacet
  facet normal 0.9359059267573214 0.3522500479212447 1.9807635442853233e-19
    outer loop
      vertex -26.98991579260158 68.5558491087142 134
      vertex -27.19737116545595 69.10704481227154 134
      vertex -27.19737116545595 69.10704481227154 138
    endloop
  endfacet
  facet normal 0.9569403357322096 0.2902846772544597 0
    outer loop
      vertex -27.368332436601616 69.67062859407731 134
      vertex -27.368332436601616 69.67062859407731 138
      vertex -27.19737116545595 69.10704481227154 134
    endloop
  endfacet
  facet normal 0.9738769792773347 0.2270762630343686 2.386286012334269e-18
    outer loop
      vertex -27.368332436601616 69.67062859407731 134
      vertex -27.502067523629073 70.24418710185485 134
      vertex -27.502067523629073 70.24418710185485 138
    endloop
  endfacet
  facet normal 0.9866433320848788 0.16289547339459007 3.276321120904096e-19
    outer loop
      vertex -27.502067523629073 70.24418710185485 134
      vertex -27.598003752364292 70.82526427001953 134
      vertex -27.598003752364292 70.82526427001953 138
    endloop
  endfacet
  facet normal 0.995184726672197 0.09801714032955994 1.9459981563163294e-19
    outer loop
      vertex -27.598003752364292 70.82526427001953 134
      vertex -27.65573030914743 71.41137183692871 134
      vertex -27.65573030914743 71.41137183692871 138
    endloop
  endfacet
  facet normal 0.9994645874763656 0.032719082821780494 1.2182706087132167e-19
    outer loop
      vertex -27.65573030914743 71.41137183692871 134
      vertex -27.675 72 134
      vertex -27.675 72 138
    endloop
  endfacet
  facet normal 0.2902846772544631 0.9569403357322087 0
    outer loop
      vertex -21.567955187728455 63.47762883454405 134
      vertex -21.567955187728455 63.47762883454405 138
      vertex -21.004371405922686 63.306667563398385 134
    endloop
  endfacet
  facet normal 0.16289547339458813 0.9866433320848792 0
    outer loop
      vertex -20.430812898145156 63.172932476370924 134
      vertex -20.430812898145156 63.172932476370924 138
      vertex -19.849735729980466 63.076996247635705 134
    endloop
  endfacet
  facet normal 0.22707626303437561 0.973876979277333 0
    outer loop
      vertex -21.004371405922686 63.306667563398385 134
      vertex -21.004371405922686 63.306667563398385 138
      vertex -20.430812898145156 63.172932476370924 134
    endloop
  endfacet
  facet normal 0.09801714032955994 0.995184726672197 0
    outer loop
      vertex -19.849735729980466 63.076996247635705 134
      vertex -19.849735729980466 63.076996247635705 138
      vertex -19.26362816307129 63.01926969085257 134
    endloop
  endfacet
  facet normal 0.032719082821774666 0.9994645874763658 0
    outer loop
      vertex -19.26362816307129 63.01926969085257 134
      vertex -19.26362816307129 63.01926969085257 138
      vertex -18.675 63 134
    endloop
  endfacet
  facet normal -0.032719082821774666 0.9994645874763658 0
    outer loop
      vertex -18.675 63 134
      vertex -18.675 63 138
      vertex -18.086371836928713 63.01926969085257 134
    endloop
  endfacet
  facet normal -0.09801714032955994 0.995184726672197 0
    outer loop
      vertex -18.086371836928713 63.01926969085257 134
      vertex -18.086371836928713 63.01926969085257 138
      vertex -17.500264270019535 63.076996247635705 134
    endloop
  endfacet
  facet normal -0.16289547339458813 0.9866433320848792 0
    outer loop
      vertex -17.500264270019535 63.076996247635705 134
      vertex -17.500264270019535 63.076996247635705 138
      vertex -16.919187101854845 63.172932476370924 134
    endloop
  endfacet
  facet normal -0.22707626303437561 0.973876979277333 0
    outer loop
      vertex -16.919187101854845 63.172932476370924 134
      vertex -16.919187101854845 63.172932476370924 138
      vertex -16.345628594077315 63.306667563398385 134
    endloop
  endfacet
  facet normal -0.2902846772544631 0.9569403357322087 0
    outer loop
      vertex -16.345628594077315 63.306667563398385 134
      vertex -16.345628594077315 63.306667563398385 138
      vertex -15.782044812271547 63.47762883454405 134
    endloop
  endfacet
  facet normal 0.4127070298044009 0.9108638249211729 0
    outer loop
      vertex -22.65559821197101 63.92814532620581 134
      vertex -22.65559821197101 63.92814532620581 138
      vertex -22.11915089128581 63.68508420739842 134
    endloop
  endfacet
  facet normal 0.35225004792123155 0.9359059267573265 -1.7353491412505778e-18
    outer loop
      vertex -21.567955187728455 63.47762883454405 134
      vertex -22.11915089128581 63.68508420739842 134
      vertex -22.11915089128581 63.68508420739842 138
    endloop
  endfacet
  facet normal -0.35225004792123155 0.9359059267573265 0
    outer loop
      vertex -15.782044812271547 63.47762883454405 134
      vertex -15.782044812271547 63.47762883454405 138
      vertex -15.230849108714192 63.68508420739842 134
    endloop
  endfacet
  facet normal -0.4127070298043998 0.9108638249211736 0
    outer loop
      vertex -15.230849108714192 63.68508420739842 134
      vertex -15.230849108714192 63.68508420739842 138
      vertex -14.694401788028989 63.92814532620581 134
    endloop
  endfacet
  facet normal -0.47139673682599414 0.8819212643483569 0
    outer loop
      vertex -14.694401788028989 63.92814532620581 134
      vertex -14.694401788028989 63.92814532620581 138
      vertex -14.175 64.20577136594005 134
    endloop
  endfacet
  facet normal -0.5280678506503773 0.8492021815265732 0
    outer loop
      vertex -14.175 64.20577136594005 134
      vertex -14.175 64.20577136594005 138
      vertex -13.674867902823582 64.5167734892771 134
    endloop
  endfacet
  facet normal -0.5824776968677974 0.8128466845916188 0
    outer loop
      vertex -13.674867902823582 64.5167734892771 134
      vertex -13.674867902823582 64.5167734892771 138
      vertex -13.196147138921514 64.85981993737889 134
    endloop
  endfacet
  facet normal -0.6343932841636396 0.7730104533627419 0
    outer loop
      vertex -13.196147138921514 64.85981993737889 134
      vertex -13.196147138921514 64.85981993737889 138
      vertex -12.74088766409938 65.2334417326892 134
    endloop
  endfacet
  facet normal -0.6835923020228774 0.72986407269783 0
    outer loop
      vertex -12.74088766409938 65.2334417326892 134
      vertex -12.74088766409938 65.2334417326892 138
      vertex -12.311038969321071 65.63603896932108 134
    endloop
  endfacet
  facet normal -0.7298640726978305 0.6835923020228768 0
    outer loop
      vertex -12.311038969321071 65.63603896932108 134
      vertex -12.311038969321071 65.63603896932108 138
      vertex -11.908441732689203 66.06588766409938 134
    endloop
  endfacet
  facet normal -0.7730104533627434 0.6343932841636375 0
    outer loop
      vertex -11.908441732689203 66.06588766409938 134
      vertex -11.908441732689203 66.06588766409938 138
      vertex -11.534819937378884 66.52114713892152 134
    endloop
  endfacet
  facet normal -0.8128466845916117 0.582477696867807 0
    outer loop
      vertex -11.534819937378884 66.52114713892152 134
      vertex -11.534819937378884 66.52114713892152 138
      vertex -11.191773489277093 66.99986790282358 134
    endloop
  endfacet
  facet normal -0.8492021815265784 0.5280678506503685 0
    outer loop
      vertex -11.191773489277093 66.99986790282358 134
      vertex -11.191773489277093 66.99986790282358 138
      vertex -10.880771365940053 67.5 134
    endloop
  endfacet
  facet normal -0.8819212643483549 0.4713967368259977 0
    outer loop
      vertex -10.880771365940053 67.5 134
      vertex -10.880771365940053 67.5 138
      vertex -10.603145326205807 68.01940178802899 134
    endloop
  endfacet
  facet normal -0.9108638249211783 0.4127070298043891 0
    outer loop
      vertex -10.603145326205807 68.01940178802899 134
      vertex -10.603145326205807 68.01940178802899 138
      vertex -10.36008420739842 68.5558491087142 134
    endloop
  endfacet
  facet normal -0.9359059267573223 0.35225004792124204 0
    outer loop
      vertex -10.36008420739842 68.5558491087142 134
      vertex -10.36008420739842 68.5558491087142 138
      vertex -10.15262883454405 69.10704481227154 134
    endloop
  endfacet
  facet normal -0.9569403357322096 0.2902846772544597 0
    outer loop
      vertex -10.15262883454405 69.10704481227154 134
      vertex -10.15262883454405 69.10704481227154 138
      vertex -9.981667563398386 69.67062859407731 134
    endloop
  endfacet
  facet normal -0.9738769792773341 0.22707626303437142 0
    outer loop
      vertex -9.981667563398386 69.67062859407731 134
      vertex -9.981667563398386 69.67062859407731 138
      vertex -9.847932476370927 70.24418710185485 134
    endloop
  endfacet
  facet normal -0.9866433320848788 0.16289547339459007 0
    outer loop
      vertex -9.847932476370927 70.24418710185485 134
      vertex -9.847932476370927 70.24418710185485 138
      vertex -9.751996247635708 70.82526427001953 134
    endloop
  endfacet
  facet normal -0.995184726672197 0.09801714032955994 0
    outer loop
      vertex -9.751996247635708 70.82526427001953 134
      vertex -9.751996247635708 70.82526427001953 138
      vertex -9.69426969085257 71.41137183692871 134
    endloop
  endfacet
  facet normal -0.9994645874763656 0.032719082821777476 0
    outer loop
      vertex -9.69426969085257 71.41137183692871 134
      vertex -9.69426969085257 71.41137183692871 138
      vertex -9.675 72 134
    endloop
  endfacet
  facet normal 0.5280678506503773 0.8492021815265732 0
    outer loop
      vertex -23.175 64.20577136594005 134
      vertex -23.67513209717642 64.5167734892771 138
      vertex -23.175 64.20577136594005 138
    endloop
  endfacet
  facet normal 0.6835923020228758 0.7298640726978314 0
    outer loop
      vertex -24.60911233590062 65.2334417326892 134
      vertex -25.03896103067893 65.63603896932108 138
      vertex -24.60911233590062 65.2334417326892 138
    endloop
  endfacet
  facet normal 0.5824776968677974 0.8128466845916188 0
    outer loop
      vertex -23.67513209717642 64.5167734892771 134
      vertex -24.153852861078487 64.85981993737889 138
      vertex -23.67513209717642 64.5167734892771 138
    endloop
  endfacet
  facet normal 0.634393284163641 0.7730104533627405 0
    outer loop
      vertex -24.153852861078487 64.85981993737889 134
      vertex -24.60911233590062 65.2334417326892 138
      vertex -24.153852861078487 64.85981993737889 138
    endloop
  endfacet
  facet normal 0.8128466845916117 0.582477696867807 0
    outer loop
      vertex -25.815180062621117 66.52114713892152 134
      vertex -26.15822651072291 66.99986790282358 138
      vertex -25.815180062621117 66.52114713892152 138
    endloop
  endfacet
  facet normal 0.8492021815265784 0.5280678506503685 0
    outer loop
      vertex -26.15822651072291 66.99986790282358 134
      vertex -26.46922863405995 67.5 138
      vertex -26.15822651072291 66.99986790282358 138
    endloop
  endfacet
  facet normal 0.8819212643483537 0.4713967368260001 0
    outer loop
      vertex -26.46922863405995 67.5 134
      vertex -26.746854673794196 68.01940178802899 138
      vertex -26.46922863405995 67.5 138
    endloop
  endfacet
  facet normal 0.729864072697832 0.6835923020228752 0
    outer loop
      vertex -25.03896103067893 65.63603896932108 134
      vertex -25.441558267310796 66.06588766409938 138
      vertex -25.03896103067893 65.63603896932108 138
    endloop
  endfacet
  facet normal 0.7730104533627419 0.6343932841636394 0
    outer loop
      vertex -25.441558267310796 66.06588766409938 134
      vertex -25.815180062621117 66.52114713892152 138
      vertex -25.441558267310796 66.06588766409938 138
    endloop
  endfacet
  facet normal 0.9108638249211806 0.41270702980438406 0
    outer loop
      vertex -26.746854673794196 68.01940178802899 134
      vertex -26.98991579260158 68.5558491087142 138
      vertex -26.746854673794196 68.01940178802899 138
    endloop
  endfacet
  facet normal 0.9359059267573214 0.3522500479212447 0
    outer loop
      vertex -26.98991579260158 68.5558491087142 134
      vertex -27.19737116545595 69.10704481227154 138
      vertex -26.98991579260158 68.5558491087142 138
    endloop
  endfacet
  facet normal 0.9738769792773347 0.2270762630343686 0
    outer loop
      vertex -27.368332436601616 69.67062859407731 134
      vertex -27.502067523629073 70.24418710185485 138
      vertex -27.368332436601616 69.67062859407731 138
    endloop
  endfacet
  facet normal 0.9569403357322096 0.2902846772544597 0
    outer loop
      vertex -27.19737116545595 69.10704481227154 134
      vertex -27.368332436601616 69.67062859407731 138
      vertex -27.19737116545595 69.10704481227154 138
    endloop
  endfacet
  facet normal 0.9866433320848788 0.16289547339459007 0
    outer loop
      vertex -27.502067523629073 70.24418710185485 134
      vertex -27.598003752364292 70.82526427001953 138
      vertex -27.502067523629073 70.24418710185485 138
    endloop
  endfacet
  facet normal 0.995184726672197 0.09801714032955994 0
    outer loop
      vertex -27.598003752364292 70.82526427001953 134
      vertex -27.65573030914743 71.41137183692871 138
      vertex -27.598003752364292 70.82526427001953 138
    endloop
  endfacet
  facet normal 0.9994645874763656 0.032719082821780494 0
    outer loop
      vertex -27.65573030914743 71.41137183692871 134
      vertex -27.675 72 138
      vertex -27.65573030914743 71.41137183692871 138
    endloop
  endfacet
  facet normal 0.2902846772544631 0.9569403357322087 0
    outer loop
      vertex -21.004371405922686 63.306667563398385 134
      vertex -21.567955187728455 63.47762883454405 138
      vertex -21.004371405922686 63.306667563398385 138
    endloop
  endfacet
  facet normal 0.22707626303437561 0.973876979277333 0
    outer loop
      vertex -20.430812898145156 63.172932476370924 134
      vertex -21.004371405922686 63.306667563398385 138
      vertex -20.430812898145156 63.172932476370924 138
    endloop
  endfacet
  facet normal 0.16289547339458813 0.9866433320848792 0
    outer loop
      vertex -19.849735729980466 63.076996247635705 134
      vertex -20.430812898145156 63.172932476370924 138
      vertex -19.849735729980466 63.076996247635705 138
    endloop
  endfacet
  facet normal 0.09801714032955994 0.995184726672197 0
    outer loop
      vertex -19.26362816307129 63.01926969085257 134
      vertex -19.849735729980466 63.076996247635705 138
      vertex -19.26362816307129 63.01926969085257 138
    endloop
  endfacet
  facet normal 0.032719082821774666 0.9994645874763658 0
    outer loop
      vertex -18.675 63 134
      vertex -19.26362816307129 63.01926969085257 138
      vertex -18.675 63 138
    endloop
  endfacet
  facet normal -0.032719082821774666 0.9994645874763658 0
    outer loop
      vertex -18.086371836928713 63.01926969085257 134
      vertex -18.675 63 138
      vertex -18.086371836928713 63.01926969085257 138
    endloop
  endfacet
  facet normal -0.09801714032955994 0.995184726672197 0
    outer loop
      vertex -17.500264270019535 63.076996247635705 134
      vertex -18.086371836928713 63.01926969085257 138
      vertex -17.500264270019535 63.076996247635705 138
    endloop
  endfacet
  facet normal -0.16289547339458813 0.9866433320848792 0
    outer loop
      vertex -16.919187101854845 63.172932476370924 134
      vertex -17.500264270019535 63.076996247635705 138
      vertex -16.919187101854845 63.172932476370924 138
    endloop
  endfacet
  facet normal -0.22707626303437561 0.973876979277333 0
    outer loop
      vertex -16.345628594077315 63.306667563398385 134
      vertex -16.919187101854845 63.172932476370924 138
      vertex -16.345628594077315 63.306667563398385 138
    endloop
  endfacet
  facet normal -0.2902846772544631 0.9569403357322087 0
    outer loop
      vertex -15.782044812271547 63.47762883454405 134
      vertex -16.345628594077315 63.306667563398385 138
      vertex -15.782044812271547 63.47762883454405 138
    endloop
  endfacet
  facet normal 0.4713967368259929 0.8819212643483576 0
    outer loop
      vertex -22.65559821197101 63.92814532620581 134
      vertex -23.175 64.20577136594005 138
      vertex -22.65559821197101 63.92814532620581 138
    endloop
  endfacet
  facet normal 0.4127070298044009 0.9108638249211729 0
    outer loop
      vertex -22.11915089128581 63.68508420739842 134
      vertex -22.65559821197101 63.92814532620581 138
      vertex -22.11915089128581 63.68508420739842 138
    endloop
  endfacet
  facet normal 0.35225004792123155 0.9359059267573265 0
    outer loop
      vertex -21.567955187728455 63.47762883454405 134
      vertex -22.11915089128581 63.68508420739842 138
      vertex -21.567955187728455 63.47762883454405 138
    endloop
  endfacet
  facet normal -0.35225004792123155 0.9359059267573265 0
    outer loop
      vertex -15.230849108714192 63.68508420739842 134
      vertex -15.782044812271547 63.47762883454405 138
      vertex -15.230849108714192 63.68508420739842 138
    endloop
  endfacet
  facet normal -0.4127070298043998 0.9108638249211736 0
    outer loop
      vertex -14.694401788028989 63.92814532620581 134
      vertex -15.230849108714192 63.68508420739842 138
      vertex -14.694401788028989 63.92814532620581 138
    endloop
  endfacet
  facet normal -0.47139673682599414 0.8819212643483569 0
    outer loop
      vertex -14.175 64.20577136594005 134
      vertex -14.694401788028989 63.92814532620581 138
      vertex -14.175 64.20577136594005 138
    endloop
  endfacet
  facet normal -0.5280678506503773 0.8492021815265732 0
    outer loop
      vertex -13.674867902823582 64.5167734892771 134
      vertex -14.175 64.20577136594005 138
      vertex -13.674867902823582 64.5167734892771 138
    endloop
  endfacet
  facet normal -0.5824776968677974 0.8128466845916188 0
    outer loop
      vertex -13.196147138921514 64.85981993737889 134
      vertex -13.674867902823582 64.5167734892771 138
      vertex -13.196147138921514 64.85981993737889 138
    endloop
  endfacet
  facet normal -0.6343932841636396 0.7730104533627419 0
    outer loop
      vertex -12.74088766409938 65.2334417326892 134
      vertex -13.196147138921514 64.85981993737889 138
      vertex -12.74088766409938 65.2334417326892 138
    endloop
  endfacet
  facet normal -0.6835923020228774 0.72986407269783 0
    outer loop
      vertex -12.311038969321071 65.63603896932108 134
      vertex -12.74088766409938 65.2334417326892 138
      vertex -12.311038969321071 65.63603896932108 138
    endloop
  endfacet
  facet normal -0.7298640726978305 0.6835923020228768 0
    outer loop
      vertex -11.908441732689203 66.06588766409938 134
      vertex -12.311038969321071 65.63603896932108 138
      vertex -11.908441732689203 66.06588766409938 138
    endloop
  endfacet
  facet normal -0.7730104533627434 0.6343932841636375 0
    outer loop
      vertex -11.534819937378884 66.52114713892152 134
      vertex -11.908441732689203 66.06588766409938 138
      vertex -11.534819937378884 66.52114713892152 138
    endloop
  endfacet
  facet normal -0.8128466845916117 0.582477696867807 0
    outer loop
      vertex -11.191773489277093 66.99986790282358 134
      vertex -11.534819937378884 66.52114713892152 138
      vertex -11.191773489277093 66.99986790282358 138
    endloop
  endfacet
  facet normal -0.8492021815265784 0.5280678506503685 0
    outer loop
      vertex -10.880771365940053 67.5 134
      vertex -11.191773489277093 66.99986790282358 138
      vertex -10.880771365940053 67.5 138
    endloop
  endfacet
  facet normal -0.8819212643483549 0.4713967368259977 0
    outer loop
      vertex -10.603145326205807 68.01940178802899 134
      vertex -10.880771365940053 67.5 138
      vertex -10.603145326205807 68.01940178802899 138
    endloop
  endfacet
  facet normal -0.9108638249211783 0.4127070298043891 0
    outer loop
      vertex -10.36008420739842 68.5558491087142 134
      vertex -10.603145326205807 68.01940178802899 138
      vertex -10.36008420739842 68.5558491087142 138
    endloop
  endfacet
  facet normal -0.9359059267573223 0.35225004792124204 0
    outer loop
      vertex -10.15262883454405 69.10704481227154 134
      vertex -10.36008420739842 68.5558491087142 138
      vertex -10.15262883454405 69.10704481227154 138
    endloop
  endfacet
  facet normal -0.9569403357322096 0.2902846772544597 0
    outer loop
      vertex -9.981667563398386 69.67062859407731 134
      vertex -10.15262883454405 69.10704481227154 138
      vertex -9.981667563398386 69.67062859407731 138
    endloop
  endfacet
  facet normal -0.9738769792773341 0.22707626303437142 0
    outer loop
      vertex -9.847932476370927 70.24418710185485 134
      vertex -9.981667563398386 69.67062859407731 138
      vertex -9.847932476370927 70.24418710185485 138
    endloop
  endfacet
  facet normal -0.9866433320848788 0.16289547339459007 0
    outer loop
      vertex -9.751996247635708 70.82526427001953 134
      vertex -9.847932476370927 70.24418710185485 138
      vertex -9.751996247635708 70.82526427001953 138
    endloop
  endfacet
  facet normal -0.995184726672197 0.09801714032955994 0
    outer loop
      vertex -9.69426969085257 71.41137183692871 134
      vertex -9.751996247635708 70.82526427001953 138
      vertex -9.69426969085257 71.41137183692871 138
    endloop
  endfacet
  facet normal -0.9994645874763656 0.032719082821777476 0
    outer loop
      vertex -9.675 72 134
      vertex -9.69426969085257 71.41137183692871 138
      vertex -9.675 72 138
    endloop
  endfacet
  facet normal 0.2902846772544631 0.9569403357322087 0
    outer loop
      vertex 15.782044812271547 63.47762883454405 134
      vertex 15.782044812271547 63.47762883454405 138
      vertex 16.345628594077315 63.306667563398385 134
    endloop
  endfacet
  facet normal 0.16289547339458813 0.9866433320848792 0
    outer loop
      vertex 16.919187101854845 63.172932476370924 134
      vertex 16.919187101854845 63.172932476370924 138
      vertex 17.500264270019535 63.076996247635705 134
    endloop
  endfacet
  facet normal 0.22707626303437561 0.973876979277333 0
    outer loop
      vertex 16.345628594077315 63.306667563398385 134
      vertex 16.345628594077315 63.306667563398385 138
      vertex 16.919187101854845 63.172932476370924 134
    endloop
  endfacet
  facet normal 0.09801714032955994 0.995184726672197 0
    outer loop
      vertex 17.500264270019535 63.076996247635705 134
      vertex 17.500264270019535 63.076996247635705 138
      vertex 18.086371836928713 63.01926969085257 134
    endloop
  endfacet
  facet normal 0.032719082821774666 0.9994645874763658 0
    outer loop
      vertex 18.086371836928713 63.01926969085257 134
      vertex 18.086371836928713 63.01926969085257 138
      vertex 18.675 63 134
    endloop
  endfacet
  facet normal -0.032719082821774666 0.9994645874763658 0
    outer loop
      vertex 18.675 63 134
      vertex 18.675 63 138
      vertex 19.26362816307129 63.01926969085257 134
    endloop
  endfacet
  facet normal -0.09801714032955994 0.995184726672197 0
    outer loop
      vertex 19.26362816307129 63.01926969085257 134
      vertex 19.26362816307129 63.01926969085257 138
      vertex 19.849735729980466 63.076996247635705 134
    endloop
  endfacet
  facet normal -0.16289547339458813 0.9866433320848792 0
    outer loop
      vertex 19.849735729980466 63.076996247635705 134
      vertex 19.849735729980466 63.076996247635705 138
      vertex 20.430812898145156 63.172932476370924 134
    endloop
  endfacet
  facet normal -0.22707626303437561 0.973876979277333 0
    outer loop
      vertex 20.430812898145156 63.172932476370924 134
      vertex 20.430812898145156 63.172932476370924 138
      vertex 21.004371405922686 63.306667563398385 134
    endloop
  endfacet
  facet normal -0.2902846772544631 0.9569403357322087 0
    outer loop
      vertex 21.004371405922686 63.306667563398385 134
      vertex 21.004371405922686 63.306667563398385 138
      vertex 21.567955187728455 63.47762883454405 134
    endloop
  endfacet
  facet normal 0.8128466845916117 0.582477696867807 0
    outer loop
      vertex 11.191773489277093 66.99986790282358 134
      vertex 11.191773489277093 66.99986790282358 138
      vertex 11.534819937378884 66.52114713892152 134
    endloop
  endfacet
  facet normal 0.8492021815265784 0.5280678506503685 -3.1453071170758584e-19
    outer loop
      vertex 11.191773489277093 66.99986790282358 134
      vertex 10.880771365940053 67.5 134
      vertex 10.880771365940053 67.5 138
    endloop
  endfacet
  facet normal 0.8819212643483549 0.4713967368259977 -5.285036165486374e-18
    outer loop
      vertex 10.880771365940053 67.5 134
      vertex 10.603145326205807 68.01940178802899 134
      vertex 10.603145326205807 68.01940178802899 138
    endloop
  endfacet
  facet normal 0.9108638249211783 0.4127070298043891 -4.512936442782687e-18
    outer loop
      vertex 10.603145326205807 68.01940178802899 134
      vertex 10.36008420739842 68.5558491087142 134
      vertex 10.36008420739842 68.5558491087142 138
    endloop
  endfacet
  facet normal 0.9569403357322096 0.2902846772544597 0
    outer loop
      vertex 9.981667563398386 69.67062859407731 134
      vertex 9.981667563398386 69.67062859407731 138
      vertex 10.15262883454405 69.10704481227154 134
    endloop
  endfacet
  facet normal 0.9359059267573223 0.35225004792124204 -2.434891234860586e-18
    outer loop
      vertex 10.36008420739842 68.5558491087142 134
      vertex 10.15262883454405 69.10704481227154 134
      vertex 10.15262883454405 69.10704481227154 138
    endloop
  endfacet
  facet normal 0.9738769792773341 0.22707626303437142 -6.134614869664978e-20
    outer loop
      vertex 9.981667563398386 69.67062859407731 134
      vertex 9.847932476370927 70.24418710185485 134
      vertex 9.847932476370927 70.24418710185485 138
    endloop
  endfacet
  facet normal 0.9866433320848788 0.16289547339459007 3.276321120904096e-19
    outer loop
      vertex 9.847932476370927 70.24418710185485 134
      vertex 9.751996247635708 70.82526427001953 134
      vertex 9.751996247635708 70.82526427001953 138
    endloop
  endfacet
  facet normal 0.995184726672197 0.09801714032955994 1.9459981563163294e-19
    outer loop
      vertex 9.751996247635708 70.82526427001953 134
      vertex 9.69426969085257 71.41137183692871 134
      vertex 9.69426969085257 71.41137183692871 138
    endloop
  endfacet
  facet normal 0.9994645874763656 0.032719082821777476 -5.840783660122596e-20
    outer loop
      vertex 9.69426969085257 71.41137183692871 134
      vertex 9.675 72 134
      vertex 9.675 72 138
    endloop
  endfacet
  facet normal 0.47139673682599414 0.8819212643483569 0
    outer loop
      vertex 14.175 64.20577136594005 134
      vertex 14.175 64.20577136594005 138
      vertex 14.694401788028989 63.92814532620581 134
    endloop
  endfacet
  facet normal 0.5280678506503773 0.8492021815265732 -7.129589590107229e-19
    outer loop
      vertex 14.175 64.20577136594005 134
      vertex 13.674867902823582 64.5167734892771 134
      vertex 13.674867902823582 64.5167734892771 138
    endloop
  endfacet
  facet normal 0.6343932841636396 0.7730104533627419 0
    outer loop
      vertex 12.74088766409938 65.2334417326892 134
      vertex 12.74088766409938 65.2334417326892 138
      vertex 13.196147138921514 64.85981993737889 134
    endloop
  endfacet
  facet normal 0.6835923020228774 0.72986407269783 -2.257566120646659e-18
    outer loop
      vertex 12.74088766409938 65.2334417326892 134
      vertex 12.311038969321071 65.63603896932108 134
      vertex 12.311038969321071 65.63603896932108 138
    endloop
  endfacet
  facet normal 0.5824776968677974 0.8128466845916188 0
    outer loop
      vertex 13.196147138921514 64.85981993737889 134
      vertex 13.196147138921514 64.85981993737889 138
      vertex 13.674867902823582 64.5167734892771 134
    endloop
  endfacet
  facet normal 0.4127070298043998 0.9108638249211736 0
    outer loop
      vertex 14.694401788028989 63.92814532620581 134
      vertex 14.694401788028989 63.92814532620581 138
      vertex 15.230849108714192 63.68508420739842 134
    endloop
  endfacet
  facet normal 0.35225004792123155 0.9359059267573265 -1.7353491412505778e-18
    outer loop
      vertex 15.782044812271547 63.47762883454405 134
      vertex 15.230849108714192 63.68508420739842 134
      vertex 15.230849108714192 63.68508420739842 138
    endloop
  endfacet
  facet normal 0.7298640726978305 0.6835923020228768 0
    outer loop
      vertex 11.908441732689203 66.06588766409938 134
      vertex 11.908441732689203 66.06588766409938 138
      vertex 12.311038969321071 65.63603896932108 134
    endloop
  endfacet
  facet normal 0.7730104533627434 0.6343932841636375 -2.5633458503706565e-18
    outer loop
      vertex 11.908441732689203 66.06588766409938 134
      vertex 11.534819937378884 66.52114713892152 134
      vertex 11.534819937378884 66.52114713892152 138
    endloop
  endfacet
  facet normal -0.35225004792123155 0.9359059267573265 0
    outer loop
      vertex 21.567955187728455 63.47762883454405 134
      vertex 21.567955187728455 63.47762883454405 138
      vertex 22.11915089128581 63.68508420739842 134
    endloop
  endfacet
  facet normal -0.4127070298044009 0.9108638249211729 0
    outer loop
      vertex 22.11915089128581 63.68508420739842 134
      vertex 22.11915089128581 63.68508420739842 138
      vertex 22.65559821197101 63.92814532620581 134
    endloop
  endfacet
  facet normal -0.4713967368259929 0.8819212643483576 0
    outer loop
      vertex 22.65559821197101 63.92814532620581 134
      vertex 22.65559821197101 63.92814532620581 138
      vertex 23.175 64.20577136594005 134
    endloop
  endfacet
  facet normal -0.5280678506503773 0.8492021815265732 0
    outer loop
      vertex 23.175 64.20577136594005 134
      vertex 23.175 64.20577136594005 138
      vertex 23.67513209717642 64.5167734892771 134
    endloop
  endfacet
  facet normal -0.5824776968677974 0.8128466845916188 0
    outer loop
      vertex 23.67513209717642 64.5167734892771 134
      vertex 23.67513209717642 64.5167734892771 138
      vertex 24.153852861078487 64.85981993737889 134
    endloop
  endfacet
  facet normal -0.634393284163641 0.7730104533627405 0
    outer loop
      vertex 24.153852861078487 64.85981993737889 134
      vertex 24.153852861078487 64.85981993737889 138
      vertex 24.60911233590062 65.2334417326892 134
    endloop
  endfacet
  facet normal -0.6835923020228758 0.7298640726978314 0
    outer loop
      vertex 24.60911233590062 65.2334417326892 134
      vertex 24.60911233590062 65.2334417326892 138
      vertex 25.03896103067893 65.63603896932108 134
    endloop
  endfacet
  facet normal -0.729864072697832 0.6835923020228752 0
    outer loop
      vertex 25.03896103067893 65.63603896932108 134
      vertex 25.03896103067893 65.63603896932108 138
      vertex 25.441558267310796 66.06588766409938 134
    endloop
  endfacet
  facet normal -0.7730104533627419 0.6343932841636394 0
    outer loop
      vertex 25.441558267310796 66.06588766409938 134
      vertex 25.441558267310796 66.06588766409938 138
      vertex 25.815180062621117 66.52114713892152 134
    endloop
  endfacet
  facet normal -0.8128466845916117 0.582477696867807 0
    outer loop
      vertex 25.815180062621117 66.52114713892152 134
      vertex 25.815180062621117 66.52114713892152 138
      vertex 26.15822651072291 66.99986790282358 134
    endloop
  endfacet
  facet normal -0.8492021815265784 0.5280678506503685 0
    outer loop
      vertex 26.15822651072291 66.99986790282358 134
      vertex 26.15822651072291 66.99986790282358 138
      vertex 26.46922863405995 67.5 134
    endloop
  endfacet
  facet normal -0.8819212643483537 0.4713967368260001 0
    outer loop
      vertex 26.46922863405995 67.5 134
      vertex 26.46922863405995 67.5 138
      vertex 26.746854673794196 68.01940178802899 134
    endloop
  endfacet
  facet normal -0.9108638249211806 0.41270702980438406 0
    outer loop
      vertex 26.746854673794196 68.01940178802899 134
      vertex 26.746854673794196 68.01940178802899 138
      vertex 26.98991579260158 68.5558491087142 134
    endloop
  endfacet
  facet normal -0.9359059267573214 0.3522500479212447 0
    outer loop
      vertex 26.98991579260158 68.5558491087142 134
      vertex 26.98991579260158 68.5558491087142 138
      vertex 27.19737116545595 69.10704481227154 134
    endloop
  endfacet
  facet normal -0.9569403357322096 0.2902846772544597 0
    outer loop
      vertex 27.19737116545595 69.10704481227154 134
      vertex 27.19737116545595 69.10704481227154 138
      vertex 27.368332436601616 69.67062859407731 134
    endloop
  endfacet
  facet normal -0.9738769792773347 0.2270762630343686 0
    outer loop
      vertex 27.368332436601616 69.67062859407731 134
      vertex 27.368332436601616 69.67062859407731 138
      vertex 27.502067523629073 70.24418710185485 134
    endloop
  endfacet
  facet normal -0.9866433320848788 0.16289547339459007 0
    outer loop
      vertex 27.502067523629073 70.24418710185485 134
      vertex 27.502067523629073 70.24418710185485 138
      vertex 27.598003752364292 70.82526427001953 134
    endloop
  endfacet
  facet normal -0.995184726672197 0.09801714032955994 0
    outer loop
      vertex 27.598003752364292 70.82526427001953 134
      vertex 27.598003752364292 70.82526427001953 138
      vertex 27.65573030914743 71.41137183692871 134
    endloop
  endfacet
  facet normal -0.9994645874763656 0.032719082821780494 0
    outer loop
      vertex 27.65573030914743 71.41137183692871 134
      vertex 27.65573030914743 71.41137183692871 138
      vertex 27.675 72 134
    endloop
  endfacet
  facet normal 0.2902846772544631 0.9569403357322087 0
    outer loop
      vertex 16.345628594077315 63.306667563398385 134
      vertex 15.782044812271547 63.47762883454405 138
      vertex 16.345628594077315 63.306667563398385 138
    endloop
  endfacet
  facet normal 0.22707626303437561 0.973876979277333 0
    outer loop
      vertex 16.919187101854845 63.172932476370924 134
      vertex 16.345628594077315 63.306667563398385 138
      vertex 16.919187101854845 63.172932476370924 138
    endloop
  endfacet
  facet normal 0.16289547339458813 0.9866433320848792 0
    outer loop
      vertex 17.500264270019535 63.076996247635705 134
      vertex 16.919187101854845 63.172932476370924 138
      vertex 17.500264270019535 63.076996247635705 138
    endloop
  endfacet
  facet normal 0.09801714032955994 0.995184726672197 0
    outer loop
      vertex 18.086371836928713 63.01926969085257 134
      vertex 17.500264270019535 63.076996247635705 138
      vertex 18.086371836928713 63.01926969085257 138
    endloop
  endfacet
  facet normal 0.032719082821774666 0.9994645874763658 0
    outer loop
      vertex 18.675 63 134
      vertex 18.086371836928713 63.01926969085257 138
      vertex 18.675 63 138
    endloop
  endfacet
  facet normal -0.032719082821774666 0.9994645874763658 0
    outer loop
      vertex 19.26362816307129 63.01926969085257 134
      vertex 18.675 63 138
      vertex 19.26362816307129 63.01926969085257 138
    endloop
  endfacet
  facet normal -0.09801714032955994 0.995184726672197 0
    outer loop
      vertex 19.849735729980466 63.076996247635705 134
      vertex 19.26362816307129 63.01926969085257 138
      vertex 19.849735729980466 63.076996247635705 138
    endloop
  endfacet
  facet normal -0.16289547339458813 0.9866433320848792 0
    outer loop
      vertex 20.430812898145156 63.172932476370924 134
      vertex 19.849735729980466 63.076996247635705 138
      vertex 20.430812898145156 63.172932476370924 138
    endloop
  endfacet
  facet normal -0.22707626303437561 0.973876979277333 0
    outer loop
      vertex 21.004371405922686 63.306667563398385 134
      vertex 20.430812898145156 63.172932476370924 138
      vertex 21.004371405922686 63.306667563398385 138
    endloop
  endfacet
  facet normal -0.2902846772544631 0.9569403357322087 0
    outer loop
      vertex 21.567955187728455 63.47762883454405 134
      vertex 21.004371405922686 63.306667563398385 138
      vertex 21.567955187728455 63.47762883454405 138
    endloop
  endfacet
  facet normal 0.8128466845916117 0.582477696867807 0
    outer loop
      vertex 11.534819937378884 66.52114713892152 134
      vertex 11.191773489277093 66.99986790282358 138
      vertex 11.534819937378884 66.52114713892152 138
    endloop
  endfacet
  facet normal 0.8492021815265784 0.5280678506503685 0
    outer loop
      vertex 11.191773489277093 66.99986790282358 134
      vertex 10.880771365940053 67.5 138
      vertex 11.191773489277093 66.99986790282358 138
    endloop
  endfacet
  facet normal 0.8819212643483549 0.4713967368259977 0
    outer loop
      vertex 10.880771365940053 67.5 134
      vertex 10.603145326205807 68.01940178802899 138
      vertex 10.880771365940053 67.5 138
    endloop
  endfacet
  facet normal 0.9108638249211783 0.4127070298043891 0
    outer loop
      vertex 10.603145326205807 68.01940178802899 134
      vertex 10.36008420739842 68.5558491087142 138
      vertex 10.603145326205807 68.01940178802899 138
    endloop
  endfacet
  facet normal 0.9359059267573223 0.35225004792124204 0
    outer loop
      vertex 10.36008420739842 68.5558491087142 134
      vertex 10.15262883454405 69.10704481227154 138
      vertex 10.36008420739842 68.5558491087142 138
    endloop
  endfacet
  facet normal 0.9738769792773341 0.22707626303437142 0
    outer loop
      vertex 9.981667563398386 69.67062859407731 134
      vertex 9.847932476370927 70.24418710185485 138
      vertex 9.981667563398386 69.67062859407731 138
    endloop
  endfacet
  facet normal 0.9569403357322096 0.2902846772544597 0
    outer loop
      vertex 10.15262883454405 69.10704481227154 134
      vertex 9.981667563398386 69.67062859407731 138
      vertex 10.15262883454405 69.10704481227154 138
    endloop
  endfacet
  facet normal 0.9866433320848788 0.16289547339459007 0
    outer loop
      vertex 9.847932476370927 70.24418710185485 134
      vertex 9.751996247635708 70.82526427001953 138
      vertex 9.847932476370927 70.24418710185485 138
    endloop
  endfacet
  facet normal 0.995184726672197 0.09801714032955994 0
    outer loop
      vertex 9.751996247635708 70.82526427001953 134
      vertex 9.69426969085257 71.41137183692871 138
      vertex 9.751996247635708 70.82526427001953 138
    endloop
  endfacet
  facet normal 0.9994645874763656 0.032719082821777476 0
    outer loop
      vertex 9.69426969085257 71.41137183692871 134
      vertex 9.675 72 138
      vertex 9.69426969085257 71.41137183692871 138
    endloop
  endfacet
  facet normal 0.5280678506503773 0.8492021815265732 0
    outer loop
      vertex 14.175 64.20577136594005 134
      vertex 13.674867902823582 64.5167734892771 138
      vertex 14.175 64.20577136594005 138
    endloop
  endfacet
  facet normal 0.6835923020228774 0.72986407269783 0
    outer loop
      vertex 12.74088766409938 65.2334417326892 134
      vertex 12.311038969321071 65.63603896932108 138
      vertex 12.74088766409938 65.2334417326892 138
    endloop
  endfacet
  facet normal 0.5824776968677974 0.8128466845916188 0
    outer loop
      vertex 13.674867902823582 64.5167734892771 134
      vertex 13.196147138921514 64.85981993737889 138
      vertex 13.674867902823582 64.5167734892771 138
    endloop
  endfacet
  facet normal 0.6343932841636396 0.7730104533627419 0
    outer loop
      vertex 13.196147138921514 64.85981993737889 134
      vertex 12.74088766409938 65.2334417326892 138
      vertex 13.196147138921514 64.85981993737889 138
    endloop
  endfacet
  facet normal 0.47139673682599414 0.8819212643483569 0
    outer loop
      vertex 14.694401788028989 63.92814532620581 134
      vertex 14.175 64.20577136594005 138
      vertex 14.694401788028989 63.92814532620581 138
    endloop
  endfacet
  facet normal 0.4127070298043998 0.9108638249211736 0
    outer loop
      vertex 15.230849108714192 63.68508420739842 134
      vertex 14.694401788028989 63.92814532620581 138
      vertex 15.230849108714192 63.68508420739842 138
    endloop
  endfacet
  facet normal 0.35225004792123155 0.9359059267573265 0
    outer loop
      vertex 15.782044812271547 63.47762883454405 134
      vertex 15.230849108714192 63.68508420739842 138
      vertex 15.782044812271547 63.47762883454405 138
    endloop
  endfacet
  facet normal 0.7298640726978305 0.6835923020228768 0
    outer loop
      vertex 12.311038969321071 65.63603896932108 134
      vertex 11.908441732689203 66.06588766409938 138
      vertex 12.311038969321071 65.63603896932108 138
    endloop
  endfacet
  facet normal 0.7730104533627434 0.6343932841636375 0
    outer loop
      vertex 11.908441732689203 66.06588766409938 134
      vertex 11.534819937378884 66.52114713892152 138
      vertex 11.908441732689203 66.06588766409938 138
    endloop
  endfacet
  facet normal -0.35225004792123155 0.9359059267573265 0
    outer loop
      vertex 22.11915089128581 63.68508420739842 134
      vertex 21.567955187728455 63.47762883454405 138
      vertex 22.11915089128581 63.68508420739842 138
    endloop
  endfacet
  facet normal -0.4127070298044009 0.9108638249211729 0
    outer loop
      vertex 22.65559821197101 63.92814532620581 134
      vertex 22.11915089128581 63.68508420739842 138
      vertex 22.65559821197101 63.92814532620581 138
    endloop
  endfacet
  facet normal -0.4713967368259929 0.8819212643483576 0
    outer loop
      vertex 23.175 64.20577136594005 134
      vertex 22.65559821197101 63.92814532620581 138
      vertex 23.175 64.20577136594005 138
    endloop
  endfacet
  facet normal -0.5280678506503773 0.8492021815265732 0
    outer loop
      vertex 23.67513209717642 64.5167734892771 134
      vertex 23.175 64.20577136594005 138
      vertex 23.67513209717642 64.5167734892771 138
    endloop
  endfacet
  facet normal -0.5824776968677974 0.8128466845916188 0
    outer loop
      vertex 24.153852861078487 64.85981993737889 134
      vertex 23.67513209717642 64.5167734892771 138
      vertex 24.153852861078487 64.85981993737889 138
    endloop
  endfacet
  facet normal -0.634393284163641 0.7730104533627405 0
    outer loop
      vertex 24.60911233590062 65.2334417326892 134
      vertex 24.153852861078487 64.85981993737889 138
      vertex 24.60911233590062 65.2334417326892 138
    endloop
  endfacet
  facet normal -0.6835923020228758 0.7298640726978314 0
    outer loop
      vertex 25.03896103067893 65.63603896932108 134
      vertex 24.60911233590062 65.2334417326892 138
      vertex 25.03896103067893 65.63603896932108 138
    endloop
  endfacet
  facet normal -0.729864072697832 0.6835923020228752 0
    outer loop
      vertex 25.441558267310796 66.06588766409938 134
      vertex 25.03896103067893 65.63603896932108 138
      vertex 25.441558267310796 66.06588766409938 138
    endloop
  endfacet
  facet normal -0.7730104533627419 0.6343932841636394 0
    outer loop
      vertex 25.815180062621117 66.52114713892152 134
      vertex 25.441558267310796 66.06588766409938 138
      vertex 25.815180062621117 66.52114713892152 138
    endloop
  endfacet
  facet normal -0.8128466845916117 0.582477696867807 0
    outer loop
      vertex 26.15822651072291 66.99986790282358 134
      vertex 25.815180062621117 66.52114713892152 138
      vertex 26.15822651072291 66.99986790282358 138
    endloop
  endfacet
  facet normal -0.8492021815265784 0.5280678506503685 0
    outer loop
      vertex 26.46922863405995 67.5 134
      vertex 26.15822651072291 66.99986790282358 138
      vertex 26.46922863405995 67.5 138
    endloop
  endfacet
  facet normal -0.8819212643483537 0.4713967368260001 0
    outer loop
      vertex 26.746854673794196 68.01940178802899 134
      vertex 26.46922863405995 67.5 138
      vertex 26.746854673794196 68.01940178802899 138
    endloop
  endfacet
  facet normal -0.9108638249211806 0.41270702980438406 0
    outer loop
      vertex 26.98991579260158 68.5558491087142 134
      vertex 26.746854673794196 68.01940178802899 138
      vertex 26.98991579260158 68.5558491087142 138
    endloop
  endfacet
  facet normal -0.9359059267573214 0.3522500479212447 0
    outer loop
      vertex 27.19737116545595 69.10704481227154 134
      vertex 26.98991579260158 68.5558491087142 138
      vertex 27.19737116545595 69.10704481227154 138
    endloop
  endfacet
  facet normal -0.9569403357322096 0.2902846772544597 0
    outer loop
      vertex 27.368332436601616 69.67062859407731 134
      vertex 27.19737116545595 69.10704481227154 138
      vertex 27.368332436601616 69.67062859407731 138
    endloop
  endfacet
  facet normal -0.9738769792773347 0.2270762630343686 0
    outer loop
      vertex 27.502067523629073 70.24418710185485 134
      vertex 27.368332436601616 69.67062859407731 138
      vertex 27.502067523629073 70.24418710185485 138
    endloop
  endfacet
  facet normal -0.9866433320848788 0.16289547339459007 0
    outer loop
      vertex 27.598003752364292 70.82526427001953 134
      vertex 27.502067523629073 70.24418710185485 138
      vertex 27.598003752364292 70.82526427001953 138
    endloop
  endfacet
  facet normal -0.995184726672197 0.09801714032955994 0
    outer loop
      vertex 27.65573030914743 71.41137183692871 134
      vertex 27.598003752364292 70.82526427001953 138
      vertex 27.65573030914743 71.41137183692871 138
    endloop
  endfacet
  facet normal -0.9994645874763656 0.032719082821780494 0
    outer loop
      vertex 27.675 72 134
      vertex 27.65573030914743 71.41137183692871 138
      vertex 27.675 72 138
    endloop
  endfacet
  facet normal 0.2902846772544631 0.9569403357322087 0
    outer loop
      vertex 53.13204481227155 63.47762883454405 134
      vertex 53.13204481227155 63.47762883454405 138
      vertex 53.69562859407732 63.306667563398385 134
    endloop
  endfacet
  facet normal 0.2270762630343743 0.9738769792773335 0
    outer loop
      vertex 53.69562859407732 63.306667563398385 134
      vertex 53.69562859407732 63.306667563398385 138
      vertex 54.269187101854854 63.172932476370924 134
    endloop
  endfacet
  facet normal 0.16289547339458813 0.9866433320848792 0
    outer loop
      vertex 54.269187101854854 63.172932476370924 134
      vertex 54.269187101854854 63.172932476370924 138
      vertex 54.850264270019544 63.076996247635705 134
    endloop
  endfacet
  facet normal 0.09801714032955994 0.995184726672197 0
    outer loop
      vertex 54.850264270019544 63.076996247635705 134
      vertex 54.850264270019544 63.076996247635705 138
      vertex 55.43637183692872 63.01926969085257 134
    endloop
  endfacet
  facet normal 0.03271908282177485 0.9994645874763656 0
    outer loop
      vertex 55.43637183692872 63.01926969085257 134
      vertex 55.43637183692872 63.01926969085257 138
      vertex 56.025000000000006 63 134
    endloop
  endfacet
  facet normal -0.03271908282177485 0.9994645874763656 0
    outer loop
      vertex 56.025000000000006 63 134
      vertex 56.025000000000006 63 138
      vertex 56.61362816307129 63.01926969085257 134
    endloop
  endfacet
  facet normal -0.09801714032955994 0.995184726672197 0
    outer loop
      vertex 56.61362816307129 63.01926969085257 134
      vertex 56.61362816307129 63.01926969085257 138
      vertex 57.19973572998047 63.076996247635705 134
    endloop
  endfacet
  facet normal -0.16289547339458813 0.9866433320848792 0
    outer loop
      vertex 57.19973572998047 63.076996247635705 134
      vertex 57.19973572998047 63.076996247635705 138
      vertex 57.78081289814516 63.172932476370924 134
    endloop
  endfacet
  facet normal -0.2270762630343743 0.9738769792773335 0
    outer loop
      vertex 57.78081289814516 63.172932476370924 134
      vertex 57.78081289814516 63.172932476370924 138
      vertex 58.35437140592269 63.306667563398385 134
    endloop
  endfacet
  facet normal -0.2902846772544631 0.9569403357322087 0
    outer loop
      vertex 58.35437140592269 63.306667563398385 134
      vertex 58.35437140592269 63.306667563398385 138
      vertex 58.91795518772846 63.47762883454405 134
    endloop
  endfacet
  facet normal 0.4713967368259954 0.8819212643483563 0
    outer loop
      vertex 51.525000000000006 64.20577136594005 134
      vertex 51.525000000000006 64.20577136594005 138
      vertex 52.04440178802899 63.92814532620581 134
    endloop
  endfacet
  facet normal 0.5280678506503773 0.8492021815265732 -7.129589590107229e-19
    outer loop
      vertex 51.525000000000006 64.20577136594005 134
      vertex 51.02486790282359 64.5167734892771 134
      vertex 51.02486790282359 64.5167734892771 138
    endloop
  endfacet
  facet normal 0.634393284163638 0.773010453362743 0
    outer loop
      vertex 50.090887664099384 65.2334417326892 134
      vertex 50.090887664099384 65.2334417326892 138
      vertex 50.54614713892152 64.85981993737889 134
    endloop
  endfacet
  facet normal 0.6835923020228789 0.7298640726978287 -5.011909828117967e-18
    outer loop
      vertex 50.090887664099384 65.2334417326892 134
      vertex 49.661038969321076 65.63603896932108 134
      vertex 49.661038969321076 65.63603896932108 138
    endloop
  endfacet
  facet normal 0.5824776968677974 0.8128466845916188 -3.1465490357022697e-18
    outer loop
      vertex 51.02486790282359 64.5167734892771 134
      vertex 50.54614713892152 64.85981993737889 134
      vertex 50.54614713892152 64.85981993737889 138
    endloop
  endfacet
  facet normal 0.812846684591609 0.582477696867811 0
    outer loop
      vertex 48.5417734892771 66.99986790282358 134
      vertex 48.5417734892771 66.99986790282358 138
      vertex 48.88481993737889 66.52114713892152 134
    endloop
  endfacet
  facet normal 0.8492021815265784 0.5280678506503685 -3.1453071170758584e-19
    outer loop
      vertex 48.5417734892771 66.99986790282358 134
      vertex 48.23077136594006 67.5 134
      vertex 48.23077136594006 67.5 138
    endloop
  endfacet
  facet normal 0.729864072697829 0.6835923020228785 0
    outer loop
      vertex 49.25844173268921 66.06588766409938 134
      vertex 49.25844173268921 66.06588766409938 138
      vertex 49.661038969321076 65.63603896932108 134
    endloop
  endfacet
  facet normal 0.7730104533627479 0.6343932841636322 2.2651169072465962e-18
    outer loop
      vertex 49.25844173268921 66.06588766409938 134
      vertex 48.88481993737889 66.52114713892152 134
      vertex 48.88481993737889 66.52114713892152 138
    endloop
  endfacet
  facet normal 0.41270702980439866 0.910863824921174 0
    outer loop
      vertex 52.04440178802899 63.92814532620581 134
      vertex 52.04440178802899 63.92814532620581 138
      vertex 52.5808491087142 63.68508420739842 134
    endloop
  endfacet
  facet normal 0.35225004792123155 0.9359059267573265 -1.7353491412505778e-18
    outer loop
      vertex 53.13204481227155 63.47762883454405 134
      vertex 52.5808491087142 63.68508420739842 134
      vertex 52.5808491087142 63.68508420739842 138
    endloop
  endfacet
  facet normal 0.8819212643483563 0.4713967368259954 -2.4371724267968156e-18
    outer loop
      vertex 48.23077136594006 67.5 134
      vertex 47.953145326205814 68.01940178802899 134
      vertex 47.953145326205814 68.01940178802899 138
    endloop
  endfacet
  facet normal 0.9108638249211761 0.4127070298043941 -5.690167503909503e-19
    outer loop
      vertex 47.953145326205814 68.01940178802899 134
      vertex 47.710084207398424 68.5558491087142 134
      vertex 47.710084207398424 68.5558491087142 138
    endloop
  endfacet
  facet normal 0.9569403357322096 0.2902846772544597 0
    outer loop
      vertex 47.33166756339839 69.67062859407731 134
      vertex 47.33166756339839 69.67062859407731 138
      vertex 47.502628834544055 69.10704481227154 134
    endloop
  endfacet
  facet normal 0.9359059267573234 0.35225004792123943 8.231086560888736e-19
    outer loop
      vertex 47.710084207398424 68.5558491087142 134
      vertex 47.502628834544055 69.10704481227154 134
      vertex 47.502628834544055 69.10704481227154 138
    endloop
  endfacet
  facet normal 0.9738769792773335 0.2270762630343743 -2.5089783097275655e-18
    outer loop
      vertex 47.33166756339839 69.67062859407731 134
      vertex 47.19793247637093 70.24418710185485 134
      vertex 47.19793247637093 70.24418710185485 138
    endloop
  endfacet
  facet normal 0.9866433320848788 0.16289547339459007 3.276321120904096e-19
    outer loop
      vertex 47.19793247637093 70.24418710185485 134
      vertex 47.10199624763571 70.82526427001953 134
      vertex 47.10199624763571 70.82526427001953 138
    endloop
  endfacet
  facet normal 0.995184726672197 0.09801714032955994 1.9459981563163294e-19
    outer loop
      vertex 47.10199624763571 70.82526427001953 134
      vertex 47.04426969085257 71.41137183692871 134
      vertex 47.04426969085257 71.41137183692871 138
    endloop
  endfacet
  facet normal 0.9994645874763656 0.03271908282177446 -2.3864273407377357e-19
    outer loop
      vertex 47.04426969085257 71.41137183692871 134
      vertex 47.025000000000006 72 134
      vertex 47.025000000000006 72 138
    endloop
  endfacet
  facet normal -0.35225004792123155 0.9359059267573265 0
    outer loop
      vertex 58.91795518772846 63.47762883454405 134
      vertex 58.91795518772846 63.47762883454405 138
      vertex 59.469150891285814 63.68508420739842 134
    endloop
  endfacet
  facet normal -0.41270702980439866 0.910863824921174 0
    outer loop
      vertex 59.469150891285814 63.68508420739842 134
      vertex 59.469150891285814 63.68508420739842 138
      vertex 60.00559821197102 63.92814532620581 134
    endloop
  endfacet
  facet normal -0.4713967368259954 0.8819212643483563 0
    outer loop
      vertex 60.00559821197102 63.92814532620581 134
      vertex 60.00559821197102 63.92814532620581 138
      vertex 60.525000000000006 64.20577136594005 134
    endloop
  endfacet
  facet normal -0.5280678506503773 0.8492021815265732 0
    outer loop
      vertex 60.525000000000006 64.20577136594005 134
      vertex 60.525000000000006 64.20577136594005 138
      vertex 61.025132097176424 64.5167734892771 134
    endloop
  endfacet
  facet normal -0.5824776968677974 0.8128466845916188 0
    outer loop
      vertex 61.025132097176424 64.5167734892771 134
      vertex 61.025132097176424 64.5167734892771 138
      vertex 61.50385286107849 64.85981993737889 134
    endloop
  endfacet
  facet normal -0.634393284163638 0.773010453362743 0
    outer loop
      vertex 61.50385286107849 64.85981993737889 134
      vertex 61.50385286107849 64.85981993737889 138
      vertex 61.95911233590063 65.2334417326892 134
    endloop
  endfacet
  facet normal -0.6835923020228789 0.7298640726978287 0
    outer loop
      vertex 61.95911233590063 65.2334417326892 134
      vertex 61.95911233590063 65.2334417326892 138
      vertex 62.388961030678935 65.63603896932108 134
    endloop
  endfacet
  facet normal -0.729864072697829 0.6835923020228785 0
    outer loop
      vertex 62.388961030678935 65.63603896932108 134
      vertex 62.388961030678935 65.63603896932108 138
      vertex 62.791558267310805 66.06588766409938 134
    endloop
  endfacet
  facet normal -0.7730104533627479 0.6343932841636322 0
    outer loop
      vertex 62.791558267310805 66.06588766409938 134
      vertex 62.791558267310805 66.06588766409938 138
      vertex 63.16518006262112 66.52114713892152 134
    endloop
  endfacet
  facet normal -0.812846684591609 0.582477696867811 0
    outer loop
      vertex 63.16518006262112 66.52114713892152 134
      vertex 63.16518006262112 66.52114713892152 138
      vertex 63.50822651072291 66.99986790282358 134
    endloop
  endfacet
  facet normal -0.8492021815265784 0.5280678506503685 0
    outer loop
      vertex 63.50822651072291 66.99986790282358 134
      vertex 63.50822651072291 66.99986790282358 138
      vertex 63.819228634059954 67.5 134
    endloop
  endfacet
  facet normal -0.8819212643483563 0.4713967368259954 0
    outer loop
      vertex 63.819228634059954 67.5 134
      vertex 63.819228634059954 67.5 138
      vertex 64.0968546737942 68.01940178802899 134
    endloop
  endfacet
  facet normal -0.9108638249211761 0.4127070298043941 0
    outer loop
      vertex 64.0968546737942 68.01940178802899 134
      vertex 64.0968546737942 68.01940178802899 138
      vertex 64.33991579260159 68.5558491087142 134
    endloop
  endfacet
  facet normal -0.9359059267573234 0.35225004792123943 0
    outer loop
      vertex 64.33991579260159 68.5558491087142 134
      vertex 64.33991579260159 68.5558491087142 138
      vertex 64.54737116545596 69.10704481227154 134
    endloop
  endfacet
  facet normal -0.9569403357322064 0.2902846772544708 0
    outer loop
      vertex 64.54737116545596 69.10704481227154 134
      vertex 64.54737116545596 69.10704481227154 138
      vertex 64.71833243660163 69.67062859407731 134
    endloop
  endfacet
  facet normal -0.9738769792773389 0.22707626303435144 0
    outer loop
      vertex 64.71833243660163 69.67062859407731 134
      vertex 64.71833243660163 69.67062859407731 138
      vertex 64.85206752362907 70.24418710185485 134
    endloop
  endfacet
  facet normal -0.9866433320848768 0.16289547339460178 0
    outer loop
      vertex 64.85206752362907 70.24418710185485 134
      vertex 64.85206752362907 70.24418710185485 138
      vertex 64.9480037523643 70.82526427001953 134
    endloop
  endfacet
  facet normal -0.995184726672197 0.09801714032955994 0
    outer loop
      vertex 64.9480037523643 70.82526427001953 134
      vertex 64.9480037523643 70.82526427001953 138
      vertex 65.00573030914744 71.41137183692871 134
    endloop
  endfacet
  facet normal -0.9994645874763656 0.03271908282177446 0
    outer loop
      vertex 65.00573030914744 71.41137183692871 134
      vertex 65.00573030914744 71.41137183692871 138
      vertex 65.025 72 134
    endloop
  endfacet
  facet normal 0.2902846772544631 0.9569403357322087 0
    outer loop
      vertex 53.69562859407732 63.306667563398385 134
      vertex 53.13204481227155 63.47762883454405 138
      vertex 53.69562859407732 63.306667563398385 138
    endloop
  endfacet
  facet normal 0.2270762630343743 0.9738769792773335 0
    outer loop
      vertex 54.269187101854854 63.172932476370924 134
      vertex 53.69562859407732 63.306667563398385 138
      vertex 54.269187101854854 63.172932476370924 138
    endloop
  endfacet
  facet normal 0.16289547339458813 0.9866433320848792 0
    outer loop
      vertex 54.850264270019544 63.076996247635705 134
      vertex 54.269187101854854 63.172932476370924 138
      vertex 54.850264270019544 63.076996247635705 138
    endloop
  endfacet
  facet normal 0.09801714032955994 0.995184726672197 0
    outer loop
      vertex 55.43637183692872 63.01926969085257 134
      vertex 54.850264270019544 63.076996247635705 138
      vertex 55.43637183692872 63.01926969085257 138
    endloop
  endfacet
  facet normal 0.03271908282177485 0.9994645874763656 0
    outer loop
      vertex 56.025000000000006 63 134
      vertex 55.43637183692872 63.01926969085257 138
      vertex 56.025000000000006 63 138
    endloop
  endfacet
  facet normal -0.03271908282177485 0.9994645874763656 0
    outer loop
      vertex 56.61362816307129 63.01926969085257 134
      vertex 56.025000000000006 63 138
      vertex 56.61362816307129 63.01926969085257 138
    endloop
  endfacet
  facet normal -0.09801714032955994 0.995184726672197 0
    outer loop
      vertex 57.19973572998047 63.076996247635705 134
      vertex 56.61362816307129 63.01926969085257 138
      vertex 57.19973572998047 63.076996247635705 138
    endloop
  endfacet
  facet normal -0.16289547339458813 0.9866433320848792 0
    outer loop
      vertex 57.78081289814516 63.172932476370924 134
      vertex 57.19973572998047 63.076996247635705 138
      vertex 57.78081289814516 63.172932476370924 138
    endloop
  endfacet
  facet normal -0.2270762630343743 0.9738769792773335 0
    outer loop
      vertex 58.35437140592269 63.306667563398385 134
      vertex 57.78081289814516 63.172932476370924 138
      vertex 58.35437140592269 63.306667563398385 138
    endloop
  endfacet
  facet normal -0.2902846772544631 0.9569403357322087 0
    outer loop
      vertex 58.91795518772846 63.47762883454405 134
      vertex 58.35437140592269 63.306667563398385 138
      vertex 58.91795518772846 63.47762883454405 138
    endloop
  endfacet
  facet normal 0.5280678506503773 0.8492021815265732 0
    outer loop
      vertex 51.525000000000006 64.20577136594005 134
      vertex 51.02486790282359 64.5167734892771 138
      vertex 51.525000000000006 64.20577136594005 138
    endloop
  endfacet
  facet normal 0.6835923020228789 0.7298640726978287 0
    outer loop
      vertex 50.090887664099384 65.2334417326892 134
      vertex 49.661038969321076 65.63603896932108 138
      vertex 50.090887664099384 65.2334417326892 138
    endloop
  endfacet
  facet normal 0.5824776968677974 0.8128466845916188 0
    outer loop
      vertex 51.02486790282359 64.5167734892771 134
      vertex 50.54614713892152 64.85981993737889 138
      vertex 51.02486790282359 64.5167734892771 138
    endloop
  endfacet
  facet normal 0.634393284163638 0.773010453362743 0
    outer loop
      vertex 50.54614713892152 64.85981993737889 134
      vertex 50.090887664099384 65.2334417326892 138
      vertex 50.54614713892152 64.85981993737889 138
    endloop
  endfacet
  facet normal 0.812846684591609 0.582477696867811 0
    outer loop
      vertex 48.88481993737889 66.52114713892152 134
      vertex 48.5417734892771 66.99986790282358 138
      vertex 48.88481993737889 66.52114713892152 138
    endloop
  endfacet
  facet normal 0.8492021815265784 0.5280678506503685 0
    outer loop
      vertex 48.5417734892771 66.99986790282358 134
      vertex 48.23077136594006 67.5 138
      vertex 48.5417734892771 66.99986790282358 138
    endloop
  endfacet
  facet normal 0.8819212643483563 0.4713967368259954 0
    outer loop
      vertex 48.23077136594006 67.5 134
      vertex 47.953145326205814 68.01940178802899 138
      vertex 48.23077136594006 67.5 138
    endloop
  endfacet
  facet normal 0.729864072697829 0.6835923020228785 0
    outer loop
      vertex 49.661038969321076 65.63603896932108 134
      vertex 49.25844173268921 66.06588766409938 138
      vertex 49.661038969321076 65.63603896932108 138
    endloop
  endfacet
  facet normal 0.7730104533627479 0.6343932841636322 0
    outer loop
      vertex 49.25844173268921 66.06588766409938 134
      vertex 48.88481993737889 66.52114713892152 138
      vertex 49.25844173268921 66.06588766409938 138
    endloop
  endfacet
  facet normal 0.4713967368259954 0.8819212643483563 0
    outer loop
      vertex 52.04440178802899 63.92814532620581 134
      vertex 51.525000000000006 64.20577136594005 138
      vertex 52.04440178802899 63.92814532620581 138
    endloop
  endfacet
  facet normal 0.41270702980439866 0.910863824921174 0
    outer loop
      vertex 52.5808491087142 63.68508420739842 134
      vertex 52.04440178802899 63.92814532620581 138
      vertex 52.5808491087142 63.68508420739842 138
    endloop
  endfacet
  facet normal 0.35225004792123155 0.9359059267573265 0
    outer loop
      vertex 53.13204481227155 63.47762883454405 134
      vertex 52.5808491087142 63.68508420739842 138
      vertex 53.13204481227155 63.47762883454405 138
    endloop
  endfacet
  facet normal 0.9108638249211761 0.4127070298043941 0
    outer loop
      vertex 47.953145326205814 68.01940178802899 134
      vertex 47.710084207398424 68.5558491087142 138
      vertex 47.953145326205814 68.01940178802899 138
    endloop
  endfacet
  facet normal 0.9359059267573234 0.35225004792123943 0
    outer loop
      vertex 47.710084207398424 68.5558491087142 134
      vertex 47.502628834544055 69.10704481227154 138
      vertex 47.710084207398424 68.5558491087142 138
    endloop
  endfacet
  facet normal 0.9738769792773335 0.2270762630343743 0
    outer loop
      vertex 47.33166756339839 69.67062859407731 134
      vertex 47.19793247637093 70.24418710185485 138
      vertex 47.33166756339839 69.67062859407731 138
    endloop
  endfacet
  facet normal 0.9569403357322096 0.2902846772544597 0
    outer loop
      vertex 47.502628834544055 69.10704481227154 134
      vertex 47.33166756339839 69.67062859407731 138
      vertex 47.502628834544055 69.10704481227154 138
    endloop
  endfacet
  facet normal 0.9866433320848788 0.16289547339459007 0
    outer loop
      vertex 47.19793247637093 70.24418710185485 134
      vertex 47.10199624763571 70.82526427001953 138
      vertex 47.19793247637093 70.24418710185485 138
    endloop
  endfacet
  facet normal 0.995184726672197 0.09801714032955994 0
    outer loop
      vertex 47.10199624763571 70.82526427001953 134
      vertex 47.04426969085257 71.41137183692871 138
      vertex 47.10199624763571 70.82526427001953 138
    endloop
  endfacet
  facet normal 0.9994645874763656 0.03271908282177446 0
    outer loop
      vertex 47.04426969085257 71.41137183692871 134
      vertex 47.025000000000006 72 138
      vertex 47.04426969085257 71.41137183692871 138
    endloop
  endfacet
  facet normal -0.35225004792123155 0.9359059267573265 0
    outer loop
      vertex 59.469150891285814 63.68508420739842 134
      vertex 58.91795518772846 63.47762883454405 138
      vertex 59.469150891285814 63.68508420739842 138
    endloop
  endfacet
  facet normal -0.41270702980439866 0.910863824921174 0
    outer loop
      vertex 60.00559821197102 63.92814532620581 134
      vertex 59.469150891285814 63.68508420739842 138
      vertex 60.00559821197102 63.92814532620581 138
    endloop
  endfacet
  facet normal -0.4713967368259954 0.8819212643483563 0
    outer loop
      vertex 60.525000000000006 64.20577136594005 134
      vertex 60.00559821197102 63.92814532620581 138
      vertex 60.525000000000006 64.20577136594005 138
    endloop
  endfacet
  facet normal -0.5280678506503773 0.8492021815265732 0
    outer loop
      vertex 61.025132097176424 64.5167734892771 134
      vertex 60.525000000000006 64.20577136594005 138
      vertex 61.025132097176424 64.5167734892771 138
    endloop
  endfacet
  facet normal -0.5824776968677974 0.8128466845916188 0
    outer loop
      vertex 61.50385286107849 64.85981993737889 134
      vertex 61.025132097176424 64.5167734892771 138
      vertex 61.50385286107849 64.85981993737889 138
    endloop
  endfacet
  facet normal -0.634393284163638 0.773010453362743 0
    outer loop
      vertex 61.95911233590063 65.2334417326892 134
      vertex 61.50385286107849 64.85981993737889 138
      vertex 61.95911233590063 65.2334417326892 138
    endloop
  endfacet
  facet normal -0.6835923020228789 0.7298640726978287 0
    outer loop
      vertex 62.388961030678935 65.63603896932108 134
      vertex 61.95911233590063 65.2334417326892 138
      vertex 62.388961030678935 65.63603896932108 138
    endloop
  endfacet
  facet normal -0.729864072697829 0.6835923020228785 0
    outer loop
      vertex 62.791558267310805 66.06588766409938 134
      vertex 62.388961030678935 65.63603896932108 138
      vertex 62.791558267310805 66.06588766409938 138
    endloop
  endfacet
  facet normal -0.7730104533627479 0.6343932841636322 0
    outer loop
      vertex 63.16518006262112 66.52114713892152 134
      vertex 62.791558267310805 66.06588766409938 138
      vertex 63.16518006262112 66.52114713892152 138
    endloop
  endfacet
  facet normal -0.812846684591609 0.582477696867811 0
    outer loop
      vertex 63.50822651072291 66.99986790282358 134
      vertex 63.16518006262112 66.52114713892152 138
      vertex 63.50822651072291 66.99986790282358 138
    endloop
  endfacet
  facet normal -0.8492021815265784 0.5280678506503685 0
    outer loop
      vertex 63.819228634059954 67.5 134
      vertex 63.50822651072291 66.99986790282358 138
      vertex 63.819228634059954 67.5 138
    endloop
  endfacet
  facet normal -0.8819212643483563 0.4713967368259954 0
    outer loop
      vertex 64.0968546737942 68.01940178802899 134
      vertex 63.819228634059954 67.5 138
      vertex 64.0968546737942 68.01940178802899 138
    endloop
  endfacet
  facet normal -0.9108638249211761 0.4127070298043941 0
    outer loop
      vertex 64.33991579260159 68.5558491087142 134
      vertex 64.0968546737942 68.01940178802899 138
      vertex 64.33991579260159 68.5558491087142 138
    endloop
  endfacet
  facet normal -0.9359059267573234 0.35225004792123943 0
    outer loop
      vertex 64.54737116545596 69.10704481227154 134
      vertex 64.33991579260159 68.5558491087142 138
      vertex 64.54737116545596 69.10704481227154 138
    endloop
  endfacet
  facet normal -0.9569403357322064 0.2902846772544708 0
    outer loop
      vertex 64.71833243660163 69.67062859407731 134
      vertex 64.54737116545596 69.10704481227154 138
      vertex 64.71833243660163 69.67062859407731 138
    endloop
  endfacet
  facet normal -0.9738769792773389 0.22707626303435144 0
    outer loop
      vertex 64.85206752362907 70.24418710185485 134
      vertex 64.71833243660163 69.67062859407731 138
      vertex 64.85206752362907 70.24418710185485 138
    endloop
  endfacet
  facet normal -0.9866433320848768 0.16289547339460178 0
    outer loop
      vertex 64.9480037523643 70.82526427001953 134
      vertex 64.85206752362907 70.24418710185485 138
      vertex 64.9480037523643 70.82526427001953 138
    endloop
  endfacet
  facet normal -0.995184726672197 0.09801714032955994 0
    outer loop
      vertex 65.00573030914744 71.41137183692871 134
      vertex 64.9480037523643 70.82526427001953 138
      vertex 65.00573030914744 71.41137183692871 138
    endloop
  endfacet
  facet normal -0.9994645874763656 0.03271908282177446 0
    outer loop
      vertex 65.025 72 134
      vertex 65.00573030914744 71.41137183692871 138
      vertex 65.025 72 138
    endloop
  endfacet
  facet normal 0 0 -1
    outer loop
      vertex -92 4 134
      vertex -85.59099025766973 16.40900974233027 134
      vertex -85.48352808397516 16.3083604331723 134
    endloop
  endfacet
  facet normal 0 0 -1
    outer loop
      vertex -92 4 134
      vertex -85.6916395668277 16.516471916024845 134
      vertex -85.59099025766973 16.40900974233027 134
    endloop
  endfacet
  facet normal 0 0 -1
    outer loop
      vertex -92 4 134
      vertex -85.87080662768072 16.749966975705895 134
      vertex -85.78504501565529 16.63028678473038 134
    endloop
  endfacet
  facet normal 0 0 -1
    outer loop
      vertex -92 4 134
      vertex -85.78504501565529 16.63028678473038 134
      vertex -85.6916395668277 16.516471916024845 134
    endloop
  endfacet
  facet normal 0 0 -1
    outer loop
      vertex -92 4 134
      vertex -84.99514955299276 15.982036331551452 134
      vertex -84.86103772282145 15.921271051849605 134
    endloop
  endfacet
  facet normal 0 0 -1
    outer loop
      vertex -92 4 134
      vertex -84.86103772282145 15.921271051849605 134
      vertex -84.72323879693211 15.869407208636012 134
    endloop
  endfacet
  facet normal 0 0 -1
    outer loop
      vertex -92 4 134
      vertex -84.58234285148067 15.826666890849596 134
      vertex -84.43895322453629 15.793233119092731 134
    endloop
  endfacet
  facet normal 0 0 -1
    outer loop
      vertex -92 4 134
      vertex -84.72323879693211 15.869407208636012 134
      vertex -84.58234285148067 15.826666890849596 134
    endloop
  endfacet
  facet normal 0 0 -1
    outer loop
      vertex -92 4 134
      vertex -84.14715704076782 15.754817422713142 134
      vertex -84 15.75 134
    endloop
  endfacet
  facet normal 0 0 -1
    outer loop
      vertex -92 4 134
      vertex -84 15.75 134
      vertex -83.85284295923218 15.754817422713142 134
    endloop
  endfacet
  facet normal 0 0 -1
    outer loop
      vertex -92 4 134
      vertex -84.43895322453629 15.793233119092731 134
      vertex -84.29368393249511 15.769249061908926 134
    endloop
  endfacet
  facet normal 0 0 -1
    outer loop
      vertex -92 4 134
      vertex -84.29368393249511 15.769249061908926 134
      vertex -84.14715704076782 15.754817422713142 134
    endloop
  endfacet
  facet normal 0 0 -1
    outer loop
      vertex -92 4 134
      vertex -83.85284295923218 15.754817422713142 134
      vertex -83.70631606750489 15.769249061908926 134
    endloop
  endfacet
  facet normal 0 0 -1
    outer loop
      vertex -92 4 134
      vertex -83.70631606750489 15.769249061908926 134
      vertex -83.56104677546371 15.793233119092731 134
    endloop
  endfacet
  facet normal 0 0 -1
    outer loop
      vertex -92 4 134
      vertex -83.56104677546371 15.793233119092731 134
      vertex -83.41765714851933 15.826666890849596 134
    endloop
  endfacet
  facet normal 0 0 -1
    outer loop
      vertex -92 4 134
      vertex -85.125 16.051442841485013 134
      vertex -84.99514955299276 15.982036331551452 134
    endloop
  endfacet
  facet normal 0 0 -1
    outer loop
      vertex -92 4 134
      vertex -85.25003302429411 16.129193372319275 134
      vertex -85.125 16.051442841485013 134
    endloop
  endfacet
  facet normal 0 0 -1
    outer loop
      vertex -92 4 134
      vertex -85.36971321526963 16.214954984344722 134
      vertex -85.25003302429411 16.129193372319275 134
    endloop
  endfacet
  facet normal 0 0 -1
    outer loop
      vertex -92 4 134
      vertex -85.48352808397516 16.3083604331723 134
      vertex -85.36971321526963 16.214954984344722 134
    endloop
  endfacet
  facet normal 0 0 -1
    outer loop
      vertex -92 4 134
      vertex -83.41765714851933 15.826666890849596 134
      vertex -83.27676120306789 15.869407208636012 134
    endloop
  endfacet
  facet normal 0 0 -1
    outer loop
      vertex -92 4 134
      vertex -83.27676120306789 15.869407208636012 134
      vertex -83.13896227717855 15.921271051849605 134
    endloop
  endfacet
  facet normal 0 0 -1
    outer loop
      vertex -92 4 134
      vertex -83.13896227717855 15.921271051849605 134
      vertex -83.00485044700724 15.982036331551452 134
    endloop
  endfacet
  facet normal 0 0 -1
    outer loop
      vertex -92 4 134
      vertex -83.00485044700724 15.982036331551452 134
      vertex -82.875 16.051442841485013 134
    endloop
  endfacet
  facet normal 0 0 -1
    outer loop
      vertex -92 4 134
      vertex -82.875 16.051442841485013 134
      vertex -82.74996697570589 16.129193372319275 134
    endloop
  endfacet
  facet normal 0 0 -1
    outer loop
      vertex -92 4 134
      vertex -85.94855715851499 16.875 134
      vertex -85.87080662768072 16.749966975705895 134
    endloop
  endfacet
  facet normal 0 0 -1
    outer loop
      vertex -92 4 134
      vertex -86.01796366844854 17.004850447007247 134
      vertex -85.94855715851499 16.875 134
    endloop
  endfacet
  facet normal 0 0 -1
    outer loop
      vertex -92 4 134
      vertex -86.0787289481504 17.13896227717855 134
      vertex -86.01796366844854 17.004850447007247 134
    endloop
  endfacet
  facet normal 0 0 -1
    outer loop
      vertex -92 4 134
      vertex -86.130592791364 17.276761203067885 134
      vertex -86.0787289481504 17.13896227717855 134
    endloop
  endfacet
  facet normal 0 0 -1
    outer loop
      vertex -92 4 134
      vertex -86.1733331091504 17.41765714851933 134
      vertex -86.130592791364 17.276761203067885 134
    endloop
  endfacet
  facet normal 0 0 -1
    outer loop
      vertex -92 4 134
      vertex -86.20676688090727 17.561046775463712 134
      vertex -86.1733331091504 17.41765714851933 134
    endloop
  endfacet
  facet normal 0 0 -1
    outer loop
      vertex -92 4 134
      vertex -86.23075093809108 17.706316067504883 134
      vertex -86.20676688090727 17.561046775463712 134
    endloop
  endfacet
  facet normal 0 0 -1
    outer loop
      vertex -92 4 134
      vertex -86.24518257728685 17.852842959232177 134
      vertex -86.23075093809108 17.706316067504883 134
    endloop
  endfacet
  facet normal 0 0 -1
    outer loop
      vertex -92 4 134
      vertex -86.25 18 134
      vertex -86.24518257728685 17.852842959232177 134
    endloop
  endfacet
  facet normal 0 0 -1
    outer loop
      vertex -92 4 134
      vertex -86.25 54 134
      vertex -86.25 18 134
    endloop
  endfacet
  facet normal 0 0 -1
    outer loop
      vertex -86.25 18 134
      vertex -86.24518257728685 53.85284295923218 134
      vertex -86.24518257728685 18.147157040767823 134
    endloop
  endfacet
  facet normal 0 0 -1
    outer loop
      vertex -86.24518257728685 18.147157040767823 134
      vertex -86.23075093809108 53.706316067504886 134
      vertex -86.23075093809108 18.293683932495117 134
    endloop
  endfacet
  facet normal 0 0 -1
    outer loop
      vertex -86.23075093809108 18.293683932495117 134
      vertex -86.20676688090727 53.56104677546371 134
      vertex -86.20676688090727 18.438953224536288 134
    endloop
  endfacet
  facet normal 0 0 -1
    outer loop
      vertex -86.20676688090727 18.438953224536288 134
      vertex -86.1733331091504 53.417657148519325 134
      vertex -86.1733331091504 18.58234285148067 134
    endloop
  endfacet
  facet normal 0 0 -1
    outer loop
      vertex -86.1733331091504 18.58234285148067 134
      vertex -86.130592791364 53.276761203067885 134
      vertex -86.130592791364 18.723238796932115 134
    endloop
  endfacet
  facet normal 0 0 -1
    outer loop
      vertex -86.130592791364 18.723238796932115 134
      vertex -86.0787289481504 53.13896227717855 134
      vertex -86.0787289481504 18.86103772282145 134
    endloop
  endfacet
  facet normal 0 0 -1
    outer loop
      vertex -86.0787289481504 18.86103772282145 134
      vertex -86.01796366844854 53.00485044700725 134
      vertex -86.01796366844854 18.995149552992753 134
    endloop
  endfacet
  facet normal 0 0 -1
    outer loop
      vertex -86.01796366844854 18.995149552992753 134
      vertex -85.94855715851499 52.875 134
      vertex -85.94855715851499 19.125 134
    endloop
  endfacet
  facet normal 0 0 -1
    outer loop
      vertex -85.94855715851499 19.125 134
      vertex -85.87080662768072 52.749966975705895 134
      vertex -85.87080662768072 19.250033024294105 134
    endloop
  endfacet
  facet normal 0 0 -1
    outer loop
      vertex -85.87080662768072 19.250033024294105 134
      vertex -85.78504501565529 52.63028678473038 134
      vertex -85.78504501565529 19.36971321526962 134
    endloop
  endfacet
  facet normal 0 0 -1
    outer loop
      vertex -85.78504501565529 19.36971321526962 134
      vertex -85.6916395668277 52.51647191602485 134
      vertex -85.6916395668277 19.483528083975155 134
    endloop
  endfacet
  facet normal 0 0 -1
    outer loop
      vertex -85.6916395668277 19.483528083975155 134
      vertex -85.59099025766973 52.40900974233027 134
      vertex -85.59099025766973 19.59099025766973 134
    endloop
  endfacet
  facet normal 0 0 -1
    outer loop
      vertex -85.59099025766973 19.59099025766973 134
      vertex -85.48352808397516 52.308360433172304 134
      vertex -85.48352808397516 19.6916395668277 134
    endloop
  endfacet
  facet normal 0 0 -1
    outer loop
      vertex -85.48352808397516 19.6916395668277 134
      vertex -85.36971321526963 52.21495498434472 134
      vertex -85.36971321526963 19.785045015655278 134
    endloop
  endfacet
  facet normal 0 0 -1
    outer loop
      vertex -85.36971321526963 19.785045015655278 134
      vertex -85.25003302429411 52.12919337231927 134
      vertex -85.25003302429411 19.870806627680725 134
    endloop
  endfacet
  facet normal 0 0 -1
    outer loop
      vertex -85.25003302429411 19.870806627680725 134
      vertex -85.125 52.05144284148501 134
      vertex -85.125 19.948557158514987 134
    endloop
  endfacet
  facet normal 0 0 -1
    outer loop
      vertex -85.125 19.948557158514987 134
      vertex -84.99514955299276 51.98203633155145 134
      vertex -84.99514955299276 20.017963668448548 134
    endloop
  endfacet
  facet normal 0 0 -1
    outer loop
      vertex -84.99514955299276 20.017963668448548 134
      vertex -84.86103772282145 51.92127105184961 134
      vertex -84.86103772282145 20.078728948150395 134
    endloop
  endfacet
  facet normal 0 0 -1
    outer loop
      vertex -84.86103772282145 20.078728948150395 134
      vertex -84.72323879693211 51.86940720863601 134
      vertex -84.72323879693211 20.130592791363988 134
    endloop
  endfacet
  facet normal 0 0 -1
    outer loop
      vertex -84.72323879693211 20.130592791363988 134
      vertex -84.58234285148067 51.826666890849594 134
      vertex -84.58234285148067 20.173333109150406 134
    endloop
  endfacet
  facet normal 0 0 -1
    outer loop
      vertex -84.58234285148067 20.173333109150406 134
      vertex -84.43895322453629 51.79323311909273 134
      vertex -84.43895322453629 20.206766880907267 134
    endloop
  endfacet
  facet normal 0 0 -1
    outer loop
      vertex -84.43895322453629 20.206766880907267 134
      vertex -84.29368393249511 51.76924906190893 134
      vertex -84.29368393249511 20.230750938091074 134
    endloop
  endfacet
  facet normal 0 0 -1
    outer loop
      vertex -84.29368393249511 20.230750938091074 134
      vertex -84.14715704076782 51.754817422713145 134
      vertex -84.14715704076782 20.245182577286858 134
    endloop
  endfacet
  facet normal 0 0 -1
    outer loop
      vertex -84.14715704076782 20.245182577286858 134
      vertex -84 51.75 134
      vertex -84 20.25 134
    endloop
  endfacet
  facet normal 0 0 -1
    outer loop
      vertex -84 20.25 134
      vertex -83.85284295923218 51.754817422713145 134
      vertex -83.85284295923218 20.245182577286858 134
    endloop
  endfacet
  facet normal 0 0 -1
    outer loop
      vertex -83.85284295923218 20.245182577286858 134
      vertex -83.70631606750489 51.76924906190893 134
      vertex -83.70631606750489 20.230750938091074 134
    endloop
  endfacet
  facet normal 0 0 -1
    outer loop
      vertex -83.70631606750489 20.230750938091074 134
      vertex -83.56104677546371 51.79323311909273 134
      vertex -83.56104677546371 20.206766880907267 134
    endloop
  endfacet
  facet normal 0 0 -1
    outer loop
      vertex -83.41765714851933 20.173333109150406 134
      vertex -83.56104677546371 20.206766880907267 134
      vertex -83.41765714851933 51.826666890849594 134
    endloop
  endfacet
  facet normal 0 0 -1
    outer loop
      vertex -82.3083604331723 19.483528083975155 134
      vertex -82.40900974233027 19.59099025766973 134
      vertex -82.3083604331723 52.51647191602485 134
    endloop
  endfacet
  facet normal 0 0 -1
    outer loop
      vertex -81.98203633155146 18.995149552992753 134
      vertex -81.9212710518496 53.13896227717855 134
      vertex -81.9212710518496 18.86103772282145 134
    endloop
  endfacet
  facet normal 0 0 -1
    outer loop
      vertex -82.12919337231928 19.250033024294105 134
      vertex -82.05144284148501 52.875 134
      vertex -82.05144284148501 19.125 134
    endloop
  endfacet
  facet normal 0 0 -1
    outer loop
      vertex -81.98203633155146 18.995149552992753 134
      vertex -82.05144284148501 19.125 134
      vertex -81.98203633155146 53.00485044700725 134
    endloop
  endfacet
  facet normal 0 0 -1
    outer loop
      vertex -82.12919337231928 19.250033024294105 134
      vertex -82.21495498434471 19.36971321526962 134
      vertex -82.12919337231928 52.749966975705895 134
    endloop
  endfacet
  facet normal 0 0 -1
    outer loop
      vertex -82.3083604331723 19.483528083975155 134
      vertex -82.21495498434471 52.63028678473038 134
      vertex -82.21495498434471 19.36971321526962 134
    endloop
  endfacet
  facet normal 0 0 -1
    outer loop
      vertex -83.13896227717855 20.078728948150395 134
      vertex -83.00485044700724 51.98203633155145 134
      vertex -83.00485044700724 20.017963668448548 134
    endloop
  endfacet
  facet normal 0 0 -1
    outer loop
      vertex -83.41765714851933 20.173333109150406 134
      vertex -83.27676120306789 51.86940720863601 134
      vertex -83.27676120306789 20.130592791363988 134
    endloop
  endfacet
  facet normal 0 0 -1
    outer loop
      vertex -83.27676120306789 20.130592791363988 134
      vertex -83.13896227717855 51.92127105184961 134
      vertex -83.13896227717855 20.078728948150395 134
    endloop
  endfacet
  facet normal 0 0 -1
    outer loop
      vertex -82.875 19.948557158514987 134
      vertex -83.00485044700724 20.017963668448548 134
      vertex -82.875 52.05144284148501 134
    endloop
  endfacet
  facet normal 0 0 -1
    outer loop
      vertex -82.74996697570589 19.870806627680725 134
      vertex -82.63028678473037 52.21495498434472 134
      vertex -82.63028678473037 19.785045015655278 134
    endloop
  endfacet
  facet normal 0 0 -1
    outer loop
      vertex -82.875 19.948557158514987 134
      vertex -82.74996697570589 52.12919337231927 134
      vertex -82.74996697570589 19.870806627680725 134
    endloop
  endfacet
  facet normal 0 0 -1
    outer loop
      vertex -82.51647191602484 19.6916395668277 134
      vertex -82.63028678473037 19.785045015655278 134
      vertex -82.51647191602484 52.308360433172304 134
    endloop
  endfacet
  facet normal 0 0 -1
    outer loop
      vertex -82.51647191602484 19.6916395668277 134
      vertex -82.40900974233027 52.40900974233027 134
      vertex -82.40900974233027 19.59099025766973 134
    endloop
  endfacet
  facet normal 0 0 -1
    outer loop
      vertex -92 4 134
      vertex -82.74996697570589 16.129193372319275 134
      vertex 9.675 72 134
    endloop
  endfacet
  facet normal 0 0 -1
    outer loop
      vertex -82.74996697570589 16.129193372319275 134
      vertex -82.63028678473037 16.214954984344722 134
      vertex 9.675 72 134
    endloop
  endfacet
  facet normal 0 0 -1
    outer loop
      vertex -82.63028678473037 16.214954984344722 134
      vertex -82.51647191602484 16.3083604331723 134
      vertex 9.675 72 134
    endloop
  endfacet
  facet normal 0 0 -1
    outer loop
      vertex -82.51647191602484 16.3083604331723 134
      vertex -82.40900974233027 16.40900974233027 134
      vertex 9.675 72 134
    endloop
  endfacet
  facet normal 0 0 -1
    outer loop
      vertex -82.40900974233027 16.40900974233027 134
      vertex -82.3083604331723 16.516471916024845 134
      vertex 9.675 72 134
    endloop
  endfacet
  facet normal 0 0 -1
    outer loop
      vertex -82.3083604331723 16.516471916024845 134
      vertex -82.21495498434471 16.63028678473038 134
      vertex 9.675 72 134
    endloop
  endfacet
  facet normal 0 0 -1
    outer loop
      vertex -82.21495498434471 16.63028678473038 134
      vertex -82.12919337231928 16.749966975705895 134
      vertex 9.675 72 134
    endloop
  endfacet
  facet normal 0 0 -1
    outer loop
      vertex -82.12919337231928 16.749966975705895 134
      vertex -82.05144284148501 16.875 134
      vertex 9.675 72 134
    endloop
  endfacet
  facet normal 0 0 -1
    outer loop
      vertex -82.05144284148501 16.875 134
      vertex -81.98203633155146 17.004850447007247 134
      vertex 9.675 72 134
    endloop
  endfacet
  facet normal 0 0 -1
    outer loop
      vertex -81.98203633155146 17.004850447007247 134
      vertex -81.9212710518496 17.13896227717855 134
      vertex 9.675 72 134
    endloop
  endfacet
  facet normal 0 0 -1
    outer loop
      vertex -81.9212710518496 17.13896227717855 134
      vertex -81.869407208636 17.276761203067885 134
      vertex 9.675 72 134
    endloop
  endfacet
  facet normal 0 0 -1
    outer loop
      vertex -81.869407208636 17.276761203067885 134
      vertex -81.8266668908496 17.41765714851933 134
      vertex 9.675 72 134
    endloop
  endfacet
  facet normal 0 0 -1
    outer loop
      vertex -81.8266668908496 17.41765714851933 134
      vertex -81.79323311909273 17.561046775463712 134
      vertex 9.675 72 134
    endloop
  endfacet
  facet normal 0 0 -1
    outer loop
      vertex -81.79323311909273 17.561046775463712 134
      vertex -81.76924906190892 17.706316067504883 134
      vertex 9.675 72 134
    endloop
  endfacet
  facet normal 0 0 -1
    outer loop
      vertex -81.76924906190892 17.706316067504883 134
      vertex -81.75481742271315 17.852842959232177 134
      vertex 9.675 72 134
    endloop
  endfacet
  facet normal 0 0 -1
    outer loop
      vertex -81.75481742271315 17.852842959232177 134
      vertex -81.75 18 134
      vertex 9.675 72 134
    endloop
  endfacet
  facet normal 0 0 -1
    outer loop
      vertex -81.75 18 134
      vertex -81.75481742271315 18.147157040767823 134
      vertex 9.675 72 134
    endloop
  endfacet
  facet normal 0 0 -1
    outer loop
      vertex -81.75481742271315 18.147157040767823 134
      vertex -81.76924906190892 18.293683932495117 134
      vertex 9.675 72 134
    endloop
  endfacet
  facet normal 0 0 -1
    outer loop
      vertex -81.76924906190892 18.293683932495117 134
      vertex -81.79323311909273 18.438953224536288 134
      vertex 9.675 72 134
    endloop
  endfacet
  facet normal 0 0 -1
    outer loop
      vertex -81.79323311909273 18.438953224536288 134
      vertex -81.8266668908496 18.58234285148067 134
      vertex 9.675 72 134
    endloop
  endfacet
  facet normal 0 0 -1
    outer loop
      vertex -81.8266668908496 18.58234285148067 134
      vertex -81.869407208636 18.723238796932115 134
      vertex 9.675 72 134
    endloop
  endfacet
  facet normal 0 0 -1
    outer loop
      vertex -81.869407208636 18.723238796932115 134
      vertex -81.9212710518496 18.86103772282145 134
      vertex 9.675 72 134
    endloop
  endfacet
  facet normal -1 0 0
    outer loop
      vertex -92 4 134
      vertex -92 4 138
      vertex -92 72 134
    endloop
  endfacet
  facet normal 0 0 1
    outer loop
      vertex -92 4 138
      vertex -85.48352808397516 16.3083604331723 138
      vertex -85.59099025766973 16.40900974233027 138
    endloop
  endfacet
  facet normal 0 0 1
    outer loop
      vertex -92 4 138
      vertex -85.59099025766973 16.40900974233027 138
      vertex -85.6916395668277 16.516471916024845 138
    endloop
  endfacet
  facet normal 0 0 1
    outer loop
      vertex -92 4 138
      vertex -85.78504501565529 16.63028678473038 138
      vertex -85.87080662768072 16.749966975705895 138
    endloop
  endfacet
  facet normal 0 0 1
    outer loop
      vertex -92 4 138
      vertex -85.6916395668277 16.516471916024845 138
      vertex -85.78504501565529 16.63028678473038 138
    endloop
  endfacet
  facet normal 0 0 1
    outer loop
      vertex -92 4 138
      vertex -84.72323879693211 15.869407208636012 138
      vertex -84.86103772282145 15.921271051849605 138
    endloop
  endfacet
  facet normal 0 0 1
    outer loop
      vertex -92 4 138
      vertex -84.86103772282145 15.921271051849605 138
      vertex -84.99514955299276 15.982036331551452 138
    endloop
  endfacet
  facet normal 0 0 1
    outer loop
      vertex -92 4 138
      vertex -84.43895322453629 15.793233119092731 138
      vertex -84.58234285148067 15.826666890849596 138
    endloop
  endfacet
  facet normal 0 0 1
    outer loop
      vertex -92 4 138
      vertex -84.58234285148067 15.826666890849596 138
      vertex -84.72323879693211 15.869407208636012 138
    endloop
  endfacet
  facet normal 0 0 1
    outer loop
      vertex -92 4 138
      vertex -83.85284295923218 15.754817422713142 138
      vertex -84 15.75 138
    endloop
  endfacet
  facet normal 0 0 1
    outer loop
      vertex -92 4 138
      vertex -84 15.75 138
      vertex -84.14715704076782 15.754817422713142 138
    endloop
  endfacet
  facet normal 0 0 1
    outer loop
      vertex -92 4 138
      vertex -84.14715704076782 15.754817422713142 138
      vertex -84.29368393249511 15.769249061908926 138
    endloop
  endfacet
  facet normal 0 0 1
    outer loop
      vertex -92 4 138
      vertex -84.29368393249511 15.769249061908926 138
      vertex -84.43895322453629 15.793233119092731 138
    endloop
  endfacet
  facet normal 0 0 1
    outer loop
      vertex -92 4 138
      vertex -83.70631606750489 15.769249061908926 138
      vertex -83.85284295923218 15.754817422713142 138
    endloop
  endfacet
  facet normal 0 0 1
    outer loop
      vertex -92 4 138
      vertex -83.41765714851933 15.826666890849596 138
      vertex -83.56104677546371 15.793233119092731 138
    endloop
  endfacet
  facet normal 0 0 1
    outer loop
      vertex -92 4 138
      vertex -83.56104677546371 15.793233119092731 138
      vertex -83.70631606750489 15.769249061908926 138
    endloop
  endfacet
  facet normal 0 0 1
    outer loop
      vertex -92 4 138
      vertex -84.99514955299276 15.982036331551452 138
      vertex -85.125 16.051442841485013 138
    endloop
  endfacet
  facet normal 0 0 1
    outer loop
      vertex -92 4 138
      vertex -85.125 16.051442841485013 138
      vertex -85.25003302429411 16.129193372319275 138
    endloop
  endfacet
  facet normal 0 0 1
    outer loop
      vertex -92 4 138
      vertex -85.25003302429411 16.129193372319275 138
      vertex -85.36971321526963 16.214954984344722 138
    endloop
  endfacet
  facet normal 0 0 1
    outer loop
      vertex -92 4 138
      vertex -85.36971321526963 16.214954984344722 138
      vertex -85.48352808397516 16.3083604331723 138
    endloop
  endfacet
  facet normal 0 0 1
    outer loop
      vertex -92 4 138
      vertex -83.27676120306789 15.869407208636012 138
      vertex -83.41765714851933 15.826666890849596 138
    endloop
  endfacet
  facet normal 0 0 1
    outer loop
      vertex -92 4 138
      vertex -83.13896227717855 15.921271051849605 138
      vertex -83.27676120306789 15.869407208636012 138
    endloop
  endfacet
  facet normal 0 0 1
    outer loop
      vertex -92 4 138
      vertex -83.00485044700724 15.982036331551452 138
      vertex -83.13896227717855 15.921271051849605 138
    endloop
  endfacet
  facet normal 0 0 1
    outer loop
      vertex -92 4 138
      vertex -82.875 16.051442841485013 138
      vertex -83.00485044700724 15.982036331551452 138
    endloop
  endfacet
  facet normal 0 0 1
    outer loop
      vertex -92 4 138
      vertex -82.74996697570589 16.129193372319275 138
      vertex -82.875 16.051442841485013 138
    endloop
  endfacet
  facet normal 0 0 1
    outer loop
      vertex -92 4 138
      vertex -82.63028678473037 16.214954984344722 138
      vertex -82.74996697570589 16.129193372319275 138
    endloop
  endfacet
  facet normal 0 0 1
    outer loop
      vertex -92 4 138
      vertex -82.51647191602484 16.3083604331723 138
      vertex -82.63028678473037 16.214954984344722 138
    endloop
  endfacet
  facet normal 0 0 1
    outer loop
      vertex -92 4 138
      vertex -82.40900974233027 16.40900974233027 138
      vertex -82.51647191602484 16.3083604331723 138
    endloop
  endfacet
  facet normal 0 0 1
    outer loop
      vertex -92 4 138
      vertex -82.3083604331723 16.516471916024845 138
      vertex -82.40900974233027 16.40900974233027 138
    endloop
  endfacet
  facet normal 0 0 1
    outer loop
      vertex -92 4 138
      vertex -82.21495498434471 16.63028678473038 138
      vertex -82.3083604331723 16.516471916024845 138
    endloop
  endfacet
  facet normal 0 0 1
    outer loop
      vertex -92 4 138
      vertex -85.87080662768072 16.749966975705895 138
      vertex -85.94855715851499 16.875 138
    endloop
  endfacet
  facet normal 0 0 1
    outer loop
      vertex -92 4 138
      vertex -85.94855715851499 16.875 138
      vertex -86.01796366844854 17.004850447007247 138
    endloop
  endfacet
  facet normal 0 0 1
    outer loop
      vertex -92 4 138
      vertex -86.01796366844854 17.004850447007247 138
      vertex -86.0787289481504 17.13896227717855 138
    endloop
  endfacet
  facet normal 0 0 1
    outer loop
      vertex -92 4 138
      vertex -86.0787289481504 17.13896227717855 138
      vertex -86.130592791364 17.276761203067885 138
    endloop
  endfacet
  facet normal 0 0 1
    outer loop
      vertex -92 4 138
      vertex -86.130592791364 17.276761203067885 138
      vertex -86.1733331091504 17.41765714851933 138
    endloop
  endfacet
  facet normal 0 0 1
    outer loop
      vertex -92 4 138
      vertex -86.1733331091504 17.41765714851933 138
      vertex -86.20676688090727 17.561046775463712 138
    endloop
  endfacet
  facet normal 0 0 1
    outer loop
      vertex -92 4 138
      vertex -86.20676688090727 17.561046775463712 138
      vertex -86.23075093809108 17.706316067504883 138
    endloop
  endfacet
  facet normal 0 0 1
    outer loop
      vertex -92 4 138
      vertex -86.23075093809108 17.706316067504883 138
      vertex -86.24518257728685 17.852842959232177 138
    endloop
  endfacet
  facet normal 0 0 1
    outer loop
      vertex -92 4 138
      vertex -86.24518257728685 17.852842959232177 138
      vertex -86.25 18 138
    endloop
  endfacet
  facet normal 0 0 1
    outer loop
      vertex -92 4 138
      vertex -86.25 18 138
      vertex -86.24518257728685 18.147157040767823 138
    endloop
  endfacet
  facet normal 0 0 1
    outer loop
      vertex -92 4 138
      vertex -86.24518257728685 18.147157040767823 138
      vertex -92 72 138
    endloop
  endfacet
  facet normal 0 0 1
    outer loop
      vertex -86.130592791364 18.723238796932115 138
      vertex -86.0787289481504 18.86103772282145 138
      vertex -86.130592791364 53.276761203067885 138
    endloop
  endfacet
  facet normal 0 0 1
    outer loop
      vertex -86.0787289481504 18.86103772282145 138
      vertex -86.01796366844854 18.995149552992753 138
      vertex -86.0787289481504 53.13896227717855 138
    endloop
  endfacet
  facet normal 0 0 1
    outer loop
      vertex -85.94855715851499 19.125 138
      vertex -85.87080662768072 19.250033024294105 138
      vertex -85.94855715851499 52.875 138
    endloop
  endfacet
  facet normal 0 0 1
    outer loop
      vertex -86.01796366844854 18.995149552992753 138
      vertex -85.94855715851499 19.125 138
      vertex -86.01796366844854 53.00485044700725 138
    endloop
  endfacet
  facet normal 0 0 1
    outer loop
      vertex -85.87080662768072 19.250033024294105 138
      vertex -85.78504501565529 19.36971321526962 138
      vertex -85.87080662768072 52.749966975705895 138
    endloop
  endfacet
  facet normal 0 0 1
    outer loop
      vertex -85.78504501565529 19.36971321526962 138
      vertex -85.6916395668277 19.483528083975155 138
      vertex -85.78504501565529 52.63028678473038 138
    endloop
  endfacet
  facet normal 0 0 1
    outer loop
      vertex -85.6916395668277 19.483528083975155 138
      vertex -85.59099025766973 19.59099025766973 138
      vertex -85.6916395668277 52.51647191602485 138
    endloop
  endfacet
  facet normal 0 0 1
    outer loop
      vertex -85.59099025766973 19.59099025766973 138
      vertex -85.48352808397516 19.6916395668277 138
      vertex -85.59099025766973 52.40900974233027 138
    endloop
  endfacet
  facet normal 0 0 1
    outer loop
      vertex -85.48352808397516 19.6916395668277 138
      vertex -85.36971321526963 19.785045015655278 138
      vertex -85.48352808397516 52.308360433172304 138
    endloop
  endfacet
  facet normal 0 0 1
    outer loop
      vertex -85.36971321526963 19.785045015655278 138
      vertex -85.25003302429411 19.870806627680725 138
      vertex -85.36971321526963 52.21495498434472 138
    endloop
  endfacet
  facet normal 0 0 1
    outer loop
      vertex -85.25003302429411 19.870806627680725 138
      vertex -85.125 19.948557158514987 138
      vertex -85.25003302429411 52.12919337231927 138
    endloop
  endfacet
  facet normal 0 0 1
    outer loop
      vertex -85.125 19.948557158514987 138
      vertex -84.99514955299276 20.017963668448548 138
      vertex -85.125 52.05144284148501 138
    endloop
  endfacet
  facet normal 0 0 1
    outer loop
      vertex -84.99514955299276 20.017963668448548 138
      vertex -84.86103772282145 20.078728948150395 138
      vertex -84.99514955299276 51.98203633155145 138
    endloop
  endfacet
  facet normal 0 0 1
    outer loop
      vertex -84.86103772282145 20.078728948150395 138
      vertex -84.72323879693211 20.130592791363988 138
      vertex -84.86103772282145 51.92127105184961 138
    endloop
  endfacet
  facet normal 0 0 1
    outer loop
      vertex -84.72323879693211 20.130592791363988 138
      vertex -84.58234285148067 20.173333109150406 138
      vertex -84.72323879693211 51.86940720863601 138
    endloop
  endfacet
  facet normal 0 0 1
    outer loop
      vertex -84.58234285148067 20.173333109150406 138
      vertex -84.43895322453629 20.206766880907267 138
      vertex -84.58234285148067 51.826666890849594 138
    endloop
  endfacet
  facet normal 0 0 1
    outer loop
      vertex -84.43895322453629 20.206766880907267 138
      vertex -84.29368393249511 20.230750938091074 138
      vertex -84.43895322453629 51.79323311909273 138
    endloop
  endfacet
  facet normal 0 0 1
    outer loop
      vertex -84.14715704076782 20.245182577286858 138
      vertex -84 20.25 138
      vertex -84.14715704076782 51.754817422713145 138
    endloop
  endfacet
  facet normal 0 0 1
    outer loop
      vertex -84.29368393249511 20.230750938091074 138
      vertex -84.14715704076782 20.245182577286858 138
      vertex -84.29368393249511 51.76924906190893 138
    endloop
  endfacet
  facet normal 0 0 1
    outer loop
      vertex -84 20.25 138
      vertex -83.85284295923218 20.245182577286858 138
      vertex -84 51.75 138
    endloop
  endfacet
  facet normal 0 0 1
    outer loop
      vertex -83.85284295923218 20.245182577286858 138
      vertex -83.70631606750489 20.230750938091074 138
      vertex -83.85284295923218 51.754817422713145 138
    endloop
  endfacet
  facet normal 0 0 1
    outer loop
      vertex -83.70631606750489 20.230750938091074 138
      vertex -83.56104677546371 20.206766880907267 138
      vertex -83.70631606750489 51.76924906190893 138
    endloop
  endfacet
  facet normal 0 0 1
    outer loop
      vertex -83.41765714851933 20.173333109150406 138
      vertex -83.56104677546371 51.79323311909273 138
      vertex -83.56104677546371 20.206766880907267 138
    endloop
  endfacet
  facet normal 0 0 1
    outer loop
      vertex -82.51647191602484 19.6916395668277 138
      vertex -82.40900974233027 19.59099025766973 138
      vertex -82.51647191602484 52.308360433172304 138
    endloop
  endfacet
  facet normal 0 0 1
    outer loop
      vertex -82.3083604331723 19.483528083975155 138
      vertex -82.40900974233027 52.40900974233027 138
      vertex -82.40900974233027 19.59099025766973 138
    endloop
  endfacet
  facet normal 0 0 1
    outer loop
      vertex -82.3083604331723 19.483528083975155 138
      vertex -82.21495498434471 19.36971321526962 138
      vertex -82.3083604331723 52.51647191602485 138
    endloop
  endfacet
  facet normal 0 0 1
    outer loop
      vertex -83.27676120306789 20.130592791363988 138
      vertex -83.13896227717855 20.078728948150395 138
      vertex -83.27676120306789 51.86940720863601 138
    endloop
  endfacet
  facet normal 0 0 1
    outer loop
      vertex -83.13896227717855 20.078728948150395 138
      vertex -83.00485044700724 20.017963668448548 138
      vertex -83.13896227717855 51.92127105184961 138
    endloop
  endfacet
  facet normal 0 0 1
    outer loop
      vertex -83.41765714851933 20.173333109150406 138
      vertex -83.27676120306789 20.130592791363988 138
      vertex -83.41765714851933 51.826666890849594 138
    endloop
  endfacet
  facet normal 0 0 1
    outer loop
      vertex -82.875 19.948557158514987 138
      vertex -83.00485044700724 51.98203633155145 138
      vertex -83.00485044700724 20.017963668448548 138
    endloop
  endfacet
  facet normal 0 0 1
    outer loop
      vertex -82.74996697570589 19.870806627680725 138
      vertex -82.63028678473037 19.785045015655278 138
      vertex -82.74996697570589 52.12919337231927 138
    endloop
  endfacet
  facet normal 0 0 1
    outer loop
      vertex -82.875 19.948557158514987 138
      vertex -82.74996697570589 19.870806627680725 138
      vertex -82.875 52.05144284148501 138
    endloop
  endfacet
  facet normal 0 0 1
    outer loop
      vertex -82.51647191602484 19.6916395668277 138
      vertex -82.63028678473037 52.21495498434472 138
      vertex -82.63028678473037 19.785045015655278 138
    endloop
  endfacet
  facet normal 0 0 1
    outer loop
      vertex -86.24518257728685 18.147157040767823 138
      vertex -86.23075093809108 18.293683932495117 138
      vertex -92 72 138
    endloop
  endfacet
  facet normal 0 0 1
    outer loop
      vertex -86.23075093809108 18.293683932495117 138
      vertex -86.20676688090727 18.438953224536288 138
      vertex -92 72 138
    endloop
  endfacet
  facet normal 0 0 1
    outer loop
      vertex -86.20676688090727 18.438953224536288 138
      vertex -86.1733331091504 18.58234285148067 138
      vertex -92 72 138
    endloop
  endfacet
  facet normal 0 0 1
    outer loop
      vertex -86.1733331091504 18.58234285148067 138
      vertex -86.130592791364 18.723238796932115 138
      vertex -92 72 138
    endloop
  endfacet
  facet normal 0 -1 0
    outer loop
      vertex -92 4 134
      vertex 92 4 138
      vertex -92 4 138
    endloop
  endfacet
  facet normal 0 0 1
    outer loop
      vertex -92 4 138
      vertex 92 4 138
      vertex -82.21495498434471 16.63028678473038 138
    endloop
  endfacet
  facet normal 0 0 1
    outer loop
      vertex -82.21495498434471 16.63028678473038 138
      vertex 92 4 138
      vertex -82.12919337231928 16.749966975705895 138
    endloop
  endfacet
  facet normal 0 0 1
    outer loop
      vertex -82.12919337231928 16.749966975705895 138
      vertex 92 4 138
      vertex -82.05144284148501 16.875 138
    endloop
  endfacet
  facet normal 0 0 1
    outer loop
      vertex -82.05144284148501 16.875 138
      vertex 92 4 138
      vertex -81.98203633155146 17.004850447007247 138
    endloop
  endfacet
  facet normal 0 0 1
    outer loop
      vertex -81.98203633155146 17.004850447007247 138
      vertex 92 4 138
      vertex -81.9212710518496 17.13896227717855 138
    endloop
  endfacet
  facet normal 0 0 1
    outer loop
      vertex -81.9212710518496 17.13896227717855 138
      vertex 92 4 138
      vertex -81.869407208636 17.276761203067885 138
    endloop
  endfacet
  facet normal 0 0 1
    outer loop
      vertex -81.869407208636 17.276761203067885 138
      vertex 92 4 138
      vertex -81.8266668908496 17.41765714851933 138
    endloop
  endfacet
  facet normal 0 0 1
    outer loop
      vertex -81.8266668908496 17.41765714851933 138
      vertex 92 4 138
      vertex -81.79323311909273 17.561046775463712 138
    endloop
  endfacet
  facet normal 0 0 1
    outer loop
      vertex -81.79323311909273 17.561046775463712 138
      vertex 92 4 138
      vertex -81.76924906190892 17.706316067504883 138
    endloop
  endfacet
  facet normal 0 0 1
    outer loop
      vertex -81.76924906190892 17.706316067504883 138
      vertex 92 4 138
      vertex -81.75481742271315 17.852842959232177 138
    endloop
  endfacet
  facet normal 0 0 1
    outer loop
      vertex -81.75481742271315 17.852842959232177 138
      vertex 92 4 138
      vertex -81.75 18 138
    endloop
  endfacet
  facet normal 0 0 1
    outer loop
      vertex -81.75 18 138
      vertex 92 4 138
      vertex -81.75481742271315 18.147157040767823 138
    endloop
  endfacet
  facet normal 0 0 1
    outer loop
      vertex -81.75481742271315 18.147157040767823 138
      vertex 92 4 138
      vertex -81.76924906190892 18.293683932495117 138
    endloop
  endfacet
  facet normal 0 0 1
    outer loop
      vertex -81.76924906190892 18.293683932495117 138
      vertex 92 4 138
      vertex -81.79323311909273 18.438953224536288 138
    endloop
  endfacet
  facet normal 0 0 1
    outer loop
      vertex -81.79323311909273 18.438953224536288 138
      vertex 92 4 138
      vertex -81.8266668908496 18.58234285148067 138
    endloop
  endfacet
  facet normal 0 0 1
    outer loop
      vertex -81.8266668908496 18.58234285148067 138
      vertex 92 4 138
      vertex -81.869407208636 18.723238796932115 138
    endloop
  endfacet
  facet normal 0 0 1
    outer loop
      vertex -81.869407208636 18.723238796932115 138
      vertex 92 4 138
      vertex -81.9212710518496 18.86103772282145 138
    endloop
  endfacet
  facet normal 0 0 1
    outer loop
      vertex -81.98203633155146 18.995149552992753 138
      vertex -81.9212710518496 18.86103772282145 138
      vertex 92 4 138
    endloop
  endfacet
  facet normal 0 0 1
    outer loop
      vertex -81.98203633155146 18.995149552992753 138
      vertex 92 4 138
      vertex -82.05144284148501 19.125 138
    endloop
  endfacet
  facet normal 0 0 1
    outer loop
      vertex -82.12919337231928 19.250033024294105 138
      vertex 92 4 138
      vertex -82.21495498434471 19.36971321526962 138
    endloop
  endfacet
  facet normal 0 0 1
    outer loop
      vertex -82.12919337231928 19.250033024294105 138
      vertex -82.05144284148501 19.125 138
      vertex 92 4 138
    endloop
  endfacet
  facet normal 0 0 1
    outer loop
      vertex -82.21495498434471 19.36971321526962 138
      vertex 92 4 138
      vertex -15.782044812271547 63.47762883454405 138
    endloop
  endfacet
  facet normal 0 0 -1
    outer loop
      vertex -85.59099025766973 19.59099025766973 134
      vertex -85.59099025766973 52.40900974233027 134
      vertex -85.48352808397516 52.308360433172304 134
    endloop
  endfacet
  facet normal 0 0 -1
    outer loop
      vertex -85.94855715851499 19.125 134
      vertex -85.94855715851499 52.875 134
      vertex -85.87080662768072 52.749966975705895 134
    endloop
  endfacet
  facet normal 0 0 -1
    outer loop
      vertex -86.130592791364 18.723238796932115 134
      vertex -86.130592791364 53.276761203067885 134
      vertex -86.0787289481504 53.13896227717855 134
    endloop
  endfacet
  facet normal 0 0 -1
    outer loop
      vertex -86.01796366844854 18.995149552992753 134
      vertex -86.01796366844854 53.00485044700725 134
      vertex -85.94855715851499 52.875 134
    endloop
  endfacet
  facet normal 0 0 -1
    outer loop
      vertex -86.0787289481504 18.86103772282145 134
      vertex -86.0787289481504 53.13896227717855 134
      vertex -86.01796366844854 53.00485044700725 134
    endloop
  endfacet
  facet normal 0 0 -1
    outer loop
      vertex -85.78504501565529 19.36971321526962 134
      vertex -85.78504501565529 52.63028678473038 134
      vertex -85.6916395668277 52.51647191602485 134
    endloop
  endfacet
  facet normal 0 0 -1
    outer loop
      vertex -85.87080662768072 19.250033024294105 134
      vertex -85.87080662768072 52.749966975705895 134
      vertex -85.78504501565529 52.63028678473038 134
    endloop
  endfacet
  facet normal 0 0 -1
    outer loop
      vertex -85.6916395668277 19.483528083975155 134
      vertex -85.6916395668277 52.51647191602485 134
      vertex -85.59099025766973 52.40900974233027 134
    endloop
  endfacet
  facet normal 0 0 -1
    outer loop
      vertex -85.48352808397516 19.6916395668277 134
      vertex -85.48352808397516 52.308360433172304 134
      vertex -85.36971321526963 52.21495498434472 134
    endloop
  endfacet
  facet normal 0 0 -1
    outer loop
      vertex -85.36971321526963 19.785045015655278 134
      vertex -85.36971321526963 52.21495498434472 134
      vertex -85.25003302429411 52.12919337231927 134
    endloop
  endfacet
  facet normal 0 0 -1
    outer loop
      vertex -85.25003302429411 19.870806627680725 134
      vertex -85.25003302429411 52.12919337231927 134
      vertex -85.125 52.05144284148501 134
    endloop
  endfacet
  facet normal 0 0 -1
    outer loop
      vertex -84.86103772282145 20.078728948150395 134
      vertex -84.86103772282145 51.92127105184961 134
      vertex -84.72323879693211 51.86940720863601 134
    endloop
  endfacet
  facet normal 0 0 -1
    outer loop
      vertex -84.99514955299276 20.017963668448548 134
      vertex -84.99514955299276 51.98203633155145 134
      vertex -84.86103772282145 51.92127105184961 134
    endloop
  endfacet
  facet normal 0 0 -1
    outer loop
      vertex -85.125 19.948557158514987 134
      vertex -85.125 52.05144284148501 134
      vertex -84.99514955299276 51.98203633155145 134
    endloop
  endfacet
  facet normal 0 0 -1
    outer loop
      vertex -86.1733331091504 18.58234285148067 134
      vertex -86.1733331091504 53.417657148519325 134
      vertex -86.130592791364 53.276761203067885 134
    endloop
  endfacet
  facet normal 0 0 -1
    outer loop
      vertex -86.20676688090727 18.438953224536288 134
      vertex -86.20676688090727 53.56104677546371 134
      vertex -86.1733331091504 53.417657148519325 134
    endloop
  endfacet
  facet normal 0 0 -1
    outer loop
      vertex -86.24518257728685 18.147157040767823 134
      vertex -86.24518257728685 53.85284295923218 134
      vertex -86.23075093809108 53.706316067504886 134
    endloop
  endfacet
  facet normal 0 0 -1
    outer loop
      vertex -86.23075093809108 18.293683932495117 134
      vertex -86.23075093809108 53.706316067504886 134
      vertex -86.20676688090727 53.56104677546371 134
    endloop
  endfacet
  facet normal 0 0 -1
    outer loop
      vertex -86.25 18 134
      vertex -86.25 54 134
      vertex -86.24518257728685 53.85284295923218 134
    endloop
  endfacet
  facet normal 0 0 -1
    outer loop
      vertex -84.72323879693211 20.130592791363988 134
      vertex -84.72323879693211 51.86940720863601 134
      vertex -84.58234285148067 51.826666890849594 134
    endloop
  endfacet
  facet normal 0 0 -1
    outer loop
      vertex -84.58234285148067 20.173333109150406 134
      vertex -84.58234285148067 51.826666890849594 134
      vertex -84.43895322453629 51.79323311909273 134
    endloop
  endfacet
  facet normal 0 0 -1
    outer loop
      vertex -84.43895322453629 20.206766880907267 134
      vertex -84.43895322453629 51.79323311909273 134
      vertex -84.29368393249511 51.76924906190893 134
    endloop
  endfacet
  facet normal 0 0 -1
    outer loop
      vertex -84.29368393249511 20.230750938091074 134
      vertex -84.29368393249511 51.76924906190893 134
      vertex -84.14715704076782 51.754817422713145 134
    endloop
  endfacet
  facet normal 0 0 -1
    outer loop
      vertex -84.14715704076782 20.245182577286858 134
      vertex -84.14715704076782 51.754817422713145 134
      vertex -84 51.75 134
    endloop
  endfacet
  facet normal 0 0 -1
    outer loop
      vertex -84 20.25 134
      vertex -84 51.75 134
      vertex -83.85284295923218 51.754817422713145 134
    endloop
  endfacet
  facet normal 0 0 -1
    outer loop
      vertex -83.85284295923218 20.245182577286858 134
      vertex -83.85284295923218 51.754817422713145 134
      vertex -83.70631606750489 51.76924906190893 134
    endloop
  endfacet
  facet normal 0 0 -1
    outer loop
      vertex -83.70631606750489 20.230750938091074 134
      vertex -83.70631606750489 51.76924906190893 134
      vertex -83.56104677546371 51.79323311909273 134
    endloop
  endfacet
  facet normal 0 0 -1
    outer loop
      vertex -83.56104677546371 20.206766880907267 134
      vertex -83.56104677546371 51.79323311909273 134
      vertex -83.41765714851933 51.826666890849594 134
    endloop
  endfacet
  facet normal 0 0 -1
    outer loop
      vertex -83.41765714851933 20.173333109150406 134
      vertex -83.41765714851933 51.826666890849594 134
      vertex -83.27676120306789 51.86940720863601 134
    endloop
  endfacet
  facet normal 0 0 -1
    outer loop
      vertex -83.27676120306789 20.130592791363988 134
      vertex -83.27676120306789 51.86940720863601 134
      vertex -83.13896227717855 51.92127105184961 134
    endloop
  endfacet
  facet normal 0 0 -1
    outer loop
      vertex -83.13896227717855 20.078728948150395 134
      vertex -83.13896227717855 51.92127105184961 134
      vertex -83.00485044700724 51.98203633155145 134
    endloop
  endfacet
  facet normal 0 0 -1
    outer loop
      vertex -83.00485044700724 20.017963668448548 134
      vertex -83.00485044700724 51.98203633155145 134
      vertex -82.875 52.05144284148501 134
    endloop
  endfacet
  facet normal 0 0 -1
    outer loop
      vertex -82.875 19.948557158514987 134
      vertex -82.875 52.05144284148501 134
      vertex -82.74996697570589 52.12919337231927 134
    endloop
  endfacet
  facet normal 0 0 -1
    outer loop
      vertex -82.74996697570589 19.870806627680725 134
      vertex -82.74996697570589 52.12919337231927 134
      vertex -82.63028678473037 52.21495498434472 134
    endloop
  endfacet
  facet normal 0 0 -1
    outer loop
      vertex -82.63028678473037 19.785045015655278 134
      vertex -82.63028678473037 52.21495498434472 134
      vertex -82.51647191602484 52.308360433172304 134
    endloop
  endfacet
  facet normal 0 0 -1
    outer loop
      vertex -82.51647191602484 19.6916395668277 134
      vertex -82.51647191602484 52.308360433172304 134
      vertex -82.40900974233027 52.40900974233027 134
    endloop
  endfacet
  facet normal 0 0 -1
    outer loop
      vertex -82.40900974233027 19.59099025766973 134
      vertex -82.40900974233027 52.40900974233027 134
      vertex -82.3083604331723 52.51647191602485 134
    endloop
  endfacet
  facet normal 0 0 -1
    outer loop
      vertex -82.3083604331723 19.483528083975155 134
      vertex -82.3083604331723 52.51647191602485 134
      vertex -82.21495498434471 52.63028678473038 134
    endloop
  endfacet
  facet normal 0 0 -1
    outer loop
      vertex -82.21495498434471 19.36971321526962 134
      vertex -82.21495498434471 52.63028678473038 134
      vertex -82.12919337231928 52.749966975705895 134
    endloop
  endfacet
  facet normal 0 0 -1
    outer loop
      vertex -82.12919337231928 19.250033024294105 134
      vertex -82.12919337231928 52.749966975705895 134
      vertex -82.05144284148501 52.875 134
    endloop
  endfacet
  facet normal 0 0 -1
    outer loop
      vertex -82.05144284148501 19.125 134
      vertex -82.05144284148501 52.875 134
      vertex -81.98203633155146 53.00485044700725 134
    endloop
  endfacet
  facet normal 0 0 -1
    outer loop
      vertex -81.98203633155146 18.995149552992753 134
      vertex -81.98203633155146 53.00485044700725 134
      vertex -81.9212710518496 53.13896227717855 134
    endloop
  endfacet
  facet normal 0 0 -1
    outer loop
      vertex -81.9212710518496 18.86103772282145 134
      vertex -81.9212710518496 53.13896227717855 134
      vertex -81.869407208636 53.276761203067885 134
    endloop
  endfacet
  facet normal 0 0 -1
    outer loop
      vertex -81.9212710518496 18.86103772282145 134
      vertex -81.869407208636 53.276761203067885 134
      vertex -81.8266668908496 53.417657148519325 134
    endloop
  endfacet
  facet normal 0 0 -1
    outer loop
      vertex -81.9212710518496 18.86103772282145 134
      vertex -81.8266668908496 53.417657148519325 134
      vertex -81.79323311909273 53.56104677546371 134
    endloop
  endfacet
  facet normal 0 0 -1
    outer loop
      vertex -92 4 134
      vertex -92 72 134
      vertex -86.25 54 134
    endloop
  endfacet
  facet normal 0 0 -1
    outer loop
      vertex -81.9212710518496 18.86103772282145 134
      vertex -81.79323311909273 53.56104677546371 134
      vertex -60.00559821197102 63.92814532620581 134
    endloop
  endfacet
  facet normal 0 0 -1
    outer loop
      vertex -81.9212710518496 18.86103772282145 134
      vertex -58.91795518772846 63.47762883454405 134
      vertex -58.35437140592269 63.306667563398385 134
    endloop
  endfacet
  facet normal 0 0 -1
    outer loop
      vertex -81.9212710518496 18.86103772282145 134
      vertex -58.35437140592269 63.306667563398385 134
      vertex -57.78081289814516 63.172932476370924 134
    endloop
  endfacet
  facet normal 0 0 -1
    outer loop
      vertex -81.9212710518496 18.86103772282145 134
      vertex -57.78081289814516 63.172932476370924 134
      vertex -57.19973572998047 63.076996247635705 134
    endloop
  endfacet
  facet normal 0 0 -1
    outer loop
      vertex -81.9212710518496 18.86103772282145 134
      vertex -57.19973572998047 63.076996247635705 134
      vertex -56.61362816307129 63.01926969085257 134
    endloop
  endfacet
  facet normal 0 0 -1
    outer loop
      vertex -81.9212710518496 18.86103772282145 134
      vertex -56.61362816307129 63.01926969085257 134
      vertex -56.025000000000006 63 134
    endloop
  endfacet
  facet normal 0 0 -1
    outer loop
      vertex -81.9212710518496 18.86103772282145 134
      vertex -56.025000000000006 63 134
      vertex -55.43637183692872 63.01926969085257 134
    endloop
  endfacet
  facet normal 0 0 -1
    outer loop
      vertex -81.9212710518496 18.86103772282145 134
      vertex -55.43637183692872 63.01926969085257 134
      vertex -54.850264270019544 63.076996247635705 134
    endloop
  endfacet
  facet normal 0 0 -1
    outer loop
      vertex -81.9212710518496 18.86103772282145 134
      vertex -54.850264270019544 63.076996247635705 134
      vertex -54.269187101854854 63.172932476370924 134
    endloop
  endfacet
  facet normal 0 0 -1
    outer loop
      vertex -81.9212710518496 18.86103772282145 134
      vertex -60.00559821197102 63.92814532620581 134
      vertex -59.469150891285814 63.68508420739842 134
    endloop
  endfacet
  facet normal 0 0 -1
    outer loop
      vertex -81.9212710518496 18.86103772282145 134
      vertex -59.469150891285814 63.68508420739842 134
      vertex -58.91795518772846 63.47762883454405 134
    endloop
  endfacet
  facet normal 0 0 -1
    outer loop
      vertex -81.9212710518496 18.86103772282145 134
      vertex -54.269187101854854 63.172932476370924 134
      vertex -20.430812898145156 63.172932476370924 134
    endloop
  endfacet
  facet normal 0 0 -1
    outer loop
      vertex -86.25 54 134
      vertex -92 72 134
      vertex -86.24518257728685 54.14715704076782 134
    endloop
  endfacet
  facet normal 0 0 -1
    outer loop
      vertex -86.24518257728685 54.14715704076782 134
      vertex -92 72 134
      vertex -86.23075093809108 54.293683932495114 134
    endloop
  endfacet
  facet normal 0 0 -1
    outer loop
      vertex -86.23075093809108 54.293683932495114 134
      vertex -92 72 134
      vertex -86.20676688090727 54.43895322453629 134
    endloop
  endfacet
  facet normal 0 0 -1
    outer loop
      vertex -86.20676688090727 54.43895322453629 134
      vertex -92 72 134
      vertex -86.1733331091504 54.582342851480675 134
    endloop
  endfacet
  facet normal 0 0 -1
    outer loop
      vertex -86.1733331091504 54.582342851480675 134
      vertex -92 72 134
      vertex -86.130592791364 54.723238796932115 134
    endloop
  endfacet
  facet normal 0 0 -1
    outer loop
      vertex -86.130592791364 54.723238796932115 134
      vertex -92 72 134
      vertex -86.0787289481504 54.86103772282145 134
    endloop
  endfacet
  facet normal 0 0 -1
    outer loop
      vertex -86.0787289481504 54.86103772282145 134
      vertex -92 72 134
      vertex -86.01796366844854 54.99514955299275 134
    endloop
  endfacet
  facet normal 0 0 -1
    outer loop
      vertex -86.01796366844854 54.99514955299275 134
      vertex -92 72 134
      vertex -85.94855715851499 55.125 134
    endloop
  endfacet
  facet normal 0 0 -1
    outer loop
      vertex -85.94855715851499 55.125 134
      vertex -92 72 134
      vertex -85.87080662768072 55.250033024294105 134
    endloop
  endfacet
  facet normal 0 0 -1
    outer loop
      vertex -85.87080662768072 55.250033024294105 134
      vertex -92 72 134
      vertex -85.78504501565529 55.36971321526962 134
    endloop
  endfacet
  facet normal 0 0 -1
    outer loop
      vertex -85.78504501565529 55.36971321526962 134
      vertex -92 72 134
      vertex -85.6916395668277 55.48352808397515 134
    endloop
  endfacet
  facet normal 0 0 -1
    outer loop
      vertex -85.6916395668277 55.48352808397515 134
      vertex -92 72 134
      vertex -85.59099025766973 55.59099025766973 134
    endloop
  endfacet
  facet normal 0 0 -1
    outer loop
      vertex -85.59099025766973 55.59099025766973 134
      vertex -92 72 134
      vertex -85.48352808397516 55.691639566827696 134
    endloop
  endfacet
  facet normal 0 0 -1
    outer loop
      vertex -85.48352808397516 55.691639566827696 134
      vertex -92 72 134
      vertex -85.36971321526963 55.78504501565528 134
    endloop
  endfacet
  facet normal 0 0 -1
    outer loop
      vertex -85.36971321526963 55.78504501565528 134
      vertex -92 72 134
      vertex -85.25003302429411 55.87080662768073 134
    endloop
  endfacet
  facet normal 0 0 -1
    outer loop
      vertex -85.25003302429411 55.87080662768073 134
      vertex -92 72 134
      vertex -85.125 55.94855715851499 134
    endloop
  endfacet
  facet normal 0 0 -1
    outer loop
      vertex -85.125 55.94855715851499 134
      vertex -92 72 134
      vertex -84.99514955299276 56.01796366844855 134
    endloop
  endfacet
  facet normal 0 0 -1
    outer loop
      vertex -84.99514955299276 56.01796366844855 134
      vertex -92 72 134
      vertex -84.86103772282145 56.07872894815039 134
    endloop
  endfacet
  facet normal 0 0 -1
    outer loop
      vertex -84.86103772282145 56.07872894815039 134
      vertex -92 72 134
      vertex -84.72323879693211 56.13059279136399 134
    endloop
  endfacet
  facet normal 0 0 -1
    outer loop
      vertex -84.72323879693211 56.13059279136399 134
      vertex -92 72 134
      vertex -84.58234285148067 56.173333109150406 134
    endloop
  endfacet
  facet normal 0 0 -1
    outer loop
      vertex -84.58234285148067 56.173333109150406 134
      vertex -92 72 134
      vertex -84.43895322453629 56.20676688090727 134
    endloop
  endfacet
  facet normal 0 0 -1
    outer loop
      vertex -84.43895322453629 56.20676688090727 134
      vertex -92 72 134
      vertex -84.29368393249511 56.23075093809107 134
    endloop
  endfacet
  facet normal 0 0 -1
    outer loop
      vertex -84.29368393249511 56.23075093809107 134
      vertex -92 72 134
      vertex -84.14715704076782 56.245182577286855 134
    endloop
  endfacet
  facet normal 0 0 -1
    outer loop
      vertex -84.14715704076782 56.245182577286855 134
      vertex -92 72 134
      vertex -84 56.25 134
    endloop
  endfacet
  facet normal 0 0 -1
    outer loop
      vertex -84 56.25 134
      vertex -92 72 134
      vertex -83.85284295923218 56.245182577286855 134
    endloop
  endfacet
  facet normal 0 0 -1
    outer loop
      vertex -81.75481742271315 53.85284295923218 134
      vertex -81.75 54 134
      vertex -61.025132097176424 64.5167734892771 134
    endloop
  endfacet
  facet normal 0 0 -1
    outer loop
      vertex -81.75 54 134
      vertex -81.75481742271315 54.14715704076782 134
      vertex -61.50385286107849 64.85981993737889 134
    endloop
  endfacet
  facet normal 0 0 -1
    outer loop
      vertex -81.76924906190892 54.293683932495114 134
      vertex -61.50385286107849 64.85981993737889 134
      vertex -81.75481742271315 54.14715704076782 134
    endloop
  endfacet
  facet normal 0 0 -1
    outer loop
      vertex -81.76924906190892 54.293683932495114 134
      vertex -81.79323311909273 54.43895322453629 134
      vertex -61.95911233590063 65.2334417326892 134
    endloop
  endfacet
  facet normal 0 0 -1
    outer loop
      vertex -81.869407208636 54.723238796932115 134
      vertex -81.9212710518496 54.86103772282145 134
      vertex -62.791558267310805 66.06588766409938 134
    endloop
  endfacet
  facet normal 0 0 -1
    outer loop
      vertex -81.79323311909273 54.43895322453629 134
      vertex -81.8266668908496 54.582342851480675 134
      vertex -62.388961030678935 65.63603896932108 134
    endloop
  endfacet
  facet normal 0 0 -1
    outer loop
      vertex -81.8266668908496 54.582342851480675 134
      vertex -81.869407208636 54.723238796932115 134
      vertex -62.388961030678935 65.63603896932108 134
    endloop
  endfacet
  facet normal 0 0 -1
    outer loop
      vertex -81.98203633155146 54.99514955299275 134
      vertex -63.16518006262112 66.52114713892152 134
      vertex -81.9212710518496 54.86103772282145 134
    endloop
  endfacet
  facet normal 0 0 -1
    outer loop
      vertex -81.98203633155146 54.99514955299275 134
      vertex -82.05144284148501 55.125 134
      vertex -63.16518006262112 66.52114713892152 134
    endloop
  endfacet
  facet normal 0 0 -1
    outer loop
      vertex -82.05144284148501 55.125 134
      vertex -82.12919337231928 55.250033024294105 134
      vertex -63.50822651072291 66.99986790282358 134
    endloop
  endfacet
  facet normal 0 0 -1
    outer loop
      vertex -82.12919337231928 55.250033024294105 134
      vertex -82.21495498434471 55.36971321526962 134
      vertex -63.50822651072291 66.99986790282358 134
    endloop
  endfacet
  facet normal 0 0 -1
    outer loop
      vertex -81.79323311909273 53.56104677546371 134
      vertex -81.76924906190892 53.706316067504886 134
      vertex -60.00559821197102 63.92814532620581 134
    endloop
  endfacet
  facet normal 0 0 -1
    outer loop
      vertex -81.76924906190892 53.706316067504886 134
      vertex -81.75481742271315 53.85284295923218 134
      vertex -60.525000000000006 64.20577136594005 134
    endloop
  endfacet
  facet normal 0 0 -1
    outer loop
      vertex -82.51647191602484 55.691639566827696 134
      vertex -82.63028678473037 55.78504501565528 134
      vertex -63.50822651072291 66.99986790282358 134
    endloop
  endfacet
  facet normal 0 0 -1
    outer loop
      vertex -83.41765714851933 56.173333109150406 134
      vertex -63.50822651072291 66.99986790282358 134
      vertex -83.27676120306789 56.13059279136399 134
    endloop
  endfacet
  facet normal 0 0 -1
    outer loop
      vertex -83.00485044700724 56.01796366844855 134
      vertex -83.13896227717855 56.07872894815039 134
      vertex -63.50822651072291 66.99986790282358 134
    endloop
  endfacet
  facet normal 0 0 -1
    outer loop
      vertex -83.27676120306789 56.13059279136399 134
      vertex -63.50822651072291 66.99986790282358 134
      vertex -83.13896227717855 56.07872894815039 134
    endloop
  endfacet
  facet normal 0 0 -1
    outer loop
      vertex -82.875 55.94855715851499 134
      vertex -63.50822651072291 66.99986790282358 134
      vertex -82.74996697570589 55.87080662768073 134
    endloop
  endfacet
  facet normal 0 0 -1
    outer loop
      vertex -82.74996697570589 55.87080662768073 134
      vertex -63.50822651072291 66.99986790282358 134
      vertex -82.63028678473037 55.78504501565528 134
    endloop
  endfacet
  facet normal 0 0 -1
    outer loop
      vertex -82.875 55.94855715851499 134
      vertex -83.00485044700724 56.01796366844855 134
      vertex -63.50822651072291 66.99986790282358 134
    endloop
  endfacet
  facet normal 0 0 -1
    outer loop
      vertex -83.85284295923218 56.245182577286855 134
      vertex -63.50822651072291 66.99986790282358 134
      vertex -83.70631606750489 56.23075093809107 134
    endloop
  endfacet
  facet normal 0 0 -1
    outer loop
      vertex -83.70631606750489 56.23075093809107 134
      vertex -63.50822651072291 66.99986790282358 134
      vertex -83.56104677546371 56.20676688090727 134
    endloop
  endfacet
  facet normal 0 0 -1
    outer loop
      vertex -83.56104677546371 56.20676688090727 134
      vertex -63.50822651072291 66.99986790282358 134
      vertex -83.41765714851933 56.173333109150406 134
    endloop
  endfacet
  facet normal 0 0 -1
    outer loop
      vertex -82.3083604331723 55.48352808397515 134
      vertex -63.50822651072291 66.99986790282358 134
      vertex -82.21495498434471 55.36971321526962 134
    endloop
  endfacet
  facet normal 0 0 -1
    outer loop
      vertex -82.3083604331723 55.48352808397515 134
      vertex -82.40900974233027 55.59099025766973 134
      vertex -63.50822651072291 66.99986790282358 134
    endloop
  endfacet
  facet normal 0 0 -1
    outer loop
      vertex -82.40900974233027 55.59099025766973 134
      vertex -82.51647191602484 55.691639566827696 134
      vertex -63.50822651072291 66.99986790282358 134
    endloop
  endfacet
  facet normal 0 0 -1
    outer loop
      vertex -81.869407208636 54.723238796932115 134
      vertex -62.791558267310805 66.06588766409938 134
      vertex -62.388961030678935 65.63603896932108 134
    endloop
  endfacet
  facet normal 0 0 -1
    outer loop
      vertex -81.9212710518496 54.86103772282145 134
      vertex -63.16518006262112 66.52114713892152 134
      vertex -62.791558267310805 66.06588766409938 134
    endloop
  endfacet
  facet normal 0 0 -1
    outer loop
      vertex -82.05144284148501 55.125 134
      vertex -63.50822651072291 66.99986790282358 134
      vertex -63.16518006262112 66.52114713892152 134
    endloop
  endfacet
  facet normal 0 0 -1
    outer loop
      vertex -83.85284295923218 56.245182577286855 134
      vertex -92 72 134
      vertex -63.50822651072291 66.99986790282358 134
    endloop
  endfacet
  facet normal 0 0 -1
    outer loop
      vertex -64.0968546737942 68.01940178802899 134
      vertex -92 72 134
      vertex -64.33991579260159 68.5558491087142 134
    endloop
  endfacet
  facet normal 0 0 -1
    outer loop
      vertex -63.50822651072291 66.99986790282358 134
      vertex -92 72 134
      vertex -63.819228634059954 67.5 134
    endloop
  endfacet
  facet normal 0 0 -1
    outer loop
      vertex -63.819228634059954 67.5 134
      vertex -92 72 134
      vertex -64.0968546737942 68.01940178802899 134
    endloop
  endfacet
  facet normal 0 0 -1
    outer loop
      vertex -64.33991579260159 68.5558491087142 134
      vertex -92 72 134
      vertex -64.54737116545596 69.10704481227154 134
    endloop
  endfacet
  facet normal 0 0 -1
    outer loop
      vertex -64.71833243660163 69.67062859407731 134
      vertex -64.54737116545596 69.10704481227154 134
      vertex -92 72 134
    endloop
  endfacet
  facet normal 0 0 -1
    outer loop
      vertex -64.71833243660163 69.67062859407731 134
      vertex -92 72 134
      vertex -64.85206752362907 70.24418710185485 134
    endloop
  endfacet
  facet normal 0 0 -1
    outer loop
      vertex -64.85206752362907 70.24418710185485 134
      vertex -92 72 134
      vertex -64.9480037523643 70.82526427001953 134
    endloop
  endfacet
  facet normal 0 0 -1
    outer loop
      vertex -64.9480037523643 70.82526427001953 134
      vertex -92 72 134
      vertex -65.00573030914744 71.41137183692871 134
    endloop
  endfacet
  facet normal 0 0 -1
    outer loop
      vertex -65.00573030914744 71.41137183692871 134
      vertex -92 72 134
      vertex -65.025 72 134
    endloop
  endfacet
  facet normal 0 0 -1
    outer loop
      vertex -81.75481742271315 53.85284295923218 134
      vertex -61.025132097176424 64.5167734892771 134
      vertex -60.525000000000006 64.20577136594005 134
    endloop
  endfacet
  facet normal 0 0 -1
    outer loop
      vertex -81.75 54 134
      vertex -61.50385286107849 64.85981993737889 134
      vertex -61.025132097176424 64.5167734892771 134
    endloop
  endfacet
  facet normal 0 0 -1
    outer loop
      vertex -81.76924906190892 53.706316067504886 134
      vertex -60.525000000000006 64.20577136594005 134
      vertex -60.00559821197102 63.92814532620581 134
    endloop
  endfacet
  facet normal 0 0 -1
    outer loop
      vertex -81.76924906190892 54.293683932495114 134
      vertex -61.95911233590063 65.2334417326892 134
      vertex -61.50385286107849 64.85981993737889 134
    endloop
  endfacet
  facet normal 0 0 -1
    outer loop
      vertex -81.79323311909273 54.43895322453629 134
      vertex -62.388961030678935 65.63603896932108 134
      vertex -61.95911233590063 65.2334417326892 134
    endloop
  endfacet
  facet normal 0 0 -1
    outer loop
      vertex -92 4 134
      vertex 11.191773489277093 66.99986790282358 134
      vertex 11.534819937378884 66.52114713892152 134
    endloop
  endfacet
  facet normal 0 0 -1
    outer loop
      vertex -92 4 134
      vertex 10.880771365940053 67.5 134
      vertex 11.191773489277093 66.99986790282358 134
    endloop
  endfacet
  facet normal 0 0 -1
    outer loop
      vertex -81.9212710518496 18.86103772282145 134
      vertex -19.849735729980466 63.076996247635705 134
      vertex -19.26362816307129 63.01926969085257 134
    endloop
  endfacet
  facet normal 0 0 -1
    outer loop
      vertex -81.9212710518496 18.86103772282145 134
      vertex -20.430812898145156 63.172932476370924 134
      vertex -19.849735729980466 63.076996247635705 134
    endloop
  endfacet
  facet normal 0 0 -1
    outer loop
      vertex -81.9212710518496 18.86103772282145 134
      vertex -19.26362816307129 63.01926969085257 134
      vertex -18.675 63 134
    endloop
  endfacet
  facet normal 0 0 -1
    outer loop
      vertex -81.9212710518496 18.86103772282145 134
      vertex -18.675 63 134
      vertex -18.086371836928713 63.01926969085257 134
    endloop
  endfacet
  facet normal 0 0 -1
    outer loop
      vertex -81.9212710518496 18.86103772282145 134
      vertex -18.086371836928713 63.01926969085257 134
      vertex -17.500264270019535 63.076996247635705 134
    endloop
  endfacet
  facet normal 0 0 -1
    outer loop
      vertex -81.9212710518496 18.86103772282145 134
      vertex -17.500264270019535 63.076996247635705 134
      vertex -16.919187101854845 63.172932476370924 134
    endloop
  endfacet
  facet normal 0 0 -1
    outer loop
      vertex -81.9212710518496 18.86103772282145 134
      vertex -16.919187101854845 63.172932476370924 134
      vertex -16.345628594077315 63.306667563398385 134
    endloop
  endfacet
  facet normal 0 0 -1
    outer loop
      vertex -81.9212710518496 18.86103772282145 134
      vertex -16.345628594077315 63.306667563398385 134
      vertex -15.782044812271547 63.47762883454405 134
    endloop
  endfacet
  facet normal 0 0 -1
    outer loop
      vertex -81.9212710518496 18.86103772282145 134
      vertex -15.782044812271547 63.47762883454405 134
      vertex -15.230849108714192 63.68508420739842 134
    endloop
  endfacet
  facet normal 0 0 -1
    outer loop
      vertex -81.9212710518496 18.86103772282145 134
      vertex -15.230849108714192 63.68508420739842 134
      vertex -14.694401788028989 63.92814532620581 134
    endloop
  endfacet
  facet normal 0 0 -1
    outer loop
      vertex -81.9212710518496 18.86103772282145 134
      vertex -14.694401788028989 63.92814532620581 134
      vertex -14.175 64.20577136594005 134
    endloop
  endfacet
  facet normal 0 0 -1
    outer loop
      vertex -81.9212710518496 18.86103772282145 134
      vertex -14.175 64.20577136594005 134
      vertex -13.674867902823582 64.5167734892771 134
    endloop
  endfacet
  facet normal 0 0 -1
    outer loop
      vertex -92 4 134
      vertex 10.603145326205807 68.01940178802899 134
      vertex 10.880771365940053 67.5 134
    endloop
  endfacet
  facet normal 0 0 -1
    outer loop
      vertex -92 4 134
      vertex 10.36008420739842 68.5558491087142 134
      vertex 10.603145326205807 68.01940178802899 134
    endloop
  endfacet
  facet normal 0 0 -1
    outer loop
      vertex -92 4 134
      vertex 10.15262883454405 69.10704481227154 134
      vertex 10.36008420739842 68.5558491087142 134
    endloop
  endfacet
  facet normal 0 0 -1
    outer loop
      vertex -92 4 134
      vertex 9.981667563398386 69.67062859407731 134
      vertex 10.15262883454405 69.10704481227154 134
    endloop
  endfacet
  facet normal 0 0 -1
    outer loop
      vertex -92 4 134
      vertex 9.847932476370927 70.24418710185485 134
      vertex 9.981667563398386 69.67062859407731 134
    endloop
  endfacet
  facet normal 0 0 -1
    outer loop
      vertex -92 4 134
      vertex 9.751996247635708 70.82526427001953 134
      vertex 9.847932476370927 70.24418710185485 134
    endloop
  endfacet
  facet normal 0 0 -1
    outer loop
      vertex -92 4 134
      vertex 9.69426969085257 71.41137183692871 134
      vertex 9.751996247635708 70.82526427001953 134
    endloop
  endfacet
  facet normal 0 0 -1
    outer loop
      vertex -92 4 134
      vertex 9.675 72 134
      vertex 9.69426969085257 71.41137183692871 134
    endloop
  endfacet
  facet normal 0 0 -1
    outer loop
      vertex -81.9212710518496 18.86103772282145 134
      vertex -13.674867902823582 64.5167734892771 134
      vertex 9.675 72 134
    endloop
  endfacet
  facet normal 0 0 -1
    outer loop
      vertex -92 4 134
      vertex 15.230849108714192 63.68508420739842 134
      vertex 15.782044812271547 63.47762883454405 134
    endloop
  endfacet
  facet normal 0 0 -1
    outer loop
      vertex -92 4 134
      vertex 14.175 64.20577136594005 134
      vertex 14.694401788028989 63.92814532620581 134
    endloop
  endfacet
  facet normal 0 0 -1
    outer loop
      vertex -92 4 134
      vertex 13.674867902823582 64.5167734892771 134
      vertex 14.175 64.20577136594005 134
    endloop
  endfacet
  facet normal 0 0 -1
    outer loop
      vertex -92 4 134
      vertex 14.694401788028989 63.92814532620581 134
      vertex 15.230849108714192 63.68508420739842 134
    endloop
  endfacet
  facet normal 0 0 -1
    outer loop
      vertex -92 4 134
      vertex 13.196147138921514 64.85981993737889 134
      vertex 13.674867902823582 64.5167734892771 134
    endloop
  endfacet
  facet normal 0 0 -1
    outer loop
      vertex -92 4 134
      vertex 12.74088766409938 65.2334417326892 134
      vertex 13.196147138921514 64.85981993737889 134
    endloop
  endfacet
  facet normal 0 0 -1
    outer loop
      vertex -92 4 134
      vertex 12.311038969321071 65.63603896932108 134
      vertex 12.74088766409938 65.2334417326892 134
    endloop
  endfacet
  facet normal 0 0 -1
    outer loop
      vertex -92 4 134
      vertex 11.908441732689203 66.06588766409938 134
      vertex 12.311038969321071 65.63603896932108 134
    endloop
  endfacet
  facet normal 0 0 -1
    outer loop
      vertex -92 4 134
      vertex 11.534819937378884 66.52114713892152 134
      vertex 11.908441732689203 66.06588766409938 134
    endloop
  endfacet
  facet normal 0 0 -1
    outer loop
      vertex -54.269187101854854 63.172932476370924 134
      vertex -53.69562859407732 63.306667563398385 134
      vertex -20.430812898145156 63.172932476370924 134
    endloop
  endfacet
  facet normal 0 0 -1
    outer loop
      vertex -53.69562859407732 63.306667563398385 134
      vertex -53.13204481227155 63.47762883454405 134
      vertex -21.004371405922686 63.306667563398385 134
    endloop
  endfacet
  facet normal 0 0 -1
    outer loop
      vertex -53.69562859407732 63.306667563398385 134
      vertex -21.004371405922686 63.306667563398385 134
      vertex -20.430812898145156 63.172932476370924 134
    endloop
  endfacet
  facet normal 0 0 -1
    outer loop
      vertex -53.13204481227155 63.47762883454405 134
      vertex -21.567955187728455 63.47762883454405 134
      vertex -21.004371405922686 63.306667563398385 134
    endloop
  endfacet
  facet normal 0 0 -1
    outer loop
      vertex -53.13204481227155 63.47762883454405 134
      vertex -52.5808491087142 63.68508420739842 134
      vertex -21.567955187728455 63.47762883454405 134
    endloop
  endfacet
  facet normal 0 0 -1
    outer loop
      vertex -52.5808491087142 63.68508420739842 134
      vertex -52.04440178802899 63.92814532620581 134
      vertex -22.11915089128581 63.68508420739842 134
    endloop
  endfacet
  facet normal 0 0 -1
    outer loop
      vertex -52.04440178802899 63.92814532620581 134
      vertex -51.525000000000006 64.20577136594005 134
      vertex -22.65559821197101 63.92814532620581 134
    endloop
  endfacet
  facet normal 0 0 -1
    outer loop
      vertex -51.525000000000006 64.20577136594005 134
      vertex -51.02486790282359 64.5167734892771 134
      vertex -23.175 64.20577136594005 134
    endloop
  endfacet
  facet normal 0 0 -1
    outer loop
      vertex -51.02486790282359 64.5167734892771 134
      vertex -50.54614713892152 64.85981993737889 134
      vertex -23.67513209717642 64.5167734892771 134
    endloop
  endfacet
  facet normal 0 0 -1
    outer loop
      vertex -50.54614713892152 64.85981993737889 134
      vertex -50.090887664099384 65.2334417326892 134
      vertex -24.153852861078487 64.85981993737889 134
    endloop
  endfacet
  facet normal 0 0 -1
    outer loop
      vertex -50.090887664099384 65.2334417326892 134
      vertex -49.661038969321076 65.63603896932108 134
      vertex -24.60911233590062 65.2334417326892 134
    endloop
  endfacet
  facet normal 0 0 -1
    outer loop
      vertex -49.661038969321076 65.63603896932108 134
      vertex -49.25844173268921 66.06588766409938 134
      vertex -25.03896103067893 65.63603896932108 134
    endloop
  endfacet
  facet normal 0 0 -1
    outer loop
      vertex -49.25844173268921 66.06588766409938 134
      vertex -48.88481993737889 66.52114713892152 134
      vertex -25.441558267310796 66.06588766409938 134
    endloop
  endfacet
  facet normal 0 0 -1
    outer loop
      vertex -48.88481993737889 66.52114713892152 134
      vertex -48.5417734892771 66.99986790282358 134
      vertex -25.815180062621117 66.52114713892152 134
    endloop
  endfacet
  facet normal 0 0 -1
    outer loop
      vertex -48.5417734892771 66.99986790282358 134
      vertex -48.23077136594006 67.5 134
      vertex -26.15822651072291 66.99986790282358 134
    endloop
  endfacet
  facet normal 0 0 -1
    outer loop
      vertex -48.23077136594006 67.5 134
      vertex -47.953145326205814 68.01940178802899 134
      vertex -26.46922863405995 67.5 134
    endloop
  endfacet
  facet normal 0 0 -1
    outer loop
      vertex -47.953145326205814 68.01940178802899 134
      vertex -47.710084207398424 68.5558491087142 134
      vertex -26.746854673794196 68.01940178802899 134
    endloop
  endfacet
  facet normal 0 0 -1
    outer loop
      vertex -47.710084207398424 68.5558491087142 134
      vertex -47.502628834544055 69.10704481227154 134
      vertex -26.98991579260158 68.5558491087142 134
    endloop
  endfacet
  facet normal 0 0 -1
    outer loop
      vertex -47.502628834544055 69.10704481227154 134
      vertex -47.33166756339839 69.67062859407731 134
      vertex -27.19737116545595 69.10704481227154 134
    endloop
  endfacet
  facet normal 0 0 -1
    outer loop
      vertex -47.33166756339839 69.67062859407731 134
      vertex -47.19793247637093 70.24418710185485 134
      vertex -27.368332436601616 69.67062859407731 134
    endloop
  endfacet
  facet normal 0 0 -1
    outer loop
      vertex -47.19793247637093 70.24418710185485 134
      vertex -47.10199624763571 70.82526427001953 134
      vertex -27.502067523629073 70.24418710185485 134
    endloop
  endfacet
  facet normal 0 0 -1
    outer loop
      vertex -47.10199624763571 70.82526427001953 134
      vertex -47.04426969085257 71.41137183692871 134
      vertex -27.598003752364292 70.82526427001953 134
    endloop
  endfacet
  facet normal 0 0 -1
    outer loop
      vertex -47.04426969085257 71.41137183692871 134
      vertex -47.025000000000006 72 134
      vertex -27.65573030914743 71.41137183692871 134
    endloop
  endfacet
  facet normal 0 0 -1
    outer loop
      vertex -52.5808491087142 63.68508420739842 134
      vertex -22.11915089128581 63.68508420739842 134
      vertex -21.567955187728455 63.47762883454405 134
    endloop
  endfacet
  facet normal 0 0 -1
    outer loop
      vertex -52.04440178802899 63.92814532620581 134
      vertex -22.65559821197101 63.92814532620581 134
      vertex -22.11915089128581 63.68508420739842 134
    endloop
  endfacet
  facet normal 0 0 -1
    outer loop
      vertex -51.525000000000006 64.20577136594005 134
      vertex -23.175 64.20577136594005 134
      vertex -22.65559821197101 63.92814532620581 134
    endloop
  endfacet
  facet normal 0 0 -1
    outer loop
      vertex -51.02486790282359 64.5167734892771 134
      vertex -23.67513209717642 64.5167734892771 134
      vertex -23.175 64.20577136594005 134
    endloop
  endfacet
  facet normal 0 0 -1
    outer loop
      vertex -49.661038969321076 65.63603896932108 134
      vertex -25.03896103067893 65.63603896932108 134
      vertex -24.60911233590062 65.2334417326892 134
    endloop
  endfacet
  facet normal 0 0 -1
    outer loop
      vertex -50.54614713892152 64.85981993737889 134
      vertex -24.153852861078487 64.85981993737889 134
      vertex -23.67513209717642 64.5167734892771 134
    endloop
  endfacet
  facet normal 0 0 -1
    outer loop
      vertex -50.090887664099384 65.2334417326892 134
      vertex -24.60911233590062 65.2334417326892 134
      vertex -24.153852861078487 64.85981993737889 134
    endloop
  endfacet
  facet normal 0 0 -1
    outer loop
      vertex -49.25844173268921 66.06588766409938 134
      vertex -25.441558267310796 66.06588766409938 134
      vertex -25.03896103067893 65.63603896932108 134
    endloop
  endfacet
  facet normal 0 0 -1
    outer loop
      vertex -48.88481993737889 66.52114713892152 134
      vertex -25.815180062621117 66.52114713892152 134
      vertex -25.441558267310796 66.06588766409938 134
    endloop
  endfacet
  facet normal 0 0 -1
    outer loop
      vertex -48.5417734892771 66.99986790282358 134
      vertex -26.15822651072291 66.99986790282358 134
      vertex -25.815180062621117 66.52114713892152 134
    endloop
  endfacet
  facet normal 0 0 -1
    outer loop
      vertex -48.23077136594006 67.5 134
      vertex -26.46922863405995 67.5 134
      vertex -26.15822651072291 66.99986790282358 134
    endloop
  endfacet
  facet normal 0 0 -1
    outer loop
      vertex -47.953145326205814 68.01940178802899 134
      vertex -26.746854673794196 68.01940178802899 134
      vertex -26.46922863405995 67.5 134
    endloop
  endfacet
  facet normal 0 0 -1
    outer loop
      vertex -47.710084207398424 68.5558491087142 134
      vertex -26.98991579260158 68.5558491087142 134
      vertex -26.746854673794196 68.01940178802899 134
    endloop
  endfacet
  facet normal 0 0 -1
    outer loop
      vertex -47.502628834544055 69.10704481227154 134
      vertex -27.19737116545595 69.10704481227154 134
      vertex -26.98991579260158 68.5558491087142 134
    endloop
  endfacet
  facet normal 0 0 -1
    outer loop
      vertex -47.33166756339839 69.67062859407731 134
      vertex -27.368332436601616 69.67062859407731 134
      vertex -27.19737116545595 69.10704481227154 134
    endloop
  endfacet
  facet normal 0 0 -1
    outer loop
      vertex -47.19793247637093 70.24418710185485 134
      vertex -27.502067523629073 70.24418710185485 134
      vertex -27.368332436601616 69.67062859407731 134
    endloop
  endfacet
  facet normal 0 0 -1
    outer loop
      vertex -47.10199624763571 70.82526427001953 134
      vertex -27.598003752364292 70.82526427001953 134
      vertex -27.502067523629073 70.24418710185485 134
    endloop
  endfacet
  facet normal 0 0 -1
    outer loop
      vertex -47.04426969085257 71.41137183692871 134
      vertex -27.65573030914743 71.41137183692871 134
      vertex -27.598003752364292 70.82526427001953 134
    endloop
  endfacet
  facet normal 0 0 -1
    outer loop
      vertex -47.025000000000006 72 134
      vertex -27.675 72 134
      vertex -27.65573030914743 71.41137183692871 134
    endloop
  endfacet
  facet normal 0 0 -1
    outer loop
      vertex -13.674867902823582 64.5167734892771 134
      vertex -13.196147138921514 64.85981993737889 134
      vertex 9.675 72 134
    endloop
  endfacet
  facet normal 0 0 -1
    outer loop
      vertex -13.196147138921514 64.85981993737889 134
      vertex -12.74088766409938 65.2334417326892 134
      vertex 9.675 72 134
    endloop
  endfacet
  facet normal 0 0 -1
    outer loop
      vertex -12.74088766409938 65.2334417326892 134
      vertex -12.311038969321071 65.63603896932108 134
      vertex 9.675 72 134
    endloop
  endfacet
  facet normal 0 0 -1
    outer loop
      vertex -12.311038969321071 65.63603896932108 134
      vertex -11.908441732689203 66.06588766409938 134
      vertex 9.675 72 134
    endloop
  endfacet
  facet normal 0 0 -1
    outer loop
      vertex -11.908441732689203 66.06588766409938 134
      vertex -11.534819937378884 66.52114713892152 134
      vertex 9.675 72 134
    endloop
  endfacet
  facet normal 0 0 -1
    outer loop
      vertex -11.534819937378884 66.52114713892152 134
      vertex -11.191773489277093 66.99986790282358 134
      vertex 9.675 72 134
    endloop
  endfacet
  facet normal 0 0 -1
    outer loop
      vertex -11.191773489277093 66.99986790282358 134
      vertex -10.880771365940053 67.5 134
      vertex 9.675 72 134
    endloop
  endfacet
  facet normal 0 0 -1
    outer loop
      vertex -10.880771365940053 67.5 134
      vertex -10.603145326205807 68.01940178802899 134
      vertex 9.675 72 134
    endloop
  endfacet
  facet normal 0 0 -1
    outer loop
      vertex -10.603145326205807 68.01940178802899 134
      vertex -10.36008420739842 68.5558491087142 134
      vertex 9.675 72 134
    endloop
  endfacet
  facet normal 0 0 -1
    outer loop
      vertex -10.36008420739842 68.5558491087142 134
      vertex -10.15262883454405 69.10704481227154 134
      vertex 9.675 72 134
    endloop
  endfacet
  facet normal 0 0 -1
    outer loop
      vertex -10.15262883454405 69.10704481227154 134
      vertex -9.981667563398386 69.67062859407731 134
      vertex 9.675 72 134
    endloop
  endfacet
  facet normal 0 0 -1
    outer loop
      vertex -9.981667563398386 69.67062859407731 134
      vertex -9.847932476370927 70.24418710185485 134
      vertex 9.675 72 134
    endloop
  endfacet
  facet normal 0 0 -1
    outer loop
      vertex -9.847932476370927 70.24418710185485 134
      vertex -9.751996247635708 70.82526427001953 134
      vertex 9.675 72 134
    endloop
  endfacet
  facet normal 0 0 -1
    outer loop
      vertex -9.751996247635708 70.82526427001953 134
      vertex -9.69426969085257 71.41137183692871 134
      vertex 9.675 72 134
    endloop
  endfacet
  facet normal 0 0 -1
    outer loop
      vertex -9.69426969085257 71.41137183692871 134
      vertex -9.675 72 134
      vertex 9.675 72 134
    endloop
  endfacet
  facet normal -1 0 0
    outer loop
      vertex -92 4 138
      vertex -92 72 138
      vertex -92 72 134
    endloop
  endfacet
  facet normal 0 0 1
    outer loop
      vertex -85.87080662768072 19.250033024294105 138
      vertex -85.87080662768072 52.749966975705895 138
      vertex -85.94855715851499 52.875 138
    endloop
  endfacet
  facet normal 0 0 1
    outer loop
      vertex -85.94855715851499 19.125 138
      vertex -85.94855715851499 52.875 138
      vertex -86.01796366844854 53.00485044700725 138
    endloop
  endfacet
  facet normal 0 0 1
    outer loop
      vertex -86.01796366844854 18.995149552992753 138
      vertex -86.01796366844854 53.00485044700725 138
      vertex -86.0787289481504 53.13896227717855 138
    endloop
  endfacet
  facet normal 0 0 1
    outer loop
      vertex -85.6916395668277 19.483528083975155 138
      vertex -85.6916395668277 52.51647191602485 138
      vertex -85.78504501565529 52.63028678473038 138
    endloop
  endfacet
  facet normal 0 0 1
    outer loop
      vertex -85.78504501565529 19.36971321526962 138
      vertex -85.78504501565529 52.63028678473038 138
      vertex -85.87080662768072 52.749966975705895 138
    endloop
  endfacet
  facet normal 0 0 1
    outer loop
      vertex -85.59099025766973 19.59099025766973 138
      vertex -85.59099025766973 52.40900974233027 138
      vertex -85.6916395668277 52.51647191602485 138
    endloop
  endfacet
  facet normal 0 0 1
    outer loop
      vertex -85.36971321526963 19.785045015655278 138
      vertex -85.36971321526963 52.21495498434472 138
      vertex -85.48352808397516 52.308360433172304 138
    endloop
  endfacet
  facet normal 0 0 1
    outer loop
      vertex -85.25003302429411 19.870806627680725 138
      vertex -85.25003302429411 52.12919337231927 138
      vertex -85.36971321526963 52.21495498434472 138
    endloop
  endfacet
  facet normal 0 0 1
    outer loop
      vertex -84.99514955299276 20.017963668448548 138
      vertex -84.99514955299276 51.98203633155145 138
      vertex -85.125 52.05144284148501 138
    endloop
  endfacet
  facet normal 0 0 1
    outer loop
      vertex -85.125 19.948557158514987 138
      vertex -85.125 52.05144284148501 138
      vertex -85.25003302429411 52.12919337231927 138
    endloop
  endfacet
  facet normal 0 0 1
    outer loop
      vertex -84.86103772282145 20.078728948150395 138
      vertex -84.86103772282145 51.92127105184961 138
      vertex -84.99514955299276 51.98203633155145 138
    endloop
  endfacet
  facet normal 0 0 1
    outer loop
      vertex -85.48352808397516 19.6916395668277 138
      vertex -85.48352808397516 52.308360433172304 138
      vertex -85.59099025766973 52.40900974233027 138
    endloop
  endfacet
  facet normal 0 0 1
    outer loop
      vertex -86.0787289481504 18.86103772282145 138
      vertex -86.0787289481504 53.13896227717855 138
      vertex -86.130592791364 53.276761203067885 138
    endloop
  endfacet
  facet normal 0 0 1
    outer loop
      vertex -86.130592791364 18.723238796932115 138
      vertex -86.130592791364 53.276761203067885 138
      vertex -86.1733331091504 53.417657148519325 138
    endloop
  endfacet
  facet normal 0 0 1
    outer loop
      vertex -86.130592791364 18.723238796932115 138
      vertex -86.1733331091504 53.417657148519325 138
      vertex -86.20676688090727 53.56104677546371 138
    endloop
  endfacet
  facet normal 0 0 1
    outer loop
      vertex -86.130592791364 18.723238796932115 138
      vertex -86.20676688090727 53.56104677546371 138
      vertex -86.23075093809108 53.706316067504886 138
    endloop
  endfacet
  facet normal 0 0 1
    outer loop
      vertex -86.130592791364 18.723238796932115 138
      vertex -86.23075093809108 53.706316067504886 138
      vertex -86.24518257728685 53.85284295923218 138
    endloop
  endfacet
  facet normal 0 0 1
    outer loop
      vertex -84.72323879693211 20.130592791363988 138
      vertex -84.72323879693211 51.86940720863601 138
      vertex -84.86103772282145 51.92127105184961 138
    endloop
  endfacet
  facet normal 0 0 1
    outer loop
      vertex -84.43895322453629 20.206766880907267 138
      vertex -84.43895322453629 51.79323311909273 138
      vertex -84.58234285148067 51.826666890849594 138
    endloop
  endfacet
  facet normal 0 0 1
    outer loop
      vertex -84.58234285148067 20.173333109150406 138
      vertex -84.58234285148067 51.826666890849594 138
      vertex -84.72323879693211 51.86940720863601 138
    endloop
  endfacet
  facet normal 0 0 1
    outer loop
      vertex -84.29368393249511 20.230750938091074 138
      vertex -84.29368393249511 51.76924906190893 138
      vertex -84.43895322453629 51.79323311909273 138
    endloop
  endfacet
  facet normal 0 0 1
    outer loop
      vertex -84.14715704076782 20.245182577286858 138
      vertex -84.14715704076782 51.754817422713145 138
      vertex -84.29368393249511 51.76924906190893 138
    endloop
  endfacet
  facet normal 0 0 1
    outer loop
      vertex -84 20.25 138
      vertex -84 51.75 138
      vertex -84.14715704076782 51.754817422713145 138
    endloop
  endfacet
  facet normal 0 0 1
    outer loop
      vertex -83.70631606750489 20.230750938091074 138
      vertex -83.70631606750489 51.76924906190893 138
      vertex -83.85284295923218 51.754817422713145 138
    endloop
  endfacet
  facet normal 0 0 1
    outer loop
      vertex -83.85284295923218 20.245182577286858 138
      vertex -83.85284295923218 51.754817422713145 138
      vertex -84 51.75 138
    endloop
  endfacet
  facet normal 0 0 1
    outer loop
      vertex -83.56104677546371 20.206766880907267 138
      vertex -83.56104677546371 51.79323311909273 138
      vertex -83.70631606750489 51.76924906190893 138
    endloop
  endfacet
  facet normal 0 0 1
    outer loop
      vertex -83.41765714851933 20.173333109150406 138
      vertex -83.41765714851933 51.826666890849594 138
      vertex -83.56104677546371 51.79323311909273 138
    endloop
  endfacet
  facet normal 0 0 1
    outer loop
      vertex -83.27676120306789 20.130592791363988 138
      vertex -83.27676120306789 51.86940720863601 138
      vertex -83.41765714851933 51.826666890849594 138
    endloop
  endfacet
  facet normal 0 0 1
    outer loop
      vertex -83.13896227717855 20.078728948150395 138
      vertex -83.13896227717855 51.92127105184961 138
      vertex -83.27676120306789 51.86940720863601 138
    endloop
  endfacet
  facet normal 0 0 1
    outer loop
      vertex -83.00485044700724 20.017963668448548 138
      vertex -83.00485044700724 51.98203633155145 138
      vertex -83.13896227717855 51.92127105184961 138
    endloop
  endfacet
  facet normal 0 0 1
    outer loop
      vertex -82.875 19.948557158514987 138
      vertex -82.875 52.05144284148501 138
      vertex -83.00485044700724 51.98203633155145 138
    endloop
  endfacet
  facet normal 0 0 1
    outer loop
      vertex -82.63028678473037 19.785045015655278 138
      vertex -82.63028678473037 52.21495498434472 138
      vertex -82.74996697570589 52.12919337231927 138
    endloop
  endfacet
  facet normal 0 0 1
    outer loop
      vertex -82.74996697570589 19.870806627680725 138
      vertex -82.74996697570589 52.12919337231927 138
      vertex -82.875 52.05144284148501 138
    endloop
  endfacet
  facet normal 0 0 1
    outer loop
      vertex -82.51647191602484 19.6916395668277 138
      vertex -82.51647191602484 52.308360433172304 138
      vertex -82.63028678473037 52.21495498434472 138
    endloop
  endfacet
  facet normal 0 0 1
    outer loop
      vertex -82.40900974233027 19.59099025766973 138
      vertex -82.40900974233027 52.40900974233027 138
      vertex -82.51647191602484 52.308360433172304 138
    endloop
  endfacet
  facet normal 0 0 1
    outer loop
      vertex -82.3083604331723 19.483528083975155 138
      vertex -82.3083604331723 52.51647191602485 138
      vertex -82.40900974233027 52.40900974233027 138
    endloop
  endfacet
  facet normal 0 0 1
    outer loop
      vertex -82.21495498434471 19.36971321526962 138
      vertex -82.21495498434471 52.63028678473038 138
      vertex -82.3083604331723 52.51647191602485 138
    endloop
  endfacet
  facet normal 0 0 1
    outer loop
      vertex -82.21495498434471 19.36971321526962 138
      vertex -82.12919337231928 52.749966975705895 138
      vertex -82.21495498434471 52.63028678473038 138
    endloop
  endfacet
  facet normal 0 0 1
    outer loop
      vertex -82.21495498434471 19.36971321526962 138
      vertex -82.05144284148501 52.875 138
      vertex -82.12919337231928 52.749966975705895 138
    endloop
  endfacet
  facet normal 0 0 1
    outer loop
      vertex -82.21495498434471 19.36971321526962 138
      vertex -81.98203633155146 53.00485044700725 138
      vertex -82.05144284148501 52.875 138
    endloop
  endfacet
  facet normal 0 0 1
    outer loop
      vertex -82.21495498434471 19.36971321526962 138
      vertex -81.9212710518496 53.13896227717855 138
      vertex -81.98203633155146 53.00485044700725 138
    endloop
  endfacet
  facet normal 0 0 1
    outer loop
      vertex -82.21495498434471 19.36971321526962 138
      vertex -81.869407208636 53.276761203067885 138
      vertex -81.9212710518496 53.13896227717855 138
    endloop
  endfacet
  facet normal 0 0 1
    outer loop
      vertex -82.21495498434471 19.36971321526962 138
      vertex -81.8266668908496 53.417657148519325 138
      vertex -81.869407208636 53.276761203067885 138
    endloop
  endfacet
  facet normal 0 0 1
    outer loop
      vertex -82.21495498434471 19.36971321526962 138
      vertex -81.79323311909273 53.56104677546371 138
      vertex -81.8266668908496 53.417657148519325 138
    endloop
  endfacet
  facet normal 0 0 1
    outer loop
      vertex -82.21495498434471 19.36971321526962 138
      vertex -81.76924906190892 53.706316067504886 138
      vertex -81.79323311909273 53.56104677546371 138
    endloop
  endfacet
  facet normal 0 0 1
    outer loop
      vertex -82.21495498434471 19.36971321526962 138
      vertex -81.75481742271315 53.85284295923218 138
      vertex -81.76924906190892 53.706316067504886 138
    endloop
  endfacet
  facet normal 0 0 1
    outer loop
      vertex -82.21495498434471 19.36971321526962 138
      vertex -81.75 54 138
      vertex -81.75481742271315 53.85284295923218 138
    endloop
  endfacet
  facet normal 0 0 1
    outer loop
      vertex -86.130592791364 18.723238796932115 138
      vertex -86.24518257728685 53.85284295923218 138
      vertex -92 72 138
    endloop
  endfacet
  facet normal 0 0 1
    outer loop
      vertex -82.21495498434471 19.36971321526962 138
      vertex -17.500264270019535 63.076996247635705 138
      vertex -81.75 54 138
    endloop
  endfacet
  facet normal 0 0 1
    outer loop
      vertex -86.24518257728685 53.85284295923218 138
      vertex -86.25 54 138
      vertex -92 72 138
    endloop
  endfacet
  facet normal 0 0 1
    outer loop
      vertex -86.25 54 138
      vertex -86.24518257728685 54.14715704076782 138
      vertex -92 72 138
    endloop
  endfacet
  facet normal 0 0 1
    outer loop
      vertex -86.24518257728685 54.14715704076782 138
      vertex -86.23075093809108 54.293683932495114 138
      vertex -92 72 138
    endloop
  endfacet
  facet normal 0 0 1
    outer loop
      vertex -86.23075093809108 54.293683932495114 138
      vertex -86.20676688090727 54.43895322453629 138
      vertex -92 72 138
    endloop
  endfacet
  facet normal 0 0 1
    outer loop
      vertex -86.20676688090727 54.43895322453629 138
      vertex -86.1733331091504 54.582342851480675 138
      vertex -92 72 138
    endloop
  endfacet
  facet normal 0 0 1
    outer loop
      vertex -86.1733331091504 54.582342851480675 138
      vertex -86.130592791364 54.723238796932115 138
      vertex -92 72 138
    endloop
  endfacet
  facet normal 0 0 1
    outer loop
      vertex -86.130592791364 54.723238796932115 138
      vertex -86.0787289481504 54.86103772282145 138
      vertex -92 72 138
    endloop
  endfacet
  facet normal 0 0 1
    outer loop
      vertex -86.0787289481504 54.86103772282145 138
      vertex -86.01796366844854 54.99514955299275 138
      vertex -92 72 138
    endloop
  endfacet
  facet normal 0 0 1
    outer loop
      vertex -86.01796366844854 54.99514955299275 138
      vertex -85.94855715851499 55.125 138
      vertex -92 72 138
    endloop
  endfacet
  facet normal 0 0 1
    outer loop
      vertex -85.94855715851499 55.125 138
      vertex -85.87080662768072 55.250033024294105 138
      vertex -92 72 138
    endloop
  endfacet
  facet normal 0 0 1
    outer loop
      vertex -85.87080662768072 55.250033024294105 138
      vertex -85.78504501565529 55.36971321526962 138
      vertex -92 72 138
    endloop
  endfacet
  facet normal 0 0 1
    outer loop
      vertex -85.78504501565529 55.36971321526962 138
      vertex -85.6916395668277 55.48352808397515 138
      vertex -92 72 138
    endloop
  endfacet
  facet normal 0 0 1
    outer loop
      vertex -85.6916395668277 55.48352808397515 138
      vertex -85.59099025766973 55.59099025766973 138
      vertex -92 72 138
    endloop
  endfacet
  facet normal 0 0 1
    outer loop
      vertex -85.59099025766973 55.59099025766973 138
      vertex -85.48352808397516 55.691639566827696 138
      vertex -92 72 138
    endloop
  endfacet
  facet normal 0 0 1
    outer loop
      vertex -85.48352808397516 55.691639566827696 138
      vertex -85.36971321526963 55.78504501565528 138
      vertex -92 72 138
    endloop
  endfacet
  facet normal 0 0 1
    outer loop
      vertex -85.36971321526963 55.78504501565528 138
      vertex -85.25003302429411 55.87080662768073 138
      vertex -92 72 138
    endloop
  endfacet
  facet normal 0 0 1
    outer loop
      vertex -85.25003302429411 55.87080662768073 138
      vertex -85.125 55.94855715851499 138
      vertex -92 72 138
    endloop
  endfacet
  facet normal 0 0 1
    outer loop
      vertex -85.125 55.94855715851499 138
      vertex -84.99514955299276 56.01796366844855 138
      vertex -92 72 138
    endloop
  endfacet
  facet normal 0 0 1
    outer loop
      vertex -84.99514955299276 56.01796366844855 138
      vertex -84.86103772282145 56.07872894815039 138
      vertex -92 72 138
    endloop
  endfacet
  facet normal 0 0 1
    outer loop
      vertex -84.86103772282145 56.07872894815039 138
      vertex -84.72323879693211 56.13059279136399 138
      vertex -92 72 138
    endloop
  endfacet
  facet normal 0 0 1
    outer loop
      vertex -84.72323879693211 56.13059279136399 138
      vertex -84.58234285148067 56.173333109150406 138
      vertex -92 72 138
    endloop
  endfacet
  facet normal 0 0 1
    outer loop
      vertex -84.58234285148067 56.173333109150406 138
      vertex -84.43895322453629 56.20676688090727 138
      vertex -92 72 138
    endloop
  endfacet
  facet normal 0 0 1
    outer loop
      vertex -84.43895322453629 56.20676688090727 138
      vertex -84.29368393249511 56.23075093809107 138
      vertex -92 72 138
    endloop
  endfacet
  facet normal 0 0 1
    outer loop
      vertex -84.29368393249511 56.23075093809107 138
      vertex -84.14715704076782 56.245182577286855 138
      vertex -92 72 138
    endloop
  endfacet
  facet normal 0 0 1
    outer loop
      vertex -84.14715704076782 56.245182577286855 138
      vertex -84 56.25 138
      vertex -92 72 138
    endloop
  endfacet
  facet normal 0 0 1
    outer loop
      vertex -84 56.25 138
      vertex -83.85284295923218 56.245182577286855 138
      vertex -92 72 138
    endloop
  endfacet
  facet normal 0 0 1
    outer loop
      vertex -83.85284295923218 56.245182577286855 138
      vertex -61.50385286107849 64.85981993737889 138
      vertex -61.95911233590063 65.2334417326892 138
    endloop
  endfacet
  facet normal 0 0 1
    outer loop
      vertex -83.85284295923218 56.245182577286855 138
      vertex -61.95911233590063 65.2334417326892 138
      vertex -62.388961030678935 65.63603896932108 138
    endloop
  endfacet
  facet normal 0 0 1
    outer loop
      vertex -83.85284295923218 56.245182577286855 138
      vertex -62.791558267310805 66.06588766409938 138
      vertex -63.16518006262112 66.52114713892152 138
    endloop
  endfacet
  facet normal 0 0 1
    outer loop
      vertex -83.85284295923218 56.245182577286855 138
      vertex -62.388961030678935 65.63603896932108 138
      vertex -62.791558267310805 66.06588766409938 138
    endloop
  endfacet
  facet normal 0 0 1
    outer loop
      vertex -83.85284295923218 56.245182577286855 138
      vertex -63.16518006262112 66.52114713892152 138
      vertex -63.50822651072291 66.99986790282358 138
    endloop
  endfacet
  facet normal 0 0 1
    outer loop
      vertex -83.85284295923218 56.245182577286855 138
      vertex -63.50822651072291 66.99986790282358 138
      vertex -92 72 138
    endloop
  endfacet
  facet normal 0 0 1
    outer loop
      vertex -64.0968546737942 68.01940178802899 138
      vertex -64.33991579260159 68.5558491087142 138
      vertex -92 72 138
    endloop
  endfacet
  facet normal 0 0 1
    outer loop
      vertex -63.50822651072291 66.99986790282358 138
      vertex -63.819228634059954 67.5 138
      vertex -92 72 138
    endloop
  endfacet
  facet normal 0 0 1
    outer loop
      vertex -63.819228634059954 67.5 138
      vertex -64.0968546737942 68.01940178802899 138
      vertex -92 72 138
    endloop
  endfacet
  facet normal 0 0 1
    outer loop
      vertex -64.33991579260159 68.5558491087142 138
      vertex -64.54737116545596 69.10704481227154 138
      vertex -92 72 138
    endloop
  endfacet
  facet normal 0 0 1
    outer loop
      vertex -64.71833243660163 69.67062859407731 138
      vertex -92 72 138
      vertex -64.54737116545596 69.10704481227154 138
    endloop
  endfacet
  facet normal 0 0 1
    outer loop
      vertex -64.71833243660163 69.67062859407731 138
      vertex -64.85206752362907 70.24418710185485 138
      vertex -92 72 138
    endloop
  endfacet
  facet normal 0 0 1
    outer loop
      vertex -64.85206752362907 70.24418710185485 138
      vertex -64.9480037523643 70.82526427001953 138
      vertex -92 72 138
    endloop
  endfacet
  facet normal 0 0 1
    outer loop
      vertex -64.9480037523643 70.82526427001953 138
      vertex -65.00573030914744 71.41137183692871 138
      vertex -92 72 138
    endloop
  endfacet
  facet normal 0 0 1
    outer loop
      vertex -65.00573030914744 71.41137183692871 138
      vertex -65.025 72 138
      vertex -92 72 138
    endloop
  endfacet
  facet normal 0 0 1
    outer loop
      vertex -81.75 54 138
      vertex -18.086371836928713 63.01926969085257 138
      vertex -81.75481742271315 54.14715704076782 138
    endloop
  endfacet
  facet normal 0 0 1
    outer loop
      vertex -81.76924906190892 54.293683932495114 138
      vertex -81.75481742271315 54.14715704076782 138
      vertex -18.086371836928713 63.01926969085257 138
    endloop
  endfacet
  facet normal 0 0 1
    outer loop
      vertex -81.76924906190892 54.293683932495114 138
      vertex -18.086371836928713 63.01926969085257 138
      vertex -81.79323311909273 54.43895322453629 138
    endloop
  endfacet
  facet normal 0 0 1
    outer loop
      vertex -81.79323311909273 54.43895322453629 138
      vertex -18.086371836928713 63.01926969085257 138
      vertex -81.8266668908496 54.582342851480675 138
    endloop
  endfacet
  facet normal 0 0 1
    outer loop
      vertex -81.8266668908496 54.582342851480675 138
      vertex -18.086371836928713 63.01926969085257 138
      vertex -81.869407208636 54.723238796932115 138
    endloop
  endfacet
  facet normal 0 0 1
    outer loop
      vertex -81.869407208636 54.723238796932115 138
      vertex -18.086371836928713 63.01926969085257 138
      vertex -81.9212710518496 54.86103772282145 138
    endloop
  endfacet
  facet normal 0 0 1
    outer loop
      vertex -81.98203633155146 54.99514955299275 138
      vertex -81.9212710518496 54.86103772282145 138
      vertex -18.086371836928713 63.01926969085257 138
    endloop
  endfacet
  facet normal 0 0 1
    outer loop
      vertex -82.05144284148501 55.125 138
      vertex -18.086371836928713 63.01926969085257 138
      vertex -82.12919337231928 55.250033024294105 138
    endloop
  endfacet
  facet normal 0 0 1
    outer loop
      vertex -82.12919337231928 55.250033024294105 138
      vertex -18.086371836928713 63.01926969085257 138
      vertex -82.21495498434471 55.36971321526962 138
    endloop
  endfacet
  facet normal 0 0 1
    outer loop
      vertex -81.98203633155146 54.99514955299275 138
      vertex -18.086371836928713 63.01926969085257 138
      vertex -82.05144284148501 55.125 138
    endloop
  endfacet
  facet normal 0 0 1
    outer loop
      vertex -82.3083604331723 55.48352808397515 138
      vertex -18.086371836928713 63.01926969085257 138
      vertex -82.40900974233027 55.59099025766973 138
    endloop
  endfacet
  facet normal 0 0 1
    outer loop
      vertex -82.3083604331723 55.48352808397515 138
      vertex -82.21495498434471 55.36971321526962 138
      vertex -18.086371836928713 63.01926969085257 138
    endloop
  endfacet
  facet normal 0 0 1
    outer loop
      vertex -82.40900974233027 55.59099025766973 138
      vertex -18.086371836928713 63.01926969085257 138
      vertex -82.51647191602484 55.691639566827696 138
    endloop
  endfacet
  facet normal 0 0 1
    outer loop
      vertex -82.51647191602484 55.691639566827696 138
      vertex -18.086371836928713 63.01926969085257 138
      vertex -82.63028678473037 55.78504501565528 138
    endloop
  endfacet
  facet normal 0 0 1
    outer loop
      vertex -83.85284295923218 56.245182577286855 138
      vertex -83.70631606750489 56.23075093809107 138
      vertex -18.675 63 138
    endloop
  endfacet
  facet normal 0 0 1
    outer loop
      vertex -83.27676120306789 56.13059279136399 138
      vertex -83.13896227717855 56.07872894815039 138
      vertex -18.086371836928713 63.01926969085257 138
    endloop
  endfacet
  facet normal 0 0 1
    outer loop
      vertex -83.41765714851933 56.173333109150406 138
      vertex -83.27676120306789 56.13059279136399 138
      vertex -18.086371836928713 63.01926969085257 138
    endloop
  endfacet
  facet normal 0 0 1
    outer loop
      vertex -82.74996697570589 55.87080662768073 138
      vertex -82.63028678473037 55.78504501565528 138
      vertex -18.086371836928713 63.01926969085257 138
    endloop
  endfacet
  facet normal 0 0 1
    outer loop
      vertex -82.875 55.94855715851499 138
      vertex -82.74996697570589 55.87080662768073 138
      vertex -18.086371836928713 63.01926969085257 138
    endloop
  endfacet
  facet normal 0 0 1
    outer loop
      vertex -82.875 55.94855715851499 138
      vertex -18.086371836928713 63.01926969085257 138
      vertex -83.00485044700724 56.01796366844855 138
    endloop
  endfacet
  facet normal 0 0 1
    outer loop
      vertex -83.00485044700724 56.01796366844855 138
      vertex -18.086371836928713 63.01926969085257 138
      vertex -83.13896227717855 56.07872894815039 138
    endloop
  endfacet
  facet normal 0 0 1
    outer loop
      vertex -83.56104677546371 56.20676688090727 138
      vertex -83.41765714851933 56.173333109150406 138
      vertex -18.086371836928713 63.01926969085257 138
    endloop
  endfacet
  facet normal 0 0 1
    outer loop
      vertex -83.70631606750489 56.23075093809107 138
      vertex -83.56104677546371 56.20676688090727 138
      vertex -18.086371836928713 63.01926969085257 138
    endloop
  endfacet
  facet normal 0 0 1
    outer loop
      vertex -83.85284295923218 56.245182577286855 138
      vertex -59.469150891285814 63.68508420739842 138
      vertex -60.00559821197102 63.92814532620581 138
    endloop
  endfacet
  facet normal 0 0 1
    outer loop
      vertex -83.85284295923218 56.245182577286855 138
      vertex -57.19973572998047 63.076996247635705 138
      vertex -57.78081289814516 63.172932476370924 138
    endloop
  endfacet
  facet normal 0 0 1
    outer loop
      vertex -83.85284295923218 56.245182577286855 138
      vertex -58.35437140592269 63.306667563398385 138
      vertex -58.91795518772846 63.47762883454405 138
    endloop
  endfacet
  facet normal 0 0 1
    outer loop
      vertex -83.85284295923218 56.245182577286855 138
      vertex -58.91795518772846 63.47762883454405 138
      vertex -59.469150891285814 63.68508420739842 138
    endloop
  endfacet
  facet normal 0 0 1
    outer loop
      vertex -83.85284295923218 56.245182577286855 138
      vertex -57.78081289814516 63.172932476370924 138
      vertex -58.35437140592269 63.306667563398385 138
    endloop
  endfacet
  facet normal 0 0 1
    outer loop
      vertex -83.85284295923218 56.245182577286855 138
      vertex -56.61362816307129 63.01926969085257 138
      vertex -57.19973572998047 63.076996247635705 138
    endloop
  endfacet
  facet normal 0 0 1
    outer loop
      vertex -83.85284295923218 56.245182577286855 138
      vertex -56.025000000000006 63 138
      vertex -56.61362816307129 63.01926969085257 138
    endloop
  endfacet
  facet normal 0 0 1
    outer loop
      vertex -83.85284295923218 56.245182577286855 138
      vertex -55.43637183692872 63.01926969085257 138
      vertex -56.025000000000006 63 138
    endloop
  endfacet
  facet normal 0 0 1
    outer loop
      vertex -83.85284295923218 56.245182577286855 138
      vertex -54.850264270019544 63.076996247635705 138
      vertex -55.43637183692872 63.01926969085257 138
    endloop
  endfacet
  facet normal 0 0 1
    outer loop
      vertex -83.85284295923218 56.245182577286855 138
      vertex -54.269187101854854 63.172932476370924 138
      vertex -54.850264270019544 63.076996247635705 138
    endloop
  endfacet
  facet normal 0 0 1
    outer loop
      vertex -83.85284295923218 56.245182577286855 138
      vertex -61.025132097176424 64.5167734892771 138
      vertex -61.50385286107849 64.85981993737889 138
    endloop
  endfacet
  facet normal 0 0 1
    outer loop
      vertex -83.85284295923218 56.245182577286855 138
      vertex -60.525000000000006 64.20577136594005 138
      vertex -61.025132097176424 64.5167734892771 138
    endloop
  endfacet
  facet normal 0 0 1
    outer loop
      vertex -83.85284295923218 56.245182577286855 138
      vertex -60.00559821197102 63.92814532620581 138
      vertex -60.525000000000006 64.20577136594005 138
    endloop
  endfacet
  facet normal 0 0 1
    outer loop
      vertex -83.85284295923218 56.245182577286855 138
      vertex -20.430812898145156 63.172932476370924 138
      vertex -54.269187101854854 63.172932476370924 138
    endloop
  endfacet
  facet normal 0 0 1
    outer loop
      vertex -82.21495498434471 19.36971321526962 138
      vertex -16.919187101854845 63.172932476370924 138
      vertex -17.500264270019535 63.076996247635705 138
    endloop
  endfacet
  facet normal 0 0 1
    outer loop
      vertex -82.21495498434471 19.36971321526962 138
      vertex -16.345628594077315 63.306667563398385 138
      vertex -16.919187101854845 63.172932476370924 138
    endloop
  endfacet
  facet normal 0 0 1
    outer loop
      vertex -82.21495498434471 19.36971321526962 138
      vertex -15.782044812271547 63.47762883454405 138
      vertex -16.345628594077315 63.306667563398385 138
    endloop
  endfacet
  facet normal 0 0 1
    outer loop
      vertex -83.85284295923218 56.245182577286855 138
      vertex -19.849735729980466 63.076996247635705 138
      vertex -20.430812898145156 63.172932476370924 138
    endloop
  endfacet
  facet normal 0 0 1
    outer loop
      vertex -83.85284295923218 56.245182577286855 138
      vertex -19.26362816307129 63.01926969085257 138
      vertex -19.849735729980466 63.076996247635705 138
    endloop
  endfacet
  facet normal 0 0 1
    outer loop
      vertex -83.85284295923218 56.245182577286855 138
      vertex -18.675 63 138
      vertex -19.26362816307129 63.01926969085257 138
    endloop
  endfacet
  facet normal 0 0 1
    outer loop
      vertex -54.269187101854854 63.172932476370924 138
      vertex -21.004371405922686 63.306667563398385 138
      vertex -53.69562859407732 63.306667563398385 138
    endloop
  endfacet
  facet normal 0 0 1
    outer loop
      vertex -53.69562859407732 63.306667563398385 138
      vertex -21.567955187728455 63.47762883454405 138
      vertex -53.13204481227155 63.47762883454405 138
    endloop
  endfacet
  facet normal 0 0 1
    outer loop
      vertex -81.75 54 138
      vertex -17.500264270019535 63.076996247635705 138
      vertex -18.086371836928713 63.01926969085257 138
    endloop
  endfacet
  facet normal 0 0 1
    outer loop
      vertex -83.70631606750489 56.23075093809107 138
      vertex -18.086371836928713 63.01926969085257 138
      vertex -18.675 63 138
    endloop
  endfacet
  facet normal 0 0 1
    outer loop
      vertex -54.269187101854854 63.172932476370924 138
      vertex -20.430812898145156 63.172932476370924 138
      vertex -21.004371405922686 63.306667563398385 138
    endloop
  endfacet
  facet normal 0 0 1
    outer loop
      vertex -53.69562859407732 63.306667563398385 138
      vertex -21.004371405922686 63.306667563398385 138
      vertex -21.567955187728455 63.47762883454405 138
    endloop
  endfacet
  facet normal 0 0 1
    outer loop
      vertex -53.13204481227155 63.47762883454405 138
      vertex -22.11915089128581 63.68508420739842 138
      vertex -52.5808491087142 63.68508420739842 138
    endloop
  endfacet
  facet normal 0 0 1
    outer loop
      vertex -52.5808491087142 63.68508420739842 138
      vertex -22.65559821197101 63.92814532620581 138
      vertex -52.04440178802899 63.92814532620581 138
    endloop
  endfacet
  facet normal 0 0 1
    outer loop
      vertex -52.04440178802899 63.92814532620581 138
      vertex -23.175 64.20577136594005 138
      vertex -51.525000000000006 64.20577136594005 138
    endloop
  endfacet
  facet normal 0 0 1
    outer loop
      vertex -51.525000000000006 64.20577136594005 138
      vertex -23.67513209717642 64.5167734892771 138
      vertex -51.02486790282359 64.5167734892771 138
    endloop
  endfacet
  facet normal 0 0 1
    outer loop
      vertex -51.02486790282359 64.5167734892771 138
      vertex -24.153852861078487 64.85981993737889 138
      vertex -50.54614713892152 64.85981993737889 138
    endloop
  endfacet
  facet normal 0 0 1
    outer loop
      vertex -50.54614713892152 64.85981993737889 138
      vertex -24.60911233590062 65.2334417326892 138
      vertex -50.090887664099384 65.2334417326892 138
    endloop
  endfacet
  facet normal 0 0 1
    outer loop
      vertex -50.090887664099384 65.2334417326892 138
      vertex -25.03896103067893 65.63603896932108 138
      vertex -49.661038969321076 65.63603896932108 138
    endloop
  endfacet
  facet normal 0 0 1
    outer loop
      vertex -49.661038969321076 65.63603896932108 138
      vertex -25.441558267310796 66.06588766409938 138
      vertex -49.25844173268921 66.06588766409938 138
    endloop
  endfacet
  facet normal 0 0 1
    outer loop
      vertex -49.25844173268921 66.06588766409938 138
      vertex -25.815180062621117 66.52114713892152 138
      vertex -48.88481993737889 66.52114713892152 138
    endloop
  endfacet
  facet normal 0 0 1
    outer loop
      vertex -48.88481993737889 66.52114713892152 138
      vertex -26.15822651072291 66.99986790282358 138
      vertex -48.5417734892771 66.99986790282358 138
    endloop
  endfacet
  facet normal 0 0 1
    outer loop
      vertex -48.5417734892771 66.99986790282358 138
      vertex -26.46922863405995 67.5 138
      vertex -48.23077136594006 67.5 138
    endloop
  endfacet
  facet normal 0 0 1
    outer loop
      vertex -48.23077136594006 67.5 138
      vertex -26.746854673794196 68.01940178802899 138
      vertex -47.953145326205814 68.01940178802899 138
    endloop
  endfacet
  facet normal 0 0 1
    outer loop
      vertex -47.953145326205814 68.01940178802899 138
      vertex -26.98991579260158 68.5558491087142 138
      vertex -47.710084207398424 68.5558491087142 138
    endloop
  endfacet
  facet normal 0 0 1
    outer loop
      vertex -47.710084207398424 68.5558491087142 138
      vertex -27.19737116545595 69.10704481227154 138
      vertex -47.502628834544055 69.10704481227154 138
    endloop
  endfacet
  facet normal 0 0 1
    outer loop
      vertex -47.502628834544055 69.10704481227154 138
      vertex -27.368332436601616 69.67062859407731 138
      vertex -47.33166756339839 69.67062859407731 138
    endloop
  endfacet
  facet normal 0 0 1
    outer loop
      vertex -47.33166756339839 69.67062859407731 138
      vertex -27.502067523629073 70.24418710185485 138
      vertex -47.19793247637093 70.24418710185485 138
    endloop
  endfacet
  facet normal 0 0 1
    outer loop
      vertex -47.19793247637093 70.24418710185485 138
      vertex -27.598003752364292 70.82526427001953 138
      vertex -47.10199624763571 70.82526427001953 138
    endloop
  endfacet
  facet normal 0 0 1
    outer loop
      vertex -47.10199624763571 70.82526427001953 138
      vertex -27.65573030914743 71.41137183692871 138
      vertex -47.04426969085257 71.41137183692871 138
    endloop
  endfacet
  facet normal 0 0 1
    outer loop
      vertex -47.04426969085257 71.41137183692871 138
      vertex -27.675 72 138
      vertex -47.025000000000006 72 138
    endloop
  endfacet
  facet normal 0 0 1
    outer loop
      vertex -52.5808491087142 63.68508420739842 138
      vertex -22.11915089128581 63.68508420739842 138
      vertex -22.65559821197101 63.92814532620581 138
    endloop
  endfacet
  facet normal 0 0 1
    outer loop
      vertex -52.04440178802899 63.92814532620581 138
      vertex -22.65559821197101 63.92814532620581 138
      vertex -23.175 64.20577136594005 138
    endloop
  endfacet
  facet normal 0 0 1
    outer loop
      vertex -53.13204481227155 63.47762883454405 138
      vertex -21.567955187728455 63.47762883454405 138
      vertex -22.11915089128581 63.68508420739842 138
    endloop
  endfacet
  facet normal 0 0 1
    outer loop
      vertex -51.525000000000006 64.20577136594005 138
      vertex -23.175 64.20577136594005 138
      vertex -23.67513209717642 64.5167734892771 138
    endloop
  endfacet
  facet normal 0 0 1
    outer loop
      vertex -50.54614713892152 64.85981993737889 138
      vertex -24.153852861078487 64.85981993737889 138
      vertex -24.60911233590062 65.2334417326892 138
    endloop
  endfacet
  facet normal 0 0 1
    outer loop
      vertex -50.090887664099384 65.2334417326892 138
      vertex -24.60911233590062 65.2334417326892 138
      vertex -25.03896103067893 65.63603896932108 138
    endloop
  endfacet
  facet normal 0 0 1
    outer loop
      vertex -51.02486790282359 64.5167734892771 138
      vertex -23.67513209717642 64.5167734892771 138
      vertex -24.153852861078487 64.85981993737889 138
    endloop
  endfacet
  facet normal 0 0 1
    outer loop
      vertex -49.661038969321076 65.63603896932108 138
      vertex -25.03896103067893 65.63603896932108 138
      vertex -25.441558267310796 66.06588766409938 138
    endloop
  endfacet
  facet normal 0 0 1
    outer loop
      vertex -49.25844173268921 66.06588766409938 138
      vertex -25.441558267310796 66.06588766409938 138
      vertex -25.815180062621117 66.52114713892152 138
    endloop
  endfacet
  facet normal 0 0 1
    outer loop
      vertex -48.88481993737889 66.52114713892152 138
      vertex -25.815180062621117 66.52114713892152 138
      vertex -26.15822651072291 66.99986790282358 138
    endloop
  endfacet
  facet normal 0 0 1
    outer loop
      vertex -48.5417734892771 66.99986790282358 138
      vertex -26.15822651072291 66.99986790282358 138
      vertex -26.46922863405995 67.5 138
    endloop
  endfacet
  facet normal 0 0 1
    outer loop
      vertex -48.23077136594006 67.5 138
      vertex -26.46922863405995 67.5 138
      vertex -26.746854673794196 68.01940178802899 138
    endloop
  endfacet
  facet normal 0 0 1
    outer loop
      vertex -47.953145326205814 68.01940178802899 138
      vertex -26.746854673794196 68.01940178802899 138
      vertex -26.98991579260158 68.5558491087142 138
    endloop
  endfacet
  facet normal 0 0 1
    outer loop
      vertex -47.710084207398424 68.5558491087142 138
      vertex -26.98991579260158 68.5558491087142 138
      vertex -27.19737116545595 69.10704481227154 138
    endloop
  endfacet
  facet normal 0 0 1
    outer loop
      vertex -47.502628834544055 69.10704481227154 138
      vertex -27.19737116545595 69.10704481227154 138
      vertex -27.368332436601616 69.67062859407731 138
    endloop
  endfacet
  facet normal 0 0 1
    outer loop
      vertex -47.33166756339839 69.67062859407731 138
      vertex -27.368332436601616 69.67062859407731 138
      vertex -27.502067523629073 70.24418710185485 138
    endloop
  endfacet
  facet normal 0 0 1
    outer loop
      vertex -47.19793247637093 70.24418710185485 138
      vertex -27.502067523629073 70.24418710185485 138
      vertex -27.598003752364292 70.82526427001953 138
    endloop
  endfacet
  facet normal 0 0 1
    outer loop
      vertex -47.10199624763571 70.82526427001953 138
      vertex -27.598003752364292 70.82526427001953 138
      vertex -27.65573030914743 71.41137183692871 138
    endloop
  endfacet
  facet normal 0 0 1
    outer loop
      vertex -47.04426969085257 71.41137183692871 138
      vertex -27.65573030914743 71.41137183692871 138
      vertex -27.675 72 138
    endloop
  endfacet
  facet normal 0 0 -1
    outer loop
      vertex -92 4 134
      vertex 82.21495498434471 16.63028678473038 134
      vertex 92 4 134
    endloop
  endfacet
  facet normal 0 0 -1
    outer loop
      vertex -92 4 134
      vertex 82.12919337231928 16.749966975705895 134
      vertex 82.21495498434471 16.63028678473038 134
    endloop
  endfacet
  facet normal 0 0 -1
    outer loop
      vertex -92 4 134
      vertex 82.05144284148501 16.875 134
      vertex 82.12919337231928 16.749966975705895 134
    endloop
  endfacet
  facet normal 0 0 -1
    outer loop
      vertex -92 4 134
      vertex 81.98203633155146 17.004850447007247 134
      vertex 82.05144284148501 16.875 134
    endloop
  endfacet
  facet normal 0 0 -1
    outer loop
      vertex -92 4 134
      vertex 81.9212710518496 17.13896227717855 134
      vertex 81.98203633155146 17.004850447007247 134
    endloop
  endfacet
  facet normal 0 0 -1
    outer loop
      vertex -92 4 134
      vertex 81.869407208636 17.276761203067885 134
      vertex 81.9212710518496 17.13896227717855 134
    endloop
  endfacet
  facet normal 0 0 -1
    outer loop
      vertex -92 4 134
      vertex 81.8266668908496 17.41765714851933 134
      vertex 81.869407208636 17.276761203067885 134
    endloop
  endfacet
  facet normal 0 0 -1
    outer loop
      vertex -92 4 134
      vertex 81.79323311909273 17.561046775463712 134
      vertex 81.8266668908496 17.41765714851933 134
    endloop
  endfacet
  facet normal 0 0 -1
    outer loop
      vertex -92 4 134
      vertex 81.76924906190892 17.706316067504883 134
      vertex 81.79323311909273 17.561046775463712 134
    endloop
  endfacet
  facet normal 0 0 -1
    outer loop
      vertex -92 4 134
      vertex 81.75481742271315 17.852842959232177 134
      vertex 81.76924906190892 17.706316067504883 134
    endloop
  endfacet
  facet normal 0 0 -1
    outer loop
      vertex -92 4 134
      vertex 81.75 18 134
      vertex 81.75481742271315 17.852842959232177 134
    endloop
  endfacet
  facet normal 0 0 -1
    outer loop
      vertex -92 4 134
      vertex 81.75481742271315 18.147157040767823 134
      vertex 81.75 18 134
    endloop
  endfacet
  facet normal 0 0 -1
    outer loop
      vertex -92 4 134
      vertex 81.76924906190892 18.293683932495117 134
      vertex 81.75481742271315 18.147157040767823 134
    endloop
  endfacet
  facet normal 0 0 -1
    outer loop
      vertex -92 4 134
      vertex 81.79323311909273 18.438953224536288 134
      vertex 81.76924906190892 18.293683932495117 134
    endloop
  endfacet
  facet normal 0 0 -1
    outer loop
      vertex -92 4 134
      vertex 81.8266668908496 18.58234285148067 134
      vertex 81.79323311909273 18.438953224536288 134
    endloop
  endfacet
  facet normal 0 0 -1
    outer loop
      vertex -92 4 134
      vertex 81.869407208636 18.723238796932115 134
      vertex 81.8266668908496 18.58234285148067 134
    endloop
  endfacet
  facet normal 0 0 -1
    outer loop
      vertex -92 4 134
      vertex 81.9212710518496 18.86103772282145 134
      vertex 81.869407208636 18.723238796932115 134
    endloop
  endfacet
  facet normal 0 0 -1
    outer loop
      vertex -92 4 134
      vertex 81.98203633155146 18.995149552992753 134
      vertex 81.9212710518496 18.86103772282145 134
    endloop
  endfacet
  facet normal 0 0 -1
    outer loop
      vertex -92 4 134
      vertex 82.05144284148501 19.125 134
      vertex 81.98203633155146 18.995149552992753 134
    endloop
  endfacet
  facet normal 0 0 -1
    outer loop
      vertex -92 4 134
      vertex 82.12919337231928 19.250033024294105 134
      vertex 82.05144284148501 19.125 134
    endloop
  endfacet
  facet normal 0 0 -1
    outer loop
      vertex -92 4 134
      vertex 82.21495498434471 19.36971321526962 134
      vertex 82.12919337231928 19.250033024294105 134
    endloop
  endfacet
  facet normal 0 -1 0
    outer loop
      vertex -92 4 134
      vertex 92 4 134
      vertex 92 4 138
    endloop
  endfacet
  facet normal 0 0 -1
    outer loop
      vertex -92 4 134
      vertex 15.782044812271547 63.47762883454405 134
      vertex 82.21495498434471 19.36971321526962 134
    endloop
  endfacet
  facet normal 0 0 -1
    outer loop
      vertex 92 4 134
      vertex 83.00485044700724 15.982036331551452 134
      vertex 83.13896227717855 15.921271051849605 134
    endloop
  endfacet
  facet normal 0 0 -1
    outer loop
      vertex 92 4 134
      vertex 83.27676120306789 15.869407208636012 134
      vertex 83.41765714851933 15.826666890849596 134
    endloop
  endfacet
  facet normal 0 0 -1
    outer loop
      vertex 92 4 134
      vertex 83.13896227717855 15.921271051849605 134
      vertex 83.27676120306789 15.869407208636012 134
    endloop
  endfacet
  facet normal 0 0 -1
    outer loop
      vertex 92 4 134
      vertex 82.21495498434471 16.63028678473038 134
      vertex 82.3083604331723 16.516471916024845 134
    endloop
  endfacet
  facet normal 0 0 -1
    outer loop
      vertex 92 4 134
      vertex 82.74996697570589 16.129193372319275 134
      vertex 82.875 16.051442841485013 134
    endloop
  endfacet
  facet normal 0 0 -1
    outer loop
      vertex 92 4 134
      vertex 82.63028678473037 16.214954984344722 134
      vertex 82.74996697570589 16.129193372319275 134
    endloop
  endfacet
  facet normal 0 0 -1
    outer loop
      vertex 92 4 134
      vertex 82.51647191602484 16.3083604331723 134
      vertex 82.63028678473037 16.214954984344722 134
    endloop
  endfacet
  facet normal 0 0 -1
    outer loop
      vertex 92 4 134
      vertex 82.875 16.051442841485013 134
      vertex 83.00485044700724 15.982036331551452 134
    endloop
  endfacet
  facet normal 0 0 -1
    outer loop
      vertex 92 4 134
      vertex 82.40900974233027 16.40900974233027 134
      vertex 82.51647191602484 16.3083604331723 134
    endloop
  endfacet
  facet normal 0 0 -1
    outer loop
      vertex 92 4 134
      vertex 82.3083604331723 16.516471916024845 134
      vertex 82.40900974233027 16.40900974233027 134
    endloop
  endfacet
  facet normal 0 0 -1
    outer loop
      vertex 92 4 134
      vertex 83.41765714851933 15.826666890849596 134
      vertex 83.56104677546371 15.793233119092731 134
    endloop
  endfacet
  facet normal 0 0 -1
    outer loop
      vertex 92 4 134
      vertex 83.56104677546371 15.793233119092731 134
      vertex 83.70631606750489 15.769249061908926 134
    endloop
  endfacet
  facet normal 0 0 -1
    outer loop
      vertex 92 4 134
      vertex 83.70631606750489 15.769249061908926 134
      vertex 83.85284295923218 15.754817422713142 134
    endloop
  endfacet
  facet normal 0 0 -1
    outer loop
      vertex 92 4 134
      vertex 83.85284295923218 15.754817422713142 134
      vertex 84 15.75 134
    endloop
  endfacet
  facet normal 0 0 -1
    outer loop
      vertex 92 4 134
      vertex 84 15.75 134
      vertex 84.14715704076782 15.754817422713142 134
    endloop
  endfacet
  facet normal 0 0 -1
    outer loop
      vertex 92 4 134
      vertex 84.14715704076782 15.754817422713142 134
      vertex 84.29368393249511 15.769249061908926 134
    endloop
  endfacet
  facet normal 0 0 -1
    outer loop
      vertex 92 4 134
      vertex 84.29368393249511 15.769249061908926 134
      vertex 84.43895322453629 15.793233119092731 134
    endloop
  endfacet
  facet normal 0 0 -1
    outer loop
      vertex 92 4 134
      vertex 84.43895322453629 15.793233119092731 134
      vertex 84.58234285148067 15.826666890849596 134
    endloop
  endfacet
  facet normal 0 0 -1
    outer loop
      vertex 92 4 134
      vertex 84.58234285148067 15.826666890849596 134
      vertex 84.72323879693211 15.869407208636012 134
    endloop
  endfacet
  facet normal 0 0 -1
    outer loop
      vertex 92 4 134
      vertex 84.72323879693211 15.869407208636012 134
      vertex 84.86103772282145 15.921271051849605 134
    endloop
  endfacet
  facet normal 0 0 -1
    outer loop
      vertex 92 4 134
      vertex 84.86103772282145 15.921271051849605 134
      vertex 84.99514955299276 15.982036331551452 134
    endloop
  endfacet
  facet normal 0 0 -1
    outer loop
      vertex 92 4 134
      vertex 84.99514955299276 15.982036331551452 134
      vertex 85.125 16.051442841485013 134
    endloop
  endfacet
  facet normal 0 0 -1
    outer loop
      vertex 92 4 134
      vertex 85.125 16.051442841485013 134
      vertex 85.25003302429411 16.129193372319275 134
    endloop
  endfacet
  facet normal 0 0 -1
    outer loop
      vertex 92 4 134
      vertex 85.25003302429411 16.129193372319275 134
      vertex 85.36971321526963 16.214954984344722 134
    endloop
  endfacet
  facet normal 0 0 -1
    outer loop
      vertex 92 4 134
      vertex 85.36971321526963 16.214954984344722 134
      vertex 85.48352808397516 16.3083604331723 134
    endloop
  endfacet
  facet normal 0 0 -1
    outer loop
      vertex 92 4 134
      vertex 85.48352808397516 16.3083604331723 134
      vertex 85.59099025766973 16.40900974233027 134
    endloop
  endfacet
  facet normal 0 0 -1
    outer loop
      vertex 92 4 134
      vertex 85.59099025766973 16.40900974233027 134
      vertex 85.6916395668277 16.516471916024845 134
    endloop
  endfacet
  facet normal 0 0 -1
    outer loop
      vertex 92 4 134
      vertex 85.6916395668277 16.516471916024845 134
      vertex 85.78504501565529 16.63028678473038 134
    endloop
  endfacet
  facet normal 0 0 -1
    outer loop
      vertex 92 4 134
      vertex 85.78504501565529 16.63028678473038 134
      vertex 85.87080662768072 16.749966975705895 134
    endloop
  endfacet
  facet normal 0 0 -1
    outer loop
      vertex 92 4 134
      vertex 85.87080662768072 16.749966975705895 134
      vertex 85.94855715851499 16.875 134
    endloop
  endfacet
  facet normal 0 0 -1
    outer loop
      vertex 92 4 134
      vertex 85.94855715851499 16.875 134
      vertex 86.01796366844854 17.004850447007247 134
    endloop
  endfacet
  facet normal 0 0 -1
    outer loop
      vertex 92 4 134
      vertex 86.01796366844854 17.004850447007247 134
      vertex 86.0787289481504 17.13896227717855 134
    endloop
  endfacet
  facet normal 0 0 -1
    outer loop
      vertex 92 4 134
      vertex 86.0787289481504 17.13896227717855 134
      vertex 86.130592791364 17.276761203067885 134
    endloop
  endfacet
  facet normal 0 0 -1
    outer loop
      vertex 92 4 134
      vertex 86.130592791364 17.276761203067885 134
      vertex 86.1733331091504 17.41765714851933 134
    endloop
  endfacet
  facet normal 0 0 -1
    outer loop
      vertex 92 4 134
      vertex 86.1733331091504 17.41765714851933 134
      vertex 86.20676688090727 17.561046775463712 134
    endloop
  endfacet
  facet normal 0 0 -1
    outer loop
      vertex 92 4 134
      vertex 86.20676688090727 17.561046775463712 134
      vertex 86.23075093809108 17.706316067504883 134
    endloop
  endfacet
  facet normal 0 0 -1
    outer loop
      vertex 92 4 134
      vertex 86.23075093809108 17.706316067504883 134
      vertex 86.24518257728685 17.852842959232177 134
    endloop
  endfacet
  facet normal 0 0 -1
    outer loop
      vertex 92 4 134
      vertex 86.24518257728685 17.852842959232177 134
      vertex 86.25 18 134
    endloop
  endfacet
  facet normal 0 0 -1
    outer loop
      vertex 92 4 134
      vertex 86.25 18 134
      vertex 86.24518257728685 18.147157040767823 134
    endloop
  endfacet
  facet normal 0 0 -1
    outer loop
      vertex 82.21495498434471 19.36971321526962 134
      vertex 82.3083604331723 52.51647191602485 134
      vertex 82.3083604331723 19.483528083975155 134
    endloop
  endfacet
  facet normal 0 0 -1
    outer loop
      vertex 82.3083604331723 19.483528083975155 134
      vertex 82.40900974233027 52.40900974233027 134
      vertex 82.40900974233027 19.59099025766973 134
    endloop
  endfacet
  facet normal 0 0 -1
    outer loop
      vertex 82.40900974233027 19.59099025766973 134
      vertex 82.51647191602484 52.308360433172304 134
      vertex 82.51647191602484 19.6916395668277 134
    endloop
  endfacet
  facet normal 0 0 -1
    outer loop
      vertex 82.51647191602484 19.6916395668277 134
      vertex 82.63028678473037 52.21495498434472 134
      vertex 82.63028678473037 19.785045015655278 134
    endloop
  endfacet
  facet normal 0 0 -1
    outer loop
      vertex 82.63028678473037 19.785045015655278 134
      vertex 82.74996697570589 52.12919337231927 134
      vertex 82.74996697570589 19.870806627680725 134
    endloop
  endfacet
  facet normal 0 0 -1
    outer loop
      vertex 82.74996697570589 19.870806627680725 134
      vertex 82.875 52.05144284148501 134
      vertex 82.875 19.948557158514987 134
    endloop
  endfacet
  facet normal 0 0 -1
    outer loop
      vertex 82.875 19.948557158514987 134
      vertex 83.00485044700724 51.98203633155145 134
      vertex 83.00485044700724 20.017963668448548 134
    endloop
  endfacet
  facet normal 0 0 -1
    outer loop
      vertex 83.00485044700724 20.017963668448548 134
      vertex 83.13896227717855 51.92127105184961 134
      vertex 83.13896227717855 20.078728948150395 134
    endloop
  endfacet
  facet normal 0 0 -1
    outer loop
      vertex 83.13896227717855 20.078728948150395 134
      vertex 83.27676120306789 51.86940720863601 134
      vertex 83.27676120306789 20.130592791363988 134
    endloop
  endfacet
  facet normal 0 0 -1
    outer loop
      vertex 83.27676120306789 20.130592791363988 134
      vertex 83.41765714851933 51.826666890849594 134
      vertex 83.41765714851933 20.173333109150406 134
    endloop
  endfacet
  facet normal 0 0 -1
    outer loop
      vertex 86.130592791364 18.723238796932115 134
      vertex 86.0787289481504 18.86103772282145 134
      vertex 86.130592791364 53.276761203067885 134
    endloop
  endfacet
  facet normal 0 0 -1
    outer loop
      vertex 85.6916395668277 19.483528083975155 134
      vertex 85.59099025766973 19.59099025766973 134
      vertex 85.6916395668277 52.51647191602485 134
    endloop
  endfacet
  facet normal 0 0 -1
    outer loop
      vertex 85.87080662768072 19.250033024294105 134
      vertex 85.78504501565529 19.36971321526962 134
      vertex 85.87080662768072 52.749966975705895 134
    endloop
  endfacet
  facet normal 0 0 -1
    outer loop
      vertex 85.6916395668277 19.483528083975155 134
      vertex 85.78504501565529 52.63028678473038 134
      vertex 85.78504501565529 19.36971321526962 134
    endloop
  endfacet
  facet normal 0 0 -1
    outer loop
      vertex 86.0787289481504 18.86103772282145 134
      vertex 86.01796366844854 18.995149552992753 134
      vertex 86.0787289481504 53.13896227717855 134
    endloop
  endfacet
  facet normal 0 0 -1
    outer loop
      vertex 85.87080662768072 19.250033024294105 134
      vertex 85.94855715851499 52.875 134
      vertex 85.94855715851499 19.125 134
    endloop
  endfacet
  facet normal 0 0 -1
    outer loop
      vertex 86.01796366844854 18.995149552992753 134
      vertex 85.94855715851499 19.125 134
      vertex 86.01796366844854 53.00485044700725 134
    endloop
  endfacet
  facet normal 0 0 -1
    outer loop
      vertex 83.41765714851933 20.173333109150406 134
      vertex 83.56104677546371 51.79323311909273 134
      vertex 83.56104677546371 20.206766880907267 134
    endloop
  endfacet
  facet normal 0 0 -1
    outer loop
      vertex 83.56104677546371 20.206766880907267 134
      vertex 83.70631606750489 51.76924906190893 134
      vertex 83.70631606750489 20.230750938091074 134
    endloop
  endfacet
  facet normal 0 0 -1
    outer loop
      vertex 83.70631606750489 20.230750938091074 134
      vertex 83.85284295923218 51.754817422713145 134
      vertex 83.85284295923218 20.245182577286858 134
    endloop
  endfacet
  facet normal 0 0 -1
    outer loop
      vertex 83.85284295923218 20.245182577286858 134
      vertex 84 51.75 134
      vertex 84 20.25 134
    endloop
  endfacet
  facet normal 0 0 -1
    outer loop
      vertex 84 20.25 134
      vertex 84.14715704076782 51.754817422713145 134
      vertex 84.14715704076782 20.245182577286858 134
    endloop
  endfacet
  facet normal 0 0 -1
    outer loop
      vertex 84.14715704076782 20.245182577286858 134
      vertex 84.29368393249511 51.76924906190893 134
      vertex 84.29368393249511 20.230750938091074 134
    endloop
  endfacet
  facet normal 0 0 -1
    outer loop
      vertex 84.29368393249511 20.230750938091074 134
      vertex 84.43895322453629 51.79323311909273 134
      vertex 84.43895322453629 20.206766880907267 134
    endloop
  endfacet
  facet normal 0 0 -1
    outer loop
      vertex 84.58234285148067 20.173333109150406 134
      vertex 84.43895322453629 20.206766880907267 134
      vertex 84.58234285148067 51.826666890849594 134
    endloop
  endfacet
  facet normal 0 0 -1
    outer loop
      vertex 84.58234285148067 20.173333109150406 134
      vertex 84.72323879693211 51.86940720863601 134
      vertex 84.72323879693211 20.130592791363988 134
    endloop
  endfacet
  facet normal 0 0 -1
    outer loop
      vertex 84.86103772282145 20.078728948150395 134
      vertex 84.99514955299276 51.98203633155145 134
      vertex 84.99514955299276 20.017963668448548 134
    endloop
  endfacet
  facet normal 0 0 -1
    outer loop
      vertex 85.125 19.948557158514987 134
      vertex 84.99514955299276 20.017963668448548 134
      vertex 85.125 52.05144284148501 134
    endloop
  endfacet
  facet normal 0 0 -1
    outer loop
      vertex 84.72323879693211 20.130592791363988 134
      vertex 84.86103772282145 51.92127105184961 134
      vertex 84.86103772282145 20.078728948150395 134
    endloop
  endfacet
  facet normal 0 0 -1
    outer loop
      vertex 85.25003302429411 19.870806627680725 134
      vertex 85.36971321526963 52.21495498434472 134
      vertex 85.36971321526963 19.785045015655278 134
    endloop
  endfacet
  facet normal 0 0 -1
    outer loop
      vertex 85.125 19.948557158514987 134
      vertex 85.25003302429411 52.12919337231927 134
      vertex 85.25003302429411 19.870806627680725 134
    endloop
  endfacet
  facet normal 0 0 -1
    outer loop
      vertex 85.48352808397516 19.6916395668277 134
      vertex 85.36971321526963 19.785045015655278 134
      vertex 85.48352808397516 52.308360433172304 134
    endloop
  endfacet
  facet normal 0 0 -1
    outer loop
      vertex 85.48352808397516 19.6916395668277 134
      vertex 85.59099025766973 52.40900974233027 134
      vertex 85.59099025766973 19.59099025766973 134
    endloop
  endfacet
  facet normal 0 0 -1
    outer loop
      vertex 92 4 134
      vertex 86.24518257728685 18.147157040767823 134
      vertex 92 72 134
    endloop
  endfacet
  facet normal 0 0 -1
    outer loop
      vertex 86.24518257728685 18.147157040767823 134
      vertex 86.23075093809108 18.293683932495117 134
      vertex 92 72 134
    endloop
  endfacet
  facet normal 0 0 -1
    outer loop
      vertex 86.23075093809108 18.293683932495117 134
      vertex 86.20676688090727 18.438953224536288 134
      vertex 92 72 134
    endloop
  endfacet
  facet normal 0 0 -1
    outer loop
      vertex 86.20676688090727 18.438953224536288 134
      vertex 86.1733331091504 18.58234285148067 134
      vertex 92 72 134
    endloop
  endfacet
  facet normal 0 0 -1
    outer loop
      vertex 86.1733331091504 18.58234285148067 134
      vertex 86.130592791364 18.723238796932115 134
      vertex 92 72 134
    endloop
  endfacet
  facet normal 0 0 1
    outer loop
      vertex 92 4 138
      vertex 83.13896227717855 15.921271051849605 138
      vertex 83.00485044700724 15.982036331551452 138
    endloop
  endfacet
  facet normal 0 0 1
    outer loop
      vertex 92 4 138
      vertex 83.41765714851933 15.826666890849596 138
      vertex 83.27676120306789 15.869407208636012 138
    endloop
  endfacet
  facet normal 0 0 1
    outer loop
      vertex 92 4 138
      vertex 83.27676120306789 15.869407208636012 138
      vertex 83.13896227717855 15.921271051849605 138
    endloop
  endfacet
  facet normal 0 0 1
    outer loop
      vertex 92 4 138
      vertex 82.875 16.051442841485013 138
      vertex 82.74996697570589 16.129193372319275 138
    endloop
  endfacet
  facet normal 0 0 1
    outer loop
      vertex 92 4 138
      vertex 83.00485044700724 15.982036331551452 138
      vertex 82.875 16.051442841485013 138
    endloop
  endfacet
  facet normal 0 0 1
    outer loop
      vertex 92 4 138
      vertex 83.70631606750489 15.769249061908926 138
      vertex 83.56104677546371 15.793233119092731 138
    endloop
  endfacet
  facet normal 0 0 1
    outer loop
      vertex 92 4 138
      vertex 83.56104677546371 15.793233119092731 138
      vertex 83.41765714851933 15.826666890849596 138
    endloop
  endfacet
  facet normal 0 0 1
    outer loop
      vertex 92 4 138
      vertex 83.85284295923218 15.754817422713142 138
      vertex 83.70631606750489 15.769249061908926 138
    endloop
  endfacet
  facet normal 0 0 1
    outer loop
      vertex 92 4 138
      vertex 84.14715704076782 15.754817422713142 138
      vertex 84 15.75 138
    endloop
  endfacet
  facet normal 0 0 1
    outer loop
      vertex 92 4 138
      vertex 84 15.75 138
      vertex 83.85284295923218 15.754817422713142 138
    endloop
  endfacet
  facet normal 0 0 1
    outer loop
      vertex 92 4 138
      vertex 84.43895322453629 15.793233119092731 138
      vertex 84.29368393249511 15.769249061908926 138
    endloop
  endfacet
  facet normal 0 0 1
    outer loop
      vertex 92 4 138
      vertex 84.29368393249511 15.769249061908926 138
      vertex 84.14715704076782 15.754817422713142 138
    endloop
  endfacet
  facet normal 0 0 1
    outer loop
      vertex 92 4 138
      vertex 84.58234285148067 15.826666890849596 138
      vertex 84.43895322453629 15.793233119092731 138
    endloop
  endfacet
  facet normal 0 0 1
    outer loop
      vertex 92 4 138
      vertex 84.72323879693211 15.869407208636012 138
      vertex 84.58234285148067 15.826666890849596 138
    endloop
  endfacet
  facet normal 0 0 1
    outer loop
      vertex 92 4 138
      vertex 84.99514955299276 15.982036331551452 138
      vertex 84.86103772282145 15.921271051849605 138
    endloop
  endfacet
  facet normal 0 0 1
    outer loop
      vertex 92 4 138
      vertex 84.86103772282145 15.921271051849605 138
      vertex 84.72323879693211 15.869407208636012 138
    endloop
  endfacet
  facet normal 0 0 1
    outer loop
      vertex 92 4 138
      vertex 85.125 16.051442841485013 138
      vertex 84.99514955299276 15.982036331551452 138
    endloop
  endfacet
  facet normal 0 0 1
    outer loop
      vertex 92 4 138
      vertex 85.25003302429411 16.129193372319275 138
      vertex 85.125 16.051442841485013 138
    endloop
  endfacet
  facet normal 0 0 1
    outer loop
      vertex 92 4 138
      vertex 85.36971321526963 16.214954984344722 138
      vertex 85.25003302429411 16.129193372319275 138
    endloop
  endfacet
  facet normal 0 0 1
    outer loop
      vertex 92 4 138
      vertex 85.48352808397516 16.3083604331723 138
      vertex 85.36971321526963 16.214954984344722 138
    endloop
  endfacet
  facet normal 0 0 1
    outer loop
      vertex 92 4 138
      vertex 85.59099025766973 16.40900974233027 138
      vertex 85.48352808397516 16.3083604331723 138
    endloop
  endfacet
  facet normal 0 0 1
    outer loop
      vertex 92 4 138
      vertex 85.6916395668277 16.516471916024845 138
      vertex 85.59099025766973 16.40900974233027 138
    endloop
  endfacet
  facet normal 0 0 1
    outer loop
      vertex 92 4 138
      vertex 85.78504501565529 16.63028678473038 138
      vertex 85.6916395668277 16.516471916024845 138
    endloop
  endfacet
  facet normal 0 0 1
    outer loop
      vertex 92 4 138
      vertex 85.87080662768072 16.749966975705895 138
      vertex 85.78504501565529 16.63028678473038 138
    endloop
  endfacet
  facet normal 0 0 1
    outer loop
      vertex 92 4 138
      vertex 85.94855715851499 16.875 138
      vertex 85.87080662768072 16.749966975705895 138
    endloop
  endfacet
  facet normal 0 0 1
    outer loop
      vertex 92 4 138
      vertex 86.01796366844854 17.004850447007247 138
      vertex 85.94855715851499 16.875 138
    endloop
  endfacet
  facet normal 0 0 1
    outer loop
      vertex 92 4 138
      vertex 86.0787289481504 17.13896227717855 138
      vertex 86.01796366844854 17.004850447007247 138
    endloop
  endfacet
  facet normal 0 0 1
    outer loop
      vertex 92 4 138
      vertex 86.130592791364 17.276761203067885 138
      vertex 86.0787289481504 17.13896227717855 138
    endloop
  endfacet
  facet normal 0 0 1
    outer loop
      vertex 92 4 138
      vertex 86.1733331091504 17.41765714851933 138
      vertex 86.130592791364 17.276761203067885 138
    endloop
  endfacet
  facet normal 0 0 1
    outer loop
      vertex 92 4 138
      vertex 86.20676688090727 17.561046775463712 138
      vertex 86.1733331091504 17.41765714851933 138
    endloop
  endfacet
  facet normal 0 0 1
    outer loop
      vertex 92 4 138
      vertex 86.23075093809108 17.706316067504883 138
      vertex 86.20676688090727 17.561046775463712 138
    endloop
  endfacet
  facet normal 0 0 1
    outer loop
      vertex 92 4 138
      vertex 86.24518257728685 17.852842959232177 138
      vertex 86.23075093809108 17.706316067504883 138
    endloop
  endfacet
  facet normal 0 0 1
    outer loop
      vertex 92 4 138
      vertex 86.25 18 138
      vertex 86.24518257728685 17.852842959232177 138
    endloop
  endfacet
  facet normal 1 0 0
    outer loop
      vertex 92 4 134
      vertex 92 72 138
      vertex 92 4 138
    endloop
  endfacet
  facet normal 0 0 1
    outer loop
      vertex 92 4 138
      vertex 82.74996697570589 16.129193372319275 138
      vertex -9.675 72 138
    endloop
  endfacet
  facet normal 0 0 1
    outer loop
      vertex 82.40900974233027 16.40900974233027 138
      vertex 82.3083604331723 16.516471916024845 138
      vertex -9.675 72 138
    endloop
  endfacet
  facet normal 0 0 1
    outer loop
      vertex 82.21495498434471 16.63028678473038 138
      vertex -9.675 72 138
      vertex 82.3083604331723 16.516471916024845 138
    endloop
  endfacet
  facet normal 0 0 1
    outer loop
      vertex 82.21495498434471 16.63028678473038 138
      vertex 82.12919337231928 16.749966975705895 138
      vertex -9.675 72 138
    endloop
  endfacet
  facet normal 0 0 1
    outer loop
      vertex 82.05144284148501 16.875 138
      vertex -9.675 72 138
      vertex 82.12919337231928 16.749966975705895 138
    endloop
  endfacet
  facet normal 0 0 1
    outer loop
      vertex 82.05144284148501 16.875 138
      vertex 81.98203633155146 17.004850447007247 138
      vertex -9.675 72 138
    endloop
  endfacet
  facet normal 0 0 1
    outer loop
      vertex 81.9212710518496 17.13896227717855 138
      vertex 81.869407208636 17.276761203067885 138
      vertex -9.675 72 138
    endloop
  endfacet
  facet normal 0 0 1
    outer loop
      vertex 81.869407208636 17.276761203067885 138
      vertex 81.8266668908496 17.41765714851933 138
      vertex -9.675 72 138
    endloop
  endfacet
  facet normal 0 0 1
    outer loop
      vertex 81.9212710518496 17.13896227717855 138
      vertex -9.675 72 138
      vertex 81.98203633155146 17.004850447007247 138
    endloop
  endfacet
  facet normal 0 0 1
    outer loop
      vertex 81.8266668908496 17.41765714851933 138
      vertex 81.79323311909273 17.561046775463712 138
      vertex -9.675 72 138
    endloop
  endfacet
  facet normal 0 0 1
    outer loop
      vertex 81.79323311909273 17.561046775463712 138
      vertex 81.76924906190892 17.706316067504883 138
      vertex -9.675 72 138
    endloop
  endfacet
  facet normal 0 0 1
    outer loop
      vertex 81.76924906190892 17.706316067504883 138
      vertex 81.75481742271315 17.852842959232177 138
      vertex -9.675 72 138
    endloop
  endfacet
  facet normal 0 0 1
    outer loop
      vertex 81.75481742271315 17.852842959232177 138
      vertex 81.75 18 138
      vertex -9.675 72 138
    endloop
  endfacet
  facet normal 0 0 1
    outer loop
      vertex 81.75 18 138
      vertex 81.75481742271315 18.147157040767823 138
      vertex -9.675 72 138
    endloop
  endfacet
  facet normal 0 0 1
    outer loop
      vertex 81.75481742271315 18.147157040767823 138
      vertex 81.76924906190892 18.293683932495117 138
      vertex -9.675 72 138
    endloop
  endfacet
  facet normal 0 0 1
    outer loop
      vertex 81.76924906190892 18.293683932495117 138
      vertex 81.79323311909273 18.438953224536288 138
      vertex -9.675 72 138
    endloop
  endfacet
  facet normal 0 0 1
    outer loop
      vertex 81.79323311909273 18.438953224536288 138
      vertex 81.8266668908496 18.58234285148067 138
      vertex -9.675 72 138
    endloop
  endfacet
  facet normal 0 0 1
    outer loop
      vertex 81.8266668908496 18.58234285148067 138
      vertex 81.869407208636 18.723238796932115 138
      vertex -9.675 72 138
    endloop
  endfacet
  facet normal 0 0 1
    outer loop
      vertex 81.869407208636 18.723238796932115 138
      vertex 81.9212710518496 18.86103772282145 138
      vertex -9.675 72 138
    endloop
  endfacet
  facet normal 0 0 1
    outer loop
      vertex 82.63028678473037 16.214954984344722 138
      vertex -9.675 72 138
      vertex 82.74996697570589 16.129193372319275 138
    endloop
  endfacet
  facet normal 0 0 1
    outer loop
      vertex 82.63028678473037 16.214954984344722 138
      vertex 82.51647191602484 16.3083604331723 138
      vertex -9.675 72 138
    endloop
  endfacet
  facet normal 0 0 1
    outer loop
      vertex 82.40900974233027 16.40900974233027 138
      vertex -9.675 72 138
      vertex 82.51647191602484 16.3083604331723 138
    endloop
  endfacet
  facet normal 0 0 1
    outer loop
      vertex 92 4 138
      vertex 86.25 54 138
      vertex 86.25 18 138
    endloop
  endfacet
  facet normal 0 0 1
    outer loop
      vertex 81.9212710518496 18.86103772282145 138
      vertex 81.98203633155146 18.995149552992753 138
      vertex 81.9212710518496 53.13896227717855 138
    endloop
  endfacet
  facet normal 0 0 1
    outer loop
      vertex 82.05144284148501 19.125 138
      vertex 82.12919337231928 19.250033024294105 138
      vertex 82.05144284148501 52.875 138
    endloop
  endfacet
  facet normal 0 0 1
    outer loop
      vertex 81.98203633155146 18.995149552992753 138
      vertex 82.05144284148501 19.125 138
      vertex 81.98203633155146 53.00485044700725 138
    endloop
  endfacet
  facet normal 0 0 1
    outer loop
      vertex 82.12919337231928 19.250033024294105 138
      vertex 82.21495498434471 19.36971321526962 138
      vertex 82.12919337231928 52.749966975705895 138
    endloop
  endfacet
  facet normal 0 0 1
    outer loop
      vertex 82.21495498434471 19.36971321526962 138
      vertex 82.3083604331723 19.483528083975155 138
      vertex 82.21495498434471 52.63028678473038 138
    endloop
  endfacet
  facet normal 0 0 1
    outer loop
      vertex 82.3083604331723 19.483528083975155 138
      vertex 82.40900974233027 19.59099025766973 138
      vertex 82.3083604331723 52.51647191602485 138
    endloop
  endfacet
  facet normal 0 0 1
    outer loop
      vertex 82.40900974233027 19.59099025766973 138
      vertex 82.51647191602484 19.6916395668277 138
      vertex 82.40900974233027 52.40900974233027 138
    endloop
  endfacet
  facet normal 0 0 1
    outer loop
      vertex 82.51647191602484 19.6916395668277 138
      vertex 82.63028678473037 19.785045015655278 138
      vertex 82.51647191602484 52.308360433172304 138
    endloop
  endfacet
  facet normal 0 0 1
    outer loop
      vertex 82.63028678473037 19.785045015655278 138
      vertex 82.74996697570589 19.870806627680725 138
      vertex 82.63028678473037 52.21495498434472 138
    endloop
  endfacet
  facet normal 0 0 1
    outer loop
      vertex 82.74996697570589 19.870806627680725 138
      vertex 82.875 19.948557158514987 138
      vertex 82.74996697570589 52.12919337231927 138
    endloop
  endfacet
  facet normal 0 0 1
    outer loop
      vertex 82.875 19.948557158514987 138
      vertex 83.00485044700724 20.017963668448548 138
      vertex 82.875 52.05144284148501 138
    endloop
  endfacet
  facet normal 0 0 1
    outer loop
      vertex 83.00485044700724 20.017963668448548 138
      vertex 83.13896227717855 20.078728948150395 138
      vertex 83.00485044700724 51.98203633155145 138
    endloop
  endfacet
  facet normal 0 0 1
    outer loop
      vertex 83.13896227717855 20.078728948150395 138
      vertex 83.27676120306789 20.130592791363988 138
      vertex 83.13896227717855 51.92127105184961 138
    endloop
  endfacet
  facet normal 0 0 1
    outer loop
      vertex 83.27676120306789 20.130592791363988 138
      vertex 83.41765714851933 20.173333109150406 138
      vertex 83.27676120306789 51.86940720863601 138
    endloop
  endfacet
  facet normal 0 0 1
    outer loop
      vertex 86.24518257728685 18.147157040767823 138
      vertex 86.25 18 138
      vertex 86.24518257728685 53.85284295923218 138
    endloop
  endfacet
  facet normal 0 0 1
    outer loop
      vertex 85.48352808397516 19.6916395668277 138
      vertex 85.59099025766973 19.59099025766973 138
      vertex 85.48352808397516 52.308360433172304 138
    endloop
  endfacet
  facet normal 0 0 1
    outer loop
      vertex 86.24518257728685 18.147157040767823 138
      vertex 86.23075093809108 53.706316067504886 138
      vertex 86.23075093809108 18.293683932495117 138
    endloop
  endfacet
  facet normal 0 0 1
    outer loop
      vertex 86.23075093809108 18.293683932495117 138
      vertex 86.20676688090727 53.56104677546371 138
      vertex 86.20676688090727 18.438953224536288 138
    endloop
  endfacet
  facet normal 0 0 1
    outer loop
      vertex 86.20676688090727 18.438953224536288 138
      vertex 86.1733331091504 53.417657148519325 138
      vertex 86.1733331091504 18.58234285148067 138
    endloop
  endfacet
  facet normal 0 0 1
    outer loop
      vertex 86.0787289481504 18.86103772282145 138
      vertex 86.01796366844854 53.00485044700725 138
      vertex 86.01796366844854 18.995149552992753 138
    endloop
  endfacet
  facet normal 0 0 1
    outer loop
      vertex 86.1733331091504 18.58234285148067 138
      vertex 86.130592791364 53.276761203067885 138
      vertex 86.130592791364 18.723238796932115 138
    endloop
  endfacet
  facet normal 0 0 1
    outer loop
      vertex 86.130592791364 18.723238796932115 138
      vertex 86.0787289481504 53.13896227717855 138
      vertex 86.0787289481504 18.86103772282145 138
    endloop
  endfacet
  facet normal 0 0 1
    outer loop
      vertex 85.87080662768072 19.250033024294105 138
      vertex 85.78504501565529 52.63028678473038 138
      vertex 85.78504501565529 19.36971321526962 138
    endloop
  endfacet
  facet normal 0 0 1
    outer loop
      vertex 85.6916395668277 19.483528083975155 138
      vertex 85.59099025766973 52.40900974233027 138
      vertex 85.59099025766973 19.59099025766973 138
    endloop
  endfacet
  facet normal 0 0 1
    outer loop
      vertex 85.6916395668277 19.483528083975155 138
      vertex 85.78504501565529 19.36971321526962 138
      vertex 85.6916395668277 52.51647191602485 138
    endloop
  endfacet
  facet normal 0 0 1
    outer loop
      vertex 86.01796366844854 18.995149552992753 138
      vertex 85.94855715851499 52.875 138
      vertex 85.94855715851499 19.125 138
    endloop
  endfacet
  facet normal 0 0 1
    outer loop
      vertex 85.87080662768072 19.250033024294105 138
      vertex 85.94855715851499 19.125 138
      vertex 85.87080662768072 52.749966975705895 138
    endloop
  endfacet
  facet normal 0 0 1
    outer loop
      vertex 83.41765714851933 20.173333109150406 138
      vertex 83.56104677546371 20.206766880907267 138
      vertex 83.41765714851933 51.826666890849594 138
    endloop
  endfacet
  facet normal 0 0 1
    outer loop
      vertex 83.56104677546371 20.206766880907267 138
      vertex 83.70631606750489 20.230750938091074 138
      vertex 83.56104677546371 51.79323311909273 138
    endloop
  endfacet
  facet normal 0 0 1
    outer loop
      vertex 83.85284295923218 20.245182577286858 138
      vertex 84 20.25 138
      vertex 83.85284295923218 51.754817422713145 138
    endloop
  endfacet
  facet normal 0 0 1
    outer loop
      vertex 83.70631606750489 20.230750938091074 138
      vertex 83.85284295923218 20.245182577286858 138
      vertex 83.70631606750489 51.76924906190893 138
    endloop
  endfacet
  facet normal 0 0 1
    outer loop
      vertex 84 20.25 138
      vertex 84.14715704076782 20.245182577286858 138
      vertex 84 51.75 138
    endloop
  endfacet
  facet normal 0 0 1
    outer loop
      vertex 84.14715704076782 20.245182577286858 138
      vertex 84.29368393249511 20.230750938091074 138
      vertex 84.14715704076782 51.754817422713145 138
    endloop
  endfacet
  facet normal 0 0 1
    outer loop
      vertex 84.29368393249511 20.230750938091074 138
      vertex 84.43895322453629 20.206766880907267 138
      vertex 84.29368393249511 51.76924906190893 138
    endloop
  endfacet
  facet normal 0 0 1
    outer loop
      vertex 84.72323879693211 20.130592791363988 138
      vertex 84.86103772282145 20.078728948150395 138
      vertex 84.72323879693211 51.86940720863601 138
    endloop
  endfacet
  facet normal 0 0 1
    outer loop
      vertex 84.58234285148067 20.173333109150406 138
      vertex 84.72323879693211 20.130592791363988 138
      vertex 84.58234285148067 51.826666890849594 138
    endloop
  endfacet
  facet normal 0 0 1
    outer loop
      vertex 84.58234285148067 20.173333109150406 138
      vertex 84.43895322453629 51.79323311909273 138
      vertex 84.43895322453629 20.206766880907267 138
    endloop
  endfacet
  facet normal 0 0 1
    outer loop
      vertex 84.86103772282145 20.078728948150395 138
      vertex 84.99514955299276 20.017963668448548 138
      vertex 84.86103772282145 51.92127105184961 138
    endloop
  endfacet
  facet normal 0 0 1
    outer loop
      vertex 85.125 19.948557158514987 138
      vertex 85.25003302429411 19.870806627680725 138
      vertex 85.125 52.05144284148501 138
    endloop
  endfacet
  facet normal 0 0 1
    outer loop
      vertex 85.125 19.948557158514987 138
      vertex 84.99514955299276 51.98203633155145 138
      vertex 84.99514955299276 20.017963668448548 138
    endloop
  endfacet
  facet normal 0 0 1
    outer loop
      vertex 85.25003302429411 19.870806627680725 138
      vertex 85.36971321526963 19.785045015655278 138
      vertex 85.25003302429411 52.12919337231927 138
    endloop
  endfacet
  facet normal 0 0 1
    outer loop
      vertex 85.48352808397516 19.6916395668277 138
      vertex 85.36971321526963 52.21495498434472 138
      vertex 85.36971321526963 19.785045015655278 138
    endloop
  endfacet
  facet normal 0 0 -1
    outer loop
      vertex 82.21495498434471 19.36971321526962 134
      vertex 16.345628594077315 63.306667563398385 134
      vertex 16.919187101854845 63.172932476370924 134
    endloop
  endfacet
  facet normal 0 0 -1
    outer loop
      vertex 82.21495498434471 19.36971321526962 134
      vertex 16.919187101854845 63.172932476370924 134
      vertex 17.500264270019535 63.076996247635705 134
    endloop
  endfacet
  facet normal 0 0 -1
    outer loop
      vertex 82.21495498434471 19.36971321526962 134
      vertex 15.782044812271547 63.47762883454405 134
      vertex 16.345628594077315 63.306667563398385 134
    endloop
  endfacet
  facet normal 0 0 -1
    outer loop
      vertex 20.430812898145156 63.172932476370924 134
      vertex 21.004371405922686 63.306667563398385 134
      vertex 54.269187101854854 63.172932476370924 134
    endloop
  endfacet
  facet normal 0 0 -1
    outer loop
      vertex 21.004371405922686 63.306667563398385 134
      vertex 21.567955187728455 63.47762883454405 134
      vertex 53.69562859407732 63.306667563398385 134
    endloop
  endfacet
  facet normal 0 0 -1
    outer loop
      vertex 81.75 54 134
      vertex 17.500264270019535 63.076996247635705 134
      vertex 18.086371836928713 63.01926969085257 134
    endloop
  endfacet
  facet normal 0 0 -1
    outer loop
      vertex 83.70631606750489 56.23075093809107 134
      vertex 18.086371836928713 63.01926969085257 134
      vertex 18.675 63 134
    endloop
  endfacet
  facet normal 0 0 -1
    outer loop
      vertex 83.85284295923218 56.245182577286855 134
      vertex 18.675 63 134
      vertex 19.26362816307129 63.01926969085257 134
    endloop
  endfacet
  facet normal 0 0 -1
    outer loop
      vertex 83.85284295923218 56.245182577286855 134
      vertex 19.26362816307129 63.01926969085257 134
      vertex 19.849735729980466 63.076996247635705 134
    endloop
  endfacet
  facet normal 0 0 -1
    outer loop
      vertex 83.85284295923218 56.245182577286855 134
      vertex 19.849735729980466 63.076996247635705 134
      vertex 20.430812898145156 63.172932476370924 134
    endloop
  endfacet
  facet normal 0 0 -1
    outer loop
      vertex 21.004371405922686 63.306667563398385 134
      vertex 53.69562859407732 63.306667563398385 134
      vertex 54.269187101854854 63.172932476370924 134
    endloop
  endfacet
  facet normal 0 0 -1
    outer loop
      vertex 21.567955187728455 63.47762883454405 134
      vertex 53.13204481227155 63.47762883454405 134
      vertex 53.69562859407732 63.306667563398385 134
    endloop
  endfacet
  facet normal 0 0 -1
    outer loop
      vertex 21.567955187728455 63.47762883454405 134
      vertex 22.11915089128581 63.68508420739842 134
      vertex 53.13204481227155 63.47762883454405 134
    endloop
  endfacet
  facet normal 0 0 -1
    outer loop
      vertex 22.11915089128581 63.68508420739842 134
      vertex 22.65559821197101 63.92814532620581 134
      vertex 52.5808491087142 63.68508420739842 134
    endloop
  endfacet
  facet normal 0 0 -1
    outer loop
      vertex 22.65559821197101 63.92814532620581 134
      vertex 23.175 64.20577136594005 134
      vertex 52.04440178802899 63.92814532620581 134
    endloop
  endfacet
  facet normal 0 0 -1
    outer loop
      vertex 23.175 64.20577136594005 134
      vertex 23.67513209717642 64.5167734892771 134
      vertex 51.525000000000006 64.20577136594005 134
    endloop
  endfacet
  facet normal 0 0 -1
    outer loop
      vertex 23.67513209717642 64.5167734892771 134
      vertex 24.153852861078487 64.85981993737889 134
      vertex 51.02486790282359 64.5167734892771 134
    endloop
  endfacet
  facet normal 0 0 -1
    outer loop
      vertex 24.153852861078487 64.85981993737889 134
      vertex 24.60911233590062 65.2334417326892 134
      vertex 50.54614713892152 64.85981993737889 134
    endloop
  endfacet
  facet normal 0 0 -1
    outer loop
      vertex 24.60911233590062 65.2334417326892 134
      vertex 25.03896103067893 65.63603896932108 134
      vertex 50.090887664099384 65.2334417326892 134
    endloop
  endfacet
  facet normal 0 0 -1
    outer loop
      vertex 25.03896103067893 65.63603896932108 134
      vertex 25.441558267310796 66.06588766409938 134
      vertex 49.661038969321076 65.63603896932108 134
    endloop
  endfacet
  facet normal 0 0 -1
    outer loop
      vertex 25.441558267310796 66.06588766409938 134
      vertex 25.815180062621117 66.52114713892152 134
      vertex 49.25844173268921 66.06588766409938 134
    endloop
  endfacet
  facet normal 0 0 -1
    outer loop
      vertex 25.815180062621117 66.52114713892152 134
      vertex 26.15822651072291 66.99986790282358 134
      vertex 48.88481993737889 66.52114713892152 134
    endloop
  endfacet
  facet normal 0 0 -1
    outer loop
      vertex 26.15822651072291 66.99986790282358 134
      vertex 26.46922863405995 67.5 134
      vertex 48.5417734892771 66.99986790282358 134
    endloop
  endfacet
  facet normal 0 0 -1
    outer loop
      vertex 26.46922863405995 67.5 134
      vertex 26.746854673794196 68.01940178802899 134
      vertex 48.23077136594006 67.5 134
    endloop
  endfacet
  facet normal 0 0 -1
    outer loop
      vertex 26.746854673794196 68.01940178802899 134
      vertex 26.98991579260158 68.5558491087142 134
      vertex 47.953145326205814 68.01940178802899 134
    endloop
  endfacet
  facet normal 0 0 -1
    outer loop
      vertex 26.98991579260158 68.5558491087142 134
      vertex 27.19737116545595 69.10704481227154 134
      vertex 47.710084207398424 68.5558491087142 134
    endloop
  endfacet
  facet normal 0 0 -1
    outer loop
      vertex 27.19737116545595 69.10704481227154 134
      vertex 27.368332436601616 69.67062859407731 134
      vertex 47.502628834544055 69.10704481227154 134
    endloop
  endfacet
  facet normal 0 0 -1
    outer loop
      vertex 27.368332436601616 69.67062859407731 134
      vertex 27.502067523629073 70.24418710185485 134
      vertex 47.33166756339839 69.67062859407731 134
    endloop
  endfacet
  facet normal 0 0 -1
    outer loop
      vertex 27.502067523629073 70.24418710185485 134
      vertex 27.598003752364292 70.82526427001953 134
      vertex 47.19793247637093 70.24418710185485 134
    endloop
  endfacet
  facet normal 0 0 -1
    outer loop
      vertex 27.598003752364292 70.82526427001953 134
      vertex 27.65573030914743 71.41137183692871 134
      vertex 47.10199624763571 70.82526427001953 134
    endloop
  endfacet
  facet normal 0 0 -1
    outer loop
      vertex 27.65573030914743 71.41137183692871 134
      vertex 27.675 72 134
      vertex 47.04426969085257 71.41137183692871 134
    endloop
  endfacet
  facet normal 0 0 -1
    outer loop
      vertex 22.11915089128581 63.68508420739842 134
      vertex 52.5808491087142 63.68508420739842 134
      vertex 53.13204481227155 63.47762883454405 134
    endloop
  endfacet
  facet normal 0 0 -1
    outer loop
      vertex 22.65559821197101 63.92814532620581 134
      vertex 52.04440178802899 63.92814532620581 134
      vertex 52.5808491087142 63.68508420739842 134
    endloop
  endfacet
  facet normal 0 0 -1
    outer loop
      vertex 23.175 64.20577136594005 134
      vertex 51.525000000000006 64.20577136594005 134
      vertex 52.04440178802899 63.92814532620581 134
    endloop
  endfacet
  facet normal 0 0 -1
    outer loop
      vertex 23.67513209717642 64.5167734892771 134
      vertex 51.02486790282359 64.5167734892771 134
      vertex 51.525000000000006 64.20577136594005 134
    endloop
  endfacet
  facet normal 0 0 -1
    outer loop
      vertex 25.03896103067893 65.63603896932108 134
      vertex 49.661038969321076 65.63603896932108 134
      vertex 50.090887664099384 65.2334417326892 134
    endloop
  endfacet
  facet normal 0 0 -1
    outer loop
      vertex 24.153852861078487 64.85981993737889 134
      vertex 50.54614713892152 64.85981993737889 134
      vertex 51.02486790282359 64.5167734892771 134
    endloop
  endfacet
  facet normal 0 0 -1
    outer loop
      vertex 24.60911233590062 65.2334417326892 134
      vertex 50.090887664099384 65.2334417326892 134
      vertex 50.54614713892152 64.85981993737889 134
    endloop
  endfacet
  facet normal 0 0 -1
    outer loop
      vertex 25.441558267310796 66.06588766409938 134
      vertex 49.25844173268921 66.06588766409938 134
      vertex 49.661038969321076 65.63603896932108 134
    endloop
  endfacet
  facet normal 0 0 -1
    outer loop
      vertex 25.815180062621117 66.52114713892152 134
      vertex 48.88481993737889 66.52114713892152 134
      vertex 49.25844173268921 66.06588766409938 134
    endloop
  endfacet
  facet normal 0 0 -1
    outer loop
      vertex 26.15822651072291 66.99986790282358 134
      vertex 48.5417734892771 66.99986790282358 134
      vertex 48.88481993737889 66.52114713892152 134
    endloop
  endfacet
  facet normal 0 0 -1
    outer loop
      vertex 26.46922863405995 67.5 134
      vertex 48.23077136594006 67.5 134
      vertex 48.5417734892771 66.99986790282358 134
    endloop
  endfacet
  facet normal 0 0 -1
    outer loop
      vertex 26.746854673794196 68.01940178802899 134
      vertex 47.953145326205814 68.01940178802899 134
      vertex 48.23077136594006 67.5 134
    endloop
  endfacet
  facet normal 0 0 -1
    outer loop
      vertex 26.98991579260158 68.5558491087142 134
      vertex 47.710084207398424 68.5558491087142 134
      vertex 47.953145326205814 68.01940178802899 134
    endloop
  endfacet
  facet normal 0 0 -1
    outer loop
      vertex 27.19737116545595 69.10704481227154 134
      vertex 47.502628834544055 69.10704481227154 134
      vertex 47.710084207398424 68.5558491087142 134
    endloop
  endfacet
  facet normal 0 0 -1
    outer loop
      vertex 27.368332436601616 69.67062859407731 134
      vertex 47.33166756339839 69.67062859407731 134
      vertex 47.502628834544055 69.10704481227154 134
    endloop
  endfacet
  facet normal 0 0 -1
    outer loop
      vertex 27.502067523629073 70.24418710185485 134
      vertex 47.19793247637093 70.24418710185485 134
      vertex 47.33166756339839 69.67062859407731 134
    endloop
  endfacet
  facet normal 0 0 -1
    outer loop
      vertex 27.598003752364292 70.82526427001953 134
      vertex 47.10199624763571 70.82526427001953 134
      vertex 47.19793247637093 70.24418710185485 134
    endloop
  endfacet
  facet normal 0 0 -1
    outer loop
      vertex 27.65573030914743 71.41137183692871 134
      vertex 47.04426969085257 71.41137183692871 134
      vertex 47.10199624763571 70.82526427001953 134
    endloop
  endfacet
  facet normal 0 0 -1
    outer loop
      vertex 27.675 72 134
      vertex 47.025000000000006 72 134
      vertex 47.04426969085257 71.41137183692871 134
    endloop
  endfacet
  facet normal 0 0 -1
    outer loop
      vertex 82.21495498434471 19.36971321526962 134
      vertex 17.500264270019535 63.076996247635705 134
      vertex 81.75 54 134
    endloop
  endfacet
  facet normal 0 0 -1
    outer loop
      vertex 82.21495498434471 19.36971321526962 134
      vertex 81.76924906190892 53.706316067504886 134
      vertex 81.79323311909273 53.56104677546371 134
    endloop
  endfacet
  facet normal 0 0 -1
    outer loop
      vertex 82.40900974233027 19.59099025766973 134
      vertex 82.40900974233027 52.40900974233027 134
      vertex 82.51647191602484 52.308360433172304 134
    endloop
  endfacet
  facet normal 0 0 -1
    outer loop
      vertex 82.51647191602484 19.6916395668277 134
      vertex 82.51647191602484 52.308360433172304 134
      vertex 82.63028678473037 52.21495498434472 134
    endloop
  endfacet
  facet normal 0 0 -1
    outer loop
      vertex 82.21495498434471 19.36971321526962 134
      vertex 82.21495498434471 52.63028678473038 134
      vertex 82.3083604331723 52.51647191602485 134
    endloop
  endfacet
  facet normal 0 0 -1
    outer loop
      vertex 82.21495498434471 19.36971321526962 134
      vertex 82.12919337231928 52.749966975705895 134
      vertex 82.21495498434471 52.63028678473038 134
    endloop
  endfacet
  facet normal 0 0 -1
    outer loop
      vertex 82.21495498434471 19.36971321526962 134
      vertex 82.05144284148501 52.875 134
      vertex 82.12919337231928 52.749966975705895 134
    endloop
  endfacet
  facet normal 0 0 -1
    outer loop
      vertex 82.3083604331723 19.483528083975155 134
      vertex 82.3083604331723 52.51647191602485 134
      vertex 82.40900974233027 52.40900974233027 134
    endloop
  endfacet
  facet normal 0 0 -1
    outer loop
      vertex 82.63028678473037 19.785045015655278 134
      vertex 82.63028678473037 52.21495498434472 134
      vertex 82.74996697570589 52.12919337231927 134
    endloop
  endfacet
  facet normal 0 0 -1
    outer loop
      vertex 82.74996697570589 19.870806627680725 134
      vertex 82.74996697570589 52.12919337231927 134
      vertex 82.875 52.05144284148501 134
    endloop
  endfacet
  facet normal 0 0 -1
    outer loop
      vertex 82.875 19.948557158514987 134
      vertex 82.875 52.05144284148501 134
      vertex 83.00485044700724 51.98203633155145 134
    endloop
  endfacet
  facet normal 0 0 -1
    outer loop
      vertex 83.13896227717855 20.078728948150395 134
      vertex 83.13896227717855 51.92127105184961 134
      vertex 83.27676120306789 51.86940720863601 134
    endloop
  endfacet
  facet normal 0 0 -1
    outer loop
      vertex 83.00485044700724 20.017963668448548 134
      vertex 83.00485044700724 51.98203633155145 134
      vertex 83.13896227717855 51.92127105184961 134
    endloop
  endfacet
  facet normal 0 0 -1
    outer loop
      vertex 83.27676120306789 20.130592791363988 134
      vertex 83.27676120306789 51.86940720863601 134
      vertex 83.41765714851933 51.826666890849594 134
    endloop
  endfacet
  facet normal 0 0 -1
    outer loop
      vertex 82.21495498434471 19.36971321526962 134
      vertex 81.98203633155146 53.00485044700725 134
      vertex 82.05144284148501 52.875 134
    endloop
  endfacet
  facet normal 0 0 -1
    outer loop
      vertex 82.21495498434471 19.36971321526962 134
      vertex 81.9212710518496 53.13896227717855 134
      vertex 81.98203633155146 53.00485044700725 134
    endloop
  endfacet
  facet normal 0 0 -1
    outer loop
      vertex 82.21495498434471 19.36971321526962 134
      vertex 81.869407208636 53.276761203067885 134
      vertex 81.9212710518496 53.13896227717855 134
    endloop
  endfacet
  facet normal 0 0 -1
    outer loop
      vertex 82.21495498434471 19.36971321526962 134
      vertex 81.8266668908496 53.417657148519325 134
      vertex 81.869407208636 53.276761203067885 134
    endloop
  endfacet
  facet normal 0 0 -1
    outer loop
      vertex 82.21495498434471 19.36971321526962 134
      vertex 81.79323311909273 53.56104677546371 134
      vertex 81.8266668908496 53.417657148519325 134
    endloop
  endfacet
  facet normal 0 0 -1
    outer loop
      vertex 83.41765714851933 20.173333109150406 134
      vertex 83.41765714851933 51.826666890849594 134
      vertex 83.56104677546371 51.79323311909273 134
    endloop
  endfacet
  facet normal 0 0 -1
    outer loop
      vertex 83.56104677546371 20.206766880907267 134
      vertex 83.56104677546371 51.79323311909273 134
      vertex 83.70631606750489 51.76924906190893 134
    endloop
  endfacet
  facet normal 0 0 -1
    outer loop
      vertex 83.70631606750489 20.230750938091074 134
      vertex 83.70631606750489 51.76924906190893 134
      vertex 83.85284295923218 51.754817422713145 134
    endloop
  endfacet
  facet normal 0 0 -1
    outer loop
      vertex 83.85284295923218 20.245182577286858 134
      vertex 83.85284295923218 51.754817422713145 134
      vertex 84 51.75 134
    endloop
  endfacet
  facet normal 0 0 -1
    outer loop
      vertex 84 20.25 134
      vertex 84 51.75 134
      vertex 84.14715704076782 51.754817422713145 134
    endloop
  endfacet
  facet normal 0 0 -1
    outer loop
      vertex 84.14715704076782 20.245182577286858 134
      vertex 84.14715704076782 51.754817422713145 134
      vertex 84.29368393249511 51.76924906190893 134
    endloop
  endfacet
  facet normal 0 0 -1
    outer loop
      vertex 84.29368393249511 20.230750938091074 134
      vertex 84.29368393249511 51.76924906190893 134
      vertex 84.43895322453629 51.79323311909273 134
    endloop
  endfacet
  facet normal 0 0 -1
    outer loop
      vertex 84.43895322453629 20.206766880907267 134
      vertex 84.43895322453629 51.79323311909273 134
      vertex 84.58234285148067 51.826666890849594 134
    endloop
  endfacet
  facet normal 0 0 -1
    outer loop
      vertex 84.58234285148067 20.173333109150406 134
      vertex 84.58234285148067 51.826666890849594 134
      vertex 84.72323879693211 51.86940720863601 134
    endloop
  endfacet
  facet normal 0 0 -1
    outer loop
      vertex 84.72323879693211 20.130592791363988 134
      vertex 84.72323879693211 51.86940720863601 134
      vertex 84.86103772282145 51.92127105184961 134
    endloop
  endfacet
  facet normal 0 0 -1
    outer loop
      vertex 84.86103772282145 20.078728948150395 134
      vertex 84.86103772282145 51.92127105184961 134
      vertex 84.99514955299276 51.98203633155145 134
    endloop
  endfacet
  facet normal 0 0 -1
    outer loop
      vertex 84.99514955299276 20.017963668448548 134
      vertex 84.99514955299276 51.98203633155145 134
      vertex 85.125 52.05144284148501 134
    endloop
  endfacet
  facet normal 0 0 -1
    outer loop
      vertex 85.125 19.948557158514987 134
      vertex 85.125 52.05144284148501 134
      vertex 85.25003302429411 52.12919337231927 134
    endloop
  endfacet
  facet normal 0 0 -1
    outer loop
      vertex 85.25003302429411 19.870806627680725 134
      vertex 85.25003302429411 52.12919337231927 134
      vertex 85.36971321526963 52.21495498434472 134
    endloop
  endfacet
  facet normal 0 0 -1
    outer loop
      vertex 85.36971321526963 19.785045015655278 134
      vertex 85.36971321526963 52.21495498434472 134
      vertex 85.48352808397516 52.308360433172304 134
    endloop
  endfacet
  facet normal 0 0 -1
    outer loop
      vertex 85.48352808397516 19.6916395668277 134
      vertex 85.48352808397516 52.308360433172304 134
      vertex 85.59099025766973 52.40900974233027 134
    endloop
  endfacet
  facet normal 0 0 -1
    outer loop
      vertex 85.59099025766973 19.59099025766973 134
      vertex 85.59099025766973 52.40900974233027 134
      vertex 85.6916395668277 52.51647191602485 134
    endloop
  endfacet
  facet normal 0 0 -1
    outer loop
      vertex 85.6916395668277 19.483528083975155 134
      vertex 85.6916395668277 52.51647191602485 134
      vertex 85.78504501565529 52.63028678473038 134
    endloop
  endfacet
  facet normal 0 0 -1
    outer loop
      vertex 85.78504501565529 19.36971321526962 134
      vertex 85.78504501565529 52.63028678473038 134
      vertex 85.87080662768072 52.749966975705895 134
    endloop
  endfacet
  facet normal 0 0 -1
    outer loop
      vertex 85.87080662768072 19.250033024294105 134
      vertex 85.87080662768072 52.749966975705895 134
      vertex 85.94855715851499 52.875 134
    endloop
  endfacet
  facet normal 0 0 -1
    outer loop
      vertex 85.94855715851499 19.125 134
      vertex 85.94855715851499 52.875 134
      vertex 86.01796366844854 53.00485044700725 134
    endloop
  endfacet
  facet normal 0 0 -1
    outer loop
      vertex 86.01796366844854 18.995149552992753 134
      vertex 86.01796366844854 53.00485044700725 134
      vertex 86.0787289481504 53.13896227717855 134
    endloop
  endfacet
  facet normal 0 0 -1
    outer loop
      vertex 86.0787289481504 18.86103772282145 134
      vertex 86.0787289481504 53.13896227717855 134
      vertex 86.130592791364 53.276761203067885 134
    endloop
  endfacet
  facet normal 0 0 -1
    outer loop
      vertex 86.130592791364 18.723238796932115 134
      vertex 86.130592791364 53.276761203067885 134
      vertex 86.1733331091504 53.417657148519325 134
    endloop
  endfacet
  facet normal 0 0 -1
    outer loop
      vertex 86.130592791364 18.723238796932115 134
      vertex 86.1733331091504 53.417657148519325 134
      vertex 86.20676688090727 53.56104677546371 134
    endloop
  endfacet
  facet normal 0 0 -1
    outer loop
      vertex 86.130592791364 18.723238796932115 134
      vertex 86.20676688090727 53.56104677546371 134
      vertex 86.23075093809108 53.706316067504886 134
    endloop
  endfacet
  facet normal 0 0 -1
    outer loop
      vertex 86.130592791364 18.723238796932115 134
      vertex 86.23075093809108 53.706316067504886 134
      vertex 86.24518257728685 53.85284295923218 134
    endloop
  endfacet
  facet normal 0 0 -1
    outer loop
      vertex 82.21495498434471 19.36971321526962 134
      vertex 81.75481742271315 53.85284295923218 134
      vertex 81.76924906190892 53.706316067504886 134
    endloop
  endfacet
  facet normal 0 0 -1
    outer loop
      vertex 82.21495498434471 19.36971321526962 134
      vertex 81.75 54 134
      vertex 81.75481742271315 53.85284295923218 134
    endloop
  endfacet
  facet normal 0 0 -1
    outer loop
      vertex 86.130592791364 18.723238796932115 134
      vertex 86.24518257728685 53.85284295923218 134
      vertex 92 72 134
    endloop
  endfacet
  facet normal 1 0 0
    outer loop
      vertex 92 4 134
      vertex 92 72 134
      vertex 92 72 138
    endloop
  endfacet
  facet normal 0 0 -1
    outer loop
      vertex 83.85284295923218 56.245182577286855 134
      vertex 20.430812898145156 63.172932476370924 134
      vertex 54.269187101854854 63.172932476370924 134
    endloop
  endfacet
  facet normal 0 0 -1
    outer loop
      vertex 81.75 54 134
      vertex 18.086371836928713 63.01926969085257 134
      vertex 81.75481742271315 54.14715704076782 134
    endloop
  endfacet
  facet normal 0 0 -1
    outer loop
      vertex 81.75481742271315 54.14715704076782 134
      vertex 18.086371836928713 63.01926969085257 134
      vertex 81.76924906190892 54.293683932495114 134
    endloop
  endfacet
  facet normal 0 0 -1
    outer loop
      vertex 81.76924906190892 54.293683932495114 134
      vertex 18.086371836928713 63.01926969085257 134
      vertex 81.79323311909273 54.43895322453629 134
    endloop
  endfacet
  facet normal 0 0 -1
    outer loop
      vertex 81.79323311909273 54.43895322453629 134
      vertex 18.086371836928713 63.01926969085257 134
      vertex 81.8266668908496 54.582342851480675 134
    endloop
  endfacet
  facet normal 0 0 -1
    outer loop
      vertex 81.8266668908496 54.582342851480675 134
      vertex 18.086371836928713 63.01926969085257 134
      vertex 81.869407208636 54.723238796932115 134
    endloop
  endfacet
  facet normal 0 0 -1
    outer loop
      vertex 81.869407208636 54.723238796932115 134
      vertex 18.086371836928713 63.01926969085257 134
      vertex 81.9212710518496 54.86103772282145 134
    endloop
  endfacet
  facet normal 0 0 -1
    outer loop
      vertex 81.9212710518496 54.86103772282145 134
      vertex 18.086371836928713 63.01926969085257 134
      vertex 81.98203633155146 54.99514955299275 134
    endloop
  endfacet
  facet normal 0 0 -1
    outer loop
      vertex 81.98203633155146 54.99514955299275 134
      vertex 18.086371836928713 63.01926969085257 134
      vertex 82.05144284148501 55.125 134
    endloop
  endfacet
  facet normal 0 0 -1
    outer loop
      vertex 82.05144284148501 55.125 134
      vertex 18.086371836928713 63.01926969085257 134
      vertex 82.12919337231928 55.250033024294105 134
    endloop
  endfacet
  facet normal 0 0 -1
    outer loop
      vertex 82.12919337231928 55.250033024294105 134
      vertex 18.086371836928713 63.01926969085257 134
      vertex 82.21495498434471 55.36971321526962 134
    endloop
  endfacet
  facet normal 0 0 -1
    outer loop
      vertex 82.21495498434471 55.36971321526962 134
      vertex 18.086371836928713 63.01926969085257 134
      vertex 82.3083604331723 55.48352808397515 134
    endloop
  endfacet
  facet normal 0 0 -1
    outer loop
      vertex 82.3083604331723 55.48352808397515 134
      vertex 18.086371836928713 63.01926969085257 134
      vertex 82.40900974233027 55.59099025766973 134
    endloop
  endfacet
  facet normal 0 0 -1
    outer loop
      vertex 82.40900974233027 55.59099025766973 134
      vertex 18.086371836928713 63.01926969085257 134
      vertex 82.51647191602484 55.691639566827696 134
    endloop
  endfacet
  facet normal 0 0 -1
    outer loop
      vertex 82.51647191602484 55.691639566827696 134
      vertex 18.086371836928713 63.01926969085257 134
      vertex 82.63028678473037 55.78504501565528 134
    endloop
  endfacet
  facet normal 0 0 -1
    outer loop
      vertex 82.63028678473037 55.78504501565528 134
      vertex 18.086371836928713 63.01926969085257 134
      vertex 82.74996697570589 55.87080662768073 134
    endloop
  endfacet
  facet normal 0 0 -1
    outer loop
      vertex 82.74996697570589 55.87080662768073 134
      vertex 18.086371836928713 63.01926969085257 134
      vertex 82.875 55.94855715851499 134
    endloop
  endfacet
  facet normal 0 0 -1
    outer loop
      vertex 82.875 55.94855715851499 134
      vertex 18.086371836928713 63.01926969085257 134
      vertex 83.00485044700724 56.01796366844855 134
    endloop
  endfacet
  facet normal 0 0 -1
    outer loop
      vertex 83.00485044700724 56.01796366844855 134
      vertex 18.086371836928713 63.01926969085257 134
      vertex 83.13896227717855 56.07872894815039 134
    endloop
  endfacet
  facet normal 0 0 -1
    outer loop
      vertex 83.13896227717855 56.07872894815039 134
      vertex 18.086371836928713 63.01926969085257 134
      vertex 83.27676120306789 56.13059279136399 134
    endloop
  endfacet
  facet normal 0 0 -1
    outer loop
      vertex 83.27676120306789 56.13059279136399 134
      vertex 18.086371836928713 63.01926969085257 134
      vertex 83.41765714851933 56.173333109150406 134
    endloop
  endfacet
  facet normal 0 0 -1
    outer loop
      vertex 83.41765714851933 56.173333109150406 134
      vertex 18.086371836928713 63.01926969085257 134
      vertex 83.56104677546371 56.20676688090727 134
    endloop
  endfacet
  facet normal 0 0 -1
    outer loop
      vertex 83.56104677546371 56.20676688090727 134
      vertex 18.086371836928713 63.01926969085257 134
      vertex 83.70631606750489 56.23075093809107 134
    endloop
  endfacet
  facet normal 0 0 -1
    outer loop
      vertex 83.70631606750489 56.23075093809107 134
      vertex 18.675 63 134
      vertex 83.85284295923218 56.245182577286855 134
    endloop
  endfacet
  facet normal 0 0 -1
    outer loop
      vertex 83.85284295923218 56.245182577286855 134
      vertex 54.269187101854854 63.172932476370924 134
      vertex 54.850264270019544 63.076996247635705 134
    endloop
  endfacet
  facet normal 0 0 -1
    outer loop
      vertex 83.85284295923218 56.245182577286855 134
      vertex 54.850264270019544 63.076996247635705 134
      vertex 55.43637183692872 63.01926969085257 134
    endloop
  endfacet
  facet normal 0 0 -1
    outer loop
      vertex 83.85284295923218 56.245182577286855 134
      vertex 55.43637183692872 63.01926969085257 134
      vertex 56.025000000000006 63 134
    endloop
  endfacet
  facet normal 0 0 -1
    outer loop
      vertex 83.85284295923218 56.245182577286855 134
      vertex 56.025000000000006 63 134
      vertex 56.61362816307129 63.01926969085257 134
    endloop
  endfacet
  facet normal 0 0 -1
    outer loop
      vertex 83.85284295923218 56.245182577286855 134
      vertex 56.61362816307129 63.01926969085257 134
      vertex 57.19973572998047 63.076996247635705 134
    endloop
  endfacet
  facet normal 0 0 -1
    outer loop
      vertex 83.85284295923218 56.245182577286855 134
      vertex 57.19973572998047 63.076996247635705 134
      vertex 57.78081289814516 63.172932476370924 134
    endloop
  endfacet
  facet normal 0 0 -1
    outer loop
      vertex 83.85284295923218 56.245182577286855 134
      vertex 57.78081289814516 63.172932476370924 134
      vertex 58.35437140592269 63.306667563398385 134
    endloop
  endfacet
  facet normal 0 0 -1
    outer loop
      vertex 83.85284295923218 56.245182577286855 134
      vertex 58.35437140592269 63.306667563398385 134
      vertex 58.91795518772846 63.47762883454405 134
    endloop
  endfacet
  facet normal 0 0 -1
    outer loop
      vertex 83.85284295923218 56.245182577286855 134
      vertex 58.91795518772846 63.47762883454405 134
      vertex 59.469150891285814 63.68508420739842 134
    endloop
  endfacet
  facet normal 0 0 -1
    outer loop
      vertex 83.85284295923218 56.245182577286855 134
      vertex 59.469150891285814 63.68508420739842 134
      vertex 60.00559821197102 63.92814532620581 134
    endloop
  endfacet
  facet normal 0 0 -1
    outer loop
      vertex 83.85284295923218 56.245182577286855 134
      vertex 60.00559821197102 63.92814532620581 134
      vertex 60.525000000000006 64.20577136594005 134
    endloop
  endfacet
  facet normal 0 0 -1
    outer loop
      vertex 83.85284295923218 56.245182577286855 134
      vertex 60.525000000000006 64.20577136594005 134
      vertex 61.025132097176424 64.5167734892771 134
    endloop
  endfacet
  facet normal 0 0 -1
    outer loop
      vertex 83.85284295923218 56.245182577286855 134
      vertex 61.025132097176424 64.5167734892771 134
      vertex 61.50385286107849 64.85981993737889 134
    endloop
  endfacet
  facet normal 0 0 -1
    outer loop
      vertex 83.85284295923218 56.245182577286855 134
      vertex 61.50385286107849 64.85981993737889 134
      vertex 61.95911233590063 65.2334417326892 134
    endloop
  endfacet
  facet normal 0 0 -1
    outer loop
      vertex 83.85284295923218 56.245182577286855 134
      vertex 61.95911233590063 65.2334417326892 134
      vertex 62.388961030678935 65.63603896932108 134
    endloop
  endfacet
  facet normal 0 0 -1
    outer loop
      vertex 83.85284295923218 56.245182577286855 134
      vertex 62.388961030678935 65.63603896932108 134
      vertex 62.791558267310805 66.06588766409938 134
    endloop
  endfacet
  facet normal 0 0 -1
    outer loop
      vertex 83.85284295923218 56.245182577286855 134
      vertex 62.791558267310805 66.06588766409938 134
      vertex 63.16518006262112 66.52114713892152 134
    endloop
  endfacet
  facet normal 0 0 -1
    outer loop
      vertex 83.85284295923218 56.245182577286855 134
      vertex 63.16518006262112 66.52114713892152 134
      vertex 63.50822651072291 66.99986790282358 134
    endloop
  endfacet
  facet normal 0 0 -1
    outer loop
      vertex 86.24518257728685 53.85284295923218 134
      vertex 86.25 54 134
      vertex 92 72 134
    endloop
  endfacet
  facet normal 0 0 -1
    outer loop
      vertex 86.24518257728685 54.14715704076782 134
      vertex 92 72 134
      vertex 86.25 54 134
    endloop
  endfacet
  facet normal 0 0 -1
    outer loop
      vertex 86.24518257728685 54.14715704076782 134
      vertex 86.23075093809108 54.293683932495114 134
      vertex 92 72 134
    endloop
  endfacet
  facet normal 0 0 -1
    outer loop
      vertex 86.23075093809108 54.293683932495114 134
      vertex 86.20676688090727 54.43895322453629 134
      vertex 92 72 134
    endloop
  endfacet
  facet normal 0 0 -1
    outer loop
      vertex 84.99514955299276 56.01796366844855 134
      vertex 84.86103772282145 56.07872894815039 134
      vertex 92 72 134
    endloop
  endfacet
  facet normal 0 0 -1
    outer loop
      vertex 85.48352808397516 55.691639566827696 134
      vertex 85.36971321526963 55.78504501565528 134
      vertex 92 72 134
    endloop
  endfacet
  facet normal 0 0 -1
    outer loop
      vertex 85.36971321526963 55.78504501565528 134
      vertex 85.25003302429411 55.87080662768073 134
      vertex 92 72 134
    endloop
  endfacet
  facet normal 0 0 -1
    outer loop
      vertex 85.125 55.94855715851499 134
      vertex 92 72 134
      vertex 85.25003302429411 55.87080662768073 134
    endloop
  endfacet
  facet normal 0 0 -1
    outer loop
      vertex 85.125 55.94855715851499 134
      vertex 84.99514955299276 56.01796366844855 134
      vertex 92 72 134
    endloop
  endfacet
  facet normal 0 0 -1
    outer loop
      vertex 86.20676688090727 54.43895322453629 134
      vertex 86.1733331091504 54.582342851480675 134
      vertex 92 72 134
    endloop
  endfacet
  facet normal 0 0 -1
    outer loop
      vertex 86.1733331091504 54.582342851480675 134
      vertex 86.130592791364 54.723238796932115 134
      vertex 92 72 134
    endloop
  endfacet
  facet normal 0 0 -1
    outer loop
      vertex 86.130592791364 54.723238796932115 134
      vertex 86.0787289481504 54.86103772282145 134
      vertex 92 72 134
    endloop
  endfacet
  facet normal 0 0 -1
    outer loop
      vertex 86.0787289481504 54.86103772282145 134
      vertex 86.01796366844854 54.99514955299275 134
      vertex 92 72 134
    endloop
  endfacet
  facet normal 0 0 -1
    outer loop
      vertex 86.01796366844854 54.99514955299275 134
      vertex 85.94855715851499 55.125 134
      vertex 92 72 134
    endloop
  endfacet
  facet normal 0 0 -1
    outer loop
      vertex 85.94855715851499 55.125 134
      vertex 85.87080662768072 55.250033024294105 134
      vertex 92 72 134
    endloop
  endfacet
  facet normal 0 0 -1
    outer loop
      vertex 85.78504501565529 55.36971321526962 134
      vertex 85.6916395668277 55.48352808397515 134
      vertex 92 72 134
    endloop
  endfacet
  facet normal 0 0 -1
    outer loop
      vertex 85.87080662768072 55.250033024294105 134
      vertex 85.78504501565529 55.36971321526962 134
      vertex 92 72 134
    endloop
  endfacet
  facet normal 0 0 -1
    outer loop
      vertex 85.6916395668277 55.48352808397515 134
      vertex 85.59099025766973 55.59099025766973 134
      vertex 92 72 134
    endloop
  endfacet
  facet normal 0 0 -1
    outer loop
      vertex 85.59099025766973 55.59099025766973 134
      vertex 85.48352808397516 55.691639566827696 134
      vertex 92 72 134
    endloop
  endfacet
  facet normal 0 0 -1
    outer loop
      vertex 83.85284295923218 56.245182577286855 134
      vertex 92 72 134
      vertex 84 56.25 134
    endloop
  endfacet
  facet normal 0 0 -1
    outer loop
      vertex 84 56.25 134
      vertex 92 72 134
      vertex 84.14715704076782 56.245182577286855 134
    endloop
  endfacet
  facet normal 0 0 -1
    outer loop
      vertex 84.14715704076782 56.245182577286855 134
      vertex 92 72 134
      vertex 84.29368393249511 56.23075093809107 134
    endloop
  endfacet
  facet normal 0 0 -1
    outer loop
      vertex 84.29368393249511 56.23075093809107 134
      vertex 92 72 134
      vertex 84.43895322453629 56.20676688090727 134
    endloop
  endfacet
  facet normal 0 0 -1
    outer loop
      vertex 84.58234285148067 56.173333109150406 134
      vertex 92 72 134
      vertex 84.72323879693211 56.13059279136399 134
    endloop
  endfacet
  facet normal 0 0 -1
    outer loop
      vertex 84.43895322453629 56.20676688090727 134
      vertex 92 72 134
      vertex 84.58234285148067 56.173333109150406 134
    endloop
  endfacet
  facet normal 0 0 -1
    outer loop
      vertex 84.72323879693211 56.13059279136399 134
      vertex 92 72 134
      vertex 84.86103772282145 56.07872894815039 134
    endloop
  endfacet
  facet normal 0 0 -1
    outer loop
      vertex 83.85284295923218 56.245182577286855 134
      vertex 63.50822651072291 66.99986790282358 134
      vertex 92 72 134
    endloop
  endfacet
  facet normal 0 0 -1
    outer loop
      vertex 63.50822651072291 66.99986790282358 134
      vertex 63.819228634059954 67.5 134
      vertex 92 72 134
    endloop
  endfacet
  facet normal 0 0 -1
    outer loop
      vertex 63.819228634059954 67.5 134
      vertex 64.0968546737942 68.01940178802899 134
      vertex 92 72 134
    endloop
  endfacet
  facet normal 0 0 -1
    outer loop
      vertex 64.0968546737942 68.01940178802899 134
      vertex 64.33991579260159 68.5558491087142 134
      vertex 92 72 134
    endloop
  endfacet
  facet normal 0 0 -1
    outer loop
      vertex 64.33991579260159 68.5558491087142 134
      vertex 64.54737116545596 69.10704481227154 134
      vertex 92 72 134
    endloop
  endfacet
  facet normal 0 0 -1
    outer loop
      vertex 64.54737116545596 69.10704481227154 134
      vertex 64.71833243660163 69.67062859407731 134
      vertex 92 72 134
    endloop
  endfacet
  facet normal 0 0 -1
    outer loop
      vertex 64.71833243660163 69.67062859407731 134
      vertex 64.85206752362907 70.24418710185485 134
      vertex 92 72 134
    endloop
  endfacet
  facet normal 0 0 -1
    outer loop
      vertex 64.85206752362907 70.24418710185485 134
      vertex 64.9480037523643 70.82526427001953 134
      vertex 92 72 134
    endloop
  endfacet
  facet normal 0 0 -1
    outer loop
      vertex 64.9480037523643 70.82526427001953 134
      vertex 65.00573030914744 71.41137183692871 134
      vertex 92 72 134
    endloop
  endfacet
  facet normal 0 0 -1
    outer loop
      vertex 65.00573030914744 71.41137183692871 134
      vertex 65.025 72 134
      vertex 92 72 134
    endloop
  endfacet
  facet normal 0 0 1
    outer loop
      vertex -15.782044812271547 63.47762883454405 138
      vertex 92 4 138
      vertex -15.230849108714192 63.68508420739842 138
    endloop
  endfacet
  facet normal 0 0 1
    outer loop
      vertex -15.230849108714192 63.68508420739842 138
      vertex 92 4 138
      vertex -14.694401788028989 63.92814532620581 138
    endloop
  endfacet
  facet normal 0 0 1
    outer loop
      vertex -14.694401788028989 63.92814532620581 138
      vertex 92 4 138
      vertex -14.175 64.20577136594005 138
    endloop
  endfacet
  facet normal 0 0 1
    outer loop
      vertex -14.175 64.20577136594005 138
      vertex 92 4 138
      vertex -13.674867902823582 64.5167734892771 138
    endloop
  endfacet
  facet normal 0 0 1
    outer loop
      vertex -13.674867902823582 64.5167734892771 138
      vertex 92 4 138
      vertex -13.196147138921514 64.85981993737889 138
    endloop
  endfacet
  facet normal 0 0 1
    outer loop
      vertex -13.196147138921514 64.85981993737889 138
      vertex 92 4 138
      vertex -12.74088766409938 65.2334417326892 138
    endloop
  endfacet
  facet normal 0 0 1
    outer loop
      vertex -12.74088766409938 65.2334417326892 138
      vertex 92 4 138
      vertex -12.311038969321071 65.63603896932108 138
    endloop
  endfacet
  facet normal 0 0 1
    outer loop
      vertex -12.311038969321071 65.63603896932108 138
      vertex 92 4 138
      vertex -11.908441732689203 66.06588766409938 138
    endloop
  endfacet
  facet normal 0 0 1
    outer loop
      vertex -11.908441732689203 66.06588766409938 138
      vertex 92 4 138
      vertex -11.534819937378884 66.52114713892152 138
    endloop
  endfacet
  facet normal 0 0 1
    outer loop
      vertex -11.534819937378884 66.52114713892152 138
      vertex 92 4 138
      vertex -11.191773489277093 66.99986790282358 138
    endloop
  endfacet
  facet normal 0 0 1
    outer loop
      vertex -11.191773489277093 66.99986790282358 138
      vertex 92 4 138
      vertex -10.880771365940053 67.5 138
    endloop
  endfacet
  facet normal 0 0 1
    outer loop
      vertex -10.880771365940053 67.5 138
      vertex 92 4 138
      vertex -10.603145326205807 68.01940178802899 138
    endloop
  endfacet
  facet normal 0 0 1
    outer loop
      vertex -10.603145326205807 68.01940178802899 138
      vertex 92 4 138
      vertex -10.36008420739842 68.5558491087142 138
    endloop
  endfacet
  facet normal 0 0 1
    outer loop
      vertex -10.36008420739842 68.5558491087142 138
      vertex 92 4 138
      vertex -10.15262883454405 69.10704481227154 138
    endloop
  endfacet
  facet normal 0 0 1
    outer loop
      vertex -10.15262883454405 69.10704481227154 138
      vertex 92 4 138
      vertex -9.981667563398386 69.67062859407731 138
    endloop
  endfacet
  facet normal 0 0 1
    outer loop
      vertex -9.981667563398386 69.67062859407731 138
      vertex 92 4 138
      vertex -9.847932476370927 70.24418710185485 138
    endloop
  endfacet
  facet normal 0 0 1
    outer loop
      vertex -9.847932476370927 70.24418710185485 138
      vertex 92 4 138
      vertex -9.751996247635708 70.82526427001953 138
    endloop
  endfacet
  facet normal 0 0 1
    outer loop
      vertex -9.751996247635708 70.82526427001953 138
      vertex 92 4 138
      vertex -9.69426969085257 71.41137183692871 138
    endloop
  endfacet
  facet normal 0 0 1
    outer loop
      vertex -9.69426969085257 71.41137183692871 138
      vertex 92 4 138
      vertex -9.675 72 138
    endloop
  endfacet
  facet normal 0 0 1
    outer loop
      vertex 81.9212710518496 18.86103772282145 138
      vertex 13.674867902823582 64.5167734892771 138
      vertex -9.675 72 138
    endloop
  endfacet
  facet normal 0 0 1
    outer loop
      vertex 81.9212710518496 18.86103772282145 138
      vertex 16.345628594077315 63.306667563398385 138
      vertex 15.782044812271547 63.47762883454405 138
    endloop
  endfacet
  facet normal 0 0 1
    outer loop
      vertex 81.9212710518496 18.86103772282145 138
      vertex 16.919187101854845 63.172932476370924 138
      vertex 16.345628594077315 63.306667563398385 138
    endloop
  endfacet
  facet normal 0 0 1
    outer loop
      vertex 81.9212710518496 18.86103772282145 138
      vertex 17.500264270019535 63.076996247635705 138
      vertex 16.919187101854845 63.172932476370924 138
    endloop
  endfacet
  facet normal 0 0 1
    outer loop
      vertex 81.9212710518496 18.86103772282145 138
      vertex 18.086371836928713 63.01926969085257 138
      vertex 17.500264270019535 63.076996247635705 138
    endloop
  endfacet
  facet normal 0 0 1
    outer loop
      vertex 81.9212710518496 18.86103772282145 138
      vertex 18.675 63 138
      vertex 18.086371836928713 63.01926969085257 138
    endloop
  endfacet
  facet normal 0 0 1
    outer loop
      vertex 81.9212710518496 18.86103772282145 138
      vertex 19.26362816307129 63.01926969085257 138
      vertex 18.675 63 138
    endloop
  endfacet
  facet normal 0 0 1
    outer loop
      vertex 81.9212710518496 18.86103772282145 138
      vertex 15.230849108714192 63.68508420739842 138
      vertex 14.694401788028989 63.92814532620581 138
    endloop
  endfacet
  facet normal 0 0 1
    outer loop
      vertex 81.9212710518496 18.86103772282145 138
      vertex 14.694401788028989 63.92814532620581 138
      vertex 14.175 64.20577136594005 138
    endloop
  endfacet
  facet normal 0 0 1
    outer loop
      vertex 81.9212710518496 18.86103772282145 138
      vertex 14.175 64.20577136594005 138
      vertex 13.674867902823582 64.5167734892771 138
    endloop
  endfacet
  facet normal 0 0 1
    outer loop
      vertex 81.9212710518496 18.86103772282145 138
      vertex 15.782044812271547 63.47762883454405 138
      vertex 15.230849108714192 63.68508420739842 138
    endloop
  endfacet
  facet normal 0 0 1
    outer loop
      vertex 81.9212710518496 18.86103772282145 138
      vertex 19.849735729980466 63.076996247635705 138
      vertex 19.26362816307129 63.01926969085257 138
    endloop
  endfacet
  facet normal 0 0 1
    outer loop
      vertex 81.9212710518496 18.86103772282145 138
      vertex 20.430812898145156 63.172932476370924 138
      vertex 19.849735729980466 63.076996247635705 138
    endloop
  endfacet
  facet normal 0 0 1
    outer loop
      vertex 13.196147138921514 64.85981993737889 138
      vertex -9.675 72 138
      vertex 13.674867902823582 64.5167734892771 138
    endloop
  endfacet
  facet normal 0 0 1
    outer loop
      vertex 12.74088766409938 65.2334417326892 138
      vertex -9.675 72 138
      vertex 13.196147138921514 64.85981993737889 138
    endloop
  endfacet
  facet normal 0 0 1
    outer loop
      vertex 12.74088766409938 65.2334417326892 138
      vertex 12.311038969321071 65.63603896932108 138
      vertex -9.675 72 138
    endloop
  endfacet
  facet normal 0 0 1
    outer loop
      vertex 11.908441732689203 66.06588766409938 138
      vertex -9.675 72 138
      vertex 12.311038969321071 65.63603896932108 138
    endloop
  endfacet
  facet normal 0 0 1
    outer loop
      vertex 11.908441732689203 66.06588766409938 138
      vertex 11.534819937378884 66.52114713892152 138
      vertex -9.675 72 138
    endloop
  endfacet
  facet normal 0 0 1
    outer loop
      vertex 11.191773489277093 66.99986790282358 138
      vertex -9.675 72 138
      vertex 11.534819937378884 66.52114713892152 138
    endloop
  endfacet
  facet normal 0 0 1
    outer loop
      vertex 11.191773489277093 66.99986790282358 138
      vertex 10.880771365940053 67.5 138
      vertex -9.675 72 138
    endloop
  endfacet
  facet normal 0 0 1
    outer loop
      vertex 10.880771365940053 67.5 138
      vertex 10.603145326205807 68.01940178802899 138
      vertex -9.675 72 138
    endloop
  endfacet
  facet normal 0 0 1
    outer loop
      vertex 10.603145326205807 68.01940178802899 138
      vertex 10.36008420739842 68.5558491087142 138
      vertex -9.675 72 138
    endloop
  endfacet
  facet normal 0 0 1
    outer loop
      vertex 9.981667563398386 69.67062859407731 138
      vertex -9.675 72 138
      vertex 10.15262883454405 69.10704481227154 138
    endloop
  endfacet
  facet normal 0 0 1
    outer loop
      vertex 10.36008420739842 68.5558491087142 138
      vertex 10.15262883454405 69.10704481227154 138
      vertex -9.675 72 138
    endloop
  endfacet
  facet normal 0 0 1
    outer loop
      vertex 9.981667563398386 69.67062859407731 138
      vertex 9.847932476370927 70.24418710185485 138
      vertex -9.675 72 138
    endloop
  endfacet
  facet normal 0 0 1
    outer loop
      vertex 9.847932476370927 70.24418710185485 138
      vertex 9.751996247635708 70.82526427001953 138
      vertex -9.675 72 138
    endloop
  endfacet
  facet normal 0 0 1
    outer loop
      vertex 9.751996247635708 70.82526427001953 138
      vertex 9.69426969085257 71.41137183692871 138
      vertex -9.675 72 138
    endloop
  endfacet
  facet normal 0 0 1
    outer loop
      vertex 9.69426969085257 71.41137183692871 138
      vertex 9.675 72 138
      vertex -9.675 72 138
    endloop
  endfacet
  facet normal 0 0 1
    outer loop
      vertex 20.430812898145156 63.172932476370924 138
      vertex 53.69562859407732 63.306667563398385 138
      vertex 21.004371405922686 63.306667563398385 138
    endloop
  endfacet
  facet normal 0 0 1
    outer loop
      vertex 21.004371405922686 63.306667563398385 138
      vertex 53.13204481227155 63.47762883454405 138
      vertex 21.567955187728455 63.47762883454405 138
    endloop
  endfacet
  facet normal 0 0 1
    outer loop
      vertex 20.430812898145156 63.172932476370924 138
      vertex 54.269187101854854 63.172932476370924 138
      vertex 53.69562859407732 63.306667563398385 138
    endloop
  endfacet
  facet normal 0 0 1
    outer loop
      vertex 21.004371405922686 63.306667563398385 138
      vertex 53.69562859407732 63.306667563398385 138
      vertex 53.13204481227155 63.47762883454405 138
    endloop
  endfacet
  facet normal 0 0 1
    outer loop
      vertex 21.567955187728455 63.47762883454405 138
      vertex 52.5808491087142 63.68508420739842 138
      vertex 22.11915089128581 63.68508420739842 138
    endloop
  endfacet
  facet normal 0 0 1
    outer loop
      vertex 22.11915089128581 63.68508420739842 138
      vertex 52.04440178802899 63.92814532620581 138
      vertex 22.65559821197101 63.92814532620581 138
    endloop
  endfacet
  facet normal 0 0 1
    outer loop
      vertex 22.65559821197101 63.92814532620581 138
      vertex 51.525000000000006 64.20577136594005 138
      vertex 23.175 64.20577136594005 138
    endloop
  endfacet
  facet normal 0 0 1
    outer loop
      vertex 23.175 64.20577136594005 138
      vertex 51.02486790282359 64.5167734892771 138
      vertex 23.67513209717642 64.5167734892771 138
    endloop
  endfacet
  facet normal 0 0 1
    outer loop
      vertex 23.67513209717642 64.5167734892771 138
      vertex 50.54614713892152 64.85981993737889 138
      vertex 24.153852861078487 64.85981993737889 138
    endloop
  endfacet
  facet normal 0 0 1
    outer loop
      vertex 24.153852861078487 64.85981993737889 138
      vertex 50.090887664099384 65.2334417326892 138
      vertex 24.60911233590062 65.2334417326892 138
    endloop
  endfacet
  facet normal 0 0 1
    outer loop
      vertex 24.60911233590062 65.2334417326892 138
      vertex 49.661038969321076 65.63603896932108 138
      vertex 25.03896103067893 65.63603896932108 138
    endloop
  endfacet
  facet normal 0 0 1
    outer loop
      vertex 25.03896103067893 65.63603896932108 138
      vertex 49.25844173268921 66.06588766409938 138
      vertex 25.441558267310796 66.06588766409938 138
    endloop
  endfacet
  facet normal 0 0 1
    outer loop
      vertex 25.441558267310796 66.06588766409938 138
      vertex 48.88481993737889 66.52114713892152 138
      vertex 25.815180062621117 66.52114713892152 138
    endloop
  endfacet
  facet normal 0 0 1
    outer loop
      vertex 25.815180062621117 66.52114713892152 138
      vertex 48.5417734892771 66.99986790282358 138
      vertex 26.15822651072291 66.99986790282358 138
    endloop
  endfacet
  facet normal 0 0 1
    outer loop
      vertex 26.15822651072291 66.99986790282358 138
      vertex 48.23077136594006 67.5 138
      vertex 26.46922863405995 67.5 138
    endloop
  endfacet
  facet normal 0 0 1
    outer loop
      vertex 26.46922863405995 67.5 138
      vertex 47.953145326205814 68.01940178802899 138
      vertex 26.746854673794196 68.01940178802899 138
    endloop
  endfacet
  facet normal 0 0 1
    outer loop
      vertex 26.746854673794196 68.01940178802899 138
      vertex 47.710084207398424 68.5558491087142 138
      vertex 26.98991579260158 68.5558491087142 138
    endloop
  endfacet
  facet normal 0 0 1
    outer loop
      vertex 26.98991579260158 68.5558491087142 138
      vertex 47.502628834544055 69.10704481227154 138
      vertex 27.19737116545595 69.10704481227154 138
    endloop
  endfacet
  facet normal 0 0 1
    outer loop
      vertex 27.19737116545595 69.10704481227154 138
      vertex 47.33166756339839 69.67062859407731 138
      vertex 27.368332436601616 69.67062859407731 138
    endloop
  endfacet
  facet normal 0 0 1
    outer loop
      vertex 27.368332436601616 69.67062859407731 138
      vertex 47.19793247637093 70.24418710185485 138
      vertex 27.502067523629073 70.24418710185485 138
    endloop
  endfacet
  facet normal 0 0 1
    outer loop
      vertex 27.502067523629073 70.24418710185485 138
      vertex 47.10199624763571 70.82526427001953 138
      vertex 27.598003752364292 70.82526427001953 138
    endloop
  endfacet
  facet normal 0 0 1
    outer loop
      vertex 27.598003752364292 70.82526427001953 138
      vertex 47.04426969085257 71.41137183692871 138
      vertex 27.65573030914743 71.41137183692871 138
    endloop
  endfacet
  facet normal 0 0 1
    outer loop
      vertex 27.65573030914743 71.41137183692871 138
      vertex 47.025000000000006 72 138
      vertex 27.675 72 138
    endloop
  endfacet
  facet normal 0 0 1
    outer loop
      vertex 22.11915089128581 63.68508420739842 138
      vertex 52.5808491087142 63.68508420739842 138
      vertex 52.04440178802899 63.92814532620581 138
    endloop
  endfacet
  facet normal 0 0 1
    outer loop
      vertex 22.65559821197101 63.92814532620581 138
      vertex 52.04440178802899 63.92814532620581 138
      vertex 51.525000000000006 64.20577136594005 138
    endloop
  endfacet
  facet normal 0 0 1
    outer loop
      vertex 21.567955187728455 63.47762883454405 138
      vertex 53.13204481227155 63.47762883454405 138
      vertex 52.5808491087142 63.68508420739842 138
    endloop
  endfacet
  facet normal 0 0 1
    outer loop
      vertex 23.175 64.20577136594005 138
      vertex 51.525000000000006 64.20577136594005 138
      vertex 51.02486790282359 64.5167734892771 138
    endloop
  endfacet
  facet normal 0 0 1
    outer loop
      vertex 24.153852861078487 64.85981993737889 138
      vertex 50.54614713892152 64.85981993737889 138
      vertex 50.090887664099384 65.2334417326892 138
    endloop
  endfacet
  facet normal 0 0 1
    outer loop
      vertex 24.60911233590062 65.2334417326892 138
      vertex 50.090887664099384 65.2334417326892 138
      vertex 49.661038969321076 65.63603896932108 138
    endloop
  endfacet
  facet normal 0 0 1
    outer loop
      vertex 23.67513209717642 64.5167734892771 138
      vertex 51.02486790282359 64.5167734892771 138
      vertex 50.54614713892152 64.85981993737889 138
    endloop
  endfacet
  facet normal 0 0 1
    outer loop
      vertex 25.03896103067893 65.63603896932108 138
      vertex 49.661038969321076 65.63603896932108 138
      vertex 49.25844173268921 66.06588766409938 138
    endloop
  endfacet
  facet normal 0 0 1
    outer loop
      vertex 25.441558267310796 66.06588766409938 138
      vertex 49.25844173268921 66.06588766409938 138
      vertex 48.88481993737889 66.52114713892152 138
    endloop
  endfacet
  facet normal 0 0 1
    outer loop
      vertex 25.815180062621117 66.52114713892152 138
      vertex 48.88481993737889 66.52114713892152 138
      vertex 48.5417734892771 66.99986790282358 138
    endloop
  endfacet
  facet normal 0 0 1
    outer loop
      vertex 26.15822651072291 66.99986790282358 138
      vertex 48.5417734892771 66.99986790282358 138
      vertex 48.23077136594006 67.5 138
    endloop
  endfacet
  facet normal 0 0 1
    outer loop
      vertex 26.46922863405995 67.5 138
      vertex 48.23077136594006 67.5 138
      vertex 47.953145326205814 68.01940178802899 138
    endloop
  endfacet
  facet normal 0 0 1
    outer loop
      vertex 26.746854673794196 68.01940178802899 138
      vertex 47.953145326205814 68.01940178802899 138
      vertex 47.710084207398424 68.5558491087142 138
    endloop
  endfacet
  facet normal 0 0 1
    outer loop
      vertex 26.98991579260158 68.5558491087142 138
      vertex 47.710084207398424 68.5558491087142 138
      vertex 47.502628834544055 69.10704481227154 138
    endloop
  endfacet
  facet normal 0 0 1
    outer loop
      vertex 27.19737116545595 69.10704481227154 138
      vertex 47.502628834544055 69.10704481227154 138
      vertex 47.33166756339839 69.67062859407731 138
    endloop
  endfacet
  facet normal 0 0 1
    outer loop
      vertex 27.368332436601616 69.67062859407731 138
      vertex 47.33166756339839 69.67062859407731 138
      vertex 47.19793247637093 70.24418710185485 138
    endloop
  endfacet
  facet normal 0 0 1
    outer loop
      vertex 27.502067523629073 70.24418710185485 138
      vertex 47.19793247637093 70.24418710185485 138
      vertex 47.10199624763571 70.82526427001953 138
    endloop
  endfacet
  facet normal 0 0 1
    outer loop
      vertex 27.598003752364292 70.82526427001953 138
      vertex 47.10199624763571 70.82526427001953 138
      vertex 47.04426969085257 71.41137183692871 138
    endloop
  endfacet
  facet normal 0 0 1
    outer loop
      vertex 27.65573030914743 71.41137183692871 138
      vertex 47.04426969085257 71.41137183692871 138
      vertex 47.025000000000006 72 138
    endloop
  endfacet
  facet normal 0 0 1
    outer loop
      vertex 81.9212710518496 18.86103772282145 138
      vertex 54.269187101854854 63.172932476370924 138
      vertex 20.430812898145156 63.172932476370924 138
    endloop
  endfacet
  facet normal 0 0 1
    outer loop
      vertex 81.9212710518496 18.86103772282145 138
      vertex 54.850264270019544 63.076996247635705 138
      vertex 54.269187101854854 63.172932476370924 138
    endloop
  endfacet
  facet normal 0 0 1
    outer loop
      vertex 81.9212710518496 18.86103772282145 138
      vertex 55.43637183692872 63.01926969085257 138
      vertex 54.850264270019544 63.076996247635705 138
    endloop
  endfacet
  facet normal 0 0 1
    outer loop
      vertex 81.9212710518496 18.86103772282145 138
      vertex 56.025000000000006 63 138
      vertex 55.43637183692872 63.01926969085257 138
    endloop
  endfacet
  facet normal 0 0 1
    outer loop
      vertex 81.9212710518496 18.86103772282145 138
      vertex 56.61362816307129 63.01926969085257 138
      vertex 56.025000000000006 63 138
    endloop
  endfacet
  facet normal 0 0 1
    outer loop
      vertex 81.9212710518496 18.86103772282145 138
      vertex 57.19973572998047 63.076996247635705 138
      vertex 56.61362816307129 63.01926969085257 138
    endloop
  endfacet
  facet normal 0 0 1
    outer loop
      vertex 81.9212710518496 18.86103772282145 138
      vertex 57.78081289814516 63.172932476370924 138
      vertex 57.19973572998047 63.076996247635705 138
    endloop
  endfacet
  facet normal 0 0 1
    outer loop
      vertex 81.9212710518496 18.86103772282145 138
      vertex 58.35437140592269 63.306667563398385 138
      vertex 57.78081289814516 63.172932476370924 138
    endloop
  endfacet
  facet normal 0 0 1
    outer loop
      vertex 81.9212710518496 18.86103772282145 138
      vertex 58.91795518772846 63.47762883454405 138
      vertex 58.35437140592269 63.306667563398385 138
    endloop
  endfacet
  facet normal 0 0 1
    outer loop
      vertex 81.9212710518496 18.86103772282145 138
      vertex 59.469150891285814 63.68508420739842 138
      vertex 58.91795518772846 63.47762883454405 138
    endloop
  endfacet
  facet normal 0 0 1
    outer loop
      vertex 81.9212710518496 18.86103772282145 138
      vertex 60.00559821197102 63.92814532620581 138
      vertex 59.469150891285814 63.68508420739842 138
    endloop
  endfacet
  facet normal 0 0 1
    outer loop
      vertex 81.9212710518496 18.86103772282145 138
      vertex 81.79323311909273 53.56104677546371 138
      vertex 60.00559821197102 63.92814532620581 138
    endloop
  endfacet
  facet normal 0 0 1
    outer loop
      vertex 81.9212710518496 18.86103772282145 138
      vertex 81.9212710518496 53.13896227717855 138
      vertex 81.869407208636 53.276761203067885 138
    endloop
  endfacet
  facet normal 0 0 1
    outer loop
      vertex 81.9212710518496 18.86103772282145 138
      vertex 81.869407208636 53.276761203067885 138
      vertex 81.8266668908496 53.417657148519325 138
    endloop
  endfacet
  facet normal 0 0 1
    outer loop
      vertex 81.9212710518496 18.86103772282145 138
      vertex 81.8266668908496 53.417657148519325 138
      vertex 81.79323311909273 53.56104677546371 138
    endloop
  endfacet
  facet normal 0 0 1
    outer loop
      vertex 82.63028678473037 19.785045015655278 138
      vertex 82.63028678473037 52.21495498434472 138
      vertex 82.51647191602484 52.308360433172304 138
    endloop
  endfacet
  facet normal 0 0 1
    outer loop
      vertex 82.3083604331723 19.483528083975155 138
      vertex 82.3083604331723 52.51647191602485 138
      vertex 82.21495498434471 52.63028678473038 138
    endloop
  endfacet
  facet normal 0 0 1
    outer loop
      vertex 82.21495498434471 19.36971321526962 138
      vertex 82.21495498434471 52.63028678473038 138
      vertex 82.12919337231928 52.749966975705895 138
    endloop
  endfacet
  facet normal 0 0 1
    outer loop
      vertex 82.12919337231928 19.250033024294105 138
      vertex 82.12919337231928 52.749966975705895 138
      vertex 82.05144284148501 52.875 138
    endloop
  endfacet
  facet normal 0 0 1
    outer loop
      vertex 82.05144284148501 19.125 138
      vertex 82.05144284148501 52.875 138
      vertex 81.98203633155146 53.00485044700725 138
    endloop
  endfacet
  facet normal 0 0 1
    outer loop
      vertex 81.98203633155146 18.995149552992753 138
      vertex 81.98203633155146 53.00485044700725 138
      vertex 81.9212710518496 53.13896227717855 138
    endloop
  endfacet
  facet normal 0 0 1
    outer loop
      vertex 82.40900974233027 19.59099025766973 138
      vertex 82.40900974233027 52.40900974233027 138
      vertex 82.3083604331723 52.51647191602485 138
    endloop
  endfacet
  facet normal 0 0 1
    outer loop
      vertex 82.51647191602484 19.6916395668277 138
      vertex 82.51647191602484 52.308360433172304 138
      vertex 82.40900974233027 52.40900974233027 138
    endloop
  endfacet
  facet normal 0 0 1
    outer loop
      vertex 82.875 19.948557158514987 138
      vertex 82.875 52.05144284148501 138
      vertex 82.74996697570589 52.12919337231927 138
    endloop
  endfacet
  facet normal 0 0 1
    outer loop
      vertex 82.74996697570589 19.870806627680725 138
      vertex 82.74996697570589 52.12919337231927 138
      vertex 82.63028678473037 52.21495498434472 138
    endloop
  endfacet
  facet normal 0 0 1
    outer loop
      vertex 83.00485044700724 20.017963668448548 138
      vertex 83.00485044700724 51.98203633155145 138
      vertex 82.875 52.05144284148501 138
    endloop
  endfacet
  facet normal 0 0 1
    outer loop
      vertex 83.41765714851933 20.173333109150406 138
      vertex 83.41765714851933 51.826666890849594 138
      vertex 83.27676120306789 51.86940720863601 138
    endloop
  endfacet
  facet normal 0 0 1
    outer loop
      vertex 83.27676120306789 20.130592791363988 138
      vertex 83.27676120306789 51.86940720863601 138
      vertex 83.13896227717855 51.92127105184961 138
    endloop
  endfacet
  facet normal 0 0 1
    outer loop
      vertex 83.13896227717855 20.078728948150395 138
      vertex 83.13896227717855 51.92127105184961 138
      vertex 83.00485044700724 51.98203633155145 138
    endloop
  endfacet
  facet normal 0 0 1
    outer loop
      vertex 83.56104677546371 20.206766880907267 138
      vertex 83.56104677546371 51.79323311909273 138
      vertex 83.41765714851933 51.826666890849594 138
    endloop
  endfacet
  facet normal 0 0 1
    outer loop
      vertex 83.70631606750489 20.230750938091074 138
      vertex 83.70631606750489 51.76924906190893 138
      vertex 83.56104677546371 51.79323311909273 138
    endloop
  endfacet
  facet normal 0 0 1
    outer loop
      vertex 83.85284295923218 20.245182577286858 138
      vertex 83.85284295923218 51.754817422713145 138
      vertex 83.70631606750489 51.76924906190893 138
    endloop
  endfacet
  facet normal 0 0 1
    outer loop
      vertex 84 20.25 138
      vertex 84 51.75 138
      vertex 83.85284295923218 51.754817422713145 138
    endloop
  endfacet
  facet normal 0 0 1
    outer loop
      vertex 84.29368393249511 20.230750938091074 138
      vertex 84.29368393249511 51.76924906190893 138
      vertex 84.14715704076782 51.754817422713145 138
    endloop
  endfacet
  facet normal 0 0 1
    outer loop
      vertex 84.14715704076782 20.245182577286858 138
      vertex 84.14715704076782 51.754817422713145 138
      vertex 84 51.75 138
    endloop
  endfacet
  facet normal 0 0 1
    outer loop
      vertex 84.43895322453629 20.206766880907267 138
      vertex 84.43895322453629 51.79323311909273 138
      vertex 84.29368393249511 51.76924906190893 138
    endloop
  endfacet
  facet normal 0 0 1
    outer loop
      vertex 84.58234285148067 20.173333109150406 138
      vertex 84.58234285148067 51.826666890849594 138
      vertex 84.43895322453629 51.79323311909273 138
    endloop
  endfacet
  facet normal 0 0 1
    outer loop
      vertex 84.72323879693211 20.130592791363988 138
      vertex 84.72323879693211 51.86940720863601 138
      vertex 84.58234285148067 51.826666890849594 138
    endloop
  endfacet
  facet normal 0 0 1
    outer loop
      vertex 84.86103772282145 20.078728948150395 138
      vertex 84.86103772282145 51.92127105184961 138
      vertex 84.72323879693211 51.86940720863601 138
    endloop
  endfacet
  facet normal 0 0 1
    outer loop
      vertex 84.99514955299276 20.017963668448548 138
      vertex 84.99514955299276 51.98203633155145 138
      vertex 84.86103772282145 51.92127105184961 138
    endloop
  endfacet
  facet normal 0 0 1
    outer loop
      vertex 85.125 19.948557158514987 138
      vertex 85.125 52.05144284148501 138
      vertex 84.99514955299276 51.98203633155145 138
    endloop
  endfacet
  facet normal 0 0 1
    outer loop
      vertex 85.36971321526963 19.785045015655278 138
      vertex 85.36971321526963 52.21495498434472 138
      vertex 85.25003302429411 52.12919337231927 138
    endloop
  endfacet
  facet normal 0 0 1
    outer loop
      vertex 85.25003302429411 19.870806627680725 138
      vertex 85.25003302429411 52.12919337231927 138
      vertex 85.125 52.05144284148501 138
    endloop
  endfacet
  facet normal 0 0 1
    outer loop
      vertex 85.48352808397516 19.6916395668277 138
      vertex 85.48352808397516 52.308360433172304 138
      vertex 85.36971321526963 52.21495498434472 138
    endloop
  endfacet
  facet normal 0 0 1
    outer loop
      vertex 85.59099025766973 19.59099025766973 138
      vertex 85.59099025766973 52.40900974233027 138
      vertex 85.48352808397516 52.308360433172304 138
    endloop
  endfacet
  facet normal 0 0 1
    outer loop
      vertex 85.6916395668277 19.483528083975155 138
      vertex 85.6916395668277 52.51647191602485 138
      vertex 85.59099025766973 52.40900974233027 138
    endloop
  endfacet
  facet normal 0 0 1
    outer loop
      vertex 85.78504501565529 19.36971321526962 138
      vertex 85.78504501565529 52.63028678473038 138
      vertex 85.6916395668277 52.51647191602485 138
    endloop
  endfacet
  facet normal 0 0 1
    outer loop
      vertex 85.87080662768072 19.250033024294105 138
      vertex 85.87080662768072 52.749966975705895 138
      vertex 85.78504501565529 52.63028678473038 138
    endloop
  endfacet
  facet normal 0 0 1
    outer loop
      vertex 85.94855715851499 19.125 138
      vertex 85.94855715851499 52.875 138
      vertex 85.87080662768072 52.749966975705895 138
    endloop
  endfacet
  facet normal 0 0 1
    outer loop
      vertex 86.01796366844854 18.995149552992753 138
      vertex 86.01796366844854 53.00485044700725 138
      vertex 85.94855715851499 52.875 138
    endloop
  endfacet
  facet normal 0 0 1
    outer loop
      vertex 86.0787289481504 18.86103772282145 138
      vertex 86.0787289481504 53.13896227717855 138
      vertex 86.01796366844854 53.00485044700725 138
    endloop
  endfacet
  facet normal 0 0 1
    outer loop
      vertex 86.130592791364 18.723238796932115 138
      vertex 86.130592791364 53.276761203067885 138
      vertex 86.0787289481504 53.13896227717855 138
    endloop
  endfacet
  facet normal 0 0 1
    outer loop
      vertex 86.1733331091504 18.58234285148067 138
      vertex 86.1733331091504 53.417657148519325 138
      vertex 86.130592791364 53.276761203067885 138
    endloop
  endfacet
  facet normal 0 0 1
    outer loop
      vertex 86.20676688090727 18.438953224536288 138
      vertex 86.20676688090727 53.56104677546371 138
      vertex 86.1733331091504 53.417657148519325 138
    endloop
  endfacet
  facet normal 0 0 1
    outer loop
      vertex 86.24518257728685 18.147157040767823 138
      vertex 86.24518257728685 53.85284295923218 138
      vertex 86.23075093809108 53.706316067504886 138
    endloop
  endfacet
  facet normal 0 0 1
    outer loop
      vertex 86.23075093809108 18.293683932495117 138
      vertex 86.23075093809108 53.706316067504886 138
      vertex 86.20676688090727 53.56104677546371 138
    endloop
  endfacet
  facet normal 0 0 1
    outer loop
      vertex 86.25 18 138
      vertex 86.25 54 138
      vertex 86.24518257728685 53.85284295923218 138
    endloop
  endfacet
  facet normal 0 0 1
    outer loop
      vertex 92 4 138
      vertex 92 72 138
      vertex 86.25 54 138
    endloop
  endfacet
  facet normal 0 0 1
    outer loop
      vertex 81.76924906190892 53.706316067504886 138
      vertex 60.525000000000006 64.20577136594005 138
      vertex 60.00559821197102 63.92814532620581 138
    endloop
  endfacet
  facet normal 0 0 1
    outer loop
      vertex 81.75481742271315 53.85284295923218 138
      vertex 61.025132097176424 64.5167734892771 138
      vertex 60.525000000000006 64.20577136594005 138
    endloop
  endfacet
  facet normal 0 0 1
    outer loop
      vertex 81.75 54 138
      vertex 61.50385286107849 64.85981993737889 138
      vertex 61.025132097176424 64.5167734892771 138
    endloop
  endfacet
  facet normal 0 0 1
    outer loop
      vertex 81.76924906190892 54.293683932495114 138
      vertex 61.95911233590063 65.2334417326892 138
      vertex 61.50385286107849 64.85981993737889 138
    endloop
  endfacet
  facet normal 0 0 1
    outer loop
      vertex 81.79323311909273 54.43895322453629 138
      vertex 62.388961030678935 65.63603896932108 138
      vertex 61.95911233590063 65.2334417326892 138
    endloop
  endfacet
  facet normal 0 0 1
    outer loop
      vertex 81.79323311909273 53.56104677546371 138
      vertex 81.76924906190892 53.706316067504886 138
      vertex 60.00559821197102 63.92814532620581 138
    endloop
  endfacet
  facet normal 0 0 1
    outer loop
      vertex 81.75481742271315 53.85284295923218 138
      vertex 60.525000000000006 64.20577136594005 138
      vertex 81.76924906190892 53.706316067504886 138
    endloop
  endfacet
  facet normal 0 0 1
    outer loop
      vertex 81.75481742271315 53.85284295923218 138
      vertex 81.75 54 138
      vertex 61.025132097176424 64.5167734892771 138
    endloop
  endfacet
  facet normal 0 0 1
    outer loop
      vertex 81.75 54 138
      vertex 81.75481742271315 54.14715704076782 138
      vertex 61.50385286107849 64.85981993737889 138
    endloop
  endfacet
  facet normal 0 0 1
    outer loop
      vertex 81.75481742271315 54.14715704076782 138
      vertex 81.76924906190892 54.293683932495114 138
      vertex 61.50385286107849 64.85981993737889 138
    endloop
  endfacet
  facet normal 0 0 1
    outer loop
      vertex 81.76924906190892 54.293683932495114 138
      vertex 81.79323311909273 54.43895322453629 138
      vertex 61.95911233590063 65.2334417326892 138
    endloop
  endfacet
  facet normal 0 0 1
    outer loop
      vertex 81.79323311909273 54.43895322453629 138
      vertex 81.8266668908496 54.582342851480675 138
      vertex 62.388961030678935 65.63603896932108 138
    endloop
  endfacet
  facet normal 0 0 1
    outer loop
      vertex 81.8266668908496 54.582342851480675 138
      vertex 81.869407208636 54.723238796932115 138
      vertex 62.388961030678935 65.63603896932108 138
    endloop
  endfacet
  facet normal 0 0 1
    outer loop
      vertex 81.869407208636 54.723238796932115 138
      vertex 81.9212710518496 54.86103772282145 138
      vertex 62.791558267310805 66.06588766409938 138
    endloop
  endfacet
  facet normal 0 0 1
    outer loop
      vertex 81.9212710518496 54.86103772282145 138
      vertex 81.98203633155146 54.99514955299275 138
      vertex 63.16518006262112 66.52114713892152 138
    endloop
  endfacet
  facet normal 0 0 1
    outer loop
      vertex 81.98203633155146 54.99514955299275 138
      vertex 82.05144284148501 55.125 138
      vertex 63.16518006262112 66.52114713892152 138
    endloop
  endfacet
  facet normal 0 0 1
    outer loop
      vertex 82.05144284148501 55.125 138
      vertex 82.12919337231928 55.250033024294105 138
      vertex 63.50822651072291 66.99986790282358 138
    endloop
  endfacet
  facet normal 0 0 1
    outer loop
      vertex 82.12919337231928 55.250033024294105 138
      vertex 82.21495498434471 55.36971321526962 138
      vertex 63.50822651072291 66.99986790282358 138
    endloop
  endfacet
  facet normal 0 0 1
    outer loop
      vertex 81.869407208636 54.723238796932115 138
      vertex 62.791558267310805 66.06588766409938 138
      vertex 62.388961030678935 65.63603896932108 138
    endloop
  endfacet
  facet normal 0 0 1
    outer loop
      vertex 81.9212710518496 54.86103772282145 138
      vertex 63.16518006262112 66.52114713892152 138
      vertex 62.791558267310805 66.06588766409938 138
    endloop
  endfacet
  facet normal 0 0 1
    outer loop
      vertex 82.05144284148501 55.125 138
      vertex 63.50822651072291 66.99986790282358 138
      vertex 63.16518006262112 66.52114713892152 138
    endloop
  endfacet
  facet normal 0 0 1
    outer loop
      vertex 82.21495498434471 55.36971321526962 138
      vertex 82.3083604331723 55.48352808397515 138
      vertex 63.50822651072291 66.99986790282358 138
    endloop
  endfacet
  facet normal 0 0 1
    outer loop
      vertex 82.3083604331723 55.48352808397515 138
      vertex 82.40900974233027 55.59099025766973 138
      vertex 63.50822651072291 66.99986790282358 138
    endloop
  endfacet
  facet normal 0 0 1
    outer loop
      vertex 82.40900974233027 55.59099025766973 138
      vertex 82.51647191602484 55.691639566827696 138
      vertex 63.50822651072291 66.99986790282358 138
    endloop
  endfacet
  facet normal 0 0 1
    outer loop
      vertex 82.51647191602484 55.691639566827696 138
      vertex 82.63028678473037 55.78504501565528 138
      vertex 63.50822651072291 66.99986790282358 138
    endloop
  endfacet
  facet normal 0 0 1
    outer loop
      vertex 82.63028678473037 55.78504501565528 138
      vertex 82.74996697570589 55.87080662768073 138
      vertex 63.50822651072291 66.99986790282358 138
    endloop
  endfacet
  facet normal 0 0 1
    outer loop
      vertex 82.74996697570589 55.87080662768073 138
      vertex 82.875 55.94855715851499 138
      vertex 63.50822651072291 66.99986790282358 138
    endloop
  endfacet
  facet normal 0 0 1
    outer loop
      vertex 82.875 55.94855715851499 138
      vertex 83.00485044700724 56.01796366844855 138
      vertex 63.50822651072291 66.99986790282358 138
    endloop
  endfacet
  facet normal 0 0 1
    outer loop
      vertex 83.00485044700724 56.01796366844855 138
      vertex 83.13896227717855 56.07872894815039 138
      vertex 63.50822651072291 66.99986790282358 138
    endloop
  endfacet
  facet normal 0 0 1
    outer loop
      vertex 83.13896227717855 56.07872894815039 138
      vertex 83.27676120306789 56.13059279136399 138
      vertex 63.50822651072291 66.99986790282358 138
    endloop
  endfacet
  facet normal 0 0 1
    outer loop
      vertex 83.27676120306789 56.13059279136399 138
      vertex 83.41765714851933 56.173333109150406 138
      vertex 63.50822651072291 66.99986790282358 138
    endloop
  endfacet
  facet normal 0 0 1
    outer loop
      vertex 83.41765714851933 56.173333109150406 138
      vertex 83.56104677546371 56.20676688090727 138
      vertex 63.50822651072291 66.99986790282358 138
    endloop
  endfacet
  facet normal 0 0 1
    outer loop
      vertex 83.56104677546371 56.20676688090727 138
      vertex 83.70631606750489 56.23075093809107 138
      vertex 63.50822651072291 66.99986790282358 138
    endloop
  endfacet
  facet normal 0 0 1
    outer loop
      vertex 86.24518257728685 54.14715704076782 138
      vertex 86.25 54 138
      vertex 92 72 138
    endloop
  endfacet
  facet normal 0 0 1
    outer loop
      vertex 86.24518257728685 54.14715704076782 138
      vertex 92 72 138
      vertex 86.23075093809108 54.293683932495114 138
    endloop
  endfacet
  facet normal 0 0 1
    outer loop
      vertex 86.23075093809108 54.293683932495114 138
      vertex 92 72 138
      vertex 86.20676688090727 54.43895322453629 138
    endloop
  endfacet
  facet normal 0 0 1
    outer loop
      vertex 84.99514955299276 56.01796366844855 138
      vertex 92 72 138
      vertex 84.86103772282145 56.07872894815039 138
    endloop
  endfacet
  facet normal 0 0 1
    outer loop
      vertex 85.48352808397516 55.691639566827696 138
      vertex 92 72 138
      vertex 85.36971321526963 55.78504501565528 138
    endloop
  endfacet
  facet normal 0 0 1
    outer loop
      vertex 85.36971321526963 55.78504501565528 138
      vertex 92 72 138
      vertex 85.25003302429411 55.87080662768073 138
    endloop
  endfacet
  facet normal 0 0 1
    outer loop
      vertex 85.125 55.94855715851499 138
      vertex 85.25003302429411 55.87080662768073 138
      vertex 92 72 138
    endloop
  endfacet
  facet normal 0 0 1
    outer loop
      vertex 85.125 55.94855715851499 138
      vertex 92 72 138
      vertex 84.99514955299276 56.01796366844855 138
    endloop
  endfacet
  facet normal 0 0 1
    outer loop
      vertex 86.20676688090727 54.43895322453629 138
      vertex 92 72 138
      vertex 86.1733331091504 54.582342851480675 138
    endloop
  endfacet
  facet normal 0 0 1
    outer loop
      vertex 86.1733331091504 54.582342851480675 138
      vertex 92 72 138
      vertex 86.130592791364 54.723238796932115 138
    endloop
  endfacet
  facet normal 0 0 1
    outer loop
      vertex 86.130592791364 54.723238796932115 138
      vertex 92 72 138
      vertex 86.0787289481504 54.86103772282145 138
    endloop
  endfacet
  facet normal 0 0 1
    outer loop
      vertex 86.0787289481504 54.86103772282145 138
      vertex 92 72 138
      vertex 86.01796366844854 54.99514955299275 138
    endloop
  endfacet
  facet normal 0 0 1
    outer loop
      vertex 86.01796366844854 54.99514955299275 138
      vertex 92 72 138
      vertex 85.94855715851499 55.125 138
    endloop
  endfacet
  facet normal 0 0 1
    outer loop
      vertex 85.94855715851499 55.125 138
      vertex 92 72 138
      vertex 85.87080662768072 55.250033024294105 138
    endloop
  endfacet
  facet normal 0 0 1
    outer loop
      vertex 85.78504501565529 55.36971321526962 138
      vertex 92 72 138
      vertex 85.6916395668277 55.48352808397515 138
    endloop
  endfacet
  facet normal 0 0 1
    outer loop
      vertex 85.87080662768072 55.250033024294105 138
      vertex 92 72 138
      vertex 85.78504501565529 55.36971321526962 138
    endloop
  endfacet
  facet normal 0 0 1
    outer loop
      vertex 85.6916395668277 55.48352808397515 138
      vertex 92 72 138
      vertex 85.59099025766973 55.59099025766973 138
    endloop
  endfacet
  facet normal 0 0 1
    outer loop
      vertex 85.59099025766973 55.59099025766973 138
      vertex 92 72 138
      vertex 85.48352808397516 55.691639566827696 138
    endloop
  endfacet
  facet normal 0 0 1
    outer loop
      vertex 83.70631606750489 56.23075093809107 138
      vertex 83.85284295923218 56.245182577286855 138
      vertex 92 72 138
    endloop
  endfacet
  facet normal 0 0 1
    outer loop
      vertex 83.85284295923218 56.245182577286855 138
      vertex 84 56.25 138
      vertex 92 72 138
    endloop
  endfacet
  facet normal 0 0 1
    outer loop
      vertex 84 56.25 138
      vertex 84.14715704076782 56.245182577286855 138
      vertex 92 72 138
    endloop
  endfacet
  facet normal 0 0 1
    outer loop
      vertex 84.14715704076782 56.245182577286855 138
      vertex 84.29368393249511 56.23075093809107 138
      vertex 92 72 138
    endloop
  endfacet
  facet normal 0 0 1
    outer loop
      vertex 84.29368393249511 56.23075093809107 138
      vertex 84.43895322453629 56.20676688090727 138
      vertex 92 72 138
    endloop
  endfacet
  facet normal 0 0 1
    outer loop
      vertex 84.58234285148067 56.173333109150406 138
      vertex 84.72323879693211 56.13059279136399 138
      vertex 92 72 138
    endloop
  endfacet
  facet normal 0 0 1
    outer loop
      vertex 84.43895322453629 56.20676688090727 138
      vertex 84.58234285148067 56.173333109150406 138
      vertex 92 72 138
    endloop
  endfacet
  facet normal 0 0 1
    outer loop
      vertex 84.72323879693211 56.13059279136399 138
      vertex 84.86103772282145 56.07872894815039 138
      vertex 92 72 138
    endloop
  endfacet
  facet normal 0 0 1
    outer loop
      vertex 83.70631606750489 56.23075093809107 138
      vertex 92 72 138
      vertex 63.50822651072291 66.99986790282358 138
    endloop
  endfacet
  facet normal 0 0 1
    outer loop
      vertex 63.50822651072291 66.99986790282358 138
      vertex 92 72 138
      vertex 63.819228634059954 67.5 138
    endloop
  endfacet
  facet normal 0 0 1
    outer loop
      vertex 63.819228634059954 67.5 138
      vertex 92 72 138
      vertex 64.0968546737942 68.01940178802899 138
    endloop
  endfacet
  facet normal 0 0 1
    outer loop
      vertex 64.0968546737942 68.01940178802899 138
      vertex 92 72 138
      vertex 64.33991579260159 68.5558491087142 138
    endloop
  endfacet
  facet normal 0 0 1
    outer loop
      vertex 64.33991579260159 68.5558491087142 138
      vertex 92 72 138
      vertex 64.54737116545596 69.10704481227154 138
    endloop
  endfacet
  facet normal 0 0 1
    outer loop
      vertex 64.54737116545596 69.10704481227154 138
      vertex 92 72 138
      vertex 64.71833243660163 69.67062859407731 138
    endloop
  endfacet
  facet normal 0 0 1
    outer loop
      vertex 64.71833243660163 69.67062859407731 138
      vertex 92 72 138
      vertex 64.85206752362907 70.24418710185485 138
    endloop
  endfacet
  facet normal 0 0 1
    outer loop
      vertex 64.85206752362907 70.24418710185485 138
      vertex 92 72 138
      vertex 64.9480037523643 70.82526427001953 138
    endloop
  endfacet
  facet normal 0 0 1
    outer loop
      vertex 64.9480037523643 70.82526427001953 138
      vertex 92 72 138
      vertex 65.00573030914744 71.41137183692871 138
    endloop
  endfacet
  facet normal 0 0 1
    outer loop
      vertex 65.00573030914744 71.41137183692871 138
      vertex 92 72 138
      vertex 65.025 72 138
    endloop
  endfacet
  facet normal 0 1 0
    outer loop
      vertex -92 72 134
      vertex -92 72 138
      vertex -65.025 72 134
    endloop
  endfacet
  facet normal 0 1 0
    outer loop
      vertex -27.675 72 134
      vertex -47.025000000000006 72 134
      vertex -27.675 72 138
    endloop
  endfacet
  facet normal 0 1 0
    outer loop
      vertex 9.675 72 134
      vertex -9.675 72 134
      vertex -9.675 72 138
    endloop
  endfacet
  facet normal 0 1 0
    outer loop
      vertex -65.025 72 134
      vertex -92 72 138
      vertex -65.025 72 138
    endloop
  endfacet
  facet normal 0 1 0
    outer loop
      vertex -47.025000000000006 72 134
      vertex -47.025000000000006 72 138
      vertex -27.675 72 138
    endloop
  endfacet
  facet normal 0 1 0
    outer loop
      vertex 47.025000000000006 72 138
      vertex 47.025000000000006 72 134
      vertex 27.675 72 134
    endloop
  endfacet
  facet normal 0 1 0
    outer loop
      vertex 65.025 72 134
      vertex 65.025 72 138
      vertex 92 72 134
    endloop
  endfacet
  facet normal 0 1 0
    outer loop
      vertex 9.675 72 134
      vertex -9.675 72 138
      vertex 9.675 72 138
    endloop
  endfacet
  facet normal 0 1 0
    outer loop
      vertex 27.675 72 138
      vertex 47.025000000000006 72 138
      vertex 27.675 72 134
    endloop
  endfacet
  facet normal 0 1 0
    outer loop
      vertex 92 72 134
      vertex 65.025 72 138
      vertex 92 72 138
    endloop
  endfacet
endsolid OpenSCAD_Model
