solid OpenSCAD_Model
  facet normal 0.16289547339461752 0.9866433320848742 6.43430028557568e-20
    outer loop
      vertex -84.29368393249511 87.76924906190892 134
      vertex -84.43895322453629 87.79323311909273 134
      vertex -84.43895322453629 87.79323311909273 138
    endloop
  endfacet
  facet normal 0.09801714032951449 0.9951847266722015 0
    outer loop
      vertex -84.29368393249511 87.76924906190892 134
      vertex -84.29368393249511 87.76924906190892 138
      vertex -84.14715704076782 87.75481742271315 134
    endloop
  endfacet
  facet normal 0.03271908282179856 0.9994645874763648 0
    outer loop
      vertex -84.14715704076782 87.75481742271315 134
      vertex -84.14715704076782 87.75481742271315 138
      vertex -84 87.75 134
    endloop
  endfacet
  facet normal -0.03271908282179856 0.9994645874763648 0
    outer loop
      vertex -84 87.75 134
      vertex -84 87.75 138
      vertex -83.85284295923218 87.75481742271315 134
    endloop
  endfacet
  facet normal -0.09801714032951449 0.9951847266722015 0
    outer loop
      vertex -83.85284295923218 87.75481742271315 134
      vertex -83.85284295923218 87.75481742271315 138
      vertex -83.70631606750489 87.76924906190892 134
    endloop
  endfacet
  facet normal -0.16289547339461752 0.9866433320848742 0
    outer loop
      vertex -83.70631606750489 87.76924906190892 134
      vertex -83.70631606750489 87.76924906190892 138
      vertex -83.56104677546371 87.79323311909273 134
    endloop
  endfacet
  facet normal -0.22707626303435144 0.9738769792773389 0
    outer loop
      vertex -83.56104677546371 87.79323311909273 134
      vertex -83.56104677546371 87.79323311909273 138
      vertex -83.41765714851933 87.8266668908496 134
    endloop
  endfacet
  facet normal 0.3522500479212447 0.9359059267573215 0
    outer loop
      vertex -84.86103772282145 87.9212710518496 134
      vertex -84.86103772282145 87.9212710518496 138
      vertex -84.72323879693211 87.869407208636 134
    endloop
  endfacet
  facet normal 0.41270702980442514 0.9108638249211621 0
    outer loop
      vertex -84.99514955299276 87.98203633155146 134
      vertex -84.99514955299276 87.98203633155146 138
      vertex -84.86103772282145 87.9212710518496 134
    endloop
  endfacet
  facet normal 0.528067850650373 0.8492021815265757 0
    outer loop
      vertex -85.25003302429411 88.12919337231928 134
      vertex -85.25003302429411 88.12919337231928 138
      vertex -85.125 88.05144284148501 134
    endloop
  endfacet
  facet normal 0.47139673682598665 0.8819212643483608 -3.7881544060417087e-19
    outer loop
      vertex -84.99514955299276 87.98203633155146 134
      vertex -85.125 88.05144284148501 134
      vertex -85.125 88.05144284148501 138
    endloop
  endfacet
  facet normal 0.6835923020229097 0.7298640726977996 0
    outer loop
      vertex -85.59099025766973 88.40900974233027 134
      vertex -85.59099025766973 88.40900974233027 138
      vertex -85.48352808397516 88.3083604331723 134
    endloop
  endfacet
  facet normal 0.7298640726977996 0.6835923020229097 -9.226532174841423e-19
    outer loop
      vertex -85.59099025766973 88.40900974233027 134
      vertex -85.6916395668277 88.51647191602484 134
      vertex -85.6916395668277 88.51647191602484 138
    endloop
  endfacet
  facet normal 0.5824776968677552 0.8128466845916488 0
    outer loop
      vertex -85.36971321526963 88.21495498434471 134
      vertex -85.36971321526963 88.21495498434471 138
      vertex -85.25003302429411 88.12919337231928 134
    endloop
  endfacet
  facet normal 0.6343932841636585 0.7730104533627264 1.159818029264652e-18
    outer loop
      vertex -85.36971321526963 88.21495498434471 134
      vertex -85.48352808397516 88.3083604331723 134
      vertex -85.48352808397516 88.3083604331723 138
    endloop
  endfacet
  facet normal 0.29028467725444673 0.9569403357322137 0
    outer loop
      vertex -84.72323879693211 87.869407208636 134
      vertex -84.72323879693211 87.869407208636 138
      vertex -84.58234285148067 87.8266668908496 134
    endloop
  endfacet
  facet normal 0.22707626303435144 0.9738769792773389 0
    outer loop
      vertex -84.58234285148067 87.8266668908496 134
      vertex -84.58234285148067 87.8266668908496 138
      vertex -84.43895322453629 87.79323311909273 134
    endloop
  endfacet
  facet normal -0.29028467725444673 0.9569403357322137 0
    outer loop
      vertex -83.41765714851933 87.8266668908496 134
      vertex -83.41765714851933 87.8266668908496 138
      vertex -83.27676120306789 87.869407208636 134
    endloop
  endfacet
  facet normal -0.3522500479212447 0.9359059267573215 0
    outer loop
      vertex -83.27676120306789 87.869407208636 134
      vertex -83.27676120306789 87.869407208636 138
      vertex -83.13896227717855 87.9212710518496 134
    endloop
  endfacet
  facet normal -0.41270702980442514 0.9108638249211621 0
    outer loop
      vertex -83.13896227717855 87.9212710518496 134
      vertex -83.13896227717855 87.9212710518496 138
      vertex -83.00485044700724 87.98203633155146 134
    endloop
  endfacet
  facet normal -0.47139673682598665 0.8819212643483608 0
    outer loop
      vertex -83.00485044700724 87.98203633155146 134
      vertex -83.00485044700724 87.98203633155146 138
      vertex -82.875 88.05144284148501 134
    endloop
  endfacet
  facet normal -0.528067850650373 0.8492021815265757 0
    outer loop
      vertex -82.875 88.05144284148501 134
      vertex -82.875 88.05144284148501 138
      vertex -82.74996697570589 88.12919337231928 134
    endloop
  endfacet
  facet normal -0.5824776968677552 0.8128466845916488 0
    outer loop
      vertex -82.74996697570589 88.12919337231928 134
      vertex -82.74996697570589 88.12919337231928 138
      vertex -82.63028678473037 88.21495498434471 134
    endloop
  endfacet
  facet normal -0.6343932841636585 0.7730104533627264 0
    outer loop
      vertex -82.63028678473037 88.21495498434471 134
      vertex -82.63028678473037 88.21495498434471 138
      vertex -82.51647191602484 88.3083604331723 134
    endloop
  endfacet
  facet normal -0.6835923020229097 0.7298640726977996 0
    outer loop
      vertex -82.51647191602484 88.3083604331723 134
      vertex -82.51647191602484 88.3083604331723 138
      vertex -82.40900974233027 88.40900974233027 134
    endloop
  endfacet
  facet normal -0.7298640726977996 0.6835923020229097 0
    outer loop
      vertex -82.40900974233027 88.40900974233027 134
      vertex -82.40900974233027 88.40900974233027 138
      vertex -82.3083604331723 88.51647191602484 134
    endloop
  endfacet
  facet normal 0.7730104533627264 0.6343932841636585 0
    outer loop
      vertex -85.78504501565529 88.63028678473037 134
      vertex -85.78504501565529 88.63028678473037 138
      vertex -85.6916395668277 88.51647191602484 134
    endloop
  endfacet
  facet normal 0.8492021815265757 0.528067850650373 1.194921064394668e-18
    outer loop
      vertex -85.87080662768072 88.74996697570589 134
      vertex -85.94855715851499 88.875 134
      vertex -85.94855715851499 88.875 138
    endloop
  endfacet
  facet normal 0.8128466845916488 0.5824776968677552 -3.8904388256686114e-19
    outer loop
      vertex -85.78504501565529 88.63028678473037 134
      vertex -85.87080662768072 88.74996697570589 134
      vertex -85.87080662768072 88.74996697570589 138
    endloop
  endfacet
  facet normal 0.8819212643483608 0.47139673682598665 -3.7881544060417087e-19
    outer loop
      vertex -85.94855715851499 88.875 134
      vertex -86.01796366844854 89.00485044700724 134
      vertex -86.01796366844854 89.00485044700724 138
    endloop
  endfacet
  facet normal 0.9108638249211621 0.41270702980442514 5.371239608834275e-19
    outer loop
      vertex -86.01796366844854 89.00485044700724 134
      vertex -86.0787289481504 89.13896227717855 134
      vertex -86.0787289481504 89.13896227717855 138
    endloop
  endfacet
  facet normal 0.9359059267573215 0.3522500479212447 -2.25742166291072e-19
    outer loop
      vertex -86.0787289481504 89.13896227717855 134
      vertex -86.130592791364 89.27676120306789 134
      vertex -86.130592791364 89.27676120306789 138
    endloop
  endfacet
  facet normal 0.9569403357322137 0.29028467725444673 4.044448939649859e-20
    outer loop
      vertex -86.130592791364 89.27676120306789 134
      vertex -86.1733331091504 89.41765714851933 134
      vertex -86.1733331091504 89.41765714851933 138
    endloop
  endfacet
  facet normal 0.9738769792773389 0.22707626303435144 -1.5020586554888885e-19
    outer loop
      vertex -86.1733331091504 89.41765714851933 134
      vertex -86.20676688090727 89.56104677546371 134
      vertex -86.20676688090727 89.56104677546371 138
    endloop
  endfacet
  facet normal 0.9866433320848742 0.16289547339461752 6.43430028557568e-20
    outer loop
      vertex -86.20676688090727 89.56104677546371 134
      vertex -86.23075093809108 89.70631606750489 134
      vertex -86.23075093809108 89.70631606750489 138
    endloop
  endfacet
  facet normal 0.9951847266722015 0.09801714032951449 -9.830893955982932e-21
    outer loop
      vertex -86.23075093809108 89.70631606750489 134
      vertex -86.24518257728685 89.85284295923218 134
      vertex -86.24518257728685 89.85284295923218 138
    endloop
  endfacet
  facet normal -0.7730104533627264 0.6343932841636585 0
    outer loop
      vertex -82.3083604331723 88.51647191602484 134
      vertex -82.3083604331723 88.51647191602484 138
      vertex -82.21495498434471 88.63028678473037 134
    endloop
  endfacet
  facet normal -0.8128466845916488 0.5824776968677552 0
    outer loop
      vertex -82.21495498434471 88.63028678473037 134
      vertex -82.21495498434471 88.63028678473037 138
      vertex -82.12919337231928 88.74996697570589 134
    endloop
  endfacet
  facet normal -0.8492021815265757 0.528067850650373 0
    outer loop
      vertex -82.12919337231928 88.74996697570589 134
      vertex -82.12919337231928 88.74996697570589 138
      vertex -82.05144284148501 88.875 134
    endloop
  endfacet
  facet normal -0.8819212643483608 0.47139673682598665 0
    outer loop
      vertex -82.05144284148501 88.875 134
      vertex -82.05144284148501 88.875 138
      vertex -81.98203633155146 89.00485044700724 134
    endloop
  endfacet
  facet normal -0.9108638249211621 0.41270702980442514 0
    outer loop
      vertex -81.98203633155146 89.00485044700724 134
      vertex -81.98203633155146 89.00485044700724 138
      vertex -81.9212710518496 89.13896227717855 134
    endloop
  endfacet
  facet normal -0.9359059267573215 0.3522500479212447 0
    outer loop
      vertex -81.9212710518496 89.13896227717855 134
      vertex -81.9212710518496 89.13896227717855 138
      vertex -81.869407208636 89.27676120306789 134
    endloop
  endfacet
  facet normal -0.9569403357322137 0.29028467725444673 0
    outer loop
      vertex -81.869407208636 89.27676120306789 134
      vertex -81.869407208636 89.27676120306789 138
      vertex -81.8266668908496 89.41765714851933 134
    endloop
  endfacet
  facet normal -0.9738769792773389 0.22707626303435144 0
    outer loop
      vertex -81.8266668908496 89.41765714851933 134
      vertex -81.8266668908496 89.41765714851933 138
      vertex -81.79323311909273 89.56104677546371 134
    endloop
  endfacet
  facet normal -0.9866433320848742 0.16289547339461752 0
    outer loop
      vertex -81.79323311909273 89.56104677546371 134
      vertex -81.79323311909273 89.56104677546371 138
      vertex -81.76924906190892 89.70631606750489 134
    endloop
  endfacet
  facet normal -0.9951847266722015 0.09801714032951449 0
    outer loop
      vertex -81.76924906190892 89.70631606750489 134
      vertex -81.76924906190892 89.70631606750489 138
      vertex -81.75481742271315 89.85284295923218 134
    endloop
  endfacet
  facet normal 0.9994645874763648 0.03271908282179856 -6.737635608824902e-20
    outer loop
      vertex -86.24518257728685 89.85284295923218 134
      vertex -86.25 90 134
      vertex -86.25 90 138
    endloop
  endfacet
  facet normal 0.9994645874763648 -0.03271908282179856 6.737635608824902e-20
    outer loop
      vertex -86.25 90 134
      vertex -86.24518257728685 90.14715704076782 134
      vertex -86.24518257728685 90.14715704076782 138
    endloop
  endfacet
  facet normal 0.9951847266722015 -0.09801714032951449 9.830893955982932e-21
    outer loop
      vertex -86.24518257728685 90.14715704076782 134
      vertex -86.23075093809108 90.29368393249511 134
      vertex -86.23075093809108 90.29368393249511 138
    endloop
  endfacet
  facet normal 0.9866433320848742 -0.16289547339461752 -6.43430028557568e-20
    outer loop
      vertex -86.23075093809108 90.29368393249511 134
      vertex -86.20676688090727 90.43895322453629 134
      vertex -86.20676688090727 90.43895322453629 138
    endloop
  endfacet
  facet normal 0.9738769792773389 -0.22707626303435144 1.5020586554888885e-19
    outer loop
      vertex -86.20676688090727 90.43895322453629 134
      vertex -86.1733331091504 90.58234285148067 134
      vertex -86.1733331091504 90.58234285148067 138
    endloop
  endfacet
  facet normal 0.9569403357322137 -0.29028467725444673 -4.044448939649859e-20
    outer loop
      vertex -86.1733331091504 90.58234285148067 134
      vertex -86.130592791364 90.72323879693211 134
      vertex -86.130592791364 90.72323879693211 138
    endloop
  endfacet
  facet normal 0.9359059267573215 -0.3522500479212447 2.25742166291072e-19
    outer loop
      vertex -86.130592791364 90.72323879693211 134
      vertex -86.0787289481504 90.86103772282145 134
      vertex -86.0787289481504 90.86103772282145 138
    endloop
  endfacet
  facet normal 0.9108638249211621 -0.41270702980442514 -5.371239608834275e-19
    outer loop
      vertex -86.0787289481504 90.86103772282145 134
      vertex -86.01796366844854 90.99514955299276 134
      vertex -86.01796366844854 90.99514955299276 138
    endloop
  endfacet
  facet normal 0.8819212643483608 -0.47139673682598665 3.7881544060417087e-19
    outer loop
      vertex -86.01796366844854 90.99514955299276 134
      vertex -85.94855715851499 91.125 134
      vertex -85.94855715851499 91.125 138
    endloop
  endfacet
  facet normal 0.8492021815265757 -0.528067850650373 -1.194921064394668e-18
    outer loop
      vertex -85.94855715851499 91.125 134
      vertex -85.87080662768072 91.25003302429411 134
      vertex -85.87080662768072 91.25003302429411 138
    endloop
  endfacet
  facet normal -0.9994645874763648 0.03271908282179856 0
    outer loop
      vertex -81.75481742271315 89.85284295923218 134
      vertex -81.75481742271315 89.85284295923218 138
      vertex -81.75 90 134
    endloop
  endfacet
  facet normal -0.9994645874763648 -0.03271908282179856 0
    outer loop
      vertex -81.75 90 134
      vertex -81.75 90 138
      vertex -81.75481742271315 90.14715704076782 134
    endloop
  endfacet
  facet normal -0.9951847266722015 -0.09801714032951449 0
    outer loop
      vertex -81.75481742271315 90.14715704076782 134
      vertex -81.75481742271315 90.14715704076782 138
      vertex -81.76924906190892 90.29368393249511 134
    endloop
  endfacet
  facet normal -0.9866433320848742 -0.16289547339461752 0
    outer loop
      vertex -81.76924906190892 90.29368393249511 134
      vertex -81.76924906190892 90.29368393249511 138
      vertex -81.79323311909273 90.43895322453629 134
    endloop
  endfacet
  facet normal -0.9738769792773389 -0.22707626303435144 0
    outer loop
      vertex -81.79323311909273 90.43895322453629 134
      vertex -81.79323311909273 90.43895322453629 138
      vertex -81.8266668908496 90.58234285148067 134
    endloop
  endfacet
  facet normal -0.9108638249211621 -0.41270702980442514 5.371239608834275e-19
    outer loop
      vertex -81.98203633155146 90.99514955299276 134
      vertex -81.9212710518496 90.86103772282145 134
      vertex -81.9212710518496 90.86103772282145 138
    endloop
  endfacet
  facet normal -0.8819212643483608 -0.47139673682598665 0
    outer loop
      vertex -81.98203633155146 90.99514955299276 134
      vertex -81.98203633155146 90.99514955299276 138
      vertex -82.05144284148501 91.125 134
    endloop
  endfacet
  facet normal -0.8492021815265757 -0.528067850650373 1.194921064394668e-18
    outer loop
      vertex -82.12919337231928 91.25003302429411 134
      vertex -82.05144284148501 91.125 134
      vertex -82.05144284148501 91.125 138
    endloop
  endfacet
  facet normal -0.9569403357322137 -0.29028467725444673 0
    outer loop
      vertex -81.8266668908496 90.58234285148067 134
      vertex -81.8266668908496 90.58234285148067 138
      vertex -81.869407208636 90.72323879693211 134
    endloop
  endfacet
  facet normal -0.9359059267573215 -0.3522500479212447 0
    outer loop
      vertex -81.869407208636 90.72323879693211 134
      vertex -81.869407208636 90.72323879693211 138
      vertex -81.9212710518496 90.86103772282145 134
    endloop
  endfacet
  facet normal 0.8128466845916488 -0.5824776968677552 3.8904388256686114e-19
    outer loop
      vertex -85.87080662768072 91.25003302429411 134
      vertex -85.78504501565529 91.36971321526963 134
      vertex -85.78504501565529 91.36971321526963 138
    endloop
  endfacet
  facet normal 0.7730104533627264 -0.6343932841636585 -1.159818029264652e-18
    outer loop
      vertex -85.78504501565529 91.36971321526963 134
      vertex -85.6916395668277 91.48352808397516 134
      vertex -85.6916395668277 91.48352808397516 138
    endloop
  endfacet
  facet normal 0.7298640726977996 -0.6835923020229097 9.226532174841423e-19
    outer loop
      vertex -85.6916395668277 91.48352808397516 134
      vertex -85.59099025766973 91.59099025766973 134
      vertex -85.59099025766973 91.59099025766973 138
    endloop
  endfacet
  facet normal 0.6835923020229097 -0.7298640726977996 9.226532174841423e-19
    outer loop
      vertex -85.59099025766973 91.59099025766973 134
      vertex -85.48352808397516 91.6916395668277 134
      vertex -85.48352808397516 91.6916395668277 138
    endloop
  endfacet
  facet normal 0.6343932841636585 -0.7730104533627264 -1.159818029264652e-18
    outer loop
      vertex -85.48352808397516 91.6916395668277 134
      vertex -85.36971321526963 91.78504501565529 134
      vertex -85.36971321526963 91.78504501565529 138
    endloop
  endfacet
  facet normal 0.5824776968677552 -0.8128466845916488 3.8904388256686114e-19
    outer loop
      vertex -85.36971321526963 91.78504501565529 134
      vertex -85.25003302429411 91.87080662768072 134
      vertex -85.25003302429411 91.87080662768072 138
    endloop
  endfacet
  facet normal 0.528067850650373 -0.8492021815265757 -1.194921064394668e-18
    outer loop
      vertex -85.25003302429411 91.87080662768072 134
      vertex -85.125 91.94855715851499 134
      vertex -85.125 91.94855715851499 138
    endloop
  endfacet
  facet normal 0.47139673682598665 -0.8819212643483608 3.7881544060417087e-19
    outer loop
      vertex -85.125 91.94855715851499 134
      vertex -84.99514955299276 92.01796366844854 134
      vertex -84.99514955299276 92.01796366844854 138
    endloop
  endfacet
  facet normal 0.41270702980442514 -0.9108638249211621 -5.371239608834275e-19
    outer loop
      vertex -84.99514955299276 92.01796366844854 134
      vertex -84.86103772282145 92.0787289481504 134
      vertex -84.86103772282145 92.0787289481504 138
    endloop
  endfacet
  facet normal 0.3522500479212447 -0.9359059267573215 2.25742166291072e-19
    outer loop
      vertex -84.86103772282145 92.0787289481504 134
      vertex -84.72323879693211 92.130592791364 134
      vertex -84.72323879693211 92.130592791364 138
    endloop
  endfacet
  facet normal 0.29028467725444673 -0.9569403357322137 -4.044448939649859e-20
    outer loop
      vertex -84.72323879693211 92.130592791364 134
      vertex -84.58234285148067 92.1733331091504 134
      vertex -84.58234285148067 92.1733331091504 138
    endloop
  endfacet
  facet normal 0.22707626303435144 -0.9738769792773389 1.5020586554888885e-19
    outer loop
      vertex -84.58234285148067 92.1733331091504 134
      vertex -84.43895322453629 92.20676688090727 134
      vertex -84.43895322453629 92.20676688090727 138
    endloop
  endfacet
  facet normal 0.16289547339461752 -0.9866433320848742 -6.43430028557568e-20
    outer loop
      vertex -84.43895322453629 92.20676688090727 134
      vertex -84.29368393249511 92.23075093809108 134
      vertex -84.29368393249511 92.23075093809108 138
    endloop
  endfacet
  facet normal 0.09801714032951449 -0.9951847266722015 9.830893955982932e-21
    outer loop
      vertex -84.29368393249511 92.23075093809108 134
      vertex -84.14715704076782 92.24518257728685 134
      vertex -84.14715704076782 92.24518257728685 138
    endloop
  endfacet
  facet normal 0.03271908282179856 -0.9994645874763648 6.737635608824902e-20
    outer loop
      vertex -84.14715704076782 92.24518257728685 134
      vertex -84 92.25 134
      vertex -84 92.25 138
    endloop
  endfacet
  facet normal -0.09801714032951449 -0.9951847266722015 -9.830893955982932e-21
    outer loop
      vertex -83.85284295923218 92.24518257728685 134
      vertex -83.70631606750489 92.23075093809108 134
      vertex -83.70631606750489 92.23075093809108 138
    endloop
  endfacet
  facet normal -0.03271908282179856 -0.9994645874763648 -6.737635608824902e-20
    outer loop
      vertex -84 92.25 134
      vertex -83.85284295923218 92.24518257728685 134
      vertex -83.85284295923218 92.24518257728685 138
    endloop
  endfacet
  facet normal -0.22707626303435144 -0.9738769792773389 -1.5020586554888885e-19
    outer loop
      vertex -83.56104677546371 92.20676688090727 134
      vertex -83.41765714851933 92.1733331091504 134
      vertex -83.41765714851933 92.1733331091504 138
    endloop
  endfacet
  facet normal -0.16289547339461752 -0.9866433320848742 6.43430028557568e-20
    outer loop
      vertex -83.70631606750489 92.23075093809108 134
      vertex -83.56104677546371 92.20676688090727 134
      vertex -83.56104677546371 92.20676688090727 138
    endloop
  endfacet
  facet normal -0.8128466845916488 -0.5824776968677552 0
    outer loop
      vertex -82.12919337231928 91.25003302429411 134
      vertex -82.12919337231928 91.25003302429411 138
      vertex -82.21495498434471 91.36971321526963 134
    endloop
  endfacet
  facet normal -0.7730104533627264 -0.6343932841636585 1.159818029264652e-18
    outer loop
      vertex -82.3083604331723 91.48352808397516 134
      vertex -82.21495498434471 91.36971321526963 134
      vertex -82.21495498434471 91.36971321526963 138
    endloop
  endfacet
  facet normal -0.7298640726977996 -0.6835923020229097 0
    outer loop
      vertex -82.3083604331723 91.48352808397516 134
      vertex -82.3083604331723 91.48352808397516 138
      vertex -82.40900974233027 91.59099025766973 134
    endloop
  endfacet
  facet normal -0.5824776968677552 -0.8128466845916488 -3.8904388256686114e-19
    outer loop
      vertex -82.74996697570589 91.87080662768072 134
      vertex -82.63028678473037 91.78504501565529 134
      vertex -82.63028678473037 91.78504501565529 138
    endloop
  endfacet
  facet normal -0.528067850650373 -0.8492021815265757 0
    outer loop
      vertex -82.74996697570589 91.87080662768072 134
      vertex -82.74996697570589 91.87080662768072 138
      vertex -82.875 91.94855715851499 134
    endloop
  endfacet
  facet normal -0.6835923020229097 -0.7298640726977996 -9.226532174841423e-19
    outer loop
      vertex -82.51647191602484 91.6916395668277 134
      vertex -82.40900974233027 91.59099025766973 134
      vertex -82.40900974233027 91.59099025766973 138
    endloop
  endfacet
  facet normal -0.6343932841636585 -0.7730104533627264 0
    outer loop
      vertex -82.51647191602484 91.6916395668277 134
      vertex -82.51647191602484 91.6916395668277 138
      vertex -82.63028678473037 91.78504501565529 134
    endloop
  endfacet
  facet normal -0.41270702980442514 -0.9108638249211621 5.371239608834275e-19
    outer loop
      vertex -83.13896227717855 92.0787289481504 134
      vertex -83.00485044700724 92.01796366844854 134
      vertex -83.00485044700724 92.01796366844854 138
    endloop
  endfacet
  facet normal -0.3522500479212447 -0.9359059267573215 -2.25742166291072e-19
    outer loop
      vertex -83.27676120306789 92.130592791364 134
      vertex -83.13896227717855 92.0787289481504 134
      vertex -83.13896227717855 92.0787289481504 138
    endloop
  endfacet
  facet normal -0.47139673682598665 -0.8819212643483608 -3.7881544060417087e-19
    outer loop
      vertex -83.00485044700724 92.01796366844854 134
      vertex -82.875 91.94855715851499 134
      vertex -82.875 91.94855715851499 138
    endloop
  endfacet
  facet normal -0.29028467725444673 -0.9569403357322137 4.044448939649859e-20
    outer loop
      vertex -83.41765714851933 92.1733331091504 134
      vertex -83.27676120306789 92.130592791364 134
      vertex -83.27676120306789 92.130592791364 138
    endloop
  endfacet
  facet normal 0.22707626303435144 0.9738769792773389 0
    outer loop
      vertex -84.43895322453629 87.79323311909273 134
      vertex -84.58234285148067 87.8266668908496 138
      vertex -84.43895322453629 87.79323311909273 138
    endloop
  endfacet
  facet normal 0.16289547339461752 0.9866433320848742 0
    outer loop
      vertex -84.29368393249511 87.76924906190892 134
      vertex -84.43895322453629 87.79323311909273 138
      vertex -84.29368393249511 87.76924906190892 138
    endloop
  endfacet
  facet normal 0.09801714032951449 0.9951847266722015 0
    outer loop
      vertex -84.14715704076782 87.75481742271315 134
      vertex -84.29368393249511 87.76924906190892 138
      vertex -84.14715704076782 87.75481742271315 138
    endloop
  endfacet
  facet normal 0.03271908282179856 0.9994645874763648 0
    outer loop
      vertex -84 87.75 134
      vertex -84.14715704076782 87.75481742271315 138
      vertex -84 87.75 138
    endloop
  endfacet
  facet normal -0.03271908282179856 0.9994645874763648 0
    outer loop
      vertex -83.85284295923218 87.75481742271315 134
      vertex -84 87.75 138
      vertex -83.85284295923218 87.75481742271315 138
    endloop
  endfacet
  facet normal -0.09801714032951449 0.9951847266722015 0
    outer loop
      vertex -83.70631606750489 87.76924906190892 134
      vertex -83.85284295923218 87.75481742271315 138
      vertex -83.70631606750489 87.76924906190892 138
    endloop
  endfacet
  facet normal -0.16289547339461752 0.9866433320848742 0
    outer loop
      vertex -83.56104677546371 87.79323311909273 134
      vertex -83.70631606750489 87.76924906190892 138
      vertex -83.56104677546371 87.79323311909273 138
    endloop
  endfacet
  facet normal 0.41270702980442514 0.9108638249211621 0
    outer loop
      vertex -84.86103772282145 87.9212710518496 134
      vertex -84.99514955299276 87.98203633155146 138
      vertex -84.86103772282145 87.9212710518496 138
    endloop
  endfacet
  facet normal 0.47139673682598665 0.8819212643483608 0
    outer loop
      vertex -84.99514955299276 87.98203633155146 134
      vertex -85.125 88.05144284148501 138
      vertex -84.99514955299276 87.98203633155146 138
    endloop
  endfacet
  facet normal 0.528067850650373 0.8492021815265757 0
    outer loop
      vertex -85.125 88.05144284148501 134
      vertex -85.25003302429411 88.12919337231928 138
      vertex -85.125 88.05144284148501 138
    endloop
  endfacet
  facet normal 0.7298640726977996 0.6835923020229097 0
    outer loop
      vertex -85.59099025766973 88.40900974233027 134
      vertex -85.6916395668277 88.51647191602484 138
      vertex -85.59099025766973 88.40900974233027 138
    endloop
  endfacet
  facet normal 0.5824776968677552 0.8128466845916488 0
    outer loop
      vertex -85.25003302429411 88.12919337231928 134
      vertex -85.36971321526963 88.21495498434471 138
      vertex -85.25003302429411 88.12919337231928 138
    endloop
  endfacet
  facet normal 0.6343932841636585 0.7730104533627264 0
    outer loop
      vertex -85.36971321526963 88.21495498434471 134
      vertex -85.48352808397516 88.3083604331723 138
      vertex -85.36971321526963 88.21495498434471 138
    endloop
  endfacet
  facet normal 0.6835923020229097 0.7298640726977996 0
    outer loop
      vertex -85.48352808397516 88.3083604331723 134
      vertex -85.59099025766973 88.40900974233027 138
      vertex -85.48352808397516 88.3083604331723 138
    endloop
  endfacet
  facet normal 0.3522500479212447 0.9359059267573215 0
    outer loop
      vertex -84.72323879693211 87.869407208636 134
      vertex -84.86103772282145 87.9212710518496 138
      vertex -84.72323879693211 87.869407208636 138
    endloop
  endfacet
  facet normal 0.29028467725444673 0.9569403357322137 0
    outer loop
      vertex -84.58234285148067 87.8266668908496 134
      vertex -84.72323879693211 87.869407208636 138
      vertex -84.58234285148067 87.8266668908496 138
    endloop
  endfacet
  facet normal -0.22707626303435144 0.9738769792773389 0
    outer loop
      vertex -83.41765714851933 87.8266668908496 134
      vertex -83.56104677546371 87.79323311909273 138
      vertex -83.41765714851933 87.8266668908496 138
    endloop
  endfacet
  facet normal -0.29028467725444673 0.9569403357322137 0
    outer loop
      vertex -83.27676120306789 87.869407208636 134
      vertex -83.41765714851933 87.8266668908496 138
      vertex -83.27676120306789 87.869407208636 138
    endloop
  endfacet
  facet normal -0.3522500479212447 0.9359059267573215 0
    outer loop
      vertex -83.13896227717855 87.9212710518496 134
      vertex -83.27676120306789 87.869407208636 138
      vertex -83.13896227717855 87.9212710518496 138
    endloop
  endfacet
  facet normal -0.41270702980442514 0.9108638249211621 0
    outer loop
      vertex -83.00485044700724 87.98203633155146 134
      vertex -83.13896227717855 87.9212710518496 138
      vertex -83.00485044700724 87.98203633155146 138
    endloop
  endfacet
  facet normal -0.47139673682598665 0.8819212643483608 0
    outer loop
      vertex -82.875 88.05144284148501 134
      vertex -83.00485044700724 87.98203633155146 138
      vertex -82.875 88.05144284148501 138
    endloop
  endfacet
  facet normal -0.528067850650373 0.8492021815265757 0
    outer loop
      vertex -82.74996697570589 88.12919337231928 134
      vertex -82.875 88.05144284148501 138
      vertex -82.74996697570589 88.12919337231928 138
    endloop
  endfacet
  facet normal -0.5824776968677552 0.8128466845916488 0
    outer loop
      vertex -82.63028678473037 88.21495498434471 134
      vertex -82.74996697570589 88.12919337231928 138
      vertex -82.63028678473037 88.21495498434471 138
    endloop
  endfacet
  facet normal -0.6343932841636585 0.7730104533627264 0
    outer loop
      vertex -82.51647191602484 88.3083604331723 134
      vertex -82.63028678473037 88.21495498434471 138
      vertex -82.51647191602484 88.3083604331723 138
    endloop
  endfacet
  facet normal -0.6835923020229097 0.7298640726977996 0
    outer loop
      vertex -82.40900974233027 88.40900974233027 134
      vertex -82.51647191602484 88.3083604331723 138
      vertex -82.40900974233027 88.40900974233027 138
    endloop
  endfacet
  facet normal -0.7298640726977996 0.6835923020229097 0
    outer loop
      vertex -82.3083604331723 88.51647191602484 134
      vertex -82.40900974233027 88.40900974233027 138
      vertex -82.3083604331723 88.51647191602484 138
    endloop
  endfacet
  facet normal 0.7730104533627264 0.6343932841636585 0
    outer loop
      vertex -85.6916395668277 88.51647191602484 134
      vertex -85.78504501565529 88.63028678473037 138
      vertex -85.6916395668277 88.51647191602484 138
    endloop
  endfacet
  facet normal 0.8128466845916488 0.5824776968677552 0
    outer loop
      vertex -85.78504501565529 88.63028678473037 134
      vertex -85.87080662768072 88.74996697570589 138
      vertex -85.78504501565529 88.63028678473037 138
    endloop
  endfacet
  facet normal 0.8492021815265757 0.528067850650373 0
    outer loop
      vertex -85.87080662768072 88.74996697570589 134
      vertex -85.94855715851499 88.875 138
      vertex -85.87080662768072 88.74996697570589 138
    endloop
  endfacet
  facet normal 0.8819212643483608 0.47139673682598665 0
    outer loop
      vertex -85.94855715851499 88.875 134
      vertex -86.01796366844854 89.00485044700724 138
      vertex -85.94855715851499 88.875 138
    endloop
  endfacet
  facet normal 0.9108638249211621 0.41270702980442514 0
    outer loop
      vertex -86.01796366844854 89.00485044700724 134
      vertex -86.0787289481504 89.13896227717855 138
      vertex -86.01796366844854 89.00485044700724 138
    endloop
  endfacet
  facet normal 0.9359059267573215 0.3522500479212447 0
    outer loop
      vertex -86.0787289481504 89.13896227717855 134
      vertex -86.130592791364 89.27676120306789 138
      vertex -86.0787289481504 89.13896227717855 138
    endloop
  endfacet
  facet normal 0.9569403357322137 0.29028467725444673 0
    outer loop
      vertex -86.130592791364 89.27676120306789 134
      vertex -86.1733331091504 89.41765714851933 138
      vertex -86.130592791364 89.27676120306789 138
    endloop
  endfacet
  facet normal 0.9738769792773389 0.22707626303435144 0
    outer loop
      vertex -86.1733331091504 89.41765714851933 134
      vertex -86.20676688090727 89.56104677546371 138
      vertex -86.1733331091504 89.41765714851933 138
    endloop
  endfacet
  facet normal 0.9866433320848742 0.16289547339461752 0
    outer loop
      vertex -86.20676688090727 89.56104677546371 134
      vertex -86.23075093809108 89.70631606750489 138
      vertex -86.20676688090727 89.56104677546371 138
    endloop
  endfacet
  facet normal 0.9951847266722015 0.09801714032951449 0
    outer loop
      vertex -86.23075093809108 89.70631606750489 134
      vertex -86.24518257728685 89.85284295923218 138
      vertex -86.23075093809108 89.70631606750489 138
    endloop
  endfacet
  facet normal -0.7730104533627264 0.6343932841636585 0
    outer loop
      vertex -82.21495498434471 88.63028678473037 134
      vertex -82.3083604331723 88.51647191602484 138
      vertex -82.21495498434471 88.63028678473037 138
    endloop
  endfacet
  facet normal -0.8128466845916488 0.5824776968677552 0
    outer loop
      vertex -82.12919337231928 88.74996697570589 134
      vertex -82.21495498434471 88.63028678473037 138
      vertex -82.12919337231928 88.74996697570589 138
    endloop
  endfacet
  facet normal -0.8492021815265757 0.528067850650373 0
    outer loop
      vertex -82.05144284148501 88.875 134
      vertex -82.12919337231928 88.74996697570589 138
      vertex -82.05144284148501 88.875 138
    endloop
  endfacet
  facet normal -0.8819212643483608 0.47139673682598665 0
    outer loop
      vertex -81.98203633155146 89.00485044700724 134
      vertex -82.05144284148501 88.875 138
      vertex -81.98203633155146 89.00485044700724 138
    endloop
  endfacet
  facet normal -0.9108638249211621 0.41270702980442514 0
    outer loop
      vertex -81.9212710518496 89.13896227717855 134
      vertex -81.98203633155146 89.00485044700724 138
      vertex -81.9212710518496 89.13896227717855 138
    endloop
  endfacet
  facet normal -0.9359059267573215 0.3522500479212447 0
    outer loop
      vertex -81.869407208636 89.27676120306789 134
      vertex -81.9212710518496 89.13896227717855 138
      vertex -81.869407208636 89.27676120306789 138
    endloop
  endfacet
  facet normal -0.9569403357322137 0.29028467725444673 0
    outer loop
      vertex -81.8266668908496 89.41765714851933 134
      vertex -81.869407208636 89.27676120306789 138
      vertex -81.8266668908496 89.41765714851933 138
    endloop
  endfacet
  facet normal -0.9738769792773389 0.22707626303435144 0
    outer loop
      vertex -81.79323311909273 89.56104677546371 134
      vertex -81.8266668908496 89.41765714851933 138
      vertex -81.79323311909273 89.56104677546371 138
    endloop
  endfacet
  facet normal -0.9866433320848742 0.16289547339461752 0
    outer loop
      vertex -81.76924906190892 89.70631606750489 134
      vertex -81.79323311909273 89.56104677546371 138
      vertex -81.76924906190892 89.70631606750489 138
    endloop
  endfacet
  facet normal -0.9951847266722015 0.09801714032951449 0
    outer loop
      vertex -81.75481742271315 89.85284295923218 134
      vertex -81.76924906190892 89.70631606750489 138
      vertex -81.75481742271315 89.85284295923218 138
    endloop
  endfacet
  facet normal 0.9994645874763648 0.03271908282179856 0
    outer loop
      vertex -86.24518257728685 89.85284295923218 134
      vertex -86.25 90 138
      vertex -86.24518257728685 89.85284295923218 138
    endloop
  endfacet
  facet normal 0.9994645874763648 -0.03271908282179856 0
    outer loop
      vertex -86.25 90 134
      vertex -86.24518257728685 90.14715704076782 138
      vertex -86.25 90 138
    endloop
  endfacet
  facet normal 0.9951847266722015 -0.09801714032951449 0
    outer loop
      vertex -86.24518257728685 90.14715704076782 134
      vertex -86.23075093809108 90.29368393249511 138
      vertex -86.24518257728685 90.14715704076782 138
    endloop
  endfacet
  facet normal 0.9866433320848742 -0.16289547339461752 0
    outer loop
      vertex -86.23075093809108 90.29368393249511 134
      vertex -86.20676688090727 90.43895322453629 138
      vertex -86.23075093809108 90.29368393249511 138
    endloop
  endfacet
  facet normal 0.9738769792773389 -0.22707626303435144 0
    outer loop
      vertex -86.20676688090727 90.43895322453629 134
      vertex -86.1733331091504 90.58234285148067 138
      vertex -86.20676688090727 90.43895322453629 138
    endloop
  endfacet
  facet normal 0.9569403357322137 -0.29028467725444673 0
    outer loop
      vertex -86.1733331091504 90.58234285148067 134
      vertex -86.130592791364 90.72323879693211 138
      vertex -86.1733331091504 90.58234285148067 138
    endloop
  endfacet
  facet normal 0.9359059267573215 -0.3522500479212447 0
    outer loop
      vertex -86.130592791364 90.72323879693211 134
      vertex -86.0787289481504 90.86103772282145 138
      vertex -86.130592791364 90.72323879693211 138
    endloop
  endfacet
  facet normal 0.9108638249211621 -0.41270702980442514 0
    outer loop
      vertex -86.0787289481504 90.86103772282145 134
      vertex -86.01796366844854 90.99514955299276 138
      vertex -86.0787289481504 90.86103772282145 138
    endloop
  endfacet
  facet normal 0.8819212643483608 -0.47139673682598665 0
    outer loop
      vertex -86.01796366844854 90.99514955299276 134
      vertex -85.94855715851499 91.125 138
      vertex -86.01796366844854 90.99514955299276 138
    endloop
  endfacet
  facet normal 0.8492021815265757 -0.528067850650373 0
    outer loop
      vertex -85.94855715851499 91.125 134
      vertex -85.87080662768072 91.25003302429411 138
      vertex -85.94855715851499 91.125 138
    endloop
  endfacet
  facet normal -0.9994645874763648 0.03271908282179856 0
    outer loop
      vertex -81.75 90 134
      vertex -81.75481742271315 89.85284295923218 138
      vertex -81.75 90 138
    endloop
  endfacet
  facet normal -0.9994645874763648 -0.03271908282179856 0
    outer loop
      vertex -81.75481742271315 90.14715704076782 134
      vertex -81.75 90 138
      vertex -81.75481742271315 90.14715704076782 138
    endloop
  endfacet
  facet normal -0.9951847266722015 -0.09801714032951449 0
    outer loop
      vertex -81.76924906190892 90.29368393249511 134
      vertex -81.75481742271315 90.14715704076782 138
      vertex -81.76924906190892 90.29368393249511 138
    endloop
  endfacet
  facet normal -0.9866433320848742 -0.16289547339461752 0
    outer loop
      vertex -81.79323311909273 90.43895322453629 134
      vertex -81.76924906190892 90.29368393249511 138
      vertex -81.79323311909273 90.43895322453629 138
    endloop
  endfacet
  facet normal -0.9738769792773389 -0.22707626303435144 0
    outer loop
      vertex -81.8266668908496 90.58234285148067 134
      vertex -81.79323311909273 90.43895322453629 138
      vertex -81.8266668908496 90.58234285148067 138
    endloop
  endfacet
  facet normal -0.9108638249211621 -0.41270702980442514 0
    outer loop
      vertex -81.98203633155146 90.99514955299276 134
      vertex -81.9212710518496 90.86103772282145 138
      vertex -81.98203633155146 90.99514955299276 138
    endloop
  endfacet
  facet normal -0.8819212643483608 -0.47139673682598665 0
    outer loop
      vertex -82.05144284148501 91.125 134
      vertex -81.98203633155146 90.99514955299276 138
      vertex -82.05144284148501 91.125 138
    endloop
  endfacet
  facet normal -0.8492021815265757 -0.528067850650373 0
    outer loop
      vertex -82.12919337231928 91.25003302429411 134
      vertex -82.05144284148501 91.125 138
      vertex -82.12919337231928 91.25003302429411 138
    endloop
  endfacet
  facet normal -0.9569403357322137 -0.29028467725444673 0
    outer loop
      vertex -81.869407208636 90.72323879693211 134
      vertex -81.8266668908496 90.58234285148067 138
      vertex -81.869407208636 90.72323879693211 138
    endloop
  endfacet
  facet normal -0.9359059267573215 -0.3522500479212447 0
    outer loop
      vertex -81.9212710518496 90.86103772282145 134
      vertex -81.869407208636 90.72323879693211 138
      vertex -81.9212710518496 90.86103772282145 138
    endloop
  endfacet
  facet normal 0.8128466845916488 -0.5824776968677552 0
    outer loop
      vertex -85.87080662768072 91.25003302429411 134
      vertex -85.78504501565529 91.36971321526963 138
      vertex -85.87080662768072 91.25003302429411 138
    endloop
  endfacet
  facet normal 0.7730104533627264 -0.6343932841636585 0
    outer loop
      vertex -85.78504501565529 91.36971321526963 134
      vertex -85.6916395668277 91.48352808397516 138
      vertex -85.78504501565529 91.36971321526963 138
    endloop
  endfacet
  facet normal 0.7298640726977996 -0.6835923020229097 0
    outer loop
      vertex -85.6916395668277 91.48352808397516 134
      vertex -85.59099025766973 91.59099025766973 138
      vertex -85.6916395668277 91.48352808397516 138
    endloop
  endfacet
  facet normal 0.6835923020229097 -0.7298640726977996 0
    outer loop
      vertex -85.59099025766973 91.59099025766973 134
      vertex -85.48352808397516 91.6916395668277 138
      vertex -85.59099025766973 91.59099025766973 138
    endloop
  endfacet
  facet normal 0.6343932841636585 -0.7730104533627264 0
    outer loop
      vertex -85.48352808397516 91.6916395668277 134
      vertex -85.36971321526963 91.78504501565529 138
      vertex -85.48352808397516 91.6916395668277 138
    endloop
  endfacet
  facet normal 0.5824776968677552 -0.8128466845916488 0
    outer loop
      vertex -85.36971321526963 91.78504501565529 134
      vertex -85.25003302429411 91.87080662768072 138
      vertex -85.36971321526963 91.78504501565529 138
    endloop
  endfacet
  facet normal 0.528067850650373 -0.8492021815265757 0
    outer loop
      vertex -85.25003302429411 91.87080662768072 134
      vertex -85.125 91.94855715851499 138
      vertex -85.25003302429411 91.87080662768072 138
    endloop
  endfacet
  facet normal 0.47139673682598665 -0.8819212643483608 0
    outer loop
      vertex -85.125 91.94855715851499 134
      vertex -84.99514955299276 92.01796366844854 138
      vertex -85.125 91.94855715851499 138
    endloop
  endfacet
  facet normal 0.41270702980442514 -0.9108638249211621 0
    outer loop
      vertex -84.99514955299276 92.01796366844854 134
      vertex -84.86103772282145 92.0787289481504 138
      vertex -84.99514955299276 92.01796366844854 138
    endloop
  endfacet
  facet normal 0.3522500479212447 -0.9359059267573215 0
    outer loop
      vertex -84.86103772282145 92.0787289481504 134
      vertex -84.72323879693211 92.130592791364 138
      vertex -84.86103772282145 92.0787289481504 138
    endloop
  endfacet
  facet normal 0.29028467725444673 -0.9569403357322137 0
    outer loop
      vertex -84.72323879693211 92.130592791364 134
      vertex -84.58234285148067 92.1733331091504 138
      vertex -84.72323879693211 92.130592791364 138
    endloop
  endfacet
  facet normal 0.22707626303435144 -0.9738769792773389 0
    outer loop
      vertex -84.58234285148067 92.1733331091504 134
      vertex -84.43895322453629 92.20676688090727 138
      vertex -84.58234285148067 92.1733331091504 138
    endloop
  endfacet
  facet normal 0.16289547339461752 -0.9866433320848742 0
    outer loop
      vertex -84.43895322453629 92.20676688090727 134
      vertex -84.29368393249511 92.23075093809108 138
      vertex -84.43895322453629 92.20676688090727 138
    endloop
  endfacet
  facet normal 0.09801714032951449 -0.9951847266722015 0
    outer loop
      vertex -84.29368393249511 92.23075093809108 134
      vertex -84.14715704076782 92.24518257728685 138
      vertex -84.29368393249511 92.23075093809108 138
    endloop
  endfacet
  facet normal 0.03271908282179856 -0.9994645874763648 0
    outer loop
      vertex -84.14715704076782 92.24518257728685 134
      vertex -84 92.25 138
      vertex -84.14715704076782 92.24518257728685 138
    endloop
  endfacet
  facet normal -0.03271908282179856 -0.9994645874763648 0
    outer loop
      vertex -84 92.25 134
      vertex -83.85284295923218 92.24518257728685 138
      vertex -84 92.25 138
    endloop
  endfacet
  facet normal -0.09801714032951449 -0.9951847266722015 0
    outer loop
      vertex -83.85284295923218 92.24518257728685 134
      vertex -83.70631606750489 92.23075093809108 138
      vertex -83.85284295923218 92.24518257728685 138
    endloop
  endfacet
  facet normal -0.16289547339461752 -0.9866433320848742 0
    outer loop
      vertex -83.70631606750489 92.23075093809108 134
      vertex -83.56104677546371 92.20676688090727 138
      vertex -83.70631606750489 92.23075093809108 138
    endloop
  endfacet
  facet normal -0.22707626303435144 -0.9738769792773389 0
    outer loop
      vertex -83.56104677546371 92.20676688090727 134
      vertex -83.41765714851933 92.1733331091504 138
      vertex -83.56104677546371 92.20676688090727 138
    endloop
  endfacet
  facet normal -0.8128466845916488 -0.5824776968677552 0
    outer loop
      vertex -82.21495498434471 91.36971321526963 134
      vertex -82.12919337231928 91.25003302429411 138
      vertex -82.21495498434471 91.36971321526963 138
    endloop
  endfacet
  facet normal -0.7298640726977996 -0.6835923020229097 0
    outer loop
      vertex -82.40900974233027 91.59099025766973 134
      vertex -82.3083604331723 91.48352808397516 138
      vertex -82.40900974233027 91.59099025766973 138
    endloop
  endfacet
  facet normal -0.7730104533627264 -0.6343932841636585 0
    outer loop
      vertex -82.3083604331723 91.48352808397516 134
      vertex -82.21495498434471 91.36971321526963 138
      vertex -82.3083604331723 91.48352808397516 138
    endloop
  endfacet
  facet normal -0.5824776968677552 -0.8128466845916488 0
    outer loop
      vertex -82.74996697570589 91.87080662768072 134
      vertex -82.63028678473037 91.78504501565529 138
      vertex -82.74996697570589 91.87080662768072 138
    endloop
  endfacet
  facet normal -0.528067850650373 -0.8492021815265757 0
    outer loop
      vertex -82.875 91.94855715851499 134
      vertex -82.74996697570589 91.87080662768072 138
      vertex -82.875 91.94855715851499 138
    endloop
  endfacet
  facet normal -0.6835923020229097 -0.7298640726977996 0
    outer loop
      vertex -82.51647191602484 91.6916395668277 134
      vertex -82.40900974233027 91.59099025766973 138
      vertex -82.51647191602484 91.6916395668277 138
    endloop
  endfacet
  facet normal -0.6343932841636585 -0.7730104533627264 0
    outer loop
      vertex -82.63028678473037 91.78504501565529 134
      vertex -82.51647191602484 91.6916395668277 138
      vertex -82.63028678473037 91.78504501565529 138
    endloop
  endfacet
  facet normal -0.41270702980442514 -0.9108638249211621 0
    outer loop
      vertex -83.13896227717855 92.0787289481504 134
      vertex -83.00485044700724 92.01796366844854 138
      vertex -83.13896227717855 92.0787289481504 138
    endloop
  endfacet
  facet normal -0.47139673682598665 -0.8819212643483608 0
    outer loop
      vertex -83.00485044700724 92.01796366844854 134
      vertex -82.875 91.94855715851499 138
      vertex -83.00485044700724 92.01796366844854 138
    endloop
  endfacet
  facet normal -0.3522500479212447 -0.9359059267573215 0
    outer loop
      vertex -83.27676120306789 92.130592791364 134
      vertex -83.13896227717855 92.0787289481504 138
      vertex -83.27676120306789 92.130592791364 138
    endloop
  endfacet
  facet normal -0.29028467725444673 -0.9569403357322137 0
    outer loop
      vertex -83.41765714851933 92.1733331091504 134
      vertex -83.27676120306789 92.130592791364 138
      vertex -83.41765714851933 92.1733331091504 138
    endloop
  endfacet
  facet normal 0.3522500479212447 0.9359059267573215 0
    outer loop
      vertex -84.86103772282145 105.9212710518496 134
      vertex -84.86103772282145 105.9212710518496 138
      vertex -84.72323879693211 105.869407208636 134
    endloop
  endfacet
  facet normal 0.47139673682598665 0.8819212643483608 -3.7881544060417087e-19
    outer loop
      vertex -84.99514955299276 105.98203633155146 134
      vertex -85.125 106.05144284148501 134
      vertex -85.125 106.05144284148501 138
    endloop
  endfacet
  facet normal 0.41270702980442514 0.9108638249211621 5.371239608834275e-19
    outer loop
      vertex -84.86103772282145 105.9212710518496 134
      vertex -84.99514955299276 105.98203633155146 134
      vertex -84.99514955299276 105.98203633155146 138
    endloop
  endfacet
  facet normal 0.528067850650373 0.8492021815265757 0
    outer loop
      vertex -85.25003302429411 106.12919337231928 134
      vertex -85.25003302429411 106.12919337231928 138
      vertex -85.125 106.05144284148501 134
    endloop
  endfacet
  facet normal 0.5824776968677552 0.8128466845916488 -3.8904388256686114e-19
    outer loop
      vertex -85.25003302429411 106.12919337231928 134
      vertex -85.36971321526963 106.21495498434471 134
      vertex -85.36971321526963 106.21495498434471 138
    endloop
  endfacet
  facet normal 0.6343932841636585 0.7730104533627264 1.159818029264652e-18
    outer loop
      vertex -85.36971321526963 106.21495498434471 134
      vertex -85.48352808397516 106.3083604331723 134
      vertex -85.48352808397516 106.3083604331723 138
    endloop
  endfacet
  facet normal 0.29028467725444673 0.9569403357322137 0
    outer loop
      vertex -84.72323879693211 105.869407208636 134
      vertex -84.72323879693211 105.869407208636 138
      vertex -84.58234285148067 105.8266668908496 134
    endloop
  endfacet
  facet normal 0.22707626303435144 0.9738769792773389 0
    outer loop
      vertex -84.58234285148067 105.8266668908496 134
      vertex -84.58234285148067 105.8266668908496 138
      vertex -84.43895322453629 105.79323311909273 134
    endloop
  endfacet
  facet normal 0.09801714032951449 0.9951847266722015 0
    outer loop
      vertex -84.29368393249511 105.76924906190892 134
      vertex -84.29368393249511 105.76924906190892 138
      vertex -84.14715704076782 105.75481742271315 134
    endloop
  endfacet
  facet normal 0.03271908282179856 0.9994645874763648 0
    outer loop
      vertex -84.14715704076782 105.75481742271315 134
      vertex -84.14715704076782 105.75481742271315 138
      vertex -84 105.75 134
    endloop
  endfacet
  facet normal 0.16289547339461752 0.9866433320848742 0
    outer loop
      vertex -84.43895322453629 105.79323311909273 134
      vertex -84.43895322453629 105.79323311909273 138
      vertex -84.29368393249511 105.76924906190892 134
    endloop
  endfacet
  facet normal -0.03271908282179856 0.9994645874763648 0
    outer loop
      vertex -84 105.75 134
      vertex -84 105.75 138
      vertex -83.85284295923218 105.75481742271315 134
    endloop
  endfacet
  facet normal -0.09801714032951449 0.9951847266722015 0
    outer loop
      vertex -83.85284295923218 105.75481742271315 134
      vertex -83.85284295923218 105.75481742271315 138
      vertex -83.70631606750489 105.76924906190892 134
    endloop
  endfacet
  facet normal -0.16289547339461752 0.9866433320848742 0
    outer loop
      vertex -83.70631606750489 105.76924906190892 134
      vertex -83.70631606750489 105.76924906190892 138
      vertex -83.56104677546371 105.79323311909273 134
    endloop
  endfacet
  facet normal -0.22707626303435144 0.9738769792773389 0
    outer loop
      vertex -83.56104677546371 105.79323311909273 134
      vertex -83.56104677546371 105.79323311909273 138
      vertex -83.41765714851933 105.8266668908496 134
    endloop
  endfacet
  facet normal -0.29028467725444673 0.9569403357322137 0
    outer loop
      vertex -83.41765714851933 105.8266668908496 134
      vertex -83.41765714851933 105.8266668908496 138
      vertex -83.27676120306789 105.869407208636 134
    endloop
  endfacet
  facet normal -0.3522500479212447 0.9359059267573215 0
    outer loop
      vertex -83.27676120306789 105.869407208636 134
      vertex -83.27676120306789 105.869407208636 138
      vertex -83.13896227717855 105.9212710518496 134
    endloop
  endfacet
  facet normal -0.41270702980442514 0.9108638249211621 0
    outer loop
      vertex -83.13896227717855 105.9212710518496 134
      vertex -83.13896227717855 105.9212710518496 138
      vertex -83.00485044700724 105.98203633155146 134
    endloop
  endfacet
  facet normal -0.47139673682598665 0.8819212643483608 0
    outer loop
      vertex -83.00485044700724 105.98203633155146 134
      vertex -83.00485044700724 105.98203633155146 138
      vertex -82.875 106.05144284148501 134
    endloop
  endfacet
  facet normal -0.528067850650373 0.8492021815265757 0
    outer loop
      vertex -82.875 106.05144284148501 134
      vertex -82.875 106.05144284148501 138
      vertex -82.74996697570589 106.12919337231928 134
    endloop
  endfacet
  facet normal -0.5824776968677552 0.8128466845916488 0
    outer loop
      vertex -82.74996697570589 106.12919337231928 134
      vertex -82.74996697570589 106.12919337231928 138
      vertex -82.63028678473037 106.21495498434471 134
    endloop
  endfacet
  facet normal -0.6343932841636585 0.7730104533627264 0
    outer loop
      vertex -82.63028678473037 106.21495498434471 134
      vertex -82.63028678473037 106.21495498434471 138
      vertex -82.51647191602484 106.3083604331723 134
    endloop
  endfacet
  facet normal -0.6835923020229097 0.7298640726977996 0
    outer loop
      vertex -82.51647191602484 106.3083604331723 134
      vertex -82.51647191602484 106.3083604331723 138
      vertex -82.40900974233027 106.40900974233027 134
    endloop
  endfacet
  facet normal 0.6835923020229097 0.7298640726977996 -9.226532174841423e-19
    outer loop
      vertex -85.48352808397516 106.3083604331723 134
      vertex -85.59099025766973 106.40900974233027 134
      vertex -85.59099025766973 106.40900974233027 138
    endloop
  endfacet
  facet normal 0.7298640726977996 0.6835923020229097 -9.226532174841423e-19
    outer loop
      vertex -85.59099025766973 106.40900974233027 134
      vertex -85.6916395668277 106.51647191602484 134
      vertex -85.6916395668277 106.51647191602484 138
    endloop
  endfacet
  facet normal 0.7730104533627264 0.6343932841636585 1.159818029264652e-18
    outer loop
      vertex -85.6916395668277 106.51647191602484 134
      vertex -85.78504501565529 106.63028678473037 134
      vertex -85.78504501565529 106.63028678473037 138
    endloop
  endfacet
  facet normal 0.8128466845916488 0.5824776968677552 -3.8904388256686114e-19
    outer loop
      vertex -85.78504501565529 106.63028678473037 134
      vertex -85.87080662768072 106.74996697570589 134
      vertex -85.87080662768072 106.74996697570589 138
    endloop
  endfacet
  facet normal 0.8492021815265757 0.528067850650373 1.194921064394668e-18
    outer loop
      vertex -85.87080662768072 106.74996697570589 134
      vertex -85.94855715851499 106.875 134
      vertex -85.94855715851499 106.875 138
    endloop
  endfacet
  facet normal 0.8819212643483608 0.47139673682598665 -3.7881544060417087e-19
    outer loop
      vertex -85.94855715851499 106.875 134
      vertex -86.01796366844854 107.00485044700724 134
      vertex -86.01796366844854 107.00485044700724 138
    endloop
  endfacet
  facet normal 0.9108638249211621 0.41270702980442514 5.371239608834275e-19
    outer loop
      vertex -86.01796366844854 107.00485044700724 134
      vertex -86.0787289481504 107.13896227717855 134
      vertex -86.0787289481504 107.13896227717855 138
    endloop
  endfacet
  facet normal 0.9359059267573215 0.3522500479212447 -2.25742166291072e-19
    outer loop
      vertex -86.0787289481504 107.13896227717855 134
      vertex -86.130592791364 107.27676120306789 134
      vertex -86.130592791364 107.27676120306789 138
    endloop
  endfacet
  facet normal 0.9569403357322137 0.29028467725444673 4.044448939649859e-20
    outer loop
      vertex -86.130592791364 107.27676120306789 134
      vertex -86.1733331091504 107.41765714851933 134
      vertex -86.1733331091504 107.41765714851933 138
    endloop
  endfacet
  facet normal 0.9738769792773389 0.22707626303435144 -1.5020586554888885e-19
    outer loop
      vertex -86.1733331091504 107.41765714851933 134
      vertex -86.20676688090727 107.56104677546371 134
      vertex -86.20676688090727 107.56104677546371 138
    endloop
  endfacet
  facet normal 0.9866433320848742 0.16289547339461752 6.43430028557568e-20
    outer loop
      vertex -86.20676688090727 107.56104677546371 134
      vertex -86.23075093809108 107.70631606750489 134
      vertex -86.23075093809108 107.70631606750489 138
    endloop
  endfacet
  facet normal -0.7298640726977996 0.6835923020229097 0
    outer loop
      vertex -82.40900974233027 106.40900974233027 134
      vertex -82.40900974233027 106.40900974233027 138
      vertex -82.3083604331723 106.51647191602484 134
    endloop
  endfacet
  facet normal -0.7730104533627264 0.6343932841636585 0
    outer loop
      vertex -82.3083604331723 106.51647191602484 134
      vertex -82.3083604331723 106.51647191602484 138
      vertex -82.21495498434471 106.63028678473037 134
    endloop
  endfacet
  facet normal -0.8128466845916488 0.5824776968677552 0
    outer loop
      vertex -82.21495498434471 106.63028678473037 134
      vertex -82.21495498434471 106.63028678473037 138
      vertex -82.12919337231928 106.74996697570589 134
    endloop
  endfacet
  facet normal -0.8492021815265757 0.528067850650373 0
    outer loop
      vertex -82.12919337231928 106.74996697570589 134
      vertex -82.12919337231928 106.74996697570589 138
      vertex -82.05144284148501 106.875 134
    endloop
  endfacet
  facet normal -0.8819212643483608 0.47139673682598665 0
    outer loop
      vertex -82.05144284148501 106.875 134
      vertex -82.05144284148501 106.875 138
      vertex -81.98203633155146 107.00485044700724 134
    endloop
  endfacet
  facet normal -0.9108638249211621 0.41270702980442514 0
    outer loop
      vertex -81.98203633155146 107.00485044700724 134
      vertex -81.98203633155146 107.00485044700724 138
      vertex -81.9212710518496 107.13896227717855 134
    endloop
  endfacet
  facet normal -0.9359059267573215 0.3522500479212447 0
    outer loop
      vertex -81.9212710518496 107.13896227717855 134
      vertex -81.9212710518496 107.13896227717855 138
      vertex -81.869407208636 107.27676120306789 134
    endloop
  endfacet
  facet normal -0.9569403357322137 0.29028467725444673 0
    outer loop
      vertex -81.869407208636 107.27676120306789 134
      vertex -81.869407208636 107.27676120306789 138
      vertex -81.8266668908496 107.41765714851933 134
    endloop
  endfacet
  facet normal -0.9738769792773389 0.22707626303435144 0
    outer loop
      vertex -81.8266668908496 107.41765714851933 134
      vertex -81.8266668908496 107.41765714851933 138
      vertex -81.79323311909273 107.56104677546371 134
    endloop
  endfacet
  facet normal -0.9866433320848742 0.16289547339461752 0
    outer loop
      vertex -81.79323311909273 107.56104677546371 134
      vertex -81.79323311909273 107.56104677546371 138
      vertex -81.76924906190892 107.70631606750489 134
    endloop
  endfacet
  facet normal 0.9951847266722015 0.09801714032951449 -9.830893955982932e-21
    outer loop
      vertex -86.23075093809108 107.70631606750489 134
      vertex -86.24518257728685 107.85284295923218 134
      vertex -86.24518257728685 107.85284295923218 138
    endloop
  endfacet
  facet normal 0.9994645874763648 0.03271908282179856 -6.737635608824902e-20
    outer loop
      vertex -86.24518257728685 107.85284295923218 134
      vertex -86.25 108 134
      vertex -86.25 108 138
    endloop
  endfacet
  facet normal 0.9994645874763648 -0.03271908282179856 6.737635608824902e-20
    outer loop
      vertex -86.25 108 134
      vertex -86.24518257728685 108.14715704076782 134
      vertex -86.24518257728685 108.14715704076782 138
    endloop
  endfacet
  facet normal 0.9951847266722015 -0.09801714032951449 9.830893955982932e-21
    outer loop
      vertex -86.24518257728685 108.14715704076782 134
      vertex -86.23075093809108 108.29368393249511 134
      vertex -86.23075093809108 108.29368393249511 138
    endloop
  endfacet
  facet normal 0.9866433320848742 -0.16289547339461752 -6.43430028557568e-20
    outer loop
      vertex -86.23075093809108 108.29368393249511 134
      vertex -86.20676688090727 108.43895322453629 134
      vertex -86.20676688090727 108.43895322453629 138
    endloop
  endfacet
  facet normal 0.9738769792773389 -0.22707626303435144 1.5020586554888885e-19
    outer loop
      vertex -86.20676688090727 108.43895322453629 134
      vertex -86.1733331091504 108.58234285148067 134
      vertex -86.1733331091504 108.58234285148067 138
    endloop
  endfacet
  facet normal 0.9569403357322137 -0.29028467725444673 -4.044448939649859e-20
    outer loop
      vertex -86.1733331091504 108.58234285148067 134
      vertex -86.130592791364 108.72323879693211 134
      vertex -86.130592791364 108.72323879693211 138
    endloop
  endfacet
  facet normal 0.9359059267573215 -0.3522500479212447 2.25742166291072e-19
    outer loop
      vertex -86.130592791364 108.72323879693211 134
      vertex -86.0787289481504 108.86103772282145 134
      vertex -86.0787289481504 108.86103772282145 138
    endloop
  endfacet
  facet normal 0.9108638249211621 -0.41270702980442514 -5.371239608834275e-19
    outer loop
      vertex -86.0787289481504 108.86103772282145 134
      vertex -86.01796366844854 108.99514955299276 134
      vertex -86.01796366844854 108.99514955299276 138
    endloop
  endfacet
  facet normal 0.8819212643483608 -0.47139673682598665 3.7881544060417087e-19
    outer loop
      vertex -86.01796366844854 108.99514955299276 134
      vertex -85.94855715851499 109.125 134
      vertex -85.94855715851499 109.125 138
    endloop
  endfacet
  facet normal -0.9951847266722015 0.09801714032951449 0
    outer loop
      vertex -81.76924906190892 107.70631606750489 134
      vertex -81.76924906190892 107.70631606750489 138
      vertex -81.75481742271315 107.85284295923218 134
    endloop
  endfacet
  facet normal -0.9994645874763648 0.03271908282179856 0
    outer loop
      vertex -81.75481742271315 107.85284295923218 134
      vertex -81.75481742271315 107.85284295923218 138
      vertex -81.75 108 134
    endloop
  endfacet
  facet normal -0.9994645874763648 -0.03271908282179856 0
    outer loop
      vertex -81.75 108 134
      vertex -81.75 108 138
      vertex -81.75481742271315 108.14715704076782 134
    endloop
  endfacet
  facet normal -0.9951847266722015 -0.09801714032951449 -9.830893955982932e-21
    outer loop
      vertex -81.76924906190892 108.29368393249511 134
      vertex -81.75481742271315 108.14715704076782 134
      vertex -81.75481742271315 108.14715704076782 138
    endloop
  endfacet
  facet normal -0.9866433320848742 -0.16289547339461752 0
    outer loop
      vertex -81.76924906190892 108.29368393249511 134
      vertex -81.76924906190892 108.29368393249511 138
      vertex -81.79323311909273 108.43895322453629 134
    endloop
  endfacet
  facet normal -0.9108638249211621 -0.41270702980442514 5.371239608834275e-19
    outer loop
      vertex -81.98203633155146 108.99514955299276 134
      vertex -81.9212710518496 108.86103772282145 134
      vertex -81.9212710518496 108.86103772282145 138
    endloop
  endfacet
  facet normal -0.8819212643483608 -0.47139673682598665 0
    outer loop
      vertex -81.98203633155146 108.99514955299276 134
      vertex -81.98203633155146 108.99514955299276 138
      vertex -82.05144284148501 109.125 134
    endloop
  endfacet
  facet normal -0.9738769792773389 -0.22707626303435144 0
    outer loop
      vertex -81.79323311909273 108.43895322453629 134
      vertex -81.79323311909273 108.43895322453629 138
      vertex -81.8266668908496 108.58234285148067 134
    endloop
  endfacet
  facet normal -0.9569403357322137 -0.29028467725444673 0
    outer loop
      vertex -81.8266668908496 108.58234285148067 134
      vertex -81.8266668908496 108.58234285148067 138
      vertex -81.869407208636 108.72323879693211 134
    endloop
  endfacet
  facet normal -0.9359059267573215 -0.3522500479212447 0
    outer loop
      vertex -81.869407208636 108.72323879693211 134
      vertex -81.869407208636 108.72323879693211 138
      vertex -81.9212710518496 108.86103772282145 134
    endloop
  endfacet
  facet normal 0.8492021815265757 -0.528067850650373 -1.194921064394668e-18
    outer loop
      vertex -85.94855715851499 109.125 134
      vertex -85.87080662768072 109.25003302429411 134
      vertex -85.87080662768072 109.25003302429411 138
    endloop
  endfacet
  facet normal 0.8128466845916488 -0.5824776968677552 3.8904388256686114e-19
    outer loop
      vertex -85.87080662768072 109.25003302429411 134
      vertex -85.78504501565529 109.36971321526963 134
      vertex -85.78504501565529 109.36971321526963 138
    endloop
  endfacet
  facet normal 0.7730104533627264 -0.6343932841636585 -1.159818029264652e-18
    outer loop
      vertex -85.78504501565529 109.36971321526963 134
      vertex -85.6916395668277 109.48352808397516 134
      vertex -85.6916395668277 109.48352808397516 138
    endloop
  endfacet
  facet normal 0.7298640726977996 -0.6835923020229097 9.226532174841423e-19
    outer loop
      vertex -85.6916395668277 109.48352808397516 134
      vertex -85.59099025766973 109.59099025766973 134
      vertex -85.59099025766973 109.59099025766973 138
    endloop
  endfacet
  facet normal 0.6835923020229097 -0.7298640726977996 9.226532174841423e-19
    outer loop
      vertex -85.59099025766973 109.59099025766973 134
      vertex -85.48352808397516 109.6916395668277 134
      vertex -85.48352808397516 109.6916395668277 138
    endloop
  endfacet
  facet normal 0.6343932841636585 -0.7730104533627264 -1.159818029264652e-18
    outer loop
      vertex -85.48352808397516 109.6916395668277 134
      vertex -85.36971321526963 109.78504501565529 134
      vertex -85.36971321526963 109.78504501565529 138
    endloop
  endfacet
  facet normal 0.5824776968677552 -0.8128466845916488 3.8904388256686114e-19
    outer loop
      vertex -85.36971321526963 109.78504501565529 134
      vertex -85.25003302429411 109.87080662768072 134
      vertex -85.25003302429411 109.87080662768072 138
    endloop
  endfacet
  facet normal 0.528067850650373 -0.8492021815265757 -1.194921064394668e-18
    outer loop
      vertex -85.25003302429411 109.87080662768072 134
      vertex -85.125 109.94855715851499 134
      vertex -85.125 109.94855715851499 138
    endloop
  endfacet
  facet normal 0.47139673682598665 -0.8819212643483608 3.7881544060417087e-19
    outer loop
      vertex -85.125 109.94855715851499 134
      vertex -84.99514955299276 110.01796366844854 134
      vertex -84.99514955299276 110.01796366844854 138
    endloop
  endfacet
  facet normal 0.41270702980442514 -0.9108638249211621 -5.371239608834275e-19
    outer loop
      vertex -84.99514955299276 110.01796366844854 134
      vertex -84.86103772282145 110.0787289481504 134
      vertex -84.86103772282145 110.0787289481504 138
    endloop
  endfacet
  facet normal 0.3522500479212447 -0.9359059267573215 2.25742166291072e-19
    outer loop
      vertex -84.86103772282145 110.0787289481504 134
      vertex -84.72323879693211 110.130592791364 134
      vertex -84.72323879693211 110.130592791364 138
    endloop
  endfacet
  facet normal 0.29028467725444673 -0.9569403357322137 -4.044448939649859e-20
    outer loop
      vertex -84.72323879693211 110.130592791364 134
      vertex -84.58234285148067 110.1733331091504 134
      vertex -84.58234285148067 110.1733331091504 138
    endloop
  endfacet
  facet normal 0.22707626303435144 -0.9738769792773389 1.5020586554888885e-19
    outer loop
      vertex -84.58234285148067 110.1733331091504 134
      vertex -84.43895322453629 110.20676688090727 134
      vertex -84.43895322453629 110.20676688090727 138
    endloop
  endfacet
  facet normal 0.16289547339461752 -0.9866433320848742 -6.43430028557568e-20
    outer loop
      vertex -84.43895322453629 110.20676688090727 134
      vertex -84.29368393249511 110.23075093809108 134
      vertex -84.29368393249511 110.23075093809108 138
    endloop
  endfacet
  facet normal 0.09801714032951449 -0.9951847266722015 9.830893955982932e-21
    outer loop
      vertex -84.29368393249511 110.23075093809108 134
      vertex -84.14715704076782 110.24518257728685 134
      vertex -84.14715704076782 110.24518257728685 138
    endloop
  endfacet
  facet normal -0.09801714032951449 -0.9951847266722015 -9.830893955982932e-21
    outer loop
      vertex -83.85284295923218 110.24518257728685 134
      vertex -83.70631606750489 110.23075093809108 134
      vertex -83.70631606750489 110.23075093809108 138
    endloop
  endfacet
  facet normal 0.03271908282179856 -0.9994645874763648 6.737635608824902e-20
    outer loop
      vertex -84.14715704076782 110.24518257728685 134
      vertex -84 110.25 134
      vertex -84 110.25 138
    endloop
  endfacet
  facet normal -0.03271908282179856 -0.9994645874763648 -6.737635608824902e-20
    outer loop
      vertex -84 110.25 134
      vertex -83.85284295923218 110.24518257728685 134
      vertex -83.85284295923218 110.24518257728685 138
    endloop
  endfacet
  facet normal -0.16289547339461752 -0.9866433320848742 6.43430028557568e-20
    outer loop
      vertex -83.70631606750489 110.23075093809108 134
      vertex -83.56104677546371 110.20676688090727 134
      vertex -83.56104677546371 110.20676688090727 138
    endloop
  endfacet
  facet normal -0.22707626303435144 -0.9738769792773389 -1.5020586554888885e-19
    outer loop
      vertex -83.56104677546371 110.20676688090727 134
      vertex -83.41765714851933 110.1733331091504 134
      vertex -83.41765714851933 110.1733331091504 138
    endloop
  endfacet
  facet normal -0.8492021815265757 -0.528067850650373 0
    outer loop
      vertex -82.05144284148501 109.125 134
      vertex -82.05144284148501 109.125 138
      vertex -82.12919337231928 109.25003302429411 134
    endloop
  endfacet
  facet normal -0.8128466845916488 -0.5824776968677552 0
    outer loop
      vertex -82.12919337231928 109.25003302429411 134
      vertex -82.12919337231928 109.25003302429411 138
      vertex -82.21495498434471 109.36971321526963 134
    endloop
  endfacet
  facet normal -0.7730104533627264 -0.6343932841636585 0
    outer loop
      vertex -82.21495498434471 109.36971321526963 134
      vertex -82.21495498434471 109.36971321526963 138
      vertex -82.3083604331723 109.48352808397516 134
    endloop
  endfacet
  facet normal -0.7298640726977996 -0.6835923020229097 0
    outer loop
      vertex -82.3083604331723 109.48352808397516 134
      vertex -82.3083604331723 109.48352808397516 138
      vertex -82.40900974233027 109.59099025766973 134
    endloop
  endfacet
  facet normal -0.6835923020229097 -0.7298640726977996 0
    outer loop
      vertex -82.40900974233027 109.59099025766973 134
      vertex -82.40900974233027 109.59099025766973 138
      vertex -82.51647191602484 109.6916395668277 134
    endloop
  endfacet
  facet normal -0.6343932841636585 -0.7730104533627264 0
    outer loop
      vertex -82.51647191602484 109.6916395668277 134
      vertex -82.51647191602484 109.6916395668277 138
      vertex -82.63028678473037 109.78504501565529 134
    endloop
  endfacet
  facet normal -0.5824776968677552 -0.8128466845916488 -3.8904388256686114e-19
    outer loop
      vertex -82.74996697570589 109.87080662768072 134
      vertex -82.63028678473037 109.78504501565529 134
      vertex -82.63028678473037 109.78504501565529 138
    endloop
  endfacet
  facet normal -0.528067850650373 -0.8492021815265757 0
    outer loop
      vertex -82.74996697570589 109.87080662768072 134
      vertex -82.74996697570589 109.87080662768072 138
      vertex -82.875 109.94855715851499 134
    endloop
  endfacet
  facet normal -0.47139673682598665 -0.8819212643483608 0
    outer loop
      vertex -82.875 109.94855715851499 134
      vertex -82.875 109.94855715851499 138
      vertex -83.00485044700724 110.01796366844854 134
    endloop
  endfacet
  facet normal -0.41270702980442514 -0.9108638249211621 5.371239608834275e-19
    outer loop
      vertex -83.13896227717855 110.0787289481504 134
      vertex -83.00485044700724 110.01796366844854 134
      vertex -83.00485044700724 110.01796366844854 138
    endloop
  endfacet
  facet normal -0.29028467725444673 -0.9569403357322137 4.044448939649859e-20
    outer loop
      vertex -83.41765714851933 110.1733331091504 134
      vertex -83.27676120306789 110.130592791364 134
      vertex -83.27676120306789 110.130592791364 138
    endloop
  endfacet
  facet normal -0.3522500479212447 -0.9359059267573215 0
    outer loop
      vertex -83.13896227717855 110.0787289481504 134
      vertex -83.13896227717855 110.0787289481504 138
      vertex -83.27676120306789 110.130592791364 134
    endloop
  endfacet
  facet normal 0.41270702980442514 0.9108638249211621 0
    outer loop
      vertex -84.86103772282145 105.9212710518496 134
      vertex -84.99514955299276 105.98203633155146 138
      vertex -84.86103772282145 105.9212710518496 138
    endloop
  endfacet
  facet normal 0.47139673682598665 0.8819212643483608 0
    outer loop
      vertex -84.99514955299276 105.98203633155146 134
      vertex -85.125 106.05144284148501 138
      vertex -84.99514955299276 105.98203633155146 138
    endloop
  endfacet
  facet normal 0.5824776968677552 0.8128466845916488 0
    outer loop
      vertex -85.25003302429411 106.12919337231928 134
      vertex -85.36971321526963 106.21495498434471 138
      vertex -85.25003302429411 106.12919337231928 138
    endloop
  endfacet
  facet normal 0.528067850650373 0.8492021815265757 0
    outer loop
      vertex -85.125 106.05144284148501 134
      vertex -85.25003302429411 106.12919337231928 138
      vertex -85.125 106.05144284148501 138
    endloop
  endfacet
  facet normal 0.6343932841636585 0.7730104533627264 0
    outer loop
      vertex -85.36971321526963 106.21495498434471 134
      vertex -85.48352808397516 106.3083604331723 138
      vertex -85.36971321526963 106.21495498434471 138
    endloop
  endfacet
  facet normal 0.6835923020229097 0.7298640726977996 0
    outer loop
      vertex -85.48352808397516 106.3083604331723 134
      vertex -85.59099025766973 106.40900974233027 138
      vertex -85.48352808397516 106.3083604331723 138
    endloop
  endfacet
  facet normal 0.22707626303435144 0.9738769792773389 0
    outer loop
      vertex -84.43895322453629 105.79323311909273 134
      vertex -84.58234285148067 105.8266668908496 138
      vertex -84.43895322453629 105.79323311909273 138
    endloop
  endfacet
  facet normal 0.29028467725444673 0.9569403357322137 0
    outer loop
      vertex -84.58234285148067 105.8266668908496 134
      vertex -84.72323879693211 105.869407208636 138
      vertex -84.58234285148067 105.8266668908496 138
    endloop
  endfacet
  facet normal 0.09801714032951449 0.9951847266722015 0
    outer loop
      vertex -84.14715704076782 105.75481742271315 134
      vertex -84.29368393249511 105.76924906190892 138
      vertex -84.14715704076782 105.75481742271315 138
    endloop
  endfacet
  facet normal 0.16289547339461752 0.9866433320848742 0
    outer loop
      vertex -84.29368393249511 105.76924906190892 134
      vertex -84.43895322453629 105.79323311909273 138
      vertex -84.29368393249511 105.76924906190892 138
    endloop
  endfacet
  facet normal 0.3522500479212447 0.9359059267573215 0
    outer loop
      vertex -84.72323879693211 105.869407208636 134
      vertex -84.86103772282145 105.9212710518496 138
      vertex -84.72323879693211 105.869407208636 138
    endloop
  endfacet
  facet normal 0.03271908282179856 0.9994645874763648 0
    outer loop
      vertex -84 105.75 134
      vertex -84.14715704076782 105.75481742271315 138
      vertex -84 105.75 138
    endloop
  endfacet
  facet normal -0.03271908282179856 0.9994645874763648 0
    outer loop
      vertex -83.85284295923218 105.75481742271315 134
      vertex -84 105.75 138
      vertex -83.85284295923218 105.75481742271315 138
    endloop
  endfacet
  facet normal -0.09801714032951449 0.9951847266722015 0
    outer loop
      vertex -83.70631606750489 105.76924906190892 134
      vertex -83.85284295923218 105.75481742271315 138
      vertex -83.70631606750489 105.76924906190892 138
    endloop
  endfacet
  facet normal -0.16289547339461752 0.9866433320848742 0
    outer loop
      vertex -83.56104677546371 105.79323311909273 134
      vertex -83.70631606750489 105.76924906190892 138
      vertex -83.56104677546371 105.79323311909273 138
    endloop
  endfacet
  facet normal -0.22707626303435144 0.9738769792773389 0
    outer loop
      vertex -83.41765714851933 105.8266668908496 134
      vertex -83.56104677546371 105.79323311909273 138
      vertex -83.41765714851933 105.8266668908496 138
    endloop
  endfacet
  facet normal -0.29028467725444673 0.9569403357322137 0
    outer loop
      vertex -83.27676120306789 105.869407208636 134
      vertex -83.41765714851933 105.8266668908496 138
      vertex -83.27676120306789 105.869407208636 138
    endloop
  endfacet
  facet normal -0.3522500479212447 0.9359059267573215 0
    outer loop
      vertex -83.13896227717855 105.9212710518496 134
      vertex -83.27676120306789 105.869407208636 138
      vertex -83.13896227717855 105.9212710518496 138
    endloop
  endfacet
  facet normal -0.41270702980442514 0.9108638249211621 0
    outer loop
      vertex -83.00485044700724 105.98203633155146 134
      vertex -83.13896227717855 105.9212710518496 138
      vertex -83.00485044700724 105.98203633155146 138
    endloop
  endfacet
  facet normal -0.47139673682598665 0.8819212643483608 0
    outer loop
      vertex -82.875 106.05144284148501 134
      vertex -83.00485044700724 105.98203633155146 138
      vertex -82.875 106.05144284148501 138
    endloop
  endfacet
  facet normal -0.528067850650373 0.8492021815265757 0
    outer loop
      vertex -82.74996697570589 106.12919337231928 134
      vertex -82.875 106.05144284148501 138
      vertex -82.74996697570589 106.12919337231928 138
    endloop
  endfacet
  facet normal -0.5824776968677552 0.8128466845916488 0
    outer loop
      vertex -82.63028678473037 106.21495498434471 134
      vertex -82.74996697570589 106.12919337231928 138
      vertex -82.63028678473037 106.21495498434471 138
    endloop
  endfacet
  facet normal -0.6343932841636585 0.7730104533627264 0
    outer loop
      vertex -82.51647191602484 106.3083604331723 134
      vertex -82.63028678473037 106.21495498434471 138
      vertex -82.51647191602484 106.3083604331723 138
    endloop
  endfacet
  facet normal 0.7298640726977996 0.6835923020229097 0
    outer loop
      vertex -85.59099025766973 106.40900974233027 134
      vertex -85.6916395668277 106.51647191602484 138
      vertex -85.59099025766973 106.40900974233027 138
    endloop
  endfacet
  facet normal 0.7730104533627264 0.6343932841636585 0
    outer loop
      vertex -85.6916395668277 106.51647191602484 134
      vertex -85.78504501565529 106.63028678473037 138
      vertex -85.6916395668277 106.51647191602484 138
    endloop
  endfacet
  facet normal 0.8128466845916488 0.5824776968677552 0
    outer loop
      vertex -85.78504501565529 106.63028678473037 134
      vertex -85.87080662768072 106.74996697570589 138
      vertex -85.78504501565529 106.63028678473037 138
    endloop
  endfacet
  facet normal 0.8492021815265757 0.528067850650373 0
    outer loop
      vertex -85.87080662768072 106.74996697570589 134
      vertex -85.94855715851499 106.875 138
      vertex -85.87080662768072 106.74996697570589 138
    endloop
  endfacet
  facet normal 0.8819212643483608 0.47139673682598665 0
    outer loop
      vertex -85.94855715851499 106.875 134
      vertex -86.01796366844854 107.00485044700724 138
      vertex -85.94855715851499 106.875 138
    endloop
  endfacet
  facet normal 0.9108638249211621 0.41270702980442514 0
    outer loop
      vertex -86.01796366844854 107.00485044700724 134
      vertex -86.0787289481504 107.13896227717855 138
      vertex -86.01796366844854 107.00485044700724 138
    endloop
  endfacet
  facet normal 0.9359059267573215 0.3522500479212447 0
    outer loop
      vertex -86.0787289481504 107.13896227717855 134
      vertex -86.130592791364 107.27676120306789 138
      vertex -86.0787289481504 107.13896227717855 138
    endloop
  endfacet
  facet normal 0.9569403357322137 0.29028467725444673 0
    outer loop
      vertex -86.130592791364 107.27676120306789 134
      vertex -86.1733331091504 107.41765714851933 138
      vertex -86.130592791364 107.27676120306789 138
    endloop
  endfacet
  facet normal 0.9738769792773389 0.22707626303435144 0
    outer loop
      vertex -86.1733331091504 107.41765714851933 134
      vertex -86.20676688090727 107.56104677546371 138
      vertex -86.1733331091504 107.41765714851933 138
    endloop
  endfacet
  facet normal 0.9866433320848742 0.16289547339461752 0
    outer loop
      vertex -86.20676688090727 107.56104677546371 134
      vertex -86.23075093809108 107.70631606750489 138
      vertex -86.20676688090727 107.56104677546371 138
    endloop
  endfacet
  facet normal -0.6835923020229097 0.7298640726977996 0
    outer loop
      vertex -82.40900974233027 106.40900974233027 134
      vertex -82.51647191602484 106.3083604331723 138
      vertex -82.40900974233027 106.40900974233027 138
    endloop
  endfacet
  facet normal -0.7298640726977996 0.6835923020229097 0
    outer loop
      vertex -82.3083604331723 106.51647191602484 134
      vertex -82.40900974233027 106.40900974233027 138
      vertex -82.3083604331723 106.51647191602484 138
    endloop
  endfacet
  facet normal -0.7730104533627264 0.6343932841636585 0
    outer loop
      vertex -82.21495498434471 106.63028678473037 134
      vertex -82.3083604331723 106.51647191602484 138
      vertex -82.21495498434471 106.63028678473037 138
    endloop
  endfacet
  facet normal -0.8128466845916488 0.5824776968677552 0
    outer loop
      vertex -82.12919337231928 106.74996697570589 134
      vertex -82.21495498434471 106.63028678473037 138
      vertex -82.12919337231928 106.74996697570589 138
    endloop
  endfacet
  facet normal -0.8492021815265757 0.528067850650373 0
    outer loop
      vertex -82.05144284148501 106.875 134
      vertex -82.12919337231928 106.74996697570589 138
      vertex -82.05144284148501 106.875 138
    endloop
  endfacet
  facet normal -0.8819212643483608 0.47139673682598665 0
    outer loop
      vertex -81.98203633155146 107.00485044700724 134
      vertex -82.05144284148501 106.875 138
      vertex -81.98203633155146 107.00485044700724 138
    endloop
  endfacet
  facet normal -0.9108638249211621 0.41270702980442514 0
    outer loop
      vertex -81.9212710518496 107.13896227717855 134
      vertex -81.98203633155146 107.00485044700724 138
      vertex -81.9212710518496 107.13896227717855 138
    endloop
  endfacet
  facet normal -0.9359059267573215 0.3522500479212447 0
    outer loop
      vertex -81.869407208636 107.27676120306789 134
      vertex -81.9212710518496 107.13896227717855 138
      vertex -81.869407208636 107.27676120306789 138
    endloop
  endfacet
  facet normal -0.9569403357322137 0.29028467725444673 0
    outer loop
      vertex -81.8266668908496 107.41765714851933 134
      vertex -81.869407208636 107.27676120306789 138
      vertex -81.8266668908496 107.41765714851933 138
    endloop
  endfacet
  facet normal -0.9738769792773389 0.22707626303435144 0
    outer loop
      vertex -81.79323311909273 107.56104677546371 134
      vertex -81.8266668908496 107.41765714851933 138
      vertex -81.79323311909273 107.56104677546371 138
    endloop
  endfacet
  facet normal -0.9866433320848742 0.16289547339461752 0
    outer loop
      vertex -81.76924906190892 107.70631606750489 134
      vertex -81.79323311909273 107.56104677546371 138
      vertex -81.76924906190892 107.70631606750489 138
    endloop
  endfacet
  facet normal 0.9951847266722015 0.09801714032951449 0
    outer loop
      vertex -86.23075093809108 107.70631606750489 134
      vertex -86.24518257728685 107.85284295923218 138
      vertex -86.23075093809108 107.70631606750489 138
    endloop
  endfacet
  facet normal 0.9994645874763648 0.03271908282179856 0
    outer loop
      vertex -86.24518257728685 107.85284295923218 134
      vertex -86.25 108 138
      vertex -86.24518257728685 107.85284295923218 138
    endloop
  endfacet
  facet normal 0.9994645874763648 -0.03271908282179856 0
    outer loop
      vertex -86.25 108 134
      vertex -86.24518257728685 108.14715704076782 138
      vertex -86.25 108 138
    endloop
  endfacet
  facet normal 0.9951847266722015 -0.09801714032951449 0
    outer loop
      vertex -86.24518257728685 108.14715704076782 134
      vertex -86.23075093809108 108.29368393249511 138
      vertex -86.24518257728685 108.14715704076782 138
    endloop
  endfacet
  facet normal 0.9866433320848742 -0.16289547339461752 0
    outer loop
      vertex -86.23075093809108 108.29368393249511 134
      vertex -86.20676688090727 108.43895322453629 138
      vertex -86.23075093809108 108.29368393249511 138
    endloop
  endfacet
  facet normal 0.9738769792773389 -0.22707626303435144 0
    outer loop
      vertex -86.20676688090727 108.43895322453629 134
      vertex -86.1733331091504 108.58234285148067 138
      vertex -86.20676688090727 108.43895322453629 138
    endloop
  endfacet
  facet normal 0.9569403357322137 -0.29028467725444673 0
    outer loop
      vertex -86.1733331091504 108.58234285148067 134
      vertex -86.130592791364 108.72323879693211 138
      vertex -86.1733331091504 108.58234285148067 138
    endloop
  endfacet
  facet normal 0.9359059267573215 -0.3522500479212447 0
    outer loop
      vertex -86.130592791364 108.72323879693211 134
      vertex -86.0787289481504 108.86103772282145 138
      vertex -86.130592791364 108.72323879693211 138
    endloop
  endfacet
  facet normal 0.9108638249211621 -0.41270702980442514 0
    outer loop
      vertex -86.0787289481504 108.86103772282145 134
      vertex -86.01796366844854 108.99514955299276 138
      vertex -86.0787289481504 108.86103772282145 138
    endloop
  endfacet
  facet normal 0.8819212643483608 -0.47139673682598665 0
    outer loop
      vertex -86.01796366844854 108.99514955299276 134
      vertex -85.94855715851499 109.125 138
      vertex -86.01796366844854 108.99514955299276 138
    endloop
  endfacet
  facet normal -0.9951847266722015 0.09801714032951449 0
    outer loop
      vertex -81.75481742271315 107.85284295923218 134
      vertex -81.76924906190892 107.70631606750489 138
      vertex -81.75481742271315 107.85284295923218 138
    endloop
  endfacet
  facet normal -0.9994645874763648 0.03271908282179856 0
    outer loop
      vertex -81.75 108 134
      vertex -81.75481742271315 107.85284295923218 138
      vertex -81.75 108 138
    endloop
  endfacet
  facet normal -0.9994645874763648 -0.03271908282179856 0
    outer loop
      vertex -81.75481742271315 108.14715704076782 134
      vertex -81.75 108 138
      vertex -81.75481742271315 108.14715704076782 138
    endloop
  endfacet
  facet normal -0.9951847266722015 -0.09801714032951449 0
    outer loop
      vertex -81.76924906190892 108.29368393249511 134
      vertex -81.75481742271315 108.14715704076782 138
      vertex -81.76924906190892 108.29368393249511 138
    endloop
  endfacet
  facet normal -0.9866433320848742 -0.16289547339461752 0
    outer loop
      vertex -81.79323311909273 108.43895322453629 134
      vertex -81.76924906190892 108.29368393249511 138
      vertex -81.79323311909273 108.43895322453629 138
    endloop
  endfacet
  facet normal -0.9108638249211621 -0.41270702980442514 0
    outer loop
      vertex -81.98203633155146 108.99514955299276 134
      vertex -81.9212710518496 108.86103772282145 138
      vertex -81.98203633155146 108.99514955299276 138
    endloop
  endfacet
  facet normal -0.8819212643483608 -0.47139673682598665 0
    outer loop
      vertex -82.05144284148501 109.125 134
      vertex -81.98203633155146 108.99514955299276 138
      vertex -82.05144284148501 109.125 138
    endloop
  endfacet
  facet normal -0.9738769792773389 -0.22707626303435144 0
    outer loop
      vertex -81.8266668908496 108.58234285148067 134
      vertex -81.79323311909273 108.43895322453629 138
      vertex -81.8266668908496 108.58234285148067 138
    endloop
  endfacet
  facet normal -0.9569403357322137 -0.29028467725444673 0
    outer loop
      vertex -81.869407208636 108.72323879693211 134
      vertex -81.8266668908496 108.58234285148067 138
      vertex -81.869407208636 108.72323879693211 138
    endloop
  endfacet
  facet normal -0.9359059267573215 -0.3522500479212447 0
    outer loop
      vertex -81.9212710518496 108.86103772282145 134
      vertex -81.869407208636 108.72323879693211 138
      vertex -81.9212710518496 108.86103772282145 138
    endloop
  endfacet
  facet normal 0.8492021815265757 -0.528067850650373 0
    outer loop
      vertex -85.94855715851499 109.125 134
      vertex -85.87080662768072 109.25003302429411 138
      vertex -85.94855715851499 109.125 138
    endloop
  endfacet
  facet normal 0.8128466845916488 -0.5824776968677552 0
    outer loop
      vertex -85.87080662768072 109.25003302429411 134
      vertex -85.78504501565529 109.36971321526963 138
      vertex -85.87080662768072 109.25003302429411 138
    endloop
  endfacet
  facet normal 0.7730104533627264 -0.6343932841636585 0
    outer loop
      vertex -85.78504501565529 109.36971321526963 134
      vertex -85.6916395668277 109.48352808397516 138
      vertex -85.78504501565529 109.36971321526963 138
    endloop
  endfacet
  facet normal 0.7298640726977996 -0.6835923020229097 0
    outer loop
      vertex -85.6916395668277 109.48352808397516 134
      vertex -85.59099025766973 109.59099025766973 138
      vertex -85.6916395668277 109.48352808397516 138
    endloop
  endfacet
  facet normal 0.6835923020229097 -0.7298640726977996 0
    outer loop
      vertex -85.59099025766973 109.59099025766973 134
      vertex -85.48352808397516 109.6916395668277 138
      vertex -85.59099025766973 109.59099025766973 138
    endloop
  endfacet
  facet normal 0.6343932841636585 -0.7730104533627264 0
    outer loop
      vertex -85.48352808397516 109.6916395668277 134
      vertex -85.36971321526963 109.78504501565529 138
      vertex -85.48352808397516 109.6916395668277 138
    endloop
  endfacet
  facet normal 0.5824776968677552 -0.8128466845916488 0
    outer loop
      vertex -85.36971321526963 109.78504501565529 134
      vertex -85.25003302429411 109.87080662768072 138
      vertex -85.36971321526963 109.78504501565529 138
    endloop
  endfacet
  facet normal 0.528067850650373 -0.8492021815265757 0
    outer loop
      vertex -85.25003302429411 109.87080662768072 134
      vertex -85.125 109.94855715851499 138
      vertex -85.25003302429411 109.87080662768072 138
    endloop
  endfacet
  facet normal 0.47139673682598665 -0.8819212643483608 0
    outer loop
      vertex -85.125 109.94855715851499 134
      vertex -84.99514955299276 110.01796366844854 138
      vertex -85.125 109.94855715851499 138
    endloop
  endfacet
  facet normal 0.41270702980442514 -0.9108638249211621 0
    outer loop
      vertex -84.99514955299276 110.01796366844854 134
      vertex -84.86103772282145 110.0787289481504 138
      vertex -84.99514955299276 110.01796366844854 138
    endloop
  endfacet
  facet normal 0.3522500479212447 -0.9359059267573215 0
    outer loop
      vertex -84.86103772282145 110.0787289481504 134
      vertex -84.72323879693211 110.130592791364 138
      vertex -84.86103772282145 110.0787289481504 138
    endloop
  endfacet
  facet normal 0.29028467725444673 -0.9569403357322137 0
    outer loop
      vertex -84.72323879693211 110.130592791364 134
      vertex -84.58234285148067 110.1733331091504 138
      vertex -84.72323879693211 110.130592791364 138
    endloop
  endfacet
  facet normal 0.22707626303435144 -0.9738769792773389 0
    outer loop
      vertex -84.58234285148067 110.1733331091504 134
      vertex -84.43895322453629 110.20676688090727 138
      vertex -84.58234285148067 110.1733331091504 138
    endloop
  endfacet
  facet normal 0.16289547339461752 -0.9866433320848742 0
    outer loop
      vertex -84.43895322453629 110.20676688090727 134
      vertex -84.29368393249511 110.23075093809108 138
      vertex -84.43895322453629 110.20676688090727 138
    endloop
  endfacet
  facet normal 0.09801714032951449 -0.9951847266722015 0
    outer loop
      vertex -84.29368393249511 110.23075093809108 134
      vertex -84.14715704076782 110.24518257728685 138
      vertex -84.29368393249511 110.23075093809108 138
    endloop
  endfacet
  facet normal 0.03271908282179856 -0.9994645874763648 0
    outer loop
      vertex -84.14715704076782 110.24518257728685 134
      vertex -84 110.25 138
      vertex -84.14715704076782 110.24518257728685 138
    endloop
  endfacet
  facet normal -0.09801714032951449 -0.9951847266722015 0
    outer loop
      vertex -83.85284295923218 110.24518257728685 134
      vertex -83.70631606750489 110.23075093809108 138
      vertex -83.85284295923218 110.24518257728685 138
    endloop
  endfacet
  facet normal -0.03271908282179856 -0.9994645874763648 0
    outer loop
      vertex -84 110.25 134
      vertex -83.85284295923218 110.24518257728685 138
      vertex -84 110.25 138
    endloop
  endfacet
  facet normal -0.16289547339461752 -0.9866433320848742 0
    outer loop
      vertex -83.70631606750489 110.23075093809108 134
      vertex -83.56104677546371 110.20676688090727 138
      vertex -83.70631606750489 110.23075093809108 138
    endloop
  endfacet
  facet normal -0.22707626303435144 -0.9738769792773389 0
    outer loop
      vertex -83.56104677546371 110.20676688090727 134
      vertex -83.41765714851933 110.1733331091504 138
      vertex -83.56104677546371 110.20676688090727 138
    endloop
  endfacet
  facet normal -0.8492021815265757 -0.528067850650373 0
    outer loop
      vertex -82.12919337231928 109.25003302429411 134
      vertex -82.05144284148501 109.125 138
      vertex -82.12919337231928 109.25003302429411 138
    endloop
  endfacet
  facet normal -0.8128466845916488 -0.5824776968677552 0
    outer loop
      vertex -82.21495498434471 109.36971321526963 134
      vertex -82.12919337231928 109.25003302429411 138
      vertex -82.21495498434471 109.36971321526963 138
    endloop
  endfacet
  facet normal -0.7730104533627264 -0.6343932841636585 0
    outer loop
      vertex -82.3083604331723 109.48352808397516 134
      vertex -82.21495498434471 109.36971321526963 138
      vertex -82.3083604331723 109.48352808397516 138
    endloop
  endfacet
  facet normal -0.7298640726977996 -0.6835923020229097 0
    outer loop
      vertex -82.40900974233027 109.59099025766973 134
      vertex -82.3083604331723 109.48352808397516 138
      vertex -82.40900974233027 109.59099025766973 138
    endloop
  endfacet
  facet normal -0.6835923020229097 -0.7298640726977996 0
    outer loop
      vertex -82.51647191602484 109.6916395668277 134
      vertex -82.40900974233027 109.59099025766973 138
      vertex -82.51647191602484 109.6916395668277 138
    endloop
  endfacet
  facet normal -0.6343932841636585 -0.7730104533627264 0
    outer loop
      vertex -82.63028678473037 109.78504501565529 134
      vertex -82.51647191602484 109.6916395668277 138
      vertex -82.63028678473037 109.78504501565529 138
    endloop
  endfacet
  facet normal -0.5824776968677552 -0.8128466845916488 0
    outer loop
      vertex -82.74996697570589 109.87080662768072 134
      vertex -82.63028678473037 109.78504501565529 138
      vertex -82.74996697570589 109.87080662768072 138
    endloop
  endfacet
  facet normal -0.528067850650373 -0.8492021815265757 0
    outer loop
      vertex -82.875 109.94855715851499 134
      vertex -82.74996697570589 109.87080662768072 138
      vertex -82.875 109.94855715851499 138
    endloop
  endfacet
  facet normal -0.41270702980442514 -0.9108638249211621 0
    outer loop
      vertex -83.13896227717855 110.0787289481504 134
      vertex -83.00485044700724 110.01796366844854 138
      vertex -83.13896227717855 110.0787289481504 138
    endloop
  endfacet
  facet normal -0.3522500479212447 -0.9359059267573215 0
    outer loop
      vertex -83.27676120306789 110.130592791364 134
      vertex -83.13896227717855 110.0787289481504 138
      vertex -83.27676120306789 110.130592791364 138
    endloop
  endfacet
  facet normal -0.47139673682598665 -0.8819212643483608 0
    outer loop
      vertex -83.00485044700724 110.01796366844854 134
      vertex -82.875 109.94855715851499 138
      vertex -83.00485044700724 110.01796366844854 138
    endloop
  endfacet
  facet normal -0.29028467725444673 -0.9569403357322137 0
    outer loop
      vertex -83.41765714851933 110.1733331091504 134
      vertex -83.27676120306789 110.130592791364 138
      vertex -83.41765714851933 110.1733331091504 138
    endloop
  endfacet
  facet normal 0.29028467725444673 0.9569403357322137 0
    outer loop
      vertex 83.27676120306789 87.869407208636 134
      vertex 83.27676120306789 87.869407208636 138
      vertex 83.41765714851933 87.8266668908496 134
    endloop
  endfacet
  facet normal 0.3522500479212447 0.9359059267573215 0
    outer loop
      vertex 83.13896227717855 87.9212710518496 134
      vertex 83.13896227717855 87.9212710518496 138
      vertex 83.27676120306789 87.869407208636 134
    endloop
  endfacet
  facet normal 0.41270702980442514 0.9108638249211621 0
    outer loop
      vertex 83.00485044700724 87.98203633155146 134
      vertex 83.00485044700724 87.98203633155146 138
      vertex 83.13896227717855 87.9212710518496 134
    endloop
  endfacet
  facet normal 0.47139673682598665 0.8819212643483608 -3.7881544060417087e-19
    outer loop
      vertex 83.00485044700724 87.98203633155146 134
      vertex 82.875 88.05144284148501 134
      vertex 82.875 88.05144284148501 138
    endloop
  endfacet
  facet normal 0.528067850650373 0.8492021815265757 0
    outer loop
      vertex 82.74996697570589 88.12919337231928 134
      vertex 82.74996697570589 88.12919337231928 138
      vertex 82.875 88.05144284148501 134
    endloop
  endfacet
  facet normal 0.6343932841636585 0.7730104533627264 1.159818029264652e-18
    outer loop
      vertex 82.63028678473037 88.21495498434471 134
      vertex 82.51647191602484 88.3083604331723 134
      vertex 82.51647191602484 88.3083604331723 138
    endloop
  endfacet
  facet normal 0.6835923020229097 0.7298640726977996 0
    outer loop
      vertex 82.40900974233027 88.40900974233027 134
      vertex 82.40900974233027 88.40900974233027 138
      vertex 82.51647191602484 88.3083604331723 134
    endloop
  endfacet
  facet normal 0.7298640726977996 0.6835923020229097 -9.226532174841423e-19
    outer loop
      vertex 82.40900974233027 88.40900974233027 134
      vertex 82.3083604331723 88.51647191602484 134
      vertex 82.3083604331723 88.51647191602484 138
    endloop
  endfacet
  facet normal 0.5824776968677552 0.8128466845916488 0
    outer loop
      vertex 82.63028678473037 88.21495498434471 134
      vertex 82.63028678473037 88.21495498434471 138
      vertex 82.74996697570589 88.12919337231928 134
    endloop
  endfacet
  facet normal 0.16289547339461752 0.9866433320848742 6.43430028557568e-20
    outer loop
      vertex 83.70631606750489 87.76924906190892 134
      vertex 83.56104677546371 87.79323311909273 134
      vertex 83.56104677546371 87.79323311909273 138
    endloop
  endfacet
  facet normal 0.09801714032951449 0.9951847266722015 0
    outer loop
      vertex 83.70631606750489 87.76924906190892 134
      vertex 83.70631606750489 87.76924906190892 138
      vertex 83.85284295923218 87.75481742271315 134
    endloop
  endfacet
  facet normal 0.03271908282179856 0.9994645874763648 0
    outer loop
      vertex 83.85284295923218 87.75481742271315 134
      vertex 83.85284295923218 87.75481742271315 138
      vertex 84 87.75 134
    endloop
  endfacet
  facet normal -0.03271908282179856 0.9994645874763648 0
    outer loop
      vertex 84 87.75 134
      vertex 84 87.75 138
      vertex 84.14715704076782 87.75481742271315 134
    endloop
  endfacet
  facet normal -0.09801714032951449 0.9951847266722015 0
    outer loop
      vertex 84.14715704076782 87.75481742271315 134
      vertex 84.14715704076782 87.75481742271315 138
      vertex 84.29368393249511 87.76924906190892 134
    endloop
  endfacet
  facet normal -0.16289547339461752 0.9866433320848742 0
    outer loop
      vertex 84.29368393249511 87.76924906190892 134
      vertex 84.29368393249511 87.76924906190892 138
      vertex 84.43895322453629 87.79323311909273 134
    endloop
  endfacet
  facet normal -0.22707626303435144 0.9738769792773389 0
    outer loop
      vertex 84.43895322453629 87.79323311909273 134
      vertex 84.43895322453629 87.79323311909273 138
      vertex 84.58234285148067 87.8266668908496 134
    endloop
  endfacet
  facet normal 0.22707626303435144 0.9738769792773389 0
    outer loop
      vertex 83.41765714851933 87.8266668908496 134
      vertex 83.41765714851933 87.8266668908496 138
      vertex 83.56104677546371 87.79323311909273 134
    endloop
  endfacet
  facet normal -0.29028467725444673 0.9569403357322137 0
    outer loop
      vertex 84.58234285148067 87.8266668908496 134
      vertex 84.58234285148067 87.8266668908496 138
      vertex 84.72323879693211 87.869407208636 134
    endloop
  endfacet
  facet normal -0.3522500479212447 0.9359059267573215 0
    outer loop
      vertex 84.72323879693211 87.869407208636 134
      vertex 84.72323879693211 87.869407208636 138
      vertex 84.86103772282145 87.9212710518496 134
    endloop
  endfacet
  facet normal -0.41270702980442514 0.9108638249211621 0
    outer loop
      vertex 84.86103772282145 87.9212710518496 134
      vertex 84.86103772282145 87.9212710518496 138
      vertex 84.99514955299276 87.98203633155146 134
    endloop
  endfacet
  facet normal -0.47139673682598665 0.8819212643483608 0
    outer loop
      vertex 84.99514955299276 87.98203633155146 134
      vertex 84.99514955299276 87.98203633155146 138
      vertex 85.125 88.05144284148501 134
    endloop
  endfacet
  facet normal -0.528067850650373 0.8492021815265757 0
    outer loop
      vertex 85.125 88.05144284148501 134
      vertex 85.125 88.05144284148501 138
      vertex 85.25003302429411 88.12919337231928 134
    endloop
  endfacet
  facet normal -0.5824776968677552 0.8128466845916488 0
    outer loop
      vertex 85.25003302429411 88.12919337231928 134
      vertex 85.25003302429411 88.12919337231928 138
      vertex 85.36971321526963 88.21495498434471 134
    endloop
  endfacet
  facet normal -0.6343932841636585 0.7730104533627264 0
    outer loop
      vertex 85.36971321526963 88.21495498434471 134
      vertex 85.36971321526963 88.21495498434471 138
      vertex 85.48352808397516 88.3083604331723 134
    endloop
  endfacet
  facet normal -0.6835923020229097 0.7298640726977996 0
    outer loop
      vertex 85.48352808397516 88.3083604331723 134
      vertex 85.48352808397516 88.3083604331723 138
      vertex 85.59099025766973 88.40900974233027 134
    endloop
  endfacet
  facet normal -0.7298640726977996 0.6835923020229097 0
    outer loop
      vertex 85.59099025766973 88.40900974233027 134
      vertex 85.59099025766973 88.40900974233027 138
      vertex 85.6916395668277 88.51647191602484 134
    endloop
  endfacet
  facet normal 0.7730104533627264 0.6343932841636585 0
    outer loop
      vertex 82.21495498434471 88.63028678473037 134
      vertex 82.21495498434471 88.63028678473037 138
      vertex 82.3083604331723 88.51647191602484 134
    endloop
  endfacet
  facet normal 0.8128466845916488 0.5824776968677552 -3.8904388256686114e-19
    outer loop
      vertex 82.21495498434471 88.63028678473037 134
      vertex 82.12919337231928 88.74996697570589 134
      vertex 82.12919337231928 88.74996697570589 138
    endloop
  endfacet
  facet normal 0.8492021815265757 0.528067850650373 1.194921064394668e-18
    outer loop
      vertex 82.12919337231928 88.74996697570589 134
      vertex 82.05144284148501 88.875 134
      vertex 82.05144284148501 88.875 138
    endloop
  endfacet
  facet normal 0.8819212643483608 0.47139673682598665 -3.7881544060417087e-19
    outer loop
      vertex 82.05144284148501 88.875 134
      vertex 81.98203633155146 89.00485044700724 134
      vertex 81.98203633155146 89.00485044700724 138
    endloop
  endfacet
  facet normal 0.9108638249211621 0.41270702980442514 0
    outer loop
      vertex 81.9212710518496 89.13896227717855 134
      vertex 81.9212710518496 89.13896227717855 138
      vertex 81.98203633155146 89.00485044700724 134
    endloop
  endfacet
  facet normal 0.9359059267573215 0.3522500479212447 -2.25742166291072e-19
    outer loop
      vertex 81.9212710518496 89.13896227717855 134
      vertex 81.869407208636 89.27676120306789 134
      vertex 81.869407208636 89.27676120306789 138
    endloop
  endfacet
  facet normal 0.9569403357322137 0.29028467725444673 4.044448939649859e-20
    outer loop
      vertex 81.869407208636 89.27676120306789 134
      vertex 81.8266668908496 89.41765714851933 134
      vertex 81.8266668908496 89.41765714851933 138
    endloop
  endfacet
  facet normal 0.9738769792773389 0.22707626303435144 -1.5020586554888885e-19
    outer loop
      vertex 81.8266668908496 89.41765714851933 134
      vertex 81.79323311909273 89.56104677546371 134
      vertex 81.79323311909273 89.56104677546371 138
    endloop
  endfacet
  facet normal 0.9866433320848742 0.16289547339461752 6.43430028557568e-20
    outer loop
      vertex 81.79323311909273 89.56104677546371 134
      vertex 81.76924906190892 89.70631606750489 134
      vertex 81.76924906190892 89.70631606750489 138
    endloop
  endfacet
  facet normal 0.9951847266722015 0.09801714032951449 -9.830893955982932e-21
    outer loop
      vertex 81.76924906190892 89.70631606750489 134
      vertex 81.75481742271315 89.85284295923218 134
      vertex 81.75481742271315 89.85284295923218 138
    endloop
  endfacet
  facet normal -0.7730104533627264 0.6343932841636585 0
    outer loop
      vertex 85.6916395668277 88.51647191602484 134
      vertex 85.6916395668277 88.51647191602484 138
      vertex 85.78504501565529 88.63028678473037 134
    endloop
  endfacet
  facet normal -0.8128466845916488 0.5824776968677552 0
    outer loop
      vertex 85.78504501565529 88.63028678473037 134
      vertex 85.78504501565529 88.63028678473037 138
      vertex 85.87080662768072 88.74996697570589 134
    endloop
  endfacet
  facet normal -0.8492021815265757 0.528067850650373 0
    outer loop
      vertex 85.87080662768072 88.74996697570589 134
      vertex 85.87080662768072 88.74996697570589 138
      vertex 85.94855715851499 88.875 134
    endloop
  endfacet
  facet normal -0.8819212643483608 0.47139673682598665 0
    outer loop
      vertex 85.94855715851499 88.875 134
      vertex 85.94855715851499 88.875 138
      vertex 86.01796366844854 89.00485044700724 134
    endloop
  endfacet
  facet normal -0.9108638249211621 0.41270702980442514 0
    outer loop
      vertex 86.01796366844854 89.00485044700724 134
      vertex 86.01796366844854 89.00485044700724 138
      vertex 86.0787289481504 89.13896227717855 134
    endloop
  endfacet
  facet normal -0.9359059267573215 0.3522500479212447 0
    outer loop
      vertex 86.0787289481504 89.13896227717855 134
      vertex 86.0787289481504 89.13896227717855 138
      vertex 86.130592791364 89.27676120306789 134
    endloop
  endfacet
  facet normal -0.9569403357322137 0.29028467725444673 0
    outer loop
      vertex 86.130592791364 89.27676120306789 134
      vertex 86.130592791364 89.27676120306789 138
      vertex 86.1733331091504 89.41765714851933 134
    endloop
  endfacet
  facet normal -0.9738769792773389 0.22707626303435144 0
    outer loop
      vertex 86.1733331091504 89.41765714851933 134
      vertex 86.1733331091504 89.41765714851933 138
      vertex 86.20676688090727 89.56104677546371 134
    endloop
  endfacet
  facet normal -0.9866433320848742 0.16289547339461752 0
    outer loop
      vertex 86.20676688090727 89.56104677546371 134
      vertex 86.20676688090727 89.56104677546371 138
      vertex 86.23075093809108 89.70631606750489 134
    endloop
  endfacet
  facet normal -0.9951847266722015 0.09801714032951449 0
    outer loop
      vertex 86.23075093809108 89.70631606750489 134
      vertex 86.23075093809108 89.70631606750489 138
      vertex 86.24518257728685 89.85284295923218 134
    endloop
  endfacet
  facet normal 0.9994645874763648 0.03271908282179856 -6.737635608824902e-20
    outer loop
      vertex 81.75481742271315 89.85284295923218 134
      vertex 81.75 90 134
      vertex 81.75 90 138
    endloop
  endfacet
  facet normal 0.9994645874763648 -0.03271908282179856 6.737635608824902e-20
    outer loop
      vertex 81.75 90 134
      vertex 81.75481742271315 90.14715704076782 134
      vertex 81.75481742271315 90.14715704076782 138
    endloop
  endfacet
  facet normal 0.9951847266722015 -0.09801714032951449 9.830893955982932e-21
    outer loop
      vertex 81.75481742271315 90.14715704076782 134
      vertex 81.76924906190892 90.29368393249511 134
      vertex 81.76924906190892 90.29368393249511 138
    endloop
  endfacet
  facet normal 0.9866433320848742 -0.16289547339461752 -6.43430028557568e-20
    outer loop
      vertex 81.76924906190892 90.29368393249511 134
      vertex 81.79323311909273 90.43895322453629 134
      vertex 81.79323311909273 90.43895322453629 138
    endloop
  endfacet
  facet normal 0.9738769792773389 -0.22707626303435144 1.5020586554888885e-19
    outer loop
      vertex 81.79323311909273 90.43895322453629 134
      vertex 81.8266668908496 90.58234285148067 134
      vertex 81.8266668908496 90.58234285148067 138
    endloop
  endfacet
  facet normal 0.9569403357322137 -0.29028467725444673 -4.044448939649859e-20
    outer loop
      vertex 81.8266668908496 90.58234285148067 134
      vertex 81.869407208636 90.72323879693211 134
      vertex 81.869407208636 90.72323879693211 138
    endloop
  endfacet
  facet normal 0.9359059267573215 -0.3522500479212447 2.25742166291072e-19
    outer loop
      vertex 81.869407208636 90.72323879693211 134
      vertex 81.9212710518496 90.86103772282145 134
      vertex 81.9212710518496 90.86103772282145 138
    endloop
  endfacet
  facet normal 0.9108638249211621 -0.41270702980442514 -5.371239608834275e-19
    outer loop
      vertex 81.9212710518496 90.86103772282145 134
      vertex 81.98203633155146 90.99514955299276 134
      vertex 81.98203633155146 90.99514955299276 138
    endloop
  endfacet
  facet normal 0.8819212643483608 -0.47139673682598665 3.7881544060417087e-19
    outer loop
      vertex 81.98203633155146 90.99514955299276 134
      vertex 82.05144284148501 91.125 134
      vertex 82.05144284148501 91.125 138
    endloop
  endfacet
  facet normal 0.8492021815265757 -0.528067850650373 -1.194921064394668e-18
    outer loop
      vertex 82.05144284148501 91.125 134
      vertex 82.12919337231928 91.25003302429411 134
      vertex 82.12919337231928 91.25003302429411 138
    endloop
  endfacet
  facet normal -0.9994645874763648 0.03271908282179856 0
    outer loop
      vertex 86.24518257728685 89.85284295923218 134
      vertex 86.24518257728685 89.85284295923218 138
      vertex 86.25 90 134
    endloop
  endfacet
  facet normal -0.9994645874763648 -0.03271908282179856 -6.737635608824902e-20
    outer loop
      vertex 86.24518257728685 90.14715704076782 134
      vertex 86.25 90 134
      vertex 86.25 90 138
    endloop
  endfacet
  facet normal -0.9951847266722015 -0.09801714032951449 0
    outer loop
      vertex 86.24518257728685 90.14715704076782 134
      vertex 86.24518257728685 90.14715704076782 138
      vertex 86.23075093809108 90.29368393249511 134
    endloop
  endfacet
  facet normal -0.9866433320848742 -0.16289547339461752 0
    outer loop
      vertex 86.23075093809108 90.29368393249511 134
      vertex 86.23075093809108 90.29368393249511 138
      vertex 86.20676688090727 90.43895322453629 134
    endloop
  endfacet
  facet normal -0.9738769792773389 -0.22707626303435144 0
    outer loop
      vertex 86.20676688090727 90.43895322453629 134
      vertex 86.20676688090727 90.43895322453629 138
      vertex 86.1733331091504 90.58234285148067 134
    endloop
  endfacet
  facet normal -0.9569403357322137 -0.29028467725444673 0
    outer loop
      vertex 86.1733331091504 90.58234285148067 134
      vertex 86.1733331091504 90.58234285148067 138
      vertex 86.130592791364 90.72323879693211 134
    endloop
  endfacet
  facet normal -0.9359059267573215 -0.3522500479212447 0
    outer loop
      vertex 86.130592791364 90.72323879693211 134
      vertex 86.130592791364 90.72323879693211 138
      vertex 86.0787289481504 90.86103772282145 134
    endloop
  endfacet
  facet normal -0.9108638249211621 -0.41270702980442514 5.371239608834275e-19
    outer loop
      vertex 86.01796366844854 90.99514955299276 134
      vertex 86.0787289481504 90.86103772282145 134
      vertex 86.0787289481504 90.86103772282145 138
    endloop
  endfacet
  facet normal -0.8819212643483608 -0.47139673682598665 0
    outer loop
      vertex 86.01796366844854 90.99514955299276 134
      vertex 86.01796366844854 90.99514955299276 138
      vertex 85.94855715851499 91.125 134
    endloop
  endfacet
  facet normal -0.8492021815265757 -0.528067850650373 1.194921064394668e-18
    outer loop
      vertex 85.87080662768072 91.25003302429411 134
      vertex 85.94855715851499 91.125 134
      vertex 85.94855715851499 91.125 138
    endloop
  endfacet
  facet normal 0.8128466845916488 -0.5824776968677552 3.8904388256686114e-19
    outer loop
      vertex 82.12919337231928 91.25003302429411 134
      vertex 82.21495498434471 91.36971321526963 134
      vertex 82.21495498434471 91.36971321526963 138
    endloop
  endfacet
  facet normal 0.7730104533627264 -0.6343932841636585 -1.159818029264652e-18
    outer loop
      vertex 82.21495498434471 91.36971321526963 134
      vertex 82.3083604331723 91.48352808397516 134
      vertex 82.3083604331723 91.48352808397516 138
    endloop
  endfacet
  facet normal 0.7298640726977996 -0.6835923020229097 9.226532174841423e-19
    outer loop
      vertex 82.3083604331723 91.48352808397516 134
      vertex 82.40900974233027 91.59099025766973 134
      vertex 82.40900974233027 91.59099025766973 138
    endloop
  endfacet
  facet normal 0.6835923020229097 -0.7298640726977996 9.226532174841423e-19
    outer loop
      vertex 82.40900974233027 91.59099025766973 134
      vertex 82.51647191602484 91.6916395668277 134
      vertex 82.51647191602484 91.6916395668277 138
    endloop
  endfacet
  facet normal 0.6343932841636585 -0.7730104533627264 -1.159818029264652e-18
    outer loop
      vertex 82.51647191602484 91.6916395668277 134
      vertex 82.63028678473037 91.78504501565529 134
      vertex 82.63028678473037 91.78504501565529 138
    endloop
  endfacet
  facet normal 0.5824776968677552 -0.8128466845916488 3.8904388256686114e-19
    outer loop
      vertex 82.63028678473037 91.78504501565529 134
      vertex 82.74996697570589 91.87080662768072 134
      vertex 82.74996697570589 91.87080662768072 138
    endloop
  endfacet
  facet normal 0.528067850650373 -0.8492021815265757 -1.194921064394668e-18
    outer loop
      vertex 82.74996697570589 91.87080662768072 134
      vertex 82.875 91.94855715851499 134
      vertex 82.875 91.94855715851499 138
    endloop
  endfacet
  facet normal 0.47139673682598665 -0.8819212643483608 3.7881544060417087e-19
    outer loop
      vertex 82.875 91.94855715851499 134
      vertex 83.00485044700724 92.01796366844854 134
      vertex 83.00485044700724 92.01796366844854 138
    endloop
  endfacet
  facet normal 0.41270702980442514 -0.9108638249211621 -5.371239608834275e-19
    outer loop
      vertex 83.00485044700724 92.01796366844854 134
      vertex 83.13896227717855 92.0787289481504 134
      vertex 83.13896227717855 92.0787289481504 138
    endloop
  endfacet
  facet normal 0.3522500479212447 -0.9359059267573215 2.25742166291072e-19
    outer loop
      vertex 83.13896227717855 92.0787289481504 134
      vertex 83.27676120306789 92.130592791364 134
      vertex 83.27676120306789 92.130592791364 138
    endloop
  endfacet
  facet normal 0.29028467725444673 -0.9569403357322137 -4.044448939649859e-20
    outer loop
      vertex 83.27676120306789 92.130592791364 134
      vertex 83.41765714851933 92.1733331091504 134
      vertex 83.41765714851933 92.1733331091504 138
    endloop
  endfacet
  facet normal -0.8128466845916488 -0.5824776968677552 0
    outer loop
      vertex 85.87080662768072 91.25003302429411 134
      vertex 85.87080662768072 91.25003302429411 138
      vertex 85.78504501565529 91.36971321526963 134
    endloop
  endfacet
  facet normal -0.7730104533627264 -0.6343932841636585 1.159818029264652e-18
    outer loop
      vertex 85.6916395668277 91.48352808397516 134
      vertex 85.78504501565529 91.36971321526963 134
      vertex 85.78504501565529 91.36971321526963 138
    endloop
  endfacet
  facet normal -0.7298640726977996 -0.6835923020229097 0
    outer loop
      vertex 85.6916395668277 91.48352808397516 134
      vertex 85.6916395668277 91.48352808397516 138
      vertex 85.59099025766973 91.59099025766973 134
    endloop
  endfacet
  facet normal -0.6343932841636585 -0.7730104533627264 0
    outer loop
      vertex 85.48352808397516 91.6916395668277 134
      vertex 85.48352808397516 91.6916395668277 138
      vertex 85.36971321526963 91.78504501565529 134
    endloop
  endfacet
  facet normal -0.5824776968677552 -0.8128466845916488 -3.8904388256686114e-19
    outer loop
      vertex 85.25003302429411 91.87080662768072 134
      vertex 85.36971321526963 91.78504501565529 134
      vertex 85.36971321526963 91.78504501565529 138
    endloop
  endfacet
  facet normal -0.528067850650373 -0.8492021815265757 0
    outer loop
      vertex 85.25003302429411 91.87080662768072 134
      vertex 85.25003302429411 91.87080662768072 138
      vertex 85.125 91.94855715851499 134
    endloop
  endfacet
  facet normal -0.6835923020229097 -0.7298640726977996 -9.226532174841423e-19
    outer loop
      vertex 85.48352808397516 91.6916395668277 134
      vertex 85.59099025766973 91.59099025766973 134
      vertex 85.59099025766973 91.59099025766973 138
    endloop
  endfacet
  facet normal 0.22707626303435144 -0.9738769792773389 1.5020586554888885e-19
    outer loop
      vertex 83.41765714851933 92.1733331091504 134
      vertex 83.56104677546371 92.20676688090727 134
      vertex 83.56104677546371 92.20676688090727 138
    endloop
  endfacet
  facet normal 0.16289547339461752 -0.9866433320848742 -6.43430028557568e-20
    outer loop
      vertex 83.56104677546371 92.20676688090727 134
      vertex 83.70631606750489 92.23075093809108 134
      vertex 83.70631606750489 92.23075093809108 138
    endloop
  endfacet
  facet normal 0.09801714032951449 -0.9951847266722015 9.830893955982932e-21
    outer loop
      vertex 83.70631606750489 92.23075093809108 134
      vertex 83.85284295923218 92.24518257728685 134
      vertex 83.85284295923218 92.24518257728685 138
    endloop
  endfacet
  facet normal 0.03271908282179856 -0.9994645874763648 6.737635608824902e-20
    outer loop
      vertex 83.85284295923218 92.24518257728685 134
      vertex 84 92.25 134
      vertex 84 92.25 138
    endloop
  endfacet
  facet normal -0.09801714032951449 -0.9951847266722015 -9.830893955982932e-21
    outer loop
      vertex 84.14715704076782 92.24518257728685 134
      vertex 84.29368393249511 92.23075093809108 134
      vertex 84.29368393249511 92.23075093809108 138
    endloop
  endfacet
  facet normal -0.03271908282179856 -0.9994645874763648 -6.737635608824902e-20
    outer loop
      vertex 84 92.25 134
      vertex 84.14715704076782 92.24518257728685 134
      vertex 84.14715704076782 92.24518257728685 138
    endloop
  endfacet
  facet normal -0.16289547339461752 -0.9866433320848742 6.43430028557568e-20
    outer loop
      vertex 84.29368393249511 92.23075093809108 134
      vertex 84.43895322453629 92.20676688090727 134
      vertex 84.43895322453629 92.20676688090727 138
    endloop
  endfacet
  facet normal -0.22707626303435144 -0.9738769792773389 -1.5020586554888885e-19
    outer loop
      vertex 84.43895322453629 92.20676688090727 134
      vertex 84.58234285148067 92.1733331091504 134
      vertex 84.58234285148067 92.1733331091504 138
    endloop
  endfacet
  facet normal -0.29028467725444673 -0.9569403357322137 0
    outer loop
      vertex 84.72323879693211 92.130592791364 134
      vertex 84.72323879693211 92.130592791364 138
      vertex 84.58234285148067 92.1733331091504 134
    endloop
  endfacet
  facet normal -0.47139673682598665 -0.8819212643483608 0
    outer loop
      vertex 85.125 91.94855715851499 134
      vertex 85.125 91.94855715851499 138
      vertex 84.99514955299276 92.01796366844854 134
    endloop
  endfacet
  facet normal -0.41270702980442514 -0.9108638249211621 5.371239608834275e-19
    outer loop
      vertex 84.86103772282145 92.0787289481504 134
      vertex 84.99514955299276 92.01796366844854 134
      vertex 84.99514955299276 92.01796366844854 138
    endloop
  endfacet
  facet normal -0.3522500479212447 -0.9359059267573215 -2.25742166291072e-19
    outer loop
      vertex 84.72323879693211 92.130592791364 134
      vertex 84.86103772282145 92.0787289481504 134
      vertex 84.86103772282145 92.0787289481504 138
    endloop
  endfacet
  facet normal 0.29028467725444673 0.9569403357322137 0
    outer loop
      vertex 83.41765714851933 87.8266668908496 134
      vertex 83.27676120306789 87.869407208636 138
      vertex 83.41765714851933 87.8266668908496 138
    endloop
  endfacet
  facet normal 0.3522500479212447 0.9359059267573215 0
    outer loop
      vertex 83.27676120306789 87.869407208636 134
      vertex 83.13896227717855 87.9212710518496 138
      vertex 83.27676120306789 87.869407208636 138
    endloop
  endfacet
  facet normal 0.41270702980442514 0.9108638249211621 0
    outer loop
      vertex 83.13896227717855 87.9212710518496 134
      vertex 83.00485044700724 87.98203633155146 138
      vertex 83.13896227717855 87.9212710518496 138
    endloop
  endfacet
  facet normal 0.47139673682598665 0.8819212643483608 0
    outer loop
      vertex 83.00485044700724 87.98203633155146 134
      vertex 82.875 88.05144284148501 138
      vertex 83.00485044700724 87.98203633155146 138
    endloop
  endfacet
  facet normal 0.528067850650373 0.8492021815265757 0
    outer loop
      vertex 82.875 88.05144284148501 134
      vertex 82.74996697570589 88.12919337231928 138
      vertex 82.875 88.05144284148501 138
    endloop
  endfacet
  facet normal 0.6343932841636585 0.7730104533627264 0
    outer loop
      vertex 82.63028678473037 88.21495498434471 134
      vertex 82.51647191602484 88.3083604331723 138
      vertex 82.63028678473037 88.21495498434471 138
    endloop
  endfacet
  facet normal 0.6835923020229097 0.7298640726977996 0
    outer loop
      vertex 82.51647191602484 88.3083604331723 134
      vertex 82.40900974233027 88.40900974233027 138
      vertex 82.51647191602484 88.3083604331723 138
    endloop
  endfacet
  facet normal 0.7298640726977996 0.6835923020229097 0
    outer loop
      vertex 82.40900974233027 88.40900974233027 134
      vertex 82.3083604331723 88.51647191602484 138
      vertex 82.40900974233027 88.40900974233027 138
    endloop
  endfacet
  facet normal 0.5824776968677552 0.8128466845916488 0
    outer loop
      vertex 82.74996697570589 88.12919337231928 134
      vertex 82.63028678473037 88.21495498434471 138
      vertex 82.74996697570589 88.12919337231928 138
    endloop
  endfacet
  facet normal 0.22707626303435144 0.9738769792773389 0
    outer loop
      vertex 83.56104677546371 87.79323311909273 134
      vertex 83.41765714851933 87.8266668908496 138
      vertex 83.56104677546371 87.79323311909273 138
    endloop
  endfacet
  facet normal 0.16289547339461752 0.9866433320848742 0
    outer loop
      vertex 83.70631606750489 87.76924906190892 134
      vertex 83.56104677546371 87.79323311909273 138
      vertex 83.70631606750489 87.76924906190892 138
    endloop
  endfacet
  facet normal 0.09801714032951449 0.9951847266722015 0
    outer loop
      vertex 83.85284295923218 87.75481742271315 134
      vertex 83.70631606750489 87.76924906190892 138
      vertex 83.85284295923218 87.75481742271315 138
    endloop
  endfacet
  facet normal 0.03271908282179856 0.9994645874763648 0
    outer loop
      vertex 84 87.75 134
      vertex 83.85284295923218 87.75481742271315 138
      vertex 84 87.75 138
    endloop
  endfacet
  facet normal -0.03271908282179856 0.9994645874763648 0
    outer loop
      vertex 84.14715704076782 87.75481742271315 134
      vertex 84 87.75 138
      vertex 84.14715704076782 87.75481742271315 138
    endloop
  endfacet
  facet normal -0.09801714032951449 0.9951847266722015 0
    outer loop
      vertex 84.29368393249511 87.76924906190892 134
      vertex 84.14715704076782 87.75481742271315 138
      vertex 84.29368393249511 87.76924906190892 138
    endloop
  endfacet
  facet normal -0.16289547339461752 0.9866433320848742 0
    outer loop
      vertex 84.43895322453629 87.79323311909273 134
      vertex 84.29368393249511 87.76924906190892 138
      vertex 84.43895322453629 87.79323311909273 138
    endloop
  endfacet
  facet normal -0.22707626303435144 0.9738769792773389 0
    outer loop
      vertex 84.58234285148067 87.8266668908496 134
      vertex 84.43895322453629 87.79323311909273 138
      vertex 84.58234285148067 87.8266668908496 138
    endloop
  endfacet
  facet normal -0.29028467725444673 0.9569403357322137 0
    outer loop
      vertex 84.72323879693211 87.869407208636 134
      vertex 84.58234285148067 87.8266668908496 138
      vertex 84.72323879693211 87.869407208636 138
    endloop
  endfacet
  facet normal -0.3522500479212447 0.9359059267573215 0
    outer loop
      vertex 84.86103772282145 87.9212710518496 134
      vertex 84.72323879693211 87.869407208636 138
      vertex 84.86103772282145 87.9212710518496 138
    endloop
  endfacet
  facet normal -0.41270702980442514 0.9108638249211621 0
    outer loop
      vertex 84.99514955299276 87.98203633155146 134
      vertex 84.86103772282145 87.9212710518496 138
      vertex 84.99514955299276 87.98203633155146 138
    endloop
  endfacet
  facet normal -0.47139673682598665 0.8819212643483608 0
    outer loop
      vertex 85.125 88.05144284148501 134
      vertex 84.99514955299276 87.98203633155146 138
      vertex 85.125 88.05144284148501 138
    endloop
  endfacet
  facet normal -0.528067850650373 0.8492021815265757 0
    outer loop
      vertex 85.25003302429411 88.12919337231928 134
      vertex 85.125 88.05144284148501 138
      vertex 85.25003302429411 88.12919337231928 138
    endloop
  endfacet
  facet normal -0.5824776968677552 0.8128466845916488 0
    outer loop
      vertex 85.36971321526963 88.21495498434471 134
      vertex 85.25003302429411 88.12919337231928 138
      vertex 85.36971321526963 88.21495498434471 138
    endloop
  endfacet
  facet normal -0.6343932841636585 0.7730104533627264 0
    outer loop
      vertex 85.48352808397516 88.3083604331723 134
      vertex 85.36971321526963 88.21495498434471 138
      vertex 85.48352808397516 88.3083604331723 138
    endloop
  endfacet
  facet normal -0.6835923020229097 0.7298640726977996 0
    outer loop
      vertex 85.59099025766973 88.40900974233027 134
      vertex 85.48352808397516 88.3083604331723 138
      vertex 85.59099025766973 88.40900974233027 138
    endloop
  endfacet
  facet normal -0.7298640726977996 0.6835923020229097 0
    outer loop
      vertex 85.6916395668277 88.51647191602484 134
      vertex 85.59099025766973 88.40900974233027 138
      vertex 85.6916395668277 88.51647191602484 138
    endloop
  endfacet
  facet normal 0.9359059267573215 0.3522500479212447 0
    outer loop
      vertex 81.9212710518496 89.13896227717855 134
      vertex 81.869407208636 89.27676120306789 138
      vertex 81.9212710518496 89.13896227717855 138
    endloop
  endfacet
  facet normal 0.7730104533627264 0.6343932841636585 0
    outer loop
      vertex 82.3083604331723 88.51647191602484 134
      vertex 82.21495498434471 88.63028678473037 138
      vertex 82.3083604331723 88.51647191602484 138
    endloop
  endfacet
  facet normal 0.8128466845916488 0.5824776968677552 0
    outer loop
      vertex 82.21495498434471 88.63028678473037 134
      vertex 82.12919337231928 88.74996697570589 138
      vertex 82.21495498434471 88.63028678473037 138
    endloop
  endfacet
  facet normal 0.8492021815265757 0.528067850650373 0
    outer loop
      vertex 82.12919337231928 88.74996697570589 134
      vertex 82.05144284148501 88.875 138
      vertex 82.12919337231928 88.74996697570589 138
    endloop
  endfacet
  facet normal 0.8819212643483608 0.47139673682598665 0
    outer loop
      vertex 82.05144284148501 88.875 134
      vertex 81.98203633155146 89.00485044700724 138
      vertex 82.05144284148501 88.875 138
    endloop
  endfacet
  facet normal 0.9108638249211621 0.41270702980442514 0
    outer loop
      vertex 81.98203633155146 89.00485044700724 134
      vertex 81.9212710518496 89.13896227717855 138
      vertex 81.98203633155146 89.00485044700724 138
    endloop
  endfacet
  facet normal 0.9569403357322137 0.29028467725444673 0
    outer loop
      vertex 81.869407208636 89.27676120306789 134
      vertex 81.8266668908496 89.41765714851933 138
      vertex 81.869407208636 89.27676120306789 138
    endloop
  endfacet
  facet normal 0.9738769792773389 0.22707626303435144 0
    outer loop
      vertex 81.8266668908496 89.41765714851933 134
      vertex 81.79323311909273 89.56104677546371 138
      vertex 81.8266668908496 89.41765714851933 138
    endloop
  endfacet
  facet normal 0.9866433320848742 0.16289547339461752 0
    outer loop
      vertex 81.79323311909273 89.56104677546371 134
      vertex 81.76924906190892 89.70631606750489 138
      vertex 81.79323311909273 89.56104677546371 138
    endloop
  endfacet
  facet normal 0.9951847266722015 0.09801714032951449 0
    outer loop
      vertex 81.76924906190892 89.70631606750489 134
      vertex 81.75481742271315 89.85284295923218 138
      vertex 81.76924906190892 89.70631606750489 138
    endloop
  endfacet
  facet normal -0.7730104533627264 0.6343932841636585 0
    outer loop
      vertex 85.78504501565529 88.63028678473037 134
      vertex 85.6916395668277 88.51647191602484 138
      vertex 85.78504501565529 88.63028678473037 138
    endloop
  endfacet
  facet normal -0.8128466845916488 0.5824776968677552 0
    outer loop
      vertex 85.87080662768072 88.74996697570589 134
      vertex 85.78504501565529 88.63028678473037 138
      vertex 85.87080662768072 88.74996697570589 138
    endloop
  endfacet
  facet normal -0.8492021815265757 0.528067850650373 0
    outer loop
      vertex 85.94855715851499 88.875 134
      vertex 85.87080662768072 88.74996697570589 138
      vertex 85.94855715851499 88.875 138
    endloop
  endfacet
  facet normal -0.8819212643483608 0.47139673682598665 0
    outer loop
      vertex 86.01796366844854 89.00485044700724 134
      vertex 85.94855715851499 88.875 138
      vertex 86.01796366844854 89.00485044700724 138
    endloop
  endfacet
  facet normal -0.9108638249211621 0.41270702980442514 0
    outer loop
      vertex 86.0787289481504 89.13896227717855 134
      vertex 86.01796366844854 89.00485044700724 138
      vertex 86.0787289481504 89.13896227717855 138
    endloop
  endfacet
  facet normal -0.9359059267573215 0.3522500479212447 0
    outer loop
      vertex 86.130592791364 89.27676120306789 134
      vertex 86.0787289481504 89.13896227717855 138
      vertex 86.130592791364 89.27676120306789 138
    endloop
  endfacet
  facet normal -0.9569403357322137 0.29028467725444673 0
    outer loop
      vertex 86.1733331091504 89.41765714851933 134
      vertex 86.130592791364 89.27676120306789 138
      vertex 86.1733331091504 89.41765714851933 138
    endloop
  endfacet
  facet normal -0.9738769792773389 0.22707626303435144 0
    outer loop
      vertex 86.20676688090727 89.56104677546371 134
      vertex 86.1733331091504 89.41765714851933 138
      vertex 86.20676688090727 89.56104677546371 138
    endloop
  endfacet
  facet normal -0.9866433320848742 0.16289547339461752 0
    outer loop
      vertex 86.23075093809108 89.70631606750489 134
      vertex 86.20676688090727 89.56104677546371 138
      vertex 86.23075093809108 89.70631606750489 138
    endloop
  endfacet
  facet normal -0.9951847266722015 0.09801714032951449 0
    outer loop
      vertex 86.24518257728685 89.85284295923218 134
      vertex 86.23075093809108 89.70631606750489 138
      vertex 86.24518257728685 89.85284295923218 138
    endloop
  endfacet
  facet normal 0.9994645874763648 0.03271908282179856 0
    outer loop
      vertex 81.75481742271315 89.85284295923218 134
      vertex 81.75 90 138
      vertex 81.75481742271315 89.85284295923218 138
    endloop
  endfacet
  facet normal 0.9994645874763648 -0.03271908282179856 0
    outer loop
      vertex 81.75 90 134
      vertex 81.75481742271315 90.14715704076782 138
      vertex 81.75 90 138
    endloop
  endfacet
  facet normal 0.9951847266722015 -0.09801714032951449 0
    outer loop
      vertex 81.75481742271315 90.14715704076782 134
      vertex 81.76924906190892 90.29368393249511 138
      vertex 81.75481742271315 90.14715704076782 138
    endloop
  endfacet
  facet normal 0.9866433320848742 -0.16289547339461752 0
    outer loop
      vertex 81.76924906190892 90.29368393249511 134
      vertex 81.79323311909273 90.43895322453629 138
      vertex 81.76924906190892 90.29368393249511 138
    endloop
  endfacet
  facet normal 0.9738769792773389 -0.22707626303435144 0
    outer loop
      vertex 81.79323311909273 90.43895322453629 134
      vertex 81.8266668908496 90.58234285148067 138
      vertex 81.79323311909273 90.43895322453629 138
    endloop
  endfacet
  facet normal 0.9569403357322137 -0.29028467725444673 0
    outer loop
      vertex 81.8266668908496 90.58234285148067 134
      vertex 81.869407208636 90.72323879693211 138
      vertex 81.8266668908496 90.58234285148067 138
    endloop
  endfacet
  facet normal 0.9359059267573215 -0.3522500479212447 0
    outer loop
      vertex 81.869407208636 90.72323879693211 134
      vertex 81.9212710518496 90.86103772282145 138
      vertex 81.869407208636 90.72323879693211 138
    endloop
  endfacet
  facet normal 0.9108638249211621 -0.41270702980442514 0
    outer loop
      vertex 81.9212710518496 90.86103772282145 134
      vertex 81.98203633155146 90.99514955299276 138
      vertex 81.9212710518496 90.86103772282145 138
    endloop
  endfacet
  facet normal 0.8819212643483608 -0.47139673682598665 0
    outer loop
      vertex 81.98203633155146 90.99514955299276 134
      vertex 82.05144284148501 91.125 138
      vertex 81.98203633155146 90.99514955299276 138
    endloop
  endfacet
  facet normal 0.8492021815265757 -0.528067850650373 0
    outer loop
      vertex 82.05144284148501 91.125 134
      vertex 82.12919337231928 91.25003302429411 138
      vertex 82.05144284148501 91.125 138
    endloop
  endfacet
  facet normal -0.9994645874763648 0.03271908282179856 0
    outer loop
      vertex 86.25 90 134
      vertex 86.24518257728685 89.85284295923218 138
      vertex 86.25 90 138
    endloop
  endfacet
  facet normal -0.9994645874763648 -0.03271908282179856 0
    outer loop
      vertex 86.24518257728685 90.14715704076782 134
      vertex 86.25 90 138
      vertex 86.24518257728685 90.14715704076782 138
    endloop
  endfacet
  facet normal -0.9951847266722015 -0.09801714032951449 0
    outer loop
      vertex 86.23075093809108 90.29368393249511 134
      vertex 86.24518257728685 90.14715704076782 138
      vertex 86.23075093809108 90.29368393249511 138
    endloop
  endfacet
  facet normal -0.9866433320848742 -0.16289547339461752 0
    outer loop
      vertex 86.20676688090727 90.43895322453629 134
      vertex 86.23075093809108 90.29368393249511 138
      vertex 86.20676688090727 90.43895322453629 138
    endloop
  endfacet
  facet normal -0.9738769792773389 -0.22707626303435144 0
    outer loop
      vertex 86.1733331091504 90.58234285148067 134
      vertex 86.20676688090727 90.43895322453629 138
      vertex 86.1733331091504 90.58234285148067 138
    endloop
  endfacet
  facet normal -0.9569403357322137 -0.29028467725444673 0
    outer loop
      vertex 86.130592791364 90.72323879693211 134
      vertex 86.1733331091504 90.58234285148067 138
      vertex 86.130592791364 90.72323879693211 138
    endloop
  endfacet
  facet normal -0.9359059267573215 -0.3522500479212447 0
    outer loop
      vertex 86.0787289481504 90.86103772282145 134
      vertex 86.130592791364 90.72323879693211 138
      vertex 86.0787289481504 90.86103772282145 138
    endloop
  endfacet
  facet normal -0.9108638249211621 -0.41270702980442514 0
    outer loop
      vertex 86.01796366844854 90.99514955299276 134
      vertex 86.0787289481504 90.86103772282145 138
      vertex 86.01796366844854 90.99514955299276 138
    endloop
  endfacet
  facet normal -0.8819212643483608 -0.47139673682598665 0
    outer loop
      vertex 85.94855715851499 91.125 134
      vertex 86.01796366844854 90.99514955299276 138
      vertex 85.94855715851499 91.125 138
    endloop
  endfacet
  facet normal -0.8492021815265757 -0.528067850650373 0
    outer loop
      vertex 85.87080662768072 91.25003302429411 134
      vertex 85.94855715851499 91.125 138
      vertex 85.87080662768072 91.25003302429411 138
    endloop
  endfacet
  facet normal 0.8128466845916488 -0.5824776968677552 0
    outer loop
      vertex 82.12919337231928 91.25003302429411 134
      vertex 82.21495498434471 91.36971321526963 138
      vertex 82.12919337231928 91.25003302429411 138
    endloop
  endfacet
  facet normal 0.7730104533627264 -0.6343932841636585 0
    outer loop
      vertex 82.21495498434471 91.36971321526963 134
      vertex 82.3083604331723 91.48352808397516 138
      vertex 82.21495498434471 91.36971321526963 138
    endloop
  endfacet
  facet normal 0.7298640726977996 -0.6835923020229097 0
    outer loop
      vertex 82.3083604331723 91.48352808397516 134
      vertex 82.40900974233027 91.59099025766973 138
      vertex 82.3083604331723 91.48352808397516 138
    endloop
  endfacet
  facet normal 0.6835923020229097 -0.7298640726977996 0
    outer loop
      vertex 82.40900974233027 91.59099025766973 134
      vertex 82.51647191602484 91.6916395668277 138
      vertex 82.40900974233027 91.59099025766973 138
    endloop
  endfacet
  facet normal 0.6343932841636585 -0.7730104533627264 0
    outer loop
      vertex 82.51647191602484 91.6916395668277 134
      vertex 82.63028678473037 91.78504501565529 138
      vertex 82.51647191602484 91.6916395668277 138
    endloop
  endfacet
  facet normal 0.5824776968677552 -0.8128466845916488 0
    outer loop
      vertex 82.63028678473037 91.78504501565529 134
      vertex 82.74996697570589 91.87080662768072 138
      vertex 82.63028678473037 91.78504501565529 138
    endloop
  endfacet
  facet normal 0.528067850650373 -0.8492021815265757 0
    outer loop
      vertex 82.74996697570589 91.87080662768072 134
      vertex 82.875 91.94855715851499 138
      vertex 82.74996697570589 91.87080662768072 138
    endloop
  endfacet
  facet normal 0.47139673682598665 -0.8819212643483608 0
    outer loop
      vertex 82.875 91.94855715851499 134
      vertex 83.00485044700724 92.01796366844854 138
      vertex 82.875 91.94855715851499 138
    endloop
  endfacet
  facet normal 0.41270702980442514 -0.9108638249211621 0
    outer loop
      vertex 83.00485044700724 92.01796366844854 134
      vertex 83.13896227717855 92.0787289481504 138
      vertex 83.00485044700724 92.01796366844854 138
    endloop
  endfacet
  facet normal 0.3522500479212447 -0.9359059267573215 0
    outer loop
      vertex 83.13896227717855 92.0787289481504 134
      vertex 83.27676120306789 92.130592791364 138
      vertex 83.13896227717855 92.0787289481504 138
    endloop
  endfacet
  facet normal 0.29028467725444673 -0.9569403357322137 0
    outer loop
      vertex 83.27676120306789 92.130592791364 134
      vertex 83.41765714851933 92.1733331091504 138
      vertex 83.27676120306789 92.130592791364 138
    endloop
  endfacet
  facet normal -0.8128466845916488 -0.5824776968677552 0
    outer loop
      vertex 85.78504501565529 91.36971321526963 134
      vertex 85.87080662768072 91.25003302429411 138
      vertex 85.78504501565529 91.36971321526963 138
    endloop
  endfacet
  facet normal -0.7730104533627264 -0.6343932841636585 0
    outer loop
      vertex 85.6916395668277 91.48352808397516 134
      vertex 85.78504501565529 91.36971321526963 138
      vertex 85.6916395668277 91.48352808397516 138
    endloop
  endfacet
  facet normal -0.7298640726977996 -0.6835923020229097 0
    outer loop
      vertex 85.59099025766973 91.59099025766973 134
      vertex 85.6916395668277 91.48352808397516 138
      vertex 85.59099025766973 91.59099025766973 138
    endloop
  endfacet
  facet normal -0.6835923020229097 -0.7298640726977996 0
    outer loop
      vertex 85.48352808397516 91.6916395668277 134
      vertex 85.59099025766973 91.59099025766973 138
      vertex 85.48352808397516 91.6916395668277 138
    endloop
  endfacet
  facet normal -0.6343932841636585 -0.7730104533627264 0
    outer loop
      vertex 85.36971321526963 91.78504501565529 134
      vertex 85.48352808397516 91.6916395668277 138
      vertex 85.36971321526963 91.78504501565529 138
    endloop
  endfacet
  facet normal -0.528067850650373 -0.8492021815265757 0
    outer loop
      vertex 85.125 91.94855715851499 134
      vertex 85.25003302429411 91.87080662768072 138
      vertex 85.125 91.94855715851499 138
    endloop
  endfacet
  facet normal -0.5824776968677552 -0.8128466845916488 0
    outer loop
      vertex 85.25003302429411 91.87080662768072 134
      vertex 85.36971321526963 91.78504501565529 138
      vertex 85.25003302429411 91.87080662768072 138
    endloop
  endfacet
  facet normal 0.22707626303435144 -0.9738769792773389 0
    outer loop
      vertex 83.41765714851933 92.1733331091504 134
      vertex 83.56104677546371 92.20676688090727 138
      vertex 83.41765714851933 92.1733331091504 138
    endloop
  endfacet
  facet normal 0.16289547339461752 -0.9866433320848742 0
    outer loop
      vertex 83.56104677546371 92.20676688090727 134
      vertex 83.70631606750489 92.23075093809108 138
      vertex 83.56104677546371 92.20676688090727 138
    endloop
  endfacet
  facet normal 0.09801714032951449 -0.9951847266722015 0
    outer loop
      vertex 83.70631606750489 92.23075093809108 134
      vertex 83.85284295923218 92.24518257728685 138
      vertex 83.70631606750489 92.23075093809108 138
    endloop
  endfacet
  facet normal 0.03271908282179856 -0.9994645874763648 0
    outer loop
      vertex 83.85284295923218 92.24518257728685 134
      vertex 84 92.25 138
      vertex 83.85284295923218 92.24518257728685 138
    endloop
  endfacet
  facet normal -0.03271908282179856 -0.9994645874763648 0
    outer loop
      vertex 84 92.25 134
      vertex 84.14715704076782 92.24518257728685 138
      vertex 84 92.25 138
    endloop
  endfacet
  facet normal -0.09801714032951449 -0.9951847266722015 0
    outer loop
      vertex 84.14715704076782 92.24518257728685 134
      vertex 84.29368393249511 92.23075093809108 138
      vertex 84.14715704076782 92.24518257728685 138
    endloop
  endfacet
  facet normal -0.16289547339461752 -0.9866433320848742 0
    outer loop
      vertex 84.29368393249511 92.23075093809108 134
      vertex 84.43895322453629 92.20676688090727 138
      vertex 84.29368393249511 92.23075093809108 138
    endloop
  endfacet
  facet normal -0.29028467725444673 -0.9569403357322137 0
    outer loop
      vertex 84.58234285148067 92.1733331091504 134
      vertex 84.72323879693211 92.130592791364 138
      vertex 84.58234285148067 92.1733331091504 138
    endloop
  endfacet
  facet normal -0.3522500479212447 -0.9359059267573215 0
    outer loop
      vertex 84.72323879693211 92.130592791364 134
      vertex 84.86103772282145 92.0787289481504 138
      vertex 84.72323879693211 92.130592791364 138
    endloop
  endfacet
  facet normal -0.22707626303435144 -0.9738769792773389 0
    outer loop
      vertex 84.43895322453629 92.20676688090727 134
      vertex 84.58234285148067 92.1733331091504 138
      vertex 84.43895322453629 92.20676688090727 138
    endloop
  endfacet
  facet normal -0.47139673682598665 -0.8819212643483608 0
    outer loop
      vertex 84.99514955299276 92.01796366844854 134
      vertex 85.125 91.94855715851499 138
      vertex 84.99514955299276 92.01796366844854 138
    endloop
  endfacet
  facet normal -0.41270702980442514 -0.9108638249211621 0
    outer loop
      vertex 84.86103772282145 92.0787289481504 134
      vertex 84.99514955299276 92.01796366844854 138
      vertex 84.86103772282145 92.0787289481504 138
    endloop
  endfacet
  facet normal 0.29028467725444673 0.9569403357322137 0
    outer loop
      vertex 83.27676120306789 105.869407208636 134
      vertex 83.27676120306789 105.869407208636 138
      vertex 83.41765714851933 105.8266668908496 134
    endloop
  endfacet
  facet normal 0.47139673682598665 0.8819212643483608 -3.7881544060417087e-19
    outer loop
      vertex 83.00485044700724 105.98203633155146 134
      vertex 82.875 106.05144284148501 134
      vertex 82.875 106.05144284148501 138
    endloop
  endfacet
  facet normal 0.3522500479212447 0.9359059267573215 0
    outer loop
      vertex 83.13896227717855 105.9212710518496 134
      vertex 83.13896227717855 105.9212710518496 138
      vertex 83.27676120306789 105.869407208636 134
    endloop
  endfacet
  facet normal 0.41270702980442514 0.9108638249211621 5.371239608834275e-19
    outer loop
      vertex 83.13896227717855 105.9212710518496 134
      vertex 83.00485044700724 105.98203633155146 134
      vertex 83.00485044700724 105.98203633155146 138
    endloop
  endfacet
  facet normal 0.6343932841636585 0.7730104533627264 1.159818029264652e-18
    outer loop
      vertex 82.63028678473037 106.21495498434471 134
      vertex 82.51647191602484 106.3083604331723 134
      vertex 82.51647191602484 106.3083604331723 138
    endloop
  endfacet
  facet normal 0.528067850650373 0.8492021815265757 0
    outer loop
      vertex 82.74996697570589 106.12919337231928 134
      vertex 82.74996697570589 106.12919337231928 138
      vertex 82.875 106.05144284148501 134
    endloop
  endfacet
  facet normal 0.5824776968677552 0.8128466845916488 0
    outer loop
      vertex 82.63028678473037 106.21495498434471 134
      vertex 82.63028678473037 106.21495498434471 138
      vertex 82.74996697570589 106.12919337231928 134
    endloop
  endfacet
  facet normal 0.22707626303435144 0.9738769792773389 0
    outer loop
      vertex 83.41765714851933 105.8266668908496 134
      vertex 83.41765714851933 105.8266668908496 138
      vertex 83.56104677546371 105.79323311909273 134
    endloop
  endfacet
  facet normal 0.16289547339461752 0.9866433320848742 0
    outer loop
      vertex 83.56104677546371 105.79323311909273 134
      vertex 83.56104677546371 105.79323311909273 138
      vertex 83.70631606750489 105.76924906190892 134
    endloop
  endfacet
  facet normal 0.09801714032951449 0.9951847266722015 0
    outer loop
      vertex 83.70631606750489 105.76924906190892 134
      vertex 83.70631606750489 105.76924906190892 138
      vertex 83.85284295923218 105.75481742271315 134
    endloop
  endfacet
  facet normal 0.03271908282179856 0.9994645874763648 0
    outer loop
      vertex 83.85284295923218 105.75481742271315 134
      vertex 83.85284295923218 105.75481742271315 138
      vertex 84 105.75 134
    endloop
  endfacet
  facet normal -0.03271908282179856 0.9994645874763648 0
    outer loop
      vertex 84 105.75 134
      vertex 84 105.75 138
      vertex 84.14715704076782 105.75481742271315 134
    endloop
  endfacet
  facet normal -0.09801714032951449 0.9951847266722015 0
    outer loop
      vertex 84.14715704076782 105.75481742271315 134
      vertex 84.14715704076782 105.75481742271315 138
      vertex 84.29368393249511 105.76924906190892 134
    endloop
  endfacet
  facet normal -0.16289547339461752 0.9866433320848742 0
    outer loop
      vertex 84.29368393249511 105.76924906190892 134
      vertex 84.29368393249511 105.76924906190892 138
      vertex 84.43895322453629 105.79323311909273 134
    endloop
  endfacet
  facet normal -0.22707626303435144 0.9738769792773389 0
    outer loop
      vertex 84.43895322453629 105.79323311909273 134
      vertex 84.43895322453629 105.79323311909273 138
      vertex 84.58234285148067 105.8266668908496 134
    endloop
  endfacet
  facet normal -0.29028467725444673 0.9569403357322137 0
    outer loop
      vertex 84.58234285148067 105.8266668908496 134
      vertex 84.58234285148067 105.8266668908496 138
      vertex 84.72323879693211 105.869407208636 134
    endloop
  endfacet
  facet normal -0.3522500479212447 0.9359059267573215 0
    outer loop
      vertex 84.72323879693211 105.869407208636 134
      vertex 84.72323879693211 105.869407208636 138
      vertex 84.86103772282145 105.9212710518496 134
    endloop
  endfacet
  facet normal -0.41270702980442514 0.9108638249211621 0
    outer loop
      vertex 84.86103772282145 105.9212710518496 134
      vertex 84.86103772282145 105.9212710518496 138
      vertex 84.99514955299276 105.98203633155146 134
    endloop
  endfacet
  facet normal -0.47139673682598665 0.8819212643483608 0
    outer loop
      vertex 84.99514955299276 105.98203633155146 134
      vertex 84.99514955299276 105.98203633155146 138
      vertex 85.125 106.05144284148501 134
    endloop
  endfacet
  facet normal -0.528067850650373 0.8492021815265757 0
    outer loop
      vertex 85.125 106.05144284148501 134
      vertex 85.125 106.05144284148501 138
      vertex 85.25003302429411 106.12919337231928 134
    endloop
  endfacet
  facet normal -0.5824776968677552 0.8128466845916488 0
    outer loop
      vertex 85.25003302429411 106.12919337231928 134
      vertex 85.25003302429411 106.12919337231928 138
      vertex 85.36971321526963 106.21495498434471 134
    endloop
  endfacet
  facet normal -0.6343932841636585 0.7730104533627264 0
    outer loop
      vertex 85.36971321526963 106.21495498434471 134
      vertex 85.36971321526963 106.21495498434471 138
      vertex 85.48352808397516 106.3083604331723 134
    endloop
  endfacet
  facet normal -0.6835923020229097 0.7298640726977996 0
    outer loop
      vertex 85.48352808397516 106.3083604331723 134
      vertex 85.48352808397516 106.3083604331723 138
      vertex 85.59099025766973 106.40900974233027 134
    endloop
  endfacet
  facet normal 0.6835923020229097 0.7298640726977996 -9.226532174841423e-19
    outer loop
      vertex 82.51647191602484 106.3083604331723 134
      vertex 82.40900974233027 106.40900974233027 134
      vertex 82.40900974233027 106.40900974233027 138
    endloop
  endfacet
  facet normal 0.7298640726977996 0.6835923020229097 -9.226532174841423e-19
    outer loop
      vertex 82.40900974233027 106.40900974233027 134
      vertex 82.3083604331723 106.51647191602484 134
      vertex 82.3083604331723 106.51647191602484 138
    endloop
  endfacet
  facet normal 0.7730104533627264 0.6343932841636585 0
    outer loop
      vertex 82.21495498434471 106.63028678473037 134
      vertex 82.21495498434471 106.63028678473037 138
      vertex 82.3083604331723 106.51647191602484 134
    endloop
  endfacet
  facet normal 0.8128466845916488 0.5824776968677552 -3.8904388256686114e-19
    outer loop
      vertex 82.21495498434471 106.63028678473037 134
      vertex 82.12919337231928 106.74996697570589 134
      vertex 82.12919337231928 106.74996697570589 138
    endloop
  endfacet
  facet normal 0.8492021815265757 0.528067850650373 1.194921064394668e-18
    outer loop
      vertex 82.12919337231928 106.74996697570589 134
      vertex 82.05144284148501 106.875 134
      vertex 82.05144284148501 106.875 138
    endloop
  endfacet
  facet normal 0.8819212643483608 0.47139673682598665 -3.7881544060417087e-19
    outer loop
      vertex 82.05144284148501 106.875 134
      vertex 81.98203633155146 107.00485044700724 134
      vertex 81.98203633155146 107.00485044700724 138
    endloop
  endfacet
  facet normal 0.9359059267573215 0.3522500479212447 -2.25742166291072e-19
    outer loop
      vertex 81.9212710518496 107.13896227717855 134
      vertex 81.869407208636 107.27676120306789 134
      vertex 81.869407208636 107.27676120306789 138
    endloop
  endfacet
  facet normal 0.9569403357322137 0.29028467725444673 4.044448939649859e-20
    outer loop
      vertex 81.869407208636 107.27676120306789 134
      vertex 81.8266668908496 107.41765714851933 134
      vertex 81.8266668908496 107.41765714851933 138
    endloop
  endfacet
  facet normal 0.9738769792773389 0.22707626303435144 -1.5020586554888885e-19
    outer loop
      vertex 81.8266668908496 107.41765714851933 134
      vertex 81.79323311909273 107.56104677546371 134
      vertex 81.79323311909273 107.56104677546371 138
    endloop
  endfacet
  facet normal 0.9866433320848742 0.16289547339461752 6.43430028557568e-20
    outer loop
      vertex 81.79323311909273 107.56104677546371 134
      vertex 81.76924906190892 107.70631606750489 134
      vertex 81.76924906190892 107.70631606750489 138
    endloop
  endfacet
  facet normal 0.9108638249211621 0.41270702980442514 0
    outer loop
      vertex 81.9212710518496 107.13896227717855 134
      vertex 81.9212710518496 107.13896227717855 138
      vertex 81.98203633155146 107.00485044700724 134
    endloop
  endfacet
  facet normal -0.7298640726977996 0.6835923020229097 0
    outer loop
      vertex 85.59099025766973 106.40900974233027 134
      vertex 85.59099025766973 106.40900974233027 138
      vertex 85.6916395668277 106.51647191602484 134
    endloop
  endfacet
  facet normal -0.7730104533627264 0.6343932841636585 0
    outer loop
      vertex 85.6916395668277 106.51647191602484 134
      vertex 85.6916395668277 106.51647191602484 138
      vertex 85.78504501565529 106.63028678473037 134
    endloop
  endfacet
  facet normal -0.8128466845916488 0.5824776968677552 0
    outer loop
      vertex 85.78504501565529 106.63028678473037 134
      vertex 85.78504501565529 106.63028678473037 138
      vertex 85.87080662768072 106.74996697570589 134
    endloop
  endfacet
  facet normal -0.8492021815265757 0.528067850650373 0
    outer loop
      vertex 85.87080662768072 106.74996697570589 134
      vertex 85.87080662768072 106.74996697570589 138
      vertex 85.94855715851499 106.875 134
    endloop
  endfacet
  facet normal -0.8819212643483608 0.47139673682598665 0
    outer loop
      vertex 85.94855715851499 106.875 134
      vertex 85.94855715851499 106.875 138
      vertex 86.01796366844854 107.00485044700724 134
    endloop
  endfacet
  facet normal -0.9108638249211621 0.41270702980442514 0
    outer loop
      vertex 86.01796366844854 107.00485044700724 134
      vertex 86.01796366844854 107.00485044700724 138
      vertex 86.0787289481504 107.13896227717855 134
    endloop
  endfacet
  facet normal -0.9359059267573215 0.3522500479212447 0
    outer loop
      vertex 86.0787289481504 107.13896227717855 134
      vertex 86.0787289481504 107.13896227717855 138
      vertex 86.130592791364 107.27676120306789 134
    endloop
  endfacet
  facet normal -0.9569403357322137 0.29028467725444673 0
    outer loop
      vertex 86.130592791364 107.27676120306789 134
      vertex 86.130592791364 107.27676120306789 138
      vertex 86.1733331091504 107.41765714851933 134
    endloop
  endfacet
  facet normal -0.9738769792773389 0.22707626303435144 0
    outer loop
      vertex 86.1733331091504 107.41765714851933 134
      vertex 86.1733331091504 107.41765714851933 138
      vertex 86.20676688090727 107.56104677546371 134
    endloop
  endfacet
  facet normal -0.9866433320848742 0.16289547339461752 0
    outer loop
      vertex 86.20676688090727 107.56104677546371 134
      vertex 86.20676688090727 107.56104677546371 138
      vertex 86.23075093809108 107.70631606750489 134
    endloop
  endfacet
  facet normal 0.9951847266722015 0.09801714032951449 0
    outer loop
      vertex 81.75481742271315 107.85284295923218 134
      vertex 81.75481742271315 107.85284295923218 138
      vertex 81.76924906190892 107.70631606750489 134
    endloop
  endfacet
  facet normal 0.9994645874763648 0.03271908282179856 -6.737635608824902e-20
    outer loop
      vertex 81.75481742271315 107.85284295923218 134
      vertex 81.75 108 134
      vertex 81.75 108 138
    endloop
  endfacet
  facet normal 0.9994645874763648 -0.03271908282179856 6.737635608824902e-20
    outer loop
      vertex 81.75 108 134
      vertex 81.75481742271315 108.14715704076782 134
      vertex 81.75481742271315 108.14715704076782 138
    endloop
  endfacet
  facet normal 0.9951847266722015 -0.09801714032951449 9.830893955982932e-21
    outer loop
      vertex 81.75481742271315 108.14715704076782 134
      vertex 81.76924906190892 108.29368393249511 134
      vertex 81.76924906190892 108.29368393249511 138
    endloop
  endfacet
  facet normal 0.9866433320848742 -0.16289547339461752 -6.43430028557568e-20
    outer loop
      vertex 81.76924906190892 108.29368393249511 134
      vertex 81.79323311909273 108.43895322453629 134
      vertex 81.79323311909273 108.43895322453629 138
    endloop
  endfacet
  facet normal 0.9738769792773389 -0.22707626303435144 1.5020586554888885e-19
    outer loop
      vertex 81.79323311909273 108.43895322453629 134
      vertex 81.8266668908496 108.58234285148067 134
      vertex 81.8266668908496 108.58234285148067 138
    endloop
  endfacet
  facet normal 0.9569403357322137 -0.29028467725444673 -4.044448939649859e-20
    outer loop
      vertex 81.8266668908496 108.58234285148067 134
      vertex 81.869407208636 108.72323879693211 134
      vertex 81.869407208636 108.72323879693211 138
    endloop
  endfacet
  facet normal 0.9359059267573215 -0.3522500479212447 2.25742166291072e-19
    outer loop
      vertex 81.869407208636 108.72323879693211 134
      vertex 81.9212710518496 108.86103772282145 134
      vertex 81.9212710518496 108.86103772282145 138
    endloop
  endfacet
  facet normal 0.9108638249211621 -0.41270702980442514 -5.371239608834275e-19
    outer loop
      vertex 81.9212710518496 108.86103772282145 134
      vertex 81.98203633155146 108.99514955299276 134
      vertex 81.98203633155146 108.99514955299276 138
    endloop
  endfacet
  facet normal 0.8819212643483608 -0.47139673682598665 3.7881544060417087e-19
    outer loop
      vertex 81.98203633155146 108.99514955299276 134
      vertex 82.05144284148501 109.125 134
      vertex 82.05144284148501 109.125 138
    endloop
  endfacet
  facet normal -0.9951847266722015 0.09801714032951449 0
    outer loop
      vertex 86.23075093809108 107.70631606750489 134
      vertex 86.23075093809108 107.70631606750489 138
      vertex 86.24518257728685 107.85284295923218 134
    endloop
  endfacet
  facet normal -0.9994645874763648 0.03271908282179856 0
    outer loop
      vertex 86.24518257728685 107.85284295923218 134
      vertex 86.24518257728685 107.85284295923218 138
      vertex 86.25 108 134
    endloop
  endfacet
  facet normal -0.9994645874763648 -0.03271908282179856 -6.737635608824902e-20
    outer loop
      vertex 86.24518257728685 108.14715704076782 134
      vertex 86.25 108 134
      vertex 86.25 108 138
    endloop
  endfacet
  facet normal -0.9951847266722015 -0.09801714032951449 0
    outer loop
      vertex 86.24518257728685 108.14715704076782 134
      vertex 86.24518257728685 108.14715704076782 138
      vertex 86.23075093809108 108.29368393249511 134
    endloop
  endfacet
  facet normal -0.9866433320848742 -0.16289547339461752 0
    outer loop
      vertex 86.23075093809108 108.29368393249511 134
      vertex 86.23075093809108 108.29368393249511 138
      vertex 86.20676688090727 108.43895322453629 134
    endloop
  endfacet
  facet normal -0.9738769792773389 -0.22707626303435144 0
    outer loop
      vertex 86.20676688090727 108.43895322453629 134
      vertex 86.20676688090727 108.43895322453629 138
      vertex 86.1733331091504 108.58234285148067 134
    endloop
  endfacet
  facet normal -0.9569403357322137 -0.29028467725444673 0
    outer loop
      vertex 86.1733331091504 108.58234285148067 134
      vertex 86.1733331091504 108.58234285148067 138
      vertex 86.130592791364 108.72323879693211 134
    endloop
  endfacet
  facet normal -0.9359059267573215 -0.3522500479212447 0
    outer loop
      vertex 86.130592791364 108.72323879693211 134
      vertex 86.130592791364 108.72323879693211 138
      vertex 86.0787289481504 108.86103772282145 134
    endloop
  endfacet
  facet normal -0.9108638249211621 -0.41270702980442514 5.371239608834275e-19
    outer loop
      vertex 86.01796366844854 108.99514955299276 134
      vertex 86.0787289481504 108.86103772282145 134
      vertex 86.0787289481504 108.86103772282145 138
    endloop
  endfacet
  facet normal -0.8819212643483608 -0.47139673682598665 0
    outer loop
      vertex 86.01796366844854 108.99514955299276 134
      vertex 86.01796366844854 108.99514955299276 138
      vertex 85.94855715851499 109.125 134
    endloop
  endfacet
  facet normal 0.8492021815265757 -0.528067850650373 -1.194921064394668e-18
    outer loop
      vertex 82.05144284148501 109.125 134
      vertex 82.12919337231928 109.25003302429411 134
      vertex 82.12919337231928 109.25003302429411 138
    endloop
  endfacet
  facet normal 0.8128466845916488 -0.5824776968677552 3.8904388256686114e-19
    outer loop
      vertex 82.12919337231928 109.25003302429411 134
      vertex 82.21495498434471 109.36971321526963 134
      vertex 82.21495498434471 109.36971321526963 138
    endloop
  endfacet
  facet normal 0.7730104533627264 -0.6343932841636585 -1.159818029264652e-18
    outer loop
      vertex 82.21495498434471 109.36971321526963 134
      vertex 82.3083604331723 109.48352808397516 134
      vertex 82.3083604331723 109.48352808397516 138
    endloop
  endfacet
  facet normal 0.7298640726977996 -0.6835923020229097 9.226532174841423e-19
    outer loop
      vertex 82.3083604331723 109.48352808397516 134
      vertex 82.40900974233027 109.59099025766973 134
      vertex 82.40900974233027 109.59099025766973 138
    endloop
  endfacet
  facet normal 0.6835923020229097 -0.7298640726977996 9.226532174841423e-19
    outer loop
      vertex 82.40900974233027 109.59099025766973 134
      vertex 82.51647191602484 109.6916395668277 134
      vertex 82.51647191602484 109.6916395668277 138
    endloop
  endfacet
  facet normal 0.6343932841636585 -0.7730104533627264 -1.159818029264652e-18
    outer loop
      vertex 82.51647191602484 109.6916395668277 134
      vertex 82.63028678473037 109.78504501565529 134
      vertex 82.63028678473037 109.78504501565529 138
    endloop
  endfacet
  facet normal 0.5824776968677552 -0.8128466845916488 3.8904388256686114e-19
    outer loop
      vertex 82.63028678473037 109.78504501565529 134
      vertex 82.74996697570589 109.87080662768072 134
      vertex 82.74996697570589 109.87080662768072 138
    endloop
  endfacet
  facet normal 0.528067850650373 -0.8492021815265757 -1.194921064394668e-18
    outer loop
      vertex 82.74996697570589 109.87080662768072 134
      vertex 82.875 109.94855715851499 134
      vertex 82.875 109.94855715851499 138
    endloop
  endfacet
  facet normal 0.47139673682598665 -0.8819212643483608 3.7881544060417087e-19
    outer loop
      vertex 82.875 109.94855715851499 134
      vertex 83.00485044700724 110.01796366844854 134
      vertex 83.00485044700724 110.01796366844854 138
    endloop
  endfacet
  facet normal 0.41270702980442514 -0.9108638249211621 -5.371239608834275e-19
    outer loop
      vertex 83.00485044700724 110.01796366844854 134
      vertex 83.13896227717855 110.0787289481504 134
      vertex 83.13896227717855 110.0787289481504 138
    endloop
  endfacet
  facet normal 0.3522500479212447 -0.9359059267573215 2.25742166291072e-19
    outer loop
      vertex 83.13896227717855 110.0787289481504 134
      vertex 83.27676120306789 110.130592791364 134
      vertex 83.27676120306789 110.130592791364 138
    endloop
  endfacet
  facet normal 0.29028467725444673 -0.9569403357322137 -4.044448939649859e-20
    outer loop
      vertex 83.27676120306789 110.130592791364 134
      vertex 83.41765714851933 110.1733331091504 134
      vertex 83.41765714851933 110.1733331091504 138
    endloop
  endfacet
  facet normal -0.8128466845916488 -0.5824776968677552 0
    outer loop
      vertex 85.87080662768072 109.25003302429411 134
      vertex 85.87080662768072 109.25003302429411 138
      vertex 85.78504501565529 109.36971321526963 134
    endloop
  endfacet
  facet normal -0.8492021815265757 -0.528067850650373 1.194921064394668e-18
    outer loop
      vertex 85.87080662768072 109.25003302429411 134
      vertex 85.94855715851499 109.125 134
      vertex 85.94855715851499 109.125 138
    endloop
  endfacet
  facet normal -0.7730104533627264 -0.6343932841636585 0
    outer loop
      vertex 85.78504501565529 109.36971321526963 134
      vertex 85.78504501565529 109.36971321526963 138
      vertex 85.6916395668277 109.48352808397516 134
    endloop
  endfacet
  facet normal -0.6343932841636585 -0.7730104533627264 0
    outer loop
      vertex 85.48352808397516 109.6916395668277 134
      vertex 85.48352808397516 109.6916395668277 138
      vertex 85.36971321526963 109.78504501565529 134
    endloop
  endfacet
  facet normal -0.7298640726977996 -0.6835923020229097 0
    outer loop
      vertex 85.6916395668277 109.48352808397516 134
      vertex 85.6916395668277 109.48352808397516 138
      vertex 85.59099025766973 109.59099025766973 134
    endloop
  endfacet
  facet normal -0.6835923020229097 -0.7298640726977996 -9.226532174841423e-19
    outer loop
      vertex 85.48352808397516 109.6916395668277 134
      vertex 85.59099025766973 109.59099025766973 134
      vertex 85.59099025766973 109.59099025766973 138
    endloop
  endfacet
  facet normal -0.29028467725444673 -0.9569403357322137 4.044448939649859e-20
    outer loop
      vertex 84.58234285148067 110.1733331091504 134
      vertex 84.72323879693211 110.130592791364 134
      vertex 84.72323879693211 110.130592791364 138
    endloop
  endfacet
  facet normal 0.22707626303435144 -0.9738769792773389 1.5020586554888885e-19
    outer loop
      vertex 83.41765714851933 110.1733331091504 134
      vertex 83.56104677546371 110.20676688090727 134
      vertex 83.56104677546371 110.20676688090727 138
    endloop
  endfacet
  facet normal 0.16289547339461752 -0.9866433320848742 -6.43430028557568e-20
    outer loop
      vertex 83.56104677546371 110.20676688090727 134
      vertex 83.70631606750489 110.23075093809108 134
      vertex 83.70631606750489 110.23075093809108 138
    endloop
  endfacet
  facet normal 0.09801714032951449 -0.9951847266722015 9.830893955982932e-21
    outer loop
      vertex 83.70631606750489 110.23075093809108 134
      vertex 83.85284295923218 110.24518257728685 134
      vertex 83.85284295923218 110.24518257728685 138
    endloop
  endfacet
  facet normal 0.03271908282179856 -0.9994645874763648 6.737635608824902e-20
    outer loop
      vertex 83.85284295923218 110.24518257728685 134
      vertex 84 110.25 134
      vertex 84 110.25 138
    endloop
  endfacet
  facet normal -0.09801714032951449 -0.9951847266722015 -9.830893955982932e-21
    outer loop
      vertex 84.14715704076782 110.24518257728685 134
      vertex 84.29368393249511 110.23075093809108 134
      vertex 84.29368393249511 110.23075093809108 138
    endloop
  endfacet
  facet normal -0.16289547339461752 -0.9866433320848742 6.43430028557568e-20
    outer loop
      vertex 84.29368393249511 110.23075093809108 134
      vertex 84.43895322453629 110.20676688090727 134
      vertex 84.43895322453629 110.20676688090727 138
    endloop
  endfacet
  facet normal -0.03271908282179856 -0.9994645874763648 -6.737635608824902e-20
    outer loop
      vertex 84 110.25 134
      vertex 84.14715704076782 110.24518257728685 134
      vertex 84.14715704076782 110.24518257728685 138
    endloop
  endfacet
  facet normal -0.22707626303435144 -0.9738769792773389 -1.5020586554888885e-19
    outer loop
      vertex 84.43895322453629 110.20676688090727 134
      vertex 84.58234285148067 110.1733331091504 134
      vertex 84.58234285148067 110.1733331091504 138
    endloop
  endfacet
  facet normal -0.47139673682598665 -0.8819212643483608 0
    outer loop
      vertex 85.125 109.94855715851499 134
      vertex 85.125 109.94855715851499 138
      vertex 84.99514955299276 110.01796366844854 134
    endloop
  endfacet
  facet normal -0.5824776968677552 -0.8128466845916488 -3.8904388256686114e-19
    outer loop
      vertex 85.25003302429411 109.87080662768072 134
      vertex 85.36971321526963 109.78504501565529 134
      vertex 85.36971321526963 109.78504501565529 138
    endloop
  endfacet
  facet normal -0.528067850650373 -0.8492021815265757 0
    outer loop
      vertex 85.25003302429411 109.87080662768072 134
      vertex 85.25003302429411 109.87080662768072 138
      vertex 85.125 109.94855715851499 134
    endloop
  endfacet
  facet normal -0.41270702980442514 -0.9108638249211621 5.371239608834275e-19
    outer loop
      vertex 84.86103772282145 110.0787289481504 134
      vertex 84.99514955299276 110.01796366844854 134
      vertex 84.99514955299276 110.01796366844854 138
    endloop
  endfacet
  facet normal -0.3522500479212447 -0.9359059267573215 -2.25742166291072e-19
    outer loop
      vertex 84.72323879693211 110.130592791364 134
      vertex 84.86103772282145 110.0787289481504 134
      vertex 84.86103772282145 110.0787289481504 138
    endloop
  endfacet
  facet normal 0.29028467725444673 0.9569403357322137 0
    outer loop
      vertex 83.41765714851933 105.8266668908496 134
      vertex 83.27676120306789 105.869407208636 138
      vertex 83.41765714851933 105.8266668908496 138
    endloop
  endfacet
  facet normal 0.47139673682598665 0.8819212643483608 0
    outer loop
      vertex 83.00485044700724 105.98203633155146 134
      vertex 82.875 106.05144284148501 138
      vertex 83.00485044700724 105.98203633155146 138
    endloop
  endfacet
  facet normal 0.41270702980442514 0.9108638249211621 0
    outer loop
      vertex 83.13896227717855 105.9212710518496 134
      vertex 83.00485044700724 105.98203633155146 138
      vertex 83.13896227717855 105.9212710518496 138
    endloop
  endfacet
  facet normal 0.3522500479212447 0.9359059267573215 0
    outer loop
      vertex 83.27676120306789 105.869407208636 134
      vertex 83.13896227717855 105.9212710518496 138
      vertex 83.27676120306789 105.869407208636 138
    endloop
  endfacet
  facet normal 0.6343932841636585 0.7730104533627264 0
    outer loop
      vertex 82.63028678473037 106.21495498434471 134
      vertex 82.51647191602484 106.3083604331723 138
      vertex 82.63028678473037 106.21495498434471 138
    endloop
  endfacet
  facet normal 0.6835923020229097 0.7298640726977996 0
    outer loop
      vertex 82.51647191602484 106.3083604331723 134
      vertex 82.40900974233027 106.40900974233027 138
      vertex 82.51647191602484 106.3083604331723 138
    endloop
  endfacet
  facet normal 0.528067850650373 0.8492021815265757 0
    outer loop
      vertex 82.875 106.05144284148501 134
      vertex 82.74996697570589 106.12919337231928 138
      vertex 82.875 106.05144284148501 138
    endloop
  endfacet
  facet normal 0.5824776968677552 0.8128466845916488 0
    outer loop
      vertex 82.74996697570589 106.12919337231928 134
      vertex 82.63028678473037 106.21495498434471 138
      vertex 82.74996697570589 106.12919337231928 138
    endloop
  endfacet
  facet normal 0.22707626303435144 0.9738769792773389 0
    outer loop
      vertex 83.56104677546371 105.79323311909273 134
      vertex 83.41765714851933 105.8266668908496 138
      vertex 83.56104677546371 105.79323311909273 138
    endloop
  endfacet
  facet normal 0.16289547339461752 0.9866433320848742 0
    outer loop
      vertex 83.70631606750489 105.76924906190892 134
      vertex 83.56104677546371 105.79323311909273 138
      vertex 83.70631606750489 105.76924906190892 138
    endloop
  endfacet
  facet normal 0.09801714032951449 0.9951847266722015 0
    outer loop
      vertex 83.85284295923218 105.75481742271315 134
      vertex 83.70631606750489 105.76924906190892 138
      vertex 83.85284295923218 105.75481742271315 138
    endloop
  endfacet
  facet normal 0.03271908282179856 0.9994645874763648 0
    outer loop
      vertex 84 105.75 134
      vertex 83.85284295923218 105.75481742271315 138
      vertex 84 105.75 138
    endloop
  endfacet
  facet normal -0.03271908282179856 0.9994645874763648 0
    outer loop
      vertex 84.14715704076782 105.75481742271315 134
      vertex 84 105.75 138
      vertex 84.14715704076782 105.75481742271315 138
    endloop
  endfacet
  facet normal -0.09801714032951449 0.9951847266722015 0
    outer loop
      vertex 84.29368393249511 105.76924906190892 134
      vertex 84.14715704076782 105.75481742271315 138
      vertex 84.29368393249511 105.76924906190892 138
    endloop
  endfacet
  facet normal -0.16289547339461752 0.9866433320848742 0
    outer loop
      vertex 84.43895322453629 105.79323311909273 134
      vertex 84.29368393249511 105.76924906190892 138
      vertex 84.43895322453629 105.79323311909273 138
    endloop
  endfacet
  facet normal -0.22707626303435144 0.9738769792773389 0
    outer loop
      vertex 84.58234285148067 105.8266668908496 134
      vertex 84.43895322453629 105.79323311909273 138
      vertex 84.58234285148067 105.8266668908496 138
    endloop
  endfacet
  facet normal -0.29028467725444673 0.9569403357322137 0
    outer loop
      vertex 84.72323879693211 105.869407208636 134
      vertex 84.58234285148067 105.8266668908496 138
      vertex 84.72323879693211 105.869407208636 138
    endloop
  endfacet
  facet normal -0.3522500479212447 0.9359059267573215 0
    outer loop
      vertex 84.86103772282145 105.9212710518496 134
      vertex 84.72323879693211 105.869407208636 138
      vertex 84.86103772282145 105.9212710518496 138
    endloop
  endfacet
  facet normal -0.41270702980442514 0.9108638249211621 0
    outer loop
      vertex 84.99514955299276 105.98203633155146 134
      vertex 84.86103772282145 105.9212710518496 138
      vertex 84.99514955299276 105.98203633155146 138
    endloop
  endfacet
  facet normal -0.47139673682598665 0.8819212643483608 0
    outer loop
      vertex 85.125 106.05144284148501 134
      vertex 84.99514955299276 105.98203633155146 138
      vertex 85.125 106.05144284148501 138
    endloop
  endfacet
  facet normal -0.528067850650373 0.8492021815265757 0
    outer loop
      vertex 85.25003302429411 106.12919337231928 134
      vertex 85.125 106.05144284148501 138
      vertex 85.25003302429411 106.12919337231928 138
    endloop
  endfacet
  facet normal -0.5824776968677552 0.8128466845916488 0
    outer loop
      vertex 85.36971321526963 106.21495498434471 134
      vertex 85.25003302429411 106.12919337231928 138
      vertex 85.36971321526963 106.21495498434471 138
    endloop
  endfacet
  facet normal -0.6343932841636585 0.7730104533627264 0
    outer loop
      vertex 85.48352808397516 106.3083604331723 134
      vertex 85.36971321526963 106.21495498434471 138
      vertex 85.48352808397516 106.3083604331723 138
    endloop
  endfacet
  facet normal 0.7298640726977996 0.6835923020229097 0
    outer loop
      vertex 82.40900974233027 106.40900974233027 134
      vertex 82.3083604331723 106.51647191602484 138
      vertex 82.40900974233027 106.40900974233027 138
    endloop
  endfacet
  facet normal 0.7730104533627264 0.6343932841636585 0
    outer loop
      vertex 82.3083604331723 106.51647191602484 134
      vertex 82.21495498434471 106.63028678473037 138
      vertex 82.3083604331723 106.51647191602484 138
    endloop
  endfacet
  facet normal 0.8128466845916488 0.5824776968677552 0
    outer loop
      vertex 82.21495498434471 106.63028678473037 134
      vertex 82.12919337231928 106.74996697570589 138
      vertex 82.21495498434471 106.63028678473037 138
    endloop
  endfacet
  facet normal 0.8492021815265757 0.528067850650373 0
    outer loop
      vertex 82.12919337231928 106.74996697570589 134
      vertex 82.05144284148501 106.875 138
      vertex 82.12919337231928 106.74996697570589 138
    endloop
  endfacet
  facet normal 0.8819212643483608 0.47139673682598665 0
    outer loop
      vertex 82.05144284148501 106.875 134
      vertex 81.98203633155146 107.00485044700724 138
      vertex 82.05144284148501 106.875 138
    endloop
  endfacet
  facet normal 0.9108638249211621 0.41270702980442514 0
    outer loop
      vertex 81.98203633155146 107.00485044700724 134
      vertex 81.9212710518496 107.13896227717855 138
      vertex 81.98203633155146 107.00485044700724 138
    endloop
  endfacet
  facet normal 0.9359059267573215 0.3522500479212447 0
    outer loop
      vertex 81.9212710518496 107.13896227717855 134
      vertex 81.869407208636 107.27676120306789 138
      vertex 81.9212710518496 107.13896227717855 138
    endloop
  endfacet
  facet normal 0.9569403357322137 0.29028467725444673 0
    outer loop
      vertex 81.869407208636 107.27676120306789 134
      vertex 81.8266668908496 107.41765714851933 138
      vertex 81.869407208636 107.27676120306789 138
    endloop
  endfacet
  facet normal 0.9738769792773389 0.22707626303435144 0
    outer loop
      vertex 81.8266668908496 107.41765714851933 134
      vertex 81.79323311909273 107.56104677546371 138
      vertex 81.8266668908496 107.41765714851933 138
    endloop
  endfacet
  facet normal 0.9866433320848742 0.16289547339461752 0
    outer loop
      vertex 81.79323311909273 107.56104677546371 134
      vertex 81.76924906190892 107.70631606750489 138
      vertex 81.79323311909273 107.56104677546371 138
    endloop
  endfacet
  facet normal -0.6835923020229097 0.7298640726977996 0
    outer loop
      vertex 85.59099025766973 106.40900974233027 134
      vertex 85.48352808397516 106.3083604331723 138
      vertex 85.59099025766973 106.40900974233027 138
    endloop
  endfacet
  facet normal -0.7298640726977996 0.6835923020229097 0
    outer loop
      vertex 85.6916395668277 106.51647191602484 134
      vertex 85.59099025766973 106.40900974233027 138
      vertex 85.6916395668277 106.51647191602484 138
    endloop
  endfacet
  facet normal -0.7730104533627264 0.6343932841636585 0
    outer loop
      vertex 85.78504501565529 106.63028678473037 134
      vertex 85.6916395668277 106.51647191602484 138
      vertex 85.78504501565529 106.63028678473037 138
    endloop
  endfacet
  facet normal -0.8128466845916488 0.5824776968677552 0
    outer loop
      vertex 85.87080662768072 106.74996697570589 134
      vertex 85.78504501565529 106.63028678473037 138
      vertex 85.87080662768072 106.74996697570589 138
    endloop
  endfacet
  facet normal -0.8492021815265757 0.528067850650373 0
    outer loop
      vertex 85.94855715851499 106.875 134
      vertex 85.87080662768072 106.74996697570589 138
      vertex 85.94855715851499 106.875 138
    endloop
  endfacet
  facet normal -0.8819212643483608 0.47139673682598665 0
    outer loop
      vertex 86.01796366844854 107.00485044700724 134
      vertex 85.94855715851499 106.875 138
      vertex 86.01796366844854 107.00485044700724 138
    endloop
  endfacet
  facet normal -0.9108638249211621 0.41270702980442514 0
    outer loop
      vertex 86.0787289481504 107.13896227717855 134
      vertex 86.01796366844854 107.00485044700724 138
      vertex 86.0787289481504 107.13896227717855 138
    endloop
  endfacet
  facet normal -0.9359059267573215 0.3522500479212447 0
    outer loop
      vertex 86.130592791364 107.27676120306789 134
      vertex 86.0787289481504 107.13896227717855 138
      vertex 86.130592791364 107.27676120306789 138
    endloop
  endfacet
  facet normal -0.9569403357322137 0.29028467725444673 0
    outer loop
      vertex 86.1733331091504 107.41765714851933 134
      vertex 86.130592791364 107.27676120306789 138
      vertex 86.1733331091504 107.41765714851933 138
    endloop
  endfacet
  facet normal -0.9738769792773389 0.22707626303435144 0
    outer loop
      vertex 86.20676688090727 107.56104677546371 134
      vertex 86.1733331091504 107.41765714851933 138
      vertex 86.20676688090727 107.56104677546371 138
    endloop
  endfacet
  facet normal -0.9866433320848742 0.16289547339461752 0
    outer loop
      vertex 86.23075093809108 107.70631606750489 134
      vertex 86.20676688090727 107.56104677546371 138
      vertex 86.23075093809108 107.70631606750489 138
    endloop
  endfacet
  facet normal 0.9951847266722015 0.09801714032951449 0
    outer loop
      vertex 81.76924906190892 107.70631606750489 134
      vertex 81.75481742271315 107.85284295923218 138
      vertex 81.76924906190892 107.70631606750489 138
    endloop
  endfacet
  facet normal 0.9994645874763648 0.03271908282179856 0
    outer loop
      vertex 81.75481742271315 107.85284295923218 134
      vertex 81.75 108 138
      vertex 81.75481742271315 107.85284295923218 138
    endloop
  endfacet
  facet normal 0.9994645874763648 -0.03271908282179856 0
    outer loop
      vertex 81.75 108 134
      vertex 81.75481742271315 108.14715704076782 138
      vertex 81.75 108 138
    endloop
  endfacet
  facet normal 0.9951847266722015 -0.09801714032951449 0
    outer loop
      vertex 81.75481742271315 108.14715704076782 134
      vertex 81.76924906190892 108.29368393249511 138
      vertex 81.75481742271315 108.14715704076782 138
    endloop
  endfacet
  facet normal 0.9866433320848742 -0.16289547339461752 0
    outer loop
      vertex 81.76924906190892 108.29368393249511 134
      vertex 81.79323311909273 108.43895322453629 138
      vertex 81.76924906190892 108.29368393249511 138
    endloop
  endfacet
  facet normal 0.9738769792773389 -0.22707626303435144 0
    outer loop
      vertex 81.79323311909273 108.43895322453629 134
      vertex 81.8266668908496 108.58234285148067 138
      vertex 81.79323311909273 108.43895322453629 138
    endloop
  endfacet
  facet normal 0.9569403357322137 -0.29028467725444673 0
    outer loop
      vertex 81.8266668908496 108.58234285148067 134
      vertex 81.869407208636 108.72323879693211 138
      vertex 81.8266668908496 108.58234285148067 138
    endloop
  endfacet
  facet normal 0.9359059267573215 -0.3522500479212447 0
    outer loop
      vertex 81.869407208636 108.72323879693211 134
      vertex 81.9212710518496 108.86103772282145 138
      vertex 81.869407208636 108.72323879693211 138
    endloop
  endfacet
  facet normal 0.9108638249211621 -0.41270702980442514 0
    outer loop
      vertex 81.9212710518496 108.86103772282145 134
      vertex 81.98203633155146 108.99514955299276 138
      vertex 81.9212710518496 108.86103772282145 138
    endloop
  endfacet
  facet normal 0.8819212643483608 -0.47139673682598665 0
    outer loop
      vertex 81.98203633155146 108.99514955299276 134
      vertex 82.05144284148501 109.125 138
      vertex 81.98203633155146 108.99514955299276 138
    endloop
  endfacet
  facet normal -0.9951847266722015 0.09801714032951449 0
    outer loop
      vertex 86.24518257728685 107.85284295923218 134
      vertex 86.23075093809108 107.70631606750489 138
      vertex 86.24518257728685 107.85284295923218 138
    endloop
  endfacet
  facet normal -0.9994645874763648 0.03271908282179856 0
    outer loop
      vertex 86.25 108 134
      vertex 86.24518257728685 107.85284295923218 138
      vertex 86.25 108 138
    endloop
  endfacet
  facet normal -0.9994645874763648 -0.03271908282179856 0
    outer loop
      vertex 86.24518257728685 108.14715704076782 134
      vertex 86.25 108 138
      vertex 86.24518257728685 108.14715704076782 138
    endloop
  endfacet
  facet normal -0.9951847266722015 -0.09801714032951449 0
    outer loop
      vertex 86.23075093809108 108.29368393249511 134
      vertex 86.24518257728685 108.14715704076782 138
      vertex 86.23075093809108 108.29368393249511 138
    endloop
  endfacet
  facet normal -0.9866433320848742 -0.16289547339461752 0
    outer loop
      vertex 86.20676688090727 108.43895322453629 134
      vertex 86.23075093809108 108.29368393249511 138
      vertex 86.20676688090727 108.43895322453629 138
    endloop
  endfacet
  facet normal -0.9738769792773389 -0.22707626303435144 0
    outer loop
      vertex 86.1733331091504 108.58234285148067 134
      vertex 86.20676688090727 108.43895322453629 138
      vertex 86.1733331091504 108.58234285148067 138
    endloop
  endfacet
  facet normal -0.9569403357322137 -0.29028467725444673 0
    outer loop
      vertex 86.130592791364 108.72323879693211 134
      vertex 86.1733331091504 108.58234285148067 138
      vertex 86.130592791364 108.72323879693211 138
    endloop
  endfacet
  facet normal -0.9359059267573215 -0.3522500479212447 0
    outer loop
      vertex 86.0787289481504 108.86103772282145 134
      vertex 86.130592791364 108.72323879693211 138
      vertex 86.0787289481504 108.86103772282145 138
    endloop
  endfacet
  facet normal -0.9108638249211621 -0.41270702980442514 0
    outer loop
      vertex 86.01796366844854 108.99514955299276 134
      vertex 86.0787289481504 108.86103772282145 138
      vertex 86.01796366844854 108.99514955299276 138
    endloop
  endfacet
  facet normal -0.8819212643483608 -0.47139673682598665 0
    outer loop
      vertex 85.94855715851499 109.125 134
      vertex 86.01796366844854 108.99514955299276 138
      vertex 85.94855715851499 109.125 138
    endloop
  endfacet
  facet normal 0.8492021815265757 -0.528067850650373 0
    outer loop
      vertex 82.05144284148501 109.125 134
      vertex 82.12919337231928 109.25003302429411 138
      vertex 82.05144284148501 109.125 138
    endloop
  endfacet
  facet normal 0.8128466845916488 -0.5824776968677552 0
    outer loop
      vertex 82.12919337231928 109.25003302429411 134
      vertex 82.21495498434471 109.36971321526963 138
      vertex 82.12919337231928 109.25003302429411 138
    endloop
  endfacet
  facet normal 0.7730104533627264 -0.6343932841636585 0
    outer loop
      vertex 82.21495498434471 109.36971321526963 134
      vertex 82.3083604331723 109.48352808397516 138
      vertex 82.21495498434471 109.36971321526963 138
    endloop
  endfacet
  facet normal 0.7298640726977996 -0.6835923020229097 0
    outer loop
      vertex 82.3083604331723 109.48352808397516 134
      vertex 82.40900974233027 109.59099025766973 138
      vertex 82.3083604331723 109.48352808397516 138
    endloop
  endfacet
  facet normal 0.6835923020229097 -0.7298640726977996 0
    outer loop
      vertex 82.40900974233027 109.59099025766973 134
      vertex 82.51647191602484 109.6916395668277 138
      vertex 82.40900974233027 109.59099025766973 138
    endloop
  endfacet
  facet normal 0.6343932841636585 -0.7730104533627264 0
    outer loop
      vertex 82.51647191602484 109.6916395668277 134
      vertex 82.63028678473037 109.78504501565529 138
      vertex 82.51647191602484 109.6916395668277 138
    endloop
  endfacet
  facet normal 0.5824776968677552 -0.8128466845916488 0
    outer loop
      vertex 82.63028678473037 109.78504501565529 134
      vertex 82.74996697570589 109.87080662768072 138
      vertex 82.63028678473037 109.78504501565529 138
    endloop
  endfacet
  facet normal 0.528067850650373 -0.8492021815265757 0
    outer loop
      vertex 82.74996697570589 109.87080662768072 134
      vertex 82.875 109.94855715851499 138
      vertex 82.74996697570589 109.87080662768072 138
    endloop
  endfacet
  facet normal 0.47139673682598665 -0.8819212643483608 0
    outer loop
      vertex 82.875 109.94855715851499 134
      vertex 83.00485044700724 110.01796366844854 138
      vertex 82.875 109.94855715851499 138
    endloop
  endfacet
  facet normal 0.41270702980442514 -0.9108638249211621 0
    outer loop
      vertex 83.00485044700724 110.01796366844854 134
      vertex 83.13896227717855 110.0787289481504 138
      vertex 83.00485044700724 110.01796366844854 138
    endloop
  endfacet
  facet normal 0.3522500479212447 -0.9359059267573215 0
    outer loop
      vertex 83.13896227717855 110.0787289481504 134
      vertex 83.27676120306789 110.130592791364 138
      vertex 83.13896227717855 110.0787289481504 138
    endloop
  endfacet
  facet normal 0.29028467725444673 -0.9569403357322137 0
    outer loop
      vertex 83.27676120306789 110.130592791364 134
      vertex 83.41765714851933 110.1733331091504 138
      vertex 83.27676120306789 110.130592791364 138
    endloop
  endfacet
  facet normal -0.8492021815265757 -0.528067850650373 0
    outer loop
      vertex 85.87080662768072 109.25003302429411 134
      vertex 85.94855715851499 109.125 138
      vertex 85.87080662768072 109.25003302429411 138
    endloop
  endfacet
  facet normal -0.8128466845916488 -0.5824776968677552 0
    outer loop
      vertex 85.78504501565529 109.36971321526963 134
      vertex 85.87080662768072 109.25003302429411 138
      vertex 85.78504501565529 109.36971321526963 138
    endloop
  endfacet
  facet normal -0.7730104533627264 -0.6343932841636585 0
    outer loop
      vertex 85.6916395668277 109.48352808397516 134
      vertex 85.78504501565529 109.36971321526963 138
      vertex 85.6916395668277 109.48352808397516 138
    endloop
  endfacet
  facet normal -0.6835923020229097 -0.7298640726977996 0
    outer loop
      vertex 85.48352808397516 109.6916395668277 134
      vertex 85.59099025766973 109.59099025766973 138
      vertex 85.48352808397516 109.6916395668277 138
    endloop
  endfacet
  facet normal -0.6343932841636585 -0.7730104533627264 0
    outer loop
      vertex 85.36971321526963 109.78504501565529 134
      vertex 85.48352808397516 109.6916395668277 138
      vertex 85.36971321526963 109.78504501565529 138
    endloop
  endfacet
  facet normal -0.7298640726977996 -0.6835923020229097 0
    outer loop
      vertex 85.59099025766973 109.59099025766973 134
      vertex 85.6916395668277 109.48352808397516 138
      vertex 85.59099025766973 109.59099025766973 138
    endloop
  endfacet
  facet normal -0.3522500479212447 -0.9359059267573215 0
    outer loop
      vertex 84.72323879693211 110.130592791364 134
      vertex 84.86103772282145 110.0787289481504 138
      vertex 84.72323879693211 110.130592791364 138
    endloop
  endfacet
  facet normal 0.22707626303435144 -0.9738769792773389 0
    outer loop
      vertex 83.41765714851933 110.1733331091504 134
      vertex 83.56104677546371 110.20676688090727 138
      vertex 83.41765714851933 110.1733331091504 138
    endloop
  endfacet
  facet normal 0.16289547339461752 -0.9866433320848742 0
    outer loop
      vertex 83.56104677546371 110.20676688090727 134
      vertex 83.70631606750489 110.23075093809108 138
      vertex 83.56104677546371 110.20676688090727 138
    endloop
  endfacet
  facet normal 0.09801714032951449 -0.9951847266722015 0
    outer loop
      vertex 83.70631606750489 110.23075093809108 134
      vertex 83.85284295923218 110.24518257728685 138
      vertex 83.70631606750489 110.23075093809108 138
    endloop
  endfacet
  facet normal 0.03271908282179856 -0.9994645874763648 0
    outer loop
      vertex 83.85284295923218 110.24518257728685 134
      vertex 84 110.25 138
      vertex 83.85284295923218 110.24518257728685 138
    endloop
  endfacet
  facet normal -0.03271908282179856 -0.9994645874763648 0
    outer loop
      vertex 84 110.25 134
      vertex 84.14715704076782 110.24518257728685 138
      vertex 84 110.25 138
    endloop
  endfacet
  facet normal -0.09801714032951449 -0.9951847266722015 0
    outer loop
      vertex 84.14715704076782 110.24518257728685 134
      vertex 84.29368393249511 110.23075093809108 138
      vertex 84.14715704076782 110.24518257728685 138
    endloop
  endfacet
  facet normal -0.16289547339461752 -0.9866433320848742 0
    outer loop
      vertex 84.29368393249511 110.23075093809108 134
      vertex 84.43895322453629 110.20676688090727 138
      vertex 84.29368393249511 110.23075093809108 138
    endloop
  endfacet
  facet normal -0.22707626303435144 -0.9738769792773389 0
    outer loop
      vertex 84.43895322453629 110.20676688090727 134
      vertex 84.58234285148067 110.1733331091504 138
      vertex 84.43895322453629 110.20676688090727 138
    endloop
  endfacet
  facet normal -0.29028467725444673 -0.9569403357322137 0
    outer loop
      vertex 84.58234285148067 110.1733331091504 134
      vertex 84.72323879693211 110.130592791364 138
      vertex 84.58234285148067 110.1733331091504 138
    endloop
  endfacet
  facet normal -0.528067850650373 -0.8492021815265757 0
    outer loop
      vertex 85.125 109.94855715851499 134
      vertex 85.25003302429411 109.87080662768072 138
      vertex 85.125 109.94855715851499 138
    endloop
  endfacet
  facet normal -0.5824776968677552 -0.8128466845916488 0
    outer loop
      vertex 85.25003302429411 109.87080662768072 134
      vertex 85.36971321526963 109.78504501565529 138
      vertex 85.25003302429411 109.87080662768072 138
    endloop
  endfacet
  facet normal -0.41270702980442514 -0.9108638249211621 0
    outer loop
      vertex 84.86103772282145 110.0787289481504 134
      vertex 84.99514955299276 110.01796366844854 138
      vertex 84.86103772282145 110.0787289481504 138
    endloop
  endfacet
  facet normal -0.47139673682598665 -0.8819212643483608 0
    outer loop
      vertex 84.99514955299276 110.01796366844854 134
      vertex 85.125 109.94855715851499 138
      vertex 84.99514955299276 110.01796366844854 138
    endloop
  endfacet
  facet normal 0.9994645874763656 -0.03271908282177446 2.3864273407377357e-19
    outer loop
      vertex -65.025 72 134
      vertex -65.00573030914744 72.58862816307129 134
      vertex -65.00573030914744 72.58862816307129 138
    endloop
  endfacet
  facet normal 0.995184726672197 -0.09801714032955994 -1.9459981563163294e-19
    outer loop
      vertex -65.00573030914744 72.58862816307129 134
      vertex -64.9480037523643 73.17473572998047 134
      vertex -64.9480037523643 73.17473572998047 138
    endloop
  endfacet
  facet normal 0.9866433320848768 -0.16289547339460178 -2.598264854255163e-19
    outer loop
      vertex -64.9480037523643 73.17473572998047 134
      vertex -64.85206752362907 73.75581289814515 134
      vertex -64.85206752362907 73.75581289814515 138
    endloop
  endfacet
  facet normal 0.9738769792773389 -0.22707626303435144 6.008234621955554e-19
    outer loop
      vertex -64.85206752362907 73.75581289814515 134
      vertex -64.71833243660163 74.32937140592269 134
      vertex -64.71833243660163 74.32937140592269 138
    endloop
  endfacet
  facet normal 0.9569403357322064 -0.2902846772544708 2.2688947096454627e-18
    outer loop
      vertex -64.71833243660163 74.32937140592269 134
      vertex -64.54737116545596 74.89295518772846 134
      vertex -64.54737116545596 74.89295518772846 138
    endloop
  endfacet
  facet normal 0.9359059267573234 -0.35225004792123943 -8.231086560888736e-19
    outer loop
      vertex -64.54737116545596 74.89295518772846 134
      vertex -64.33991579260159 75.4441508912858 134
      vertex -64.33991579260159 75.4441508912858 138
    endloop
  endfacet
  facet normal 0.9108638249211761 -0.4127070298043941 5.690167503909503e-19
    outer loop
      vertex -64.33991579260159 75.4441508912858 134
      vertex -64.0968546737942 75.98059821197101 134
      vertex -64.0968546737942 75.98059821197101 138
    endloop
  endfacet
  facet normal 0.8819212643483563 -0.4713967368259954 2.4371724267968156e-18
    outer loop
      vertex -64.0968546737942 75.98059821197101 134
      vertex -63.819228634059954 76.5 134
      vertex -63.819228634059954 76.5 138
    endloop
  endfacet
  facet normal 0.8492021815265784 -0.5280678506503685 3.1453071170758584e-19
    outer loop
      vertex -63.819228634059954 76.5 134
      vertex -63.50822651072291 77.00013209717642 134
      vertex -63.50822651072291 77.00013209717642 138
    endloop
  endfacet
  facet normal 0.812846684591609 -0.582477696867811 -3.6476520884555535e-21
    outer loop
      vertex -63.50822651072291 77.00013209717642 134
      vertex -63.16518006262112 77.47885286107848 134
      vertex -63.16518006262112 77.47885286107848 138
    endloop
  endfacet
  facet normal -0.9994645874763656 -0.03271908282177446 0
    outer loop
      vertex -47.025000000000006 72 134
      vertex -47.025000000000006 72 138
      vertex -47.04426969085257 72.58862816307129 134
    endloop
  endfacet
  facet normal -0.995184726672197 -0.09801714032955994 0
    outer loop
      vertex -47.04426969085257 72.58862816307129 134
      vertex -47.04426969085257 72.58862816307129 138
      vertex -47.10199624763571 73.17473572998047 134
    endloop
  endfacet
  facet normal -0.9866433320848788 -0.16289547339459007 0
    outer loop
      vertex -47.10199624763571 73.17473572998047 134
      vertex -47.10199624763571 73.17473572998047 138
      vertex -47.19793247637093 73.75581289814515 134
    endloop
  endfacet
  facet normal -0.9738769792773335 -0.2270762630343743 0
    outer loop
      vertex -47.19793247637093 73.75581289814515 134
      vertex -47.19793247637093 73.75581289814515 138
      vertex -47.33166756339839 74.32937140592269 134
    endloop
  endfacet
  facet normal -0.9569403357322096 -0.2902846772544597 9.999812575842659e-19
    outer loop
      vertex -47.502628834544055 74.89295518772846 134
      vertex -47.33166756339839 74.32937140592269 134
      vertex -47.33166756339839 74.32937140592269 138
    endloop
  endfacet
  facet normal -0.9359059267573234 -0.35225004792123943 0
    outer loop
      vertex -47.502628834544055 74.89295518772846 134
      vertex -47.502628834544055 74.89295518772846 138
      vertex -47.710084207398424 75.4441508912858 134
    endloop
  endfacet
  facet normal -0.9108638249211761 -0.4127070298043941 0
    outer loop
      vertex -47.710084207398424 75.4441508912858 134
      vertex -47.710084207398424 75.4441508912858 138
      vertex -47.953145326205814 75.98059821197101 134
    endloop
  endfacet
  facet normal -0.8819212643483563 -0.4713967368259954 -2.4371724267968156e-18
    outer loop
      vertex -48.23077136594006 76.5 134
      vertex -47.953145326205814 75.98059821197101 134
      vertex -47.953145326205814 75.98059821197101 138
    endloop
  endfacet
  facet normal -0.8492021815265784 -0.5280678506503685 0
    outer loop
      vertex -48.23077136594006 76.5 134
      vertex -48.23077136594006 76.5 138
      vertex -48.5417734892771 77.00013209717642 134
    endloop
  endfacet
  facet normal -0.812846684591609 -0.582477696867811 3.6476520884555535e-21
    outer loop
      vertex -48.88481993737889 77.47885286107848 134
      vertex -48.5417734892771 77.00013209717642 134
      vertex -48.5417734892771 77.00013209717642 138
    endloop
  endfacet
  facet normal 0.7730104533627479 -0.6343932841636322 -2.2651169072465962e-18
    outer loop
      vertex -63.16518006262112 77.47885286107848 134
      vertex -62.791558267310805 77.93411233590062 134
      vertex -62.791558267310805 77.93411233590062 138
    endloop
  endfacet
  facet normal 0.729864072697829 -0.6835923020228785 3.7611579806868995e-18
    outer loop
      vertex -62.791558267310805 77.93411233590062 134
      vertex -62.388961030678935 78.36396103067892 134
      vertex -62.388961030678935 78.36396103067892 138
    endloop
  endfacet
  facet normal 0.6835923020228789 -0.7298640726978287 5.011909828117967e-18
    outer loop
      vertex -62.388961030678935 78.36396103067892 134
      vertex -61.95911233590063 78.7665582673108 134
      vertex -61.95911233590063 78.7665582673108 138
    endloop
  endfacet
  facet normal 0.634393284163638 -0.773010453362743 1.891790104877457e-18
    outer loop
      vertex -61.95911233590063 78.7665582673108 134
      vertex -61.50385286107849 79.14018006262111 134
      vertex -61.50385286107849 79.14018006262111 138
    endloop
  endfacet
  facet normal 0.5824776968677974 -0.8128466845916188 3.1465490357022697e-18
    outer loop
      vertex -61.50385286107849 79.14018006262111 134
      vertex -61.025132097176424 79.4832265107229 134
      vertex -61.025132097176424 79.4832265107229 138
    endloop
  endfacet
  facet normal 0.5280678506503773 -0.8492021815265732 7.129589590107229e-19
    outer loop
      vertex -61.025132097176424 79.4832265107229 134
      vertex -60.525000000000006 79.79422863405995 134
      vertex -60.525000000000006 79.79422863405995 138
    endloop
  endfacet
  facet normal 0.4713967368259954 -0.8819212643483563 2.4371724267968156e-18
    outer loop
      vertex -60.525000000000006 79.79422863405995 134
      vertex -60.00559821197102 80.07185467379419 134
      vertex -60.00559821197102 80.07185467379419 138
    endloop
  endfacet
  facet normal 0.41270702980439866 -0.910863824921174 -2.065970761651157e-18
    outer loop
      vertex -60.00559821197102 80.07185467379419 134
      vertex -59.469150891285814 80.31491579260158 134
      vertex -59.469150891285814 80.31491579260158 138
    endloop
  endfacet
  facet normal 0.35225004792123155 -0.9359059267573265 1.7353491412505778e-18
    outer loop
      vertex -59.469150891285814 80.31491579260158 134
      vertex -58.91795518772846 80.52237116545595 134
      vertex -58.91795518772846 80.52237116545595 138
    endloop
  endfacet
  facet normal 0.29028467725447415 -0.9569403357322053 -8.661063236909933e-19
    outer loop
      vertex -58.91795518772846 80.52237116545595 134
      vertex -58.35437140592269 80.69333243660162 134
      vertex -58.35437140592269 80.69333243660162 138
    endloop
  endfacet
  facet normal 0.22707626303435144 -0.9738769792773389 6.008234621955554e-19
    outer loop
      vertex -58.35437140592269 80.69333243660162 134
      vertex -57.78081289814516 80.82706752362907 134
      vertex -57.78081289814516 80.82706752362907 138
    endloop
  endfacet
  facet normal -0.41270702980439866 -0.910863824921174 0
    outer loop
      vertex -52.04440178802899 80.07185467379419 134
      vertex -52.04440178802899 80.07185467379419 138
      vertex -52.5808491087142 80.31491579260158 134
    endloop
  endfacet
  facet normal -0.7730104533627479 -0.6343932841636322 0
    outer loop
      vertex -48.88481993737889 77.47885286107848 134
      vertex -48.88481993737889 77.47885286107848 138
      vertex -49.25844173268921 77.93411233590062 134
    endloop
  endfacet
  facet normal -0.729864072697829 -0.6835923020228785 -3.7611579806868995e-18
    outer loop
      vertex -49.661038969321076 78.36396103067892 134
      vertex -49.25844173268921 77.93411233590062 134
      vertex -49.25844173268921 77.93411233590062 138
    endloop
  endfacet
  facet normal -0.6835923020228789 -0.7298640726978287 0
    outer loop
      vertex -49.661038969321076 78.36396103067892 134
      vertex -49.661038969321076 78.36396103067892 138
      vertex -50.090887664099384 78.7665582673108 134
    endloop
  endfacet
  facet normal -0.5824776968677974 -0.8128466845916188 0
    outer loop
      vertex -50.54614713892152 79.14018006262111 134
      vertex -50.54614713892152 79.14018006262111 138
      vertex -51.02486790282359 79.4832265107229 134
    endloop
  endfacet
  facet normal -0.634393284163638 -0.773010453362743 -1.891790104877457e-18
    outer loop
      vertex -50.54614713892152 79.14018006262111 134
      vertex -50.090887664099384 78.7665582673108 134
      vertex -50.090887664099384 78.7665582673108 138
    endloop
  endfacet
  facet normal -0.5280678506503773 -0.8492021815265732 -7.129589590107229e-19
    outer loop
      vertex -51.525000000000006 79.79422863405995 134
      vertex -51.02486790282359 79.4832265107229 134
      vertex -51.02486790282359 79.4832265107229 138
    endloop
  endfacet
  facet normal -0.4713967368259954 -0.8819212643483563 -2.4371724267968156e-18
    outer loop
      vertex -52.04440178802899 80.07185467379419 134
      vertex -51.525000000000006 79.79422863405995 134
      vertex -51.525000000000006 79.79422863405995 138
    endloop
  endfacet
  facet normal 0.16289547339459984 -0.9866433320848771 4.432552547296032e-19
    outer loop
      vertex -57.78081289814516 80.82706752362907 134
      vertex -57.19973572998047 80.9230037523643 134
      vertex -57.19973572998047 80.9230037523643 138
    endloop
  endfacet
  facet normal 0.09801714032955994 -0.995184726672197 -1.9459981563163294e-19
    outer loop
      vertex -57.19973572998047 80.9230037523643 134
      vertex -56.61362816307129 80.98073030914743 134
      vertex -56.61362816307129 80.98073030914743 138
    endloop
  endfacet
  facet normal 0.03271908282177485 -0.9994645874763656 2.9118005206581596e-19
    outer loop
      vertex -56.61362816307129 80.98073030914743 134
      vertex -56.025000000000006 81 134
      vertex -56.025000000000006 81 138
    endloop
  endfacet
  facet normal -0.03271908282177485 -0.9994645874763656 0
    outer loop
      vertex -55.43637183692872 80.98073030914743 134
      vertex -55.43637183692872 80.98073030914743 138
      vertex -56.025000000000006 81 134
    endloop
  endfacet
  facet normal -0.09801714032955994 -0.995184726672197 1.9459981563163294e-19
    outer loop
      vertex -55.43637183692872 80.98073030914743 134
      vertex -54.850264270019544 80.9230037523643 134
      vertex -54.850264270019544 80.9230037523643 138
    endloop
  endfacet
  facet normal -0.29028467725447415 -0.9569403357322053 8.661063236909933e-19
    outer loop
      vertex -53.69562859407732 80.69333243660162 134
      vertex -53.13204481227155 80.52237116545595 134
      vertex -53.13204481227155 80.52237116545595 138
    endloop
  endfacet
  facet normal -0.16289547339459984 -0.9866433320848771 -4.432552547296032e-19
    outer loop
      vertex -54.850264270019544 80.9230037523643 134
      vertex -54.269187101854854 80.82706752362907 134
      vertex -54.269187101854854 80.82706752362907 138
    endloop
  endfacet
  facet normal -0.22707626303435144 -0.9738769792773389 -6.008234621955554e-19
    outer loop
      vertex -54.269187101854854 80.82706752362907 134
      vertex -53.69562859407732 80.69333243660162 134
      vertex -53.69562859407732 80.69333243660162 138
    endloop
  endfacet
  facet normal -0.35225004792123155 -0.9359059267573265 -1.7353491412505778e-18
    outer loop
      vertex -53.13204481227155 80.52237116545595 134
      vertex -52.5808491087142 80.31491579260158 134
      vertex -52.5808491087142 80.31491579260158 138
    endloop
  endfacet
  facet normal 0.9994645874763656 -0.03271908282177446 0
    outer loop
      vertex -65.025 72 134
      vertex -65.00573030914744 72.58862816307129 138
      vertex -65.025 72 138
    endloop
  endfacet
  facet normal 0.995184726672197 -0.09801714032955994 0
    outer loop
      vertex -65.00573030914744 72.58862816307129 134
      vertex -64.9480037523643 73.17473572998047 138
      vertex -65.00573030914744 72.58862816307129 138
    endloop
  endfacet
  facet normal 0.9866433320848768 -0.16289547339460178 0
    outer loop
      vertex -64.9480037523643 73.17473572998047 134
      vertex -64.85206752362907 73.75581289814515 138
      vertex -64.9480037523643 73.17473572998047 138
    endloop
  endfacet
  facet normal 0.9738769792773389 -0.22707626303435144 0
    outer loop
      vertex -64.85206752362907 73.75581289814515 134
      vertex -64.71833243660163 74.32937140592269 138
      vertex -64.85206752362907 73.75581289814515 138
    endloop
  endfacet
  facet normal 0.9569403357322064 -0.2902846772544708 0
    outer loop
      vertex -64.71833243660163 74.32937140592269 134
      vertex -64.54737116545596 74.89295518772846 138
      vertex -64.71833243660163 74.32937140592269 138
    endloop
  endfacet
  facet normal 0.9359059267573234 -0.35225004792123943 0
    outer loop
      vertex -64.54737116545596 74.89295518772846 134
      vertex -64.33991579260159 75.4441508912858 138
      vertex -64.54737116545596 74.89295518772846 138
    endloop
  endfacet
  facet normal 0.9108638249211761 -0.4127070298043941 0
    outer loop
      vertex -64.33991579260159 75.4441508912858 134
      vertex -64.0968546737942 75.98059821197101 138
      vertex -64.33991579260159 75.4441508912858 138
    endloop
  endfacet
  facet normal 0.8819212643483563 -0.4713967368259954 0
    outer loop
      vertex -64.0968546737942 75.98059821197101 134
      vertex -63.819228634059954 76.5 138
      vertex -64.0968546737942 75.98059821197101 138
    endloop
  endfacet
  facet normal 0.8492021815265784 -0.5280678506503685 0
    outer loop
      vertex -63.819228634059954 76.5 134
      vertex -63.50822651072291 77.00013209717642 138
      vertex -63.819228634059954 76.5 138
    endloop
  endfacet
  facet normal 0.812846684591609 -0.582477696867811 0
    outer loop
      vertex -63.50822651072291 77.00013209717642 134
      vertex -63.16518006262112 77.47885286107848 138
      vertex -63.50822651072291 77.00013209717642 138
    endloop
  endfacet
  facet normal -0.9994645874763656 -0.03271908282177446 0
    outer loop
      vertex -47.04426969085257 72.58862816307129 134
      vertex -47.025000000000006 72 138
      vertex -47.04426969085257 72.58862816307129 138
    endloop
  endfacet
  facet normal -0.995184726672197 -0.09801714032955994 0
    outer loop
      vertex -47.10199624763571 73.17473572998047 134
      vertex -47.04426969085257 72.58862816307129 138
      vertex -47.10199624763571 73.17473572998047 138
    endloop
  endfacet
  facet normal -0.9866433320848788 -0.16289547339459007 0
    outer loop
      vertex -47.19793247637093 73.75581289814515 134
      vertex -47.10199624763571 73.17473572998047 138
      vertex -47.19793247637093 73.75581289814515 138
    endloop
  endfacet
  facet normal -0.9569403357322096 -0.2902846772544597 0
    outer loop
      vertex -47.502628834544055 74.89295518772846 134
      vertex -47.33166756339839 74.32937140592269 138
      vertex -47.502628834544055 74.89295518772846 138
    endloop
  endfacet
  facet normal -0.9738769792773335 -0.2270762630343743 0
    outer loop
      vertex -47.33166756339839 74.32937140592269 134
      vertex -47.19793247637093 73.75581289814515 138
      vertex -47.33166756339839 74.32937140592269 138
    endloop
  endfacet
  facet normal -0.9359059267573234 -0.35225004792123943 0
    outer loop
      vertex -47.710084207398424 75.4441508912858 134
      vertex -47.502628834544055 74.89295518772846 138
      vertex -47.710084207398424 75.4441508912858 138
    endloop
  endfacet
  facet normal -0.9108638249211761 -0.4127070298043941 0
    outer loop
      vertex -47.953145326205814 75.98059821197101 134
      vertex -47.710084207398424 75.4441508912858 138
      vertex -47.953145326205814 75.98059821197101 138
    endloop
  endfacet
  facet normal -0.8819212643483563 -0.4713967368259954 0
    outer loop
      vertex -48.23077136594006 76.5 134
      vertex -47.953145326205814 75.98059821197101 138
      vertex -48.23077136594006 76.5 138
    endloop
  endfacet
  facet normal -0.8492021815265784 -0.5280678506503685 0
    outer loop
      vertex -48.5417734892771 77.00013209717642 134
      vertex -48.23077136594006 76.5 138
      vertex -48.5417734892771 77.00013209717642 138
    endloop
  endfacet
  facet normal -0.812846684591609 -0.582477696867811 0
    outer loop
      vertex -48.88481993737889 77.47885286107848 134
      vertex -48.5417734892771 77.00013209717642 138
      vertex -48.88481993737889 77.47885286107848 138
    endloop
  endfacet
  facet normal 0.7730104533627479 -0.6343932841636322 0
    outer loop
      vertex -63.16518006262112 77.47885286107848 134
      vertex -62.791558267310805 77.93411233590062 138
      vertex -63.16518006262112 77.47885286107848 138
    endloop
  endfacet
  facet normal 0.729864072697829 -0.6835923020228785 0
    outer loop
      vertex -62.791558267310805 77.93411233590062 134
      vertex -62.388961030678935 78.36396103067892 138
      vertex -62.791558267310805 77.93411233590062 138
    endloop
  endfacet
  facet normal 0.6835923020228789 -0.7298640726978287 0
    outer loop
      vertex -62.388961030678935 78.36396103067892 134
      vertex -61.95911233590063 78.7665582673108 138
      vertex -62.388961030678935 78.36396103067892 138
    endloop
  endfacet
  facet normal 0.634393284163638 -0.773010453362743 0
    outer loop
      vertex -61.95911233590063 78.7665582673108 134
      vertex -61.50385286107849 79.14018006262111 138
      vertex -61.95911233590063 78.7665582673108 138
    endloop
  endfacet
  facet normal 0.5824776968677974 -0.8128466845916188 0
    outer loop
      vertex -61.50385286107849 79.14018006262111 134
      vertex -61.025132097176424 79.4832265107229 138
      vertex -61.50385286107849 79.14018006262111 138
    endloop
  endfacet
  facet normal 0.5280678506503773 -0.8492021815265732 0
    outer loop
      vertex -61.025132097176424 79.4832265107229 134
      vertex -60.525000000000006 79.79422863405995 138
      vertex -61.025132097176424 79.4832265107229 138
    endloop
  endfacet
  facet normal 0.4713967368259954 -0.8819212643483563 0
    outer loop
      vertex -60.525000000000006 79.79422863405995 134
      vertex -60.00559821197102 80.07185467379419 138
      vertex -60.525000000000006 79.79422863405995 138
    endloop
  endfacet
  facet normal 0.41270702980439866 -0.910863824921174 0
    outer loop
      vertex -60.00559821197102 80.07185467379419 134
      vertex -59.469150891285814 80.31491579260158 138
      vertex -60.00559821197102 80.07185467379419 138
    endloop
  endfacet
  facet normal 0.35225004792123155 -0.9359059267573265 0
    outer loop
      vertex -59.469150891285814 80.31491579260158 134
      vertex -58.91795518772846 80.52237116545595 138
      vertex -59.469150891285814 80.31491579260158 138
    endloop
  endfacet
  facet normal 0.29028467725447415 -0.9569403357322053 0
    outer loop
      vertex -58.91795518772846 80.52237116545595 134
      vertex -58.35437140592269 80.69333243660162 138
      vertex -58.91795518772846 80.52237116545595 138
    endloop
  endfacet
  facet normal 0.22707626303435144 -0.9738769792773389 0
    outer loop
      vertex -58.35437140592269 80.69333243660162 134
      vertex -57.78081289814516 80.82706752362907 138
      vertex -58.35437140592269 80.69333243660162 138
    endloop
  endfacet
  facet normal 0.16289547339459984 -0.9866433320848771 0
    outer loop
      vertex -57.78081289814516 80.82706752362907 134
      vertex -57.19973572998047 80.9230037523643 138
      vertex -57.78081289814516 80.82706752362907 138
    endloop
  endfacet
  facet normal -0.4713967368259954 -0.8819212643483563 0
    outer loop
      vertex -52.04440178802899 80.07185467379419 134
      vertex -51.525000000000006 79.79422863405995 138
      vertex -52.04440178802899 80.07185467379419 138
    endloop
  endfacet
  facet normal -0.41270702980439866 -0.910863824921174 0
    outer loop
      vertex -52.5808491087142 80.31491579260158 134
      vertex -52.04440178802899 80.07185467379419 138
      vertex -52.5808491087142 80.31491579260158 138
    endloop
  endfacet
  facet normal -0.7730104533627479 -0.6343932841636322 0
    outer loop
      vertex -49.25844173268921 77.93411233590062 134
      vertex -48.88481993737889 77.47885286107848 138
      vertex -49.25844173268921 77.93411233590062 138
    endloop
  endfacet
  facet normal -0.729864072697829 -0.6835923020228785 0
    outer loop
      vertex -49.661038969321076 78.36396103067892 134
      vertex -49.25844173268921 77.93411233590062 138
      vertex -49.661038969321076 78.36396103067892 138
    endloop
  endfacet
  facet normal -0.6835923020228789 -0.7298640726978287 0
    outer loop
      vertex -50.090887664099384 78.7665582673108 134
      vertex -49.661038969321076 78.36396103067892 138
      vertex -50.090887664099384 78.7665582673108 138
    endloop
  endfacet
  facet normal -0.634393284163638 -0.773010453362743 0
    outer loop
      vertex -50.54614713892152 79.14018006262111 134
      vertex -50.090887664099384 78.7665582673108 138
      vertex -50.54614713892152 79.14018006262111 138
    endloop
  endfacet
  facet normal -0.5824776968677974 -0.8128466845916188 0
    outer loop
      vertex -51.02486790282359 79.4832265107229 134
      vertex -50.54614713892152 79.14018006262111 138
      vertex -51.02486790282359 79.4832265107229 138
    endloop
  endfacet
  facet normal -0.5280678506503773 -0.8492021815265732 0
    outer loop
      vertex -51.525000000000006 79.79422863405995 134
      vertex -51.02486790282359 79.4832265107229 138
      vertex -51.525000000000006 79.79422863405995 138
    endloop
  endfacet
  facet normal -0.16289547339459984 -0.9866433320848771 0
    outer loop
      vertex -54.850264270019544 80.9230037523643 134
      vertex -54.269187101854854 80.82706752362907 138
      vertex -54.850264270019544 80.9230037523643 138
    endloop
  endfacet
  facet normal 0.09801714032955994 -0.995184726672197 0
    outer loop
      vertex -57.19973572998047 80.9230037523643 134
      vertex -56.61362816307129 80.98073030914743 138
      vertex -57.19973572998047 80.9230037523643 138
    endloop
  endfacet
  facet normal 0.03271908282177485 -0.9994645874763656 0
    outer loop
      vertex -56.61362816307129 80.98073030914743 134
      vertex -56.025000000000006 81 138
      vertex -56.61362816307129 80.98073030914743 138
    endloop
  endfacet
  facet normal -0.03271908282177485 -0.9994645874763656 0
    outer loop
      vertex -56.025000000000006 81 134
      vertex -55.43637183692872 80.98073030914743 138
      vertex -56.025000000000006 81 138
    endloop
  endfacet
  facet normal -0.09801714032955994 -0.995184726672197 0
    outer loop
      vertex -55.43637183692872 80.98073030914743 134
      vertex -54.850264270019544 80.9230037523643 138
      vertex -55.43637183692872 80.98073030914743 138
    endloop
  endfacet
  facet normal -0.22707626303435144 -0.9738769792773389 0
    outer loop
      vertex -54.269187101854854 80.82706752362907 134
      vertex -53.69562859407732 80.69333243660162 138
      vertex -54.269187101854854 80.82706752362907 138
    endloop
  endfacet
  facet normal -0.29028467725447415 -0.9569403357322053 0
    outer loop
      vertex -53.69562859407732 80.69333243660162 134
      vertex -53.13204481227155 80.52237116545595 138
      vertex -53.69562859407732 80.69333243660162 138
    endloop
  endfacet
  facet normal -0.35225004792123155 -0.9359059267573265 0
    outer loop
      vertex -53.13204481227155 80.52237116545595 134
      vertex -52.5808491087142 80.31491579260158 138
      vertex -53.13204481227155 80.52237116545595 138
    endloop
  endfacet
  facet normal 0.9994645874763656 -0.032719082821780494 -1.2182706087132167e-19
    outer loop
      vertex -27.675 72 134
      vertex -27.65573030914743 72.58862816307129 134
      vertex -27.65573030914743 72.58862816307129 138
    endloop
  endfacet
  facet normal 0.995184726672197 -0.09801714032955994 -1.9459981563163294e-19
    outer loop
      vertex -27.65573030914743 72.58862816307129 134
      vertex -27.598003752364292 73.17473572998047 134
      vertex -27.598003752364292 73.17473572998047 138
    endloop
  endfacet
  facet normal 0.9866433320848788 -0.16289547339459007 -3.276321120904096e-19
    outer loop
      vertex -27.598003752364292 73.17473572998047 134
      vertex -27.502067523629073 73.75581289814515 134
      vertex -27.502067523629073 73.75581289814515 138
    endloop
  endfacet
  facet normal 0.9738769792773347 -0.2270762630343686 -2.386286012334269e-18
    outer loop
      vertex -27.502067523629073 73.75581289814515 134
      vertex -27.368332436601616 74.32937140592269 134
      vertex -27.368332436601616 74.32937140592269 138
    endloop
  endfacet
  facet normal 0.9569403357322096 -0.2902846772544597 -9.999812575842659e-19
    outer loop
      vertex -27.368332436601616 74.32937140592269 134
      vertex -27.19737116545595 74.89295518772846 134
      vertex -27.19737116545595 74.89295518772846 138
    endloop
  endfacet
  facet normal 0.9359059267573214 -0.3522500479212447 -1.9807635442853233e-19
    outer loop
      vertex -27.19737116545595 74.89295518772846 134
      vertex -26.98991579260158 75.4441508912858 134
      vertex -26.98991579260158 75.4441508912858 138
    endloop
  endfacet
  facet normal 0.9108638249211806 -0.41270702980438406 -3.325078825302332e-18
    outer loop
      vertex -26.98991579260158 75.4441508912858 134
      vertex -26.746854673794196 75.98059821197101 134
      vertex -26.746854673794196 75.98059821197101 138
    endloop
  endfacet
  facet normal 0.8819212643483537 -0.4713967368260001 -3.649035056301015e-18
    outer loop
      vertex -26.746854673794196 75.98059821197101 134
      vertex -26.46922863405995 76.5 134
      vertex -26.46922863405995 76.5 138
    endloop
  endfacet
  facet normal 0.8492021815265784 -0.5280678506503685 3.1453071170758584e-19
    outer loop
      vertex -26.46922863405995 76.5 134
      vertex -26.15822651072291 77.00013209717642 134
      vertex -26.15822651072291 77.00013209717642 138
    endloop
  endfacet
  facet normal 0.8128466845916117 -0.582477696867807 -3.258498842056462e-18
    outer loop
      vertex -26.15822651072291 77.00013209717642 134
      vertex -25.815180062621117 77.47885286107848 134
      vertex -25.815180062621117 77.47885286107848 138
    endloop
  endfacet
  facet normal 0.7730104533627419 -0.6343932841636394 4.172833436243062e-18
    outer loop
      vertex -25.815180062621117 77.47885286107848 134
      vertex -25.441558267310796 77.93411233590062 134
      vertex -25.441558267310796 77.93411233590062 138
    endloop
  endfacet
  facet normal 0.729864072697832 -0.6835923020228752 3.5180621222671416e-18
    outer loop
      vertex -25.441558267310796 77.93411233590062 134
      vertex -25.03896103067893 78.36396103067892 134
      vertex -25.03896103067893 78.36396103067892 138
    endloop
  endfacet
  facet normal 0.6835923020228758 -0.7298640726978314 -4.967775868246363e-19
    outer loop
      vertex -25.03896103067893 78.36396103067892 134
      vertex -24.60911233590062 78.7665582673108 134
      vertex -24.60911233590062 78.7665582673108 138
    endloop
  endfacet
  facet normal 0.634393284163641 -0.7730104533627405 3.970243610939512e-18
    outer loop
      vertex -24.60911233590062 78.7665582673108 134
      vertex -24.153852861078487 79.14018006262111 134
      vertex -24.153852861078487 79.14018006262111 138
    endloop
  endfacet
  facet normal 0.5824776968677974 -0.8128466845916188 3.1465490357022697e-18
    outer loop
      vertex -24.153852861078487 79.14018006262111 134
      vertex -23.67513209717642 79.4832265107229 134
      vertex -23.67513209717642 79.4832265107229 138
    endloop
  endfacet
  facet normal 0.5280678506503773 -0.8492021815265732 7.129589590107229e-19
    outer loop
      vertex -23.67513209717642 79.4832265107229 134
      vertex -23.175 79.79422863405995 134
      vertex -23.175 79.79422863405995 138
    endloop
  endfacet
  facet normal -0.9994645874763656 -0.032719082821777476 0
    outer loop
      vertex -9.675 72 134
      vertex -9.675 72 138
      vertex -9.69426969085257 72.58862816307129 134
    endloop
  endfacet
  facet normal -0.995184726672197 -0.09801714032955994 0
    outer loop
      vertex -9.69426969085257 72.58862816307129 134
      vertex -9.69426969085257 72.58862816307129 138
      vertex -9.751996247635708 73.17473572998047 134
    endloop
  endfacet
  facet normal -0.9866433320848788 -0.16289547339459007 0
    outer loop
      vertex -9.751996247635708 73.17473572998047 134
      vertex -9.751996247635708 73.17473572998047 138
      vertex -9.847932476370927 73.75581289814515 134
    endloop
  endfacet
  facet normal -0.9738769792773341 -0.22707626303437142 0
    outer loop
      vertex -9.847932476370927 73.75581289814515 134
      vertex -9.847932476370927 73.75581289814515 138
      vertex -9.981667563398386 74.32937140592269 134
    endloop
  endfacet
  facet normal -0.9569403357322096 -0.2902846772544597 9.999812575842659e-19
    outer loop
      vertex -10.15262883454405 74.89295518772846 134
      vertex -9.981667563398386 74.32937140592269 134
      vertex -9.981667563398386 74.32937140592269 138
    endloop
  endfacet
  facet normal -0.9359059267573223 -0.35225004792124204 0
    outer loop
      vertex -10.15262883454405 74.89295518772846 134
      vertex -10.15262883454405 74.89295518772846 138
      vertex -10.36008420739842 75.4441508912858 134
    endloop
  endfacet
  facet normal -0.9108638249211783 -0.4127070298043891 0
    outer loop
      vertex -10.36008420739842 75.4441508912858 134
      vertex -10.36008420739842 75.4441508912858 138
      vertex -10.603145326205807 75.98059821197101 134
    endloop
  endfacet
  facet normal -0.8819212643483549 -0.4713967368259977 -5.285036165486374e-18
    outer loop
      vertex -10.880771365940053 76.5 134
      vertex -10.603145326205807 75.98059821197101 134
      vertex -10.603145326205807 75.98059821197101 138
    endloop
  endfacet
  facet normal -0.8492021815265784 -0.5280678506503685 0
    outer loop
      vertex -10.880771365940053 76.5 134
      vertex -10.880771365940053 76.5 138
      vertex -11.191773489277093 77.00013209717642 134
    endloop
  endfacet
  facet normal -0.8128466845916117 -0.582477696867807 3.258498842056462e-18
    outer loop
      vertex -11.534819937378884 77.47885286107848 134
      vertex -11.191773489277093 77.00013209717642 134
      vertex -11.191773489277093 77.00013209717642 138
    endloop
  endfacet
  facet normal 0.4713967368259929 -0.8819212643483576 -3.0280773844658253e-18
    outer loop
      vertex -23.175 79.79422863405995 134
      vertex -22.65559821197101 80.07185467379419 134
      vertex -22.65559821197101 80.07185467379419 138
    endloop
  endfacet
  facet normal 0.4127070298044009 -0.9108638249211729 -3.3834645176722324e-18
    outer loop
      vertex -22.65559821197101 80.07185467379419 134
      vertex -22.11915089128581 80.31491579260158 134
      vertex -22.11915089128581 80.31491579260158 138
    endloop
  endfacet
  facet normal -0.7730104533627434 -0.6343932841636375 0
    outer loop
      vertex -11.534819937378884 77.47885286107848 134
      vertex -11.534819937378884 77.47885286107848 138
      vertex -11.908441732689203 77.93411233590062 134
    endloop
  endfacet
  facet normal -0.7298640726978305 -0.6835923020228768 2.2513574287614943e-18
    outer loop
      vertex -12.311038969321071 78.36396103067892 134
      vertex -11.908441732689203 77.93411233590062 134
      vertex -11.908441732689203 77.93411233590062 138
    endloop
  endfacet
  facet normal -0.6835923020228774 -0.72986407269783 0
    outer loop
      vertex -12.311038969321071 78.36396103067892 134
      vertex -12.311038969321071 78.36396103067892 138
      vertex -12.74088766409938 78.7665582673108 134
    endloop
  endfacet
  facet normal -0.4127070298043998 -0.9108638249211736 0
    outer loop
      vertex -14.694401788028989 80.07185467379419 134
      vertex -14.694401788028989 80.07185467379419 138
      vertex -15.230849108714192 80.31491579260158 134
    endloop
  endfacet
  facet normal -0.5824776968677974 -0.8128466845916188 0
    outer loop
      vertex -13.196147138921514 79.14018006262111 134
      vertex -13.196147138921514 79.14018006262111 138
      vertex -13.674867902823582 79.4832265107229 134
    endloop
  endfacet
  facet normal -0.6343932841636396 -0.7730104533627419 -2.9310168579084827e-18
    outer loop
      vertex -13.196147138921514 79.14018006262111 134
      vertex -12.74088766409938 78.7665582673108 134
      vertex -12.74088766409938 78.7665582673108 138
    endloop
  endfacet
  facet normal -0.5280678506503773 -0.8492021815265732 0
    outer loop
      vertex -13.674867902823582 79.4832265107229 134
      vertex -13.674867902823582 79.4832265107229 138
      vertex -14.175 79.79422863405995 134
    endloop
  endfacet
  facet normal -0.47139673682599414 -0.8819212643483569 2.9545247883451213e-19
    outer loop
      vertex -14.694401788028989 80.07185467379419 134
      vertex -14.175 79.79422863405995 134
      vertex -14.175 79.79422863405995 138
    endloop
  endfacet
  facet normal 0.35225004792123155 -0.9359059267573265 1.7353491412505778e-18
    outer loop
      vertex -22.11915089128581 80.31491579260158 134
      vertex -21.567955187728455 80.52237116545595 134
      vertex -21.567955187728455 80.52237116545595 138
    endloop
  endfacet
  facet normal 0.29028467725447415 -0.9569403357322053 -8.661063236909933e-19
    outer loop
      vertex -21.567955187728455 80.52237116545595 134
      vertex -21.004371405922686 80.69333243660162 134
      vertex -21.004371405922686 80.69333243660162 138
    endloop
  endfacet
  facet normal 0.22707626303435277 -0.9738769792773385 -7.905186629567094e-19
    outer loop
      vertex -21.004371405922686 80.69333243660162 134
      vertex -20.430812898145156 80.82706752362907 134
      vertex -20.430812898145156 80.82706752362907 138
    endloop
  endfacet
  facet normal 0.16289547339459984 -0.9866433320848771 4.432552547296032e-19
    outer loop
      vertex -20.430812898145156 80.82706752362907 134
      vertex -19.849735729980466 80.9230037523643 134
      vertex -19.849735729980466 80.9230037523643 138
    endloop
  endfacet
  facet normal 0.09801714032955994 -0.995184726672197 -1.9459981563163294e-19
    outer loop
      vertex -19.849735729980466 80.9230037523643 134
      vertex -19.26362816307129 80.98073030914743 134
      vertex -19.26362816307129 80.98073030914743 138
    endloop
  endfacet
  facet normal 0.032719082821774666 -0.9994645874763658 -1.0327407444510857e-19
    outer loop
      vertex -19.26362816307129 80.98073030914743 134
      vertex -18.675 81 134
      vertex -18.675 81 138
    endloop
  endfacet
  facet normal -0.032719082821774666 -0.9994645874763658 0
    outer loop
      vertex -18.086371836928713 80.98073030914743 134
      vertex -18.086371836928713 80.98073030914743 138
      vertex -18.675 81 134
    endloop
  endfacet
  facet normal -0.09801714032955994 -0.995184726672197 1.9459981563163294e-19
    outer loop
      vertex -18.086371836928713 80.98073030914743 134
      vertex -17.500264270019535 80.9230037523643 134
      vertex -17.500264270019535 80.9230037523643 138
    endloop
  endfacet
  facet normal -0.29028467725447415 -0.9569403357322053 8.661063236909933e-19
    outer loop
      vertex -16.345628594077315 80.69333243660162 134
      vertex -15.782044812271547 80.52237116545595 134
      vertex -15.782044812271547 80.52237116545595 138
    endloop
  endfacet
  facet normal -0.22707626303435277 -0.9738769792773385 7.905186629567094e-19
    outer loop
      vertex -16.919187101854845 80.82706752362907 134
      vertex -16.345628594077315 80.69333243660162 134
      vertex -16.345628594077315 80.69333243660162 138
    endloop
  endfacet
  facet normal -0.16289547339459984 -0.9866433320848771 -4.432552547296032e-19
    outer loop
      vertex -17.500264270019535 80.9230037523643 134
      vertex -16.919187101854845 80.82706752362907 134
      vertex -16.919187101854845 80.82706752362907 138
    endloop
  endfacet
  facet normal -0.35225004792123155 -0.9359059267573265 -1.7353491412505778e-18
    outer loop
      vertex -15.782044812271547 80.52237116545595 134
      vertex -15.230849108714192 80.31491579260158 134
      vertex -15.230849108714192 80.31491579260158 138
    endloop
  endfacet
  facet normal 0.9994645874763656 -0.032719082821780494 0
    outer loop
      vertex -27.675 72 134
      vertex -27.65573030914743 72.58862816307129 138
      vertex -27.675 72 138
    endloop
  endfacet
  facet normal 0.995184726672197 -0.09801714032955994 0
    outer loop
      vertex -27.65573030914743 72.58862816307129 134
      vertex -27.598003752364292 73.17473572998047 138
      vertex -27.65573030914743 72.58862816307129 138
    endloop
  endfacet
  facet normal 0.9866433320848788 -0.16289547339459007 0
    outer loop
      vertex -27.598003752364292 73.17473572998047 134
      vertex -27.502067523629073 73.75581289814515 138
      vertex -27.598003752364292 73.17473572998047 138
    endloop
  endfacet
  facet normal 0.9738769792773347 -0.2270762630343686 0
    outer loop
      vertex -27.502067523629073 73.75581289814515 134
      vertex -27.368332436601616 74.32937140592269 138
      vertex -27.502067523629073 73.75581289814515 138
    endloop
  endfacet
  facet normal 0.9569403357322096 -0.2902846772544597 0
    outer loop
      vertex -27.368332436601616 74.32937140592269 134
      vertex -27.19737116545595 74.89295518772846 138
      vertex -27.368332436601616 74.32937140592269 138
    endloop
  endfacet
  facet normal 0.9359059267573214 -0.3522500479212447 0
    outer loop
      vertex -27.19737116545595 74.89295518772846 134
      vertex -26.98991579260158 75.4441508912858 138
      vertex -27.19737116545595 74.89295518772846 138
    endloop
  endfacet
  facet normal 0.9108638249211806 -0.41270702980438406 0
    outer loop
      vertex -26.98991579260158 75.4441508912858 134
      vertex -26.746854673794196 75.98059821197101 138
      vertex -26.98991579260158 75.4441508912858 138
    endloop
  endfacet
  facet normal 0.8819212643483537 -0.4713967368260001 0
    outer loop
      vertex -26.746854673794196 75.98059821197101 134
      vertex -26.46922863405995 76.5 138
      vertex -26.746854673794196 75.98059821197101 138
    endloop
  endfacet
  facet normal 0.8492021815265784 -0.5280678506503685 0
    outer loop
      vertex -26.46922863405995 76.5 134
      vertex -26.15822651072291 77.00013209717642 138
      vertex -26.46922863405995 76.5 138
    endloop
  endfacet
  facet normal 0.8128466845916117 -0.582477696867807 0
    outer loop
      vertex -26.15822651072291 77.00013209717642 134
      vertex -25.815180062621117 77.47885286107848 138
      vertex -26.15822651072291 77.00013209717642 138
    endloop
  endfacet
  facet normal 0.7730104533627419 -0.6343932841636394 0
    outer loop
      vertex -25.815180062621117 77.47885286107848 134
      vertex -25.441558267310796 77.93411233590062 138
      vertex -25.815180062621117 77.47885286107848 138
    endloop
  endfacet
  facet normal 0.729864072697832 -0.6835923020228752 0
    outer loop
      vertex -25.441558267310796 77.93411233590062 134
      vertex -25.03896103067893 78.36396103067892 138
      vertex -25.441558267310796 77.93411233590062 138
    endloop
  endfacet
  facet normal 0.6835923020228758 -0.7298640726978314 0
    outer loop
      vertex -25.03896103067893 78.36396103067892 134
      vertex -24.60911233590062 78.7665582673108 138
      vertex -25.03896103067893 78.36396103067892 138
    endloop
  endfacet
  facet normal 0.634393284163641 -0.7730104533627405 0
    outer loop
      vertex -24.60911233590062 78.7665582673108 134
      vertex -24.153852861078487 79.14018006262111 138
      vertex -24.60911233590062 78.7665582673108 138
    endloop
  endfacet
  facet normal 0.5824776968677974 -0.8128466845916188 0
    outer loop
      vertex -24.153852861078487 79.14018006262111 134
      vertex -23.67513209717642 79.4832265107229 138
      vertex -24.153852861078487 79.14018006262111 138
    endloop
  endfacet
  facet normal 0.5280678506503773 -0.8492021815265732 0
    outer loop
      vertex -23.67513209717642 79.4832265107229 134
      vertex -23.175 79.79422863405995 138
      vertex -23.67513209717642 79.4832265107229 138
    endloop
  endfacet
  facet normal 0.4713967368259929 -0.8819212643483576 0
    outer loop
      vertex -23.175 79.79422863405995 134
      vertex -22.65559821197101 80.07185467379419 138
      vertex -23.175 79.79422863405995 138
    endloop
  endfacet
  facet normal -0.9994645874763656 -0.032719082821777476 0
    outer loop
      vertex -9.69426969085257 72.58862816307129 134
      vertex -9.675 72 138
      vertex -9.69426969085257 72.58862816307129 138
    endloop
  endfacet
  facet normal -0.995184726672197 -0.09801714032955994 0
    outer loop
      vertex -9.751996247635708 73.17473572998047 134
      vertex -9.69426969085257 72.58862816307129 138
      vertex -9.751996247635708 73.17473572998047 138
    endloop
  endfacet
  facet normal -0.9866433320848788 -0.16289547339459007 0
    outer loop
      vertex -9.847932476370927 73.75581289814515 134
      vertex -9.751996247635708 73.17473572998047 138
      vertex -9.847932476370927 73.75581289814515 138
    endloop
  endfacet
  facet normal -0.9569403357322096 -0.2902846772544597 0
    outer loop
      vertex -10.15262883454405 74.89295518772846 134
      vertex -9.981667563398386 74.32937140592269 138
      vertex -10.15262883454405 74.89295518772846 138
    endloop
  endfacet
  facet normal -0.9738769792773341 -0.22707626303437142 0
    outer loop
      vertex -9.981667563398386 74.32937140592269 134
      vertex -9.847932476370927 73.75581289814515 138
      vertex -9.981667563398386 74.32937140592269 138
    endloop
  endfacet
  facet normal -0.9359059267573223 -0.35225004792124204 0
    outer loop
      vertex -10.36008420739842 75.4441508912858 134
      vertex -10.15262883454405 74.89295518772846 138
      vertex -10.36008420739842 75.4441508912858 138
    endloop
  endfacet
  facet normal -0.9108638249211783 -0.4127070298043891 0
    outer loop
      vertex -10.603145326205807 75.98059821197101 134
      vertex -10.36008420739842 75.4441508912858 138
      vertex -10.603145326205807 75.98059821197101 138
    endloop
  endfacet
  facet normal -0.8819212643483549 -0.4713967368259977 0
    outer loop
      vertex -10.880771365940053 76.5 134
      vertex -10.603145326205807 75.98059821197101 138
      vertex -10.880771365940053 76.5 138
    endloop
  endfacet
  facet normal -0.8492021815265784 -0.5280678506503685 0
    outer loop
      vertex -11.191773489277093 77.00013209717642 134
      vertex -10.880771365940053 76.5 138
      vertex -11.191773489277093 77.00013209717642 138
    endloop
  endfacet
  facet normal -0.8128466845916117 -0.582477696867807 0
    outer loop
      vertex -11.534819937378884 77.47885286107848 134
      vertex -11.191773489277093 77.00013209717642 138
      vertex -11.534819937378884 77.47885286107848 138
    endloop
  endfacet
  facet normal 0.4127070298044009 -0.9108638249211729 0
    outer loop
      vertex -22.65559821197101 80.07185467379419 134
      vertex -22.11915089128581 80.31491579260158 138
      vertex -22.65559821197101 80.07185467379419 138
    endloop
  endfacet
  facet normal -0.7730104533627434 -0.6343932841636375 0
    outer loop
      vertex -11.908441732689203 77.93411233590062 134
      vertex -11.534819937378884 77.47885286107848 138
      vertex -11.908441732689203 77.93411233590062 138
    endloop
  endfacet
  facet normal -0.7298640726978305 -0.6835923020228768 0
    outer loop
      vertex -12.311038969321071 78.36396103067892 134
      vertex -11.908441732689203 77.93411233590062 138
      vertex -12.311038969321071 78.36396103067892 138
    endloop
  endfacet
  facet normal -0.6835923020228774 -0.72986407269783 0
    outer loop
      vertex -12.74088766409938 78.7665582673108 134
      vertex -12.311038969321071 78.36396103067892 138
      vertex -12.74088766409938 78.7665582673108 138
    endloop
  endfacet
  facet normal -0.47139673682599414 -0.8819212643483569 0
    outer loop
      vertex -14.694401788028989 80.07185467379419 134
      vertex -14.175 79.79422863405995 138
      vertex -14.694401788028989 80.07185467379419 138
    endloop
  endfacet
  facet normal -0.4127070298043998 -0.9108638249211736 0
    outer loop
      vertex -15.230849108714192 80.31491579260158 134
      vertex -14.694401788028989 80.07185467379419 138
      vertex -15.230849108714192 80.31491579260158 138
    endloop
  endfacet
  facet normal -0.6343932841636396 -0.7730104533627419 0
    outer loop
      vertex -13.196147138921514 79.14018006262111 134
      vertex -12.74088766409938 78.7665582673108 138
      vertex -13.196147138921514 79.14018006262111 138
    endloop
  endfacet
  facet normal -0.5824776968677974 -0.8128466845916188 0
    outer loop
      vertex -13.674867902823582 79.4832265107229 134
      vertex -13.196147138921514 79.14018006262111 138
      vertex -13.674867902823582 79.4832265107229 138
    endloop
  endfacet
  facet normal -0.5280678506503773 -0.8492021815265732 0
    outer loop
      vertex -14.175 79.79422863405995 134
      vertex -13.674867902823582 79.4832265107229 138
      vertex -14.175 79.79422863405995 138
    endloop
  endfacet
  facet normal 0.35225004792123155 -0.9359059267573265 0
    outer loop
      vertex -22.11915089128581 80.31491579260158 134
      vertex -21.567955187728455 80.52237116545595 138
      vertex -22.11915089128581 80.31491579260158 138
    endloop
  endfacet
  facet normal 0.29028467725447415 -0.9569403357322053 0
    outer loop
      vertex -21.567955187728455 80.52237116545595 134
      vertex -21.004371405922686 80.69333243660162 138
      vertex -21.567955187728455 80.52237116545595 138
    endloop
  endfacet
  facet normal 0.22707626303435277 -0.9738769792773385 0
    outer loop
      vertex -21.004371405922686 80.69333243660162 134
      vertex -20.430812898145156 80.82706752362907 138
      vertex -21.004371405922686 80.69333243660162 138
    endloop
  endfacet
  facet normal 0.16289547339459984 -0.9866433320848771 0
    outer loop
      vertex -20.430812898145156 80.82706752362907 134
      vertex -19.849735729980466 80.9230037523643 138
      vertex -20.430812898145156 80.82706752362907 138
    endloop
  endfacet
  facet normal -0.16289547339459984 -0.9866433320848771 0
    outer loop
      vertex -17.500264270019535 80.9230037523643 134
      vertex -16.919187101854845 80.82706752362907 138
      vertex -17.500264270019535 80.9230037523643 138
    endloop
  endfacet
  facet normal 0.09801714032955994 -0.995184726672197 0
    outer loop
      vertex -19.849735729980466 80.9230037523643 134
      vertex -19.26362816307129 80.98073030914743 138
      vertex -19.849735729980466 80.9230037523643 138
    endloop
  endfacet
  facet normal 0.032719082821774666 -0.9994645874763658 0
    outer loop
      vertex -19.26362816307129 80.98073030914743 134
      vertex -18.675 81 138
      vertex -19.26362816307129 80.98073030914743 138
    endloop
  endfacet
  facet normal -0.032719082821774666 -0.9994645874763658 0
    outer loop
      vertex -18.675 81 134
      vertex -18.086371836928713 80.98073030914743 138
      vertex -18.675 81 138
    endloop
  endfacet
  facet normal -0.09801714032955994 -0.995184726672197 0
    outer loop
      vertex -18.086371836928713 80.98073030914743 134
      vertex -17.500264270019535 80.9230037523643 138
      vertex -18.086371836928713 80.98073030914743 138
    endloop
  endfacet
  facet normal -0.22707626303435277 -0.9738769792773385 0
    outer loop
      vertex -16.919187101854845 80.82706752362907 134
      vertex -16.345628594077315 80.69333243660162 138
      vertex -16.919187101854845 80.82706752362907 138
    endloop
  endfacet
  facet normal -0.29028467725447415 -0.9569403357322053 0
    outer loop
      vertex -16.345628594077315 80.69333243660162 134
      vertex -15.782044812271547 80.52237116545595 138
      vertex -16.345628594077315 80.69333243660162 138
    endloop
  endfacet
  facet normal -0.35225004792123155 -0.9359059267573265 0
    outer loop
      vertex -15.782044812271547 80.52237116545595 134
      vertex -15.230849108714192 80.31491579260158 138
      vertex -15.782044812271547 80.52237116545595 138
    endloop
  endfacet
  facet normal 0.9994645874763656 -0.032719082821777476 5.840783660122596e-20
    outer loop
      vertex 9.675 72 134
      vertex 9.69426969085257 72.58862816307129 134
      vertex 9.69426969085257 72.58862816307129 138
    endloop
  endfacet
  facet normal 0.995184726672197 -0.09801714032955994 -1.9459981563163294e-19
    outer loop
      vertex 9.69426969085257 72.58862816307129 134
      vertex 9.751996247635708 73.17473572998047 134
      vertex 9.751996247635708 73.17473572998047 138
    endloop
  endfacet
  facet normal 0.9866433320848788 -0.16289547339459007 -3.276321120904096e-19
    outer loop
      vertex 9.751996247635708 73.17473572998047 134
      vertex 9.847932476370927 73.75581289814515 134
      vertex 9.847932476370927 73.75581289814515 138
    endloop
  endfacet
  facet normal 0.9738769792773341 -0.22707626303437142 6.134614869664978e-20
    outer loop
      vertex 9.847932476370927 73.75581289814515 134
      vertex 9.981667563398386 74.32937140592269 134
      vertex 9.981667563398386 74.32937140592269 138
    endloop
  endfacet
  facet normal 0.9569403357322096 -0.2902846772544597 -9.999812575842659e-19
    outer loop
      vertex 9.981667563398386 74.32937140592269 134
      vertex 10.15262883454405 74.89295518772846 134
      vertex 10.15262883454405 74.89295518772846 138
    endloop
  endfacet
  facet normal 0.9359059267573223 -0.35225004792124204 2.434891234860586e-18
    outer loop
      vertex 10.15262883454405 74.89295518772846 134
      vertex 10.36008420739842 75.4441508912858 134
      vertex 10.36008420739842 75.4441508912858 138
    endloop
  endfacet
  facet normal 0.9108638249211783 -0.4127070298043891 4.512936442782687e-18
    outer loop
      vertex 10.36008420739842 75.4441508912858 134
      vertex 10.603145326205807 75.98059821197101 134
      vertex 10.603145326205807 75.98059821197101 138
    endloop
  endfacet
  facet normal 0.8819212643483549 -0.4713967368259977 5.285036165486374e-18
    outer loop
      vertex 10.603145326205807 75.98059821197101 134
      vertex 10.880771365940053 76.5 134
      vertex 10.880771365940053 76.5 138
    endloop
  endfacet
  facet normal 0.8492021815265784 -0.5280678506503685 3.1453071170758584e-19
    outer loop
      vertex 10.880771365940053 76.5 134
      vertex 11.191773489277093 77.00013209717642 134
      vertex 11.191773489277093 77.00013209717642 138
    endloop
  endfacet
  facet normal 0.8128466845916117 -0.582477696867807 -3.258498842056462e-18
    outer loop
      vertex 11.191773489277093 77.00013209717642 134
      vertex 11.534819937378884 77.47885286107848 134
      vertex 11.534819937378884 77.47885286107848 138
    endloop
  endfacet
  facet normal 0.7730104533627434 -0.6343932841636375 2.5633458503706565e-18
    outer loop
      vertex 11.534819937378884 77.47885286107848 134
      vertex 11.908441732689203 77.93411233590062 134
      vertex 11.908441732689203 77.93411233590062 138
    endloop
  endfacet
  facet normal 0.7298640726978305 -0.6835923020228768 -2.2513574287614943e-18
    outer loop
      vertex 11.908441732689203 77.93411233590062 134
      vertex 12.311038969321071 78.36396103067892 134
      vertex 12.311038969321071 78.36396103067892 138
    endloop
  endfacet
  facet normal 0.6835923020228774 -0.72986407269783 2.257566120646659e-18
    outer loop
      vertex 12.311038969321071 78.36396103067892 134
      vertex 12.74088766409938 78.7665582673108 134
      vertex 12.74088766409938 78.7665582673108 138
    endloop
  endfacet
  facet normal 0.6343932841636396 -0.7730104533627419 2.9310168579084827e-18
    outer loop
      vertex 12.74088766409938 78.7665582673108 134
      vertex 13.196147138921514 79.14018006262111 134
      vertex 13.196147138921514 79.14018006262111 138
    endloop
  endfacet
  facet normal 0.5824776968677974 -0.8128466845916188 3.1465490357022697e-18
    outer loop
      vertex 13.196147138921514 79.14018006262111 134
      vertex 13.674867902823582 79.4832265107229 134
      vertex 13.674867902823582 79.4832265107229 138
    endloop
  endfacet
  facet normal 0.5280678506503773 -0.8492021815265732 7.129589590107229e-19
    outer loop
      vertex 13.674867902823582 79.4832265107229 134
      vertex 14.175 79.79422863405995 134
      vertex 14.175 79.79422863405995 138
    endloop
  endfacet
  facet normal 0.47139673682599414 -0.8819212643483569 -2.9545247883451213e-19
    outer loop
      vertex 14.175 79.79422863405995 134
      vertex 14.694401788028989 80.07185467379419 134
      vertex 14.694401788028989 80.07185467379419 138
    endloop
  endfacet
  facet normal 0.4127070298043998 -0.9108638249211736 3.166249840576746e-18
    outer loop
      vertex 14.694401788028989 80.07185467379419 134
      vertex 15.230849108714192 80.31491579260158 134
      vertex 15.230849108714192 80.31491579260158 138
    endloop
  endfacet
  facet normal -0.4127070298044009 -0.9108638249211729 0
    outer loop
      vertex 22.65559821197101 80.07185467379419 134
      vertex 22.65559821197101 80.07185467379419 138
      vertex 22.11915089128581 80.31491579260158 134
    endloop
  endfacet
  facet normal 0.35225004792123155 -0.9359059267573265 1.7353491412505778e-18
    outer loop
      vertex 15.230849108714192 80.31491579260158 134
      vertex 15.782044812271547 80.52237116545595 134
      vertex 15.782044812271547 80.52237116545595 138
    endloop
  endfacet
  facet normal 0.29028467725447415 -0.9569403357322053 -8.661063236909933e-19
    outer loop
      vertex 15.782044812271547 80.52237116545595 134
      vertex 16.345628594077315 80.69333243660162 134
      vertex 16.345628594077315 80.69333243660162 138
    endloop
  endfacet
  facet normal 0.22707626303435277 -0.9738769792773385 -7.905186629567094e-19
    outer loop
      vertex 16.345628594077315 80.69333243660162 134
      vertex 16.919187101854845 80.82706752362907 134
      vertex 16.919187101854845 80.82706752362907 138
    endloop
  endfacet
  facet normal 0.16289547339459984 -0.9866433320848771 4.432552547296032e-19
    outer loop
      vertex 16.919187101854845 80.82706752362907 134
      vertex 17.500264270019535 80.9230037523643 134
      vertex 17.500264270019535 80.9230037523643 138
    endloop
  endfacet
  facet normal 0.09801714032955994 -0.995184726672197 -1.9459981563163294e-19
    outer loop
      vertex 17.500264270019535 80.9230037523643 134
      vertex 18.086371836928713 80.98073030914743 134
      vertex 18.086371836928713 80.98073030914743 138
    endloop
  endfacet
  facet normal 0.032719082821774666 -0.9994645874763658 -1.0327407444510857e-19
    outer loop
      vertex 18.086371836928713 80.98073030914743 134
      vertex 18.675 81 134
      vertex 18.675 81 138
    endloop
  endfacet
  facet normal -0.032719082821774666 -0.9994645874763658 0
    outer loop
      vertex 19.26362816307129 80.98073030914743 134
      vertex 19.26362816307129 80.98073030914743 138
      vertex 18.675 81 134
    endloop
  endfacet
  facet normal -0.09801714032955994 -0.995184726672197 1.9459981563163294e-19
    outer loop
      vertex 19.26362816307129 80.98073030914743 134
      vertex 19.849735729980466 80.9230037523643 134
      vertex 19.849735729980466 80.9230037523643 138
    endloop
  endfacet
  facet normal -0.29028467725447415 -0.9569403357322053 8.661063236909933e-19
    outer loop
      vertex 21.004371405922686 80.69333243660162 134
      vertex 21.567955187728455 80.52237116545595 134
      vertex 21.567955187728455 80.52237116545595 138
    endloop
  endfacet
  facet normal -0.22707626303435277 -0.9738769792773385 7.905186629567094e-19
    outer loop
      vertex 20.430812898145156 80.82706752362907 134
      vertex 21.004371405922686 80.69333243660162 134
      vertex 21.004371405922686 80.69333243660162 138
    endloop
  endfacet
  facet normal -0.16289547339459984 -0.9866433320848771 -4.432552547296032e-19
    outer loop
      vertex 19.849735729980466 80.9230037523643 134
      vertex 20.430812898145156 80.82706752362907 134
      vertex 20.430812898145156 80.82706752362907 138
    endloop
  endfacet
  facet normal -0.35225004792123155 -0.9359059267573265 -1.7353491412505778e-18
    outer loop
      vertex 21.567955187728455 80.52237116545595 134
      vertex 22.11915089128581 80.31491579260158 134
      vertex 22.11915089128581 80.31491579260158 138
    endloop
  endfacet
  facet normal -0.9994645874763656 -0.032719082821780494 0
    outer loop
      vertex 27.675 72 134
      vertex 27.675 72 138
      vertex 27.65573030914743 72.58862816307129 134
    endloop
  endfacet
  facet normal -0.995184726672197 -0.09801714032955994 0
    outer loop
      vertex 27.65573030914743 72.58862816307129 134
      vertex 27.65573030914743 72.58862816307129 138
      vertex 27.598003752364292 73.17473572998047 134
    endloop
  endfacet
  facet normal -0.9866433320848788 -0.16289547339459007 0
    outer loop
      vertex 27.598003752364292 73.17473572998047 134
      vertex 27.598003752364292 73.17473572998047 138
      vertex 27.502067523629073 73.75581289814515 134
    endloop
  endfacet
  facet normal -0.9738769792773347 -0.2270762630343686 0
    outer loop
      vertex 27.502067523629073 73.75581289814515 134
      vertex 27.502067523629073 73.75581289814515 138
      vertex 27.368332436601616 74.32937140592269 134
    endloop
  endfacet
  facet normal -0.9569403357322096 -0.2902846772544597 9.999812575842659e-19
    outer loop
      vertex 27.19737116545595 74.89295518772846 134
      vertex 27.368332436601616 74.32937140592269 134
      vertex 27.368332436601616 74.32937140592269 138
    endloop
  endfacet
  facet normal -0.9359059267573214 -0.3522500479212447 0
    outer loop
      vertex 27.19737116545595 74.89295518772846 134
      vertex 27.19737116545595 74.89295518772846 138
      vertex 26.98991579260158 75.4441508912858 134
    endloop
  endfacet
  facet normal -0.9108638249211806 -0.41270702980438406 0
    outer loop
      vertex 26.98991579260158 75.4441508912858 134
      vertex 26.98991579260158 75.4441508912858 138
      vertex 26.746854673794196 75.98059821197101 134
    endloop
  endfacet
  facet normal -0.8819212643483537 -0.4713967368260001 3.649035056301015e-18
    outer loop
      vertex 26.46922863405995 76.5 134
      vertex 26.746854673794196 75.98059821197101 134
      vertex 26.746854673794196 75.98059821197101 138
    endloop
  endfacet
  facet normal -0.8492021815265784 -0.5280678506503685 0
    outer loop
      vertex 26.46922863405995 76.5 134
      vertex 26.46922863405995 76.5 138
      vertex 26.15822651072291 77.00013209717642 134
    endloop
  endfacet
  facet normal -0.8128466845916117 -0.582477696867807 3.258498842056462e-18
    outer loop
      vertex 25.815180062621117 77.47885286107848 134
      vertex 26.15822651072291 77.00013209717642 134
      vertex 26.15822651072291 77.00013209717642 138
    endloop
  endfacet
  facet normal -0.7730104533627419 -0.6343932841636394 0
    outer loop
      vertex 25.815180062621117 77.47885286107848 134
      vertex 25.815180062621117 77.47885286107848 138
      vertex 25.441558267310796 77.93411233590062 134
    endloop
  endfacet
  facet normal -0.729864072697832 -0.6835923020228752 -3.5180621222671416e-18
    outer loop
      vertex 25.03896103067893 78.36396103067892 134
      vertex 25.441558267310796 77.93411233590062 134
      vertex 25.441558267310796 77.93411233590062 138
    endloop
  endfacet
  facet normal -0.6835923020228758 -0.7298640726978314 0
    outer loop
      vertex 25.03896103067893 78.36396103067892 134
      vertex 25.03896103067893 78.36396103067892 138
      vertex 24.60911233590062 78.7665582673108 134
    endloop
  endfacet
  facet normal -0.5824776968677974 -0.8128466845916188 0
    outer loop
      vertex 24.153852861078487 79.14018006262111 134
      vertex 24.153852861078487 79.14018006262111 138
      vertex 23.67513209717642 79.4832265107229 134
    endloop
  endfacet
  facet normal -0.634393284163641 -0.7730104533627405 -3.970243610939512e-18
    outer loop
      vertex 24.153852861078487 79.14018006262111 134
      vertex 24.60911233590062 78.7665582673108 134
      vertex 24.60911233590062 78.7665582673108 138
    endloop
  endfacet
  facet normal -0.5280678506503773 -0.8492021815265732 0
    outer loop
      vertex 23.67513209717642 79.4832265107229 134
      vertex 23.67513209717642 79.4832265107229 138
      vertex 23.175 79.79422863405995 134
    endloop
  endfacet
  facet normal -0.4713967368259929 -0.8819212643483576 3.0280773844658253e-18
    outer loop
      vertex 22.65559821197101 80.07185467379419 134
      vertex 23.175 79.79422863405995 134
      vertex 23.175 79.79422863405995 138
    endloop
  endfacet
  facet normal 0.9994645874763656 -0.032719082821777476 0
    outer loop
      vertex 9.675 72 134
      vertex 9.69426969085257 72.58862816307129 138
      vertex 9.675 72 138
    endloop
  endfacet
  facet normal 0.995184726672197 -0.09801714032955994 0
    outer loop
      vertex 9.69426969085257 72.58862816307129 134
      vertex 9.751996247635708 73.17473572998047 138
      vertex 9.69426969085257 72.58862816307129 138
    endloop
  endfacet
  facet normal 0.9866433320848788 -0.16289547339459007 0
    outer loop
      vertex 9.751996247635708 73.17473572998047 134
      vertex 9.847932476370927 73.75581289814515 138
      vertex 9.751996247635708 73.17473572998047 138
    endloop
  endfacet
  facet normal 0.9738769792773341 -0.22707626303437142 0
    outer loop
      vertex 9.847932476370927 73.75581289814515 134
      vertex 9.981667563398386 74.32937140592269 138
      vertex 9.847932476370927 73.75581289814515 138
    endloop
  endfacet
  facet normal 0.9569403357322096 -0.2902846772544597 0
    outer loop
      vertex 9.981667563398386 74.32937140592269 134
      vertex 10.15262883454405 74.89295518772846 138
      vertex 9.981667563398386 74.32937140592269 138
    endloop
  endfacet
  facet normal 0.9359059267573223 -0.35225004792124204 0
    outer loop
      vertex 10.15262883454405 74.89295518772846 134
      vertex 10.36008420739842 75.4441508912858 138
      vertex 10.15262883454405 74.89295518772846 138
    endloop
  endfacet
  facet normal 0.9108638249211783 -0.4127070298043891 0
    outer loop
      vertex 10.36008420739842 75.4441508912858 134
      vertex 10.603145326205807 75.98059821197101 138
      vertex 10.36008420739842 75.4441508912858 138
    endloop
  endfacet
  facet normal 0.8819212643483549 -0.4713967368259977 0
    outer loop
      vertex 10.603145326205807 75.98059821197101 134
      vertex 10.880771365940053 76.5 138
      vertex 10.603145326205807 75.98059821197101 138
    endloop
  endfacet
  facet normal 0.8492021815265784 -0.5280678506503685 0
    outer loop
      vertex 10.880771365940053 76.5 134
      vertex 11.191773489277093 77.00013209717642 138
      vertex 10.880771365940053 76.5 138
    endloop
  endfacet
  facet normal 0.8128466845916117 -0.582477696867807 0
    outer loop
      vertex 11.191773489277093 77.00013209717642 134
      vertex 11.534819937378884 77.47885286107848 138
      vertex 11.191773489277093 77.00013209717642 138
    endloop
  endfacet
  facet normal 0.7730104533627434 -0.6343932841636375 0
    outer loop
      vertex 11.534819937378884 77.47885286107848 134
      vertex 11.908441732689203 77.93411233590062 138
      vertex 11.534819937378884 77.47885286107848 138
    endloop
  endfacet
  facet normal 0.7298640726978305 -0.6835923020228768 0
    outer loop
      vertex 11.908441732689203 77.93411233590062 134
      vertex 12.311038969321071 78.36396103067892 138
      vertex 11.908441732689203 77.93411233590062 138
    endloop
  endfacet
  facet normal 0.6835923020228774 -0.72986407269783 0
    outer loop
      vertex 12.311038969321071 78.36396103067892 134
      vertex 12.74088766409938 78.7665582673108 138
      vertex 12.311038969321071 78.36396103067892 138
    endloop
  endfacet
  facet normal 0.6343932841636396 -0.7730104533627419 0
    outer loop
      vertex 12.74088766409938 78.7665582673108 134
      vertex 13.196147138921514 79.14018006262111 138
      vertex 12.74088766409938 78.7665582673108 138
    endloop
  endfacet
  facet normal 0.5824776968677974 -0.8128466845916188 0
    outer loop
      vertex 13.196147138921514 79.14018006262111 134
      vertex 13.674867902823582 79.4832265107229 138
      vertex 13.196147138921514 79.14018006262111 138
    endloop
  endfacet
  facet normal 0.5280678506503773 -0.8492021815265732 0
    outer loop
      vertex 13.674867902823582 79.4832265107229 134
      vertex 14.175 79.79422863405995 138
      vertex 13.674867902823582 79.4832265107229 138
    endloop
  endfacet
  facet normal 0.47139673682599414 -0.8819212643483569 0
    outer loop
      vertex 14.175 79.79422863405995 134
      vertex 14.694401788028989 80.07185467379419 138
      vertex 14.175 79.79422863405995 138
    endloop
  endfacet
  facet normal 0.4127070298043998 -0.9108638249211736 0
    outer loop
      vertex 14.694401788028989 80.07185467379419 134
      vertex 15.230849108714192 80.31491579260158 138
      vertex 14.694401788028989 80.07185467379419 138
    endloop
  endfacet
  facet normal -0.4713967368259929 -0.8819212643483576 0
    outer loop
      vertex 22.65559821197101 80.07185467379419 134
      vertex 23.175 79.79422863405995 138
      vertex 22.65559821197101 80.07185467379419 138
    endloop
  endfacet
  facet normal -0.4127070298044009 -0.9108638249211729 0
    outer loop
      vertex 22.11915089128581 80.31491579260158 134
      vertex 22.65559821197101 80.07185467379419 138
      vertex 22.11915089128581 80.31491579260158 138
    endloop
  endfacet
  facet normal 0.35225004792123155 -0.9359059267573265 0
    outer loop
      vertex 15.230849108714192 80.31491579260158 134
      vertex 15.782044812271547 80.52237116545595 138
      vertex 15.230849108714192 80.31491579260158 138
    endloop
  endfacet
  facet normal 0.29028467725447415 -0.9569403357322053 0
    outer loop
      vertex 15.782044812271547 80.52237116545595 134
      vertex 16.345628594077315 80.69333243660162 138
      vertex 15.782044812271547 80.52237116545595 138
    endloop
  endfacet
  facet normal 0.22707626303435277 -0.9738769792773385 0
    outer loop
      vertex 16.345628594077315 80.69333243660162 134
      vertex 16.919187101854845 80.82706752362907 138
      vertex 16.345628594077315 80.69333243660162 138
    endloop
  endfacet
  facet normal 0.16289547339459984 -0.9866433320848771 0
    outer loop
      vertex 16.919187101854845 80.82706752362907 134
      vertex 17.500264270019535 80.9230037523643 138
      vertex 16.919187101854845 80.82706752362907 138
    endloop
  endfacet
  facet normal -0.16289547339459984 -0.9866433320848771 0
    outer loop
      vertex 19.849735729980466 80.9230037523643 134
      vertex 20.430812898145156 80.82706752362907 138
      vertex 19.849735729980466 80.9230037523643 138
    endloop
  endfacet
  facet normal 0.09801714032955994 -0.995184726672197 0
    outer loop
      vertex 17.500264270019535 80.9230037523643 134
      vertex 18.086371836928713 80.98073030914743 138
      vertex 17.500264270019535 80.9230037523643 138
    endloop
  endfacet
  facet normal 0.032719082821774666 -0.9994645874763658 0
    outer loop
      vertex 18.086371836928713 80.98073030914743 134
      vertex 18.675 81 138
      vertex 18.086371836928713 80.98073030914743 138
    endloop
  endfacet
  facet normal -0.032719082821774666 -0.9994645874763658 0
    outer loop
      vertex 18.675 81 134
      vertex 19.26362816307129 80.98073030914743 138
      vertex 18.675 81 138
    endloop
  endfacet
  facet normal -0.09801714032955994 -0.995184726672197 0
    outer loop
      vertex 19.26362816307129 80.98073030914743 134
      vertex 19.849735729980466 80.9230037523643 138
      vertex 19.26362816307129 80.98073030914743 138
    endloop
  endfacet
  facet normal -0.22707626303435277 -0.9738769792773385 0
    outer loop
      vertex 20.430812898145156 80.82706752362907 134
      vertex 21.004371405922686 80.69333243660162 138
      vertex 20.430812898145156 80.82706752362907 138
    endloop
  endfacet
  facet normal -0.29028467725447415 -0.9569403357322053 0
    outer loop
      vertex 21.004371405922686 80.69333243660162 134
      vertex 21.567955187728455 80.52237116545595 138
      vertex 21.004371405922686 80.69333243660162 138
    endloop
  endfacet
  facet normal -0.35225004792123155 -0.9359059267573265 0
    outer loop
      vertex 21.567955187728455 80.52237116545595 134
      vertex 22.11915089128581 80.31491579260158 138
      vertex 21.567955187728455 80.52237116545595 138
    endloop
  endfacet
  facet normal -0.9994645874763656 -0.032719082821780494 0
    outer loop
      vertex 27.65573030914743 72.58862816307129 134
      vertex 27.675 72 138
      vertex 27.65573030914743 72.58862816307129 138
    endloop
  endfacet
  facet normal -0.995184726672197 -0.09801714032955994 0
    outer loop
      vertex 27.598003752364292 73.17473572998047 134
      vertex 27.65573030914743 72.58862816307129 138
      vertex 27.598003752364292 73.17473572998047 138
    endloop
  endfacet
  facet normal -0.9866433320848788 -0.16289547339459007 0
    outer loop
      vertex 27.502067523629073 73.75581289814515 134
      vertex 27.598003752364292 73.17473572998047 138
      vertex 27.502067523629073 73.75581289814515 138
    endloop
  endfacet
  facet normal -0.9569403357322096 -0.2902846772544597 0
    outer loop
      vertex 27.19737116545595 74.89295518772846 134
      vertex 27.368332436601616 74.32937140592269 138
      vertex 27.19737116545595 74.89295518772846 138
    endloop
  endfacet
  facet normal -0.9738769792773347 -0.2270762630343686 0
    outer loop
      vertex 27.368332436601616 74.32937140592269 134
      vertex 27.502067523629073 73.75581289814515 138
      vertex 27.368332436601616 74.32937140592269 138
    endloop
  endfacet
  facet normal -0.9359059267573214 -0.3522500479212447 0
    outer loop
      vertex 26.98991579260158 75.4441508912858 134
      vertex 27.19737116545595 74.89295518772846 138
      vertex 26.98991579260158 75.4441508912858 138
    endloop
  endfacet
  facet normal -0.9108638249211806 -0.41270702980438406 0
    outer loop
      vertex 26.746854673794196 75.98059821197101 134
      vertex 26.98991579260158 75.4441508912858 138
      vertex 26.746854673794196 75.98059821197101 138
    endloop
  endfacet
  facet normal -0.8819212643483537 -0.4713967368260001 0
    outer loop
      vertex 26.46922863405995 76.5 134
      vertex 26.746854673794196 75.98059821197101 138
      vertex 26.46922863405995 76.5 138
    endloop
  endfacet
  facet normal -0.8492021815265784 -0.5280678506503685 0
    outer loop
      vertex 26.15822651072291 77.00013209717642 134
      vertex 26.46922863405995 76.5 138
      vertex 26.15822651072291 77.00013209717642 138
    endloop
  endfacet
  facet normal -0.8128466845916117 -0.582477696867807 0
    outer loop
      vertex 25.815180062621117 77.47885286107848 134
      vertex 26.15822651072291 77.00013209717642 138
      vertex 25.815180062621117 77.47885286107848 138
    endloop
  endfacet
  facet normal -0.7730104533627419 -0.6343932841636394 0
    outer loop
      vertex 25.441558267310796 77.93411233590062 134
      vertex 25.815180062621117 77.47885286107848 138
      vertex 25.441558267310796 77.93411233590062 138
    endloop
  endfacet
  facet normal -0.729864072697832 -0.6835923020228752 0
    outer loop
      vertex 25.03896103067893 78.36396103067892 134
      vertex 25.441558267310796 77.93411233590062 138
      vertex 25.03896103067893 78.36396103067892 138
    endloop
  endfacet
  facet normal -0.6835923020228758 -0.7298640726978314 0
    outer loop
      vertex 24.60911233590062 78.7665582673108 134
      vertex 25.03896103067893 78.36396103067892 138
      vertex 24.60911233590062 78.7665582673108 138
    endloop
  endfacet
  facet normal -0.634393284163641 -0.7730104533627405 0
    outer loop
      vertex 24.153852861078487 79.14018006262111 134
      vertex 24.60911233590062 78.7665582673108 138
      vertex 24.153852861078487 79.14018006262111 138
    endloop
  endfacet
  facet normal -0.5824776968677974 -0.8128466845916188 0
    outer loop
      vertex 23.67513209717642 79.4832265107229 134
      vertex 24.153852861078487 79.14018006262111 138
      vertex 23.67513209717642 79.4832265107229 138
    endloop
  endfacet
  facet normal -0.5280678506503773 -0.8492021815265732 0
    outer loop
      vertex 23.175 79.79422863405995 134
      vertex 23.67513209717642 79.4832265107229 138
      vertex 23.175 79.79422863405995 138
    endloop
  endfacet
  facet normal 0.9994645874763656 -0.03271908282177446 2.3864273407377357e-19
    outer loop
      vertex 47.025000000000006 72 134
      vertex 47.04426969085257 72.58862816307129 134
      vertex 47.04426969085257 72.58862816307129 138
    endloop
  endfacet
  facet normal 0.995184726672197 -0.09801714032955994 -1.9459981563163294e-19
    outer loop
      vertex 47.04426969085257 72.58862816307129 134
      vertex 47.10199624763571 73.17473572998047 134
      vertex 47.10199624763571 73.17473572998047 138
    endloop
  endfacet
  facet normal 0.9866433320848788 -0.16289547339459007 -3.276321120904096e-19
    outer loop
      vertex 47.10199624763571 73.17473572998047 134
      vertex 47.19793247637093 73.75581289814515 134
      vertex 47.19793247637093 73.75581289814515 138
    endloop
  endfacet
  facet normal 0.9738769792773335 -0.2270762630343743 2.5089783097275655e-18
    outer loop
      vertex 47.19793247637093 73.75581289814515 134
      vertex 47.33166756339839 74.32937140592269 134
      vertex 47.33166756339839 74.32937140592269 138
    endloop
  endfacet
  facet normal 0.9569403357322096 -0.2902846772544597 -9.999812575842659e-19
    outer loop
      vertex 47.33166756339839 74.32937140592269 134
      vertex 47.502628834544055 74.89295518772846 134
      vertex 47.502628834544055 74.89295518772846 138
    endloop
  endfacet
  facet normal 0.9359059267573234 -0.35225004792123943 -8.231086560888736e-19
    outer loop
      vertex 47.502628834544055 74.89295518772846 134
      vertex 47.710084207398424 75.4441508912858 134
      vertex 47.710084207398424 75.4441508912858 138
    endloop
  endfacet
  facet normal 0.9108638249211761 -0.4127070298043941 5.690167503909503e-19
    outer loop
      vertex 47.710084207398424 75.4441508912858 134
      vertex 47.953145326205814 75.98059821197101 134
      vertex 47.953145326205814 75.98059821197101 138
    endloop
  endfacet
  facet normal 0.8819212643483563 -0.4713967368259954 2.4371724267968156e-18
    outer loop
      vertex 47.953145326205814 75.98059821197101 134
      vertex 48.23077136594006 76.5 134
      vertex 48.23077136594006 76.5 138
    endloop
  endfacet
  facet normal 0.8492021815265784 -0.5280678506503685 3.1453071170758584e-19
    outer loop
      vertex 48.23077136594006 76.5 134
      vertex 48.5417734892771 77.00013209717642 134
      vertex 48.5417734892771 77.00013209717642 138
    endloop
  endfacet
  facet normal 0.812846684591609 -0.582477696867811 -3.6476520884555535e-21
    outer loop
      vertex 48.5417734892771 77.00013209717642 134
      vertex 48.88481993737889 77.47885286107848 134
      vertex 48.88481993737889 77.47885286107848 138
    endloop
  endfacet
  facet normal -0.9994645874763656 -0.03271908282177446 0
    outer loop
      vertex 65.025 72 134
      vertex 65.025 72 138
      vertex 65.00573030914744 72.58862816307129 134
    endloop
  endfacet
  facet normal -0.995184726672197 -0.09801714032955994 0
    outer loop
      vertex 65.00573030914744 72.58862816307129 134
      vertex 65.00573030914744 72.58862816307129 138
      vertex 64.9480037523643 73.17473572998047 134
    endloop
  endfacet
  facet normal -0.9866433320848768 -0.16289547339460178 0
    outer loop
      vertex 64.9480037523643 73.17473572998047 134
      vertex 64.9480037523643 73.17473572998047 138
      vertex 64.85206752362907 73.75581289814515 134
    endloop
  endfacet
  facet normal -0.9738769792773389 -0.22707626303435144 0
    outer loop
      vertex 64.85206752362907 73.75581289814515 134
      vertex 64.85206752362907 73.75581289814515 138
      vertex 64.71833243660163 74.32937140592269 134
    endloop
  endfacet
  facet normal -0.9569403357322064 -0.2902846772544708 -2.2688947096454627e-18
    outer loop
      vertex 64.54737116545596 74.89295518772846 134
      vertex 64.71833243660163 74.32937140592269 134
      vertex 64.71833243660163 74.32937140592269 138
    endloop
  endfacet
  facet normal -0.9359059267573234 -0.35225004792123943 0
    outer loop
      vertex 64.54737116545596 74.89295518772846 134
      vertex 64.54737116545596 74.89295518772846 138
      vertex 64.33991579260159 75.4441508912858 134
    endloop
  endfacet
  facet normal -0.9108638249211761 -0.4127070298043941 0
    outer loop
      vertex 64.33991579260159 75.4441508912858 134
      vertex 64.33991579260159 75.4441508912858 138
      vertex 64.0968546737942 75.98059821197101 134
    endloop
  endfacet
  facet normal -0.8819212643483563 -0.4713967368259954 -2.4371724267968156e-18
    outer loop
      vertex 63.819228634059954 76.5 134
      vertex 64.0968546737942 75.98059821197101 134
      vertex 64.0968546737942 75.98059821197101 138
    endloop
  endfacet
  facet normal -0.8492021815265784 -0.5280678506503685 0
    outer loop
      vertex 63.819228634059954 76.5 134
      vertex 63.819228634059954 76.5 138
      vertex 63.50822651072291 77.00013209717642 134
    endloop
  endfacet
  facet normal -0.812846684591609 -0.582477696867811 3.6476520884555535e-21
    outer loop
      vertex 63.16518006262112 77.47885286107848 134
      vertex 63.50822651072291 77.00013209717642 134
      vertex 63.50822651072291 77.00013209717642 138
    endloop
  endfacet
  facet normal 0.7730104533627479 -0.6343932841636322 -2.2651169072465962e-18
    outer loop
      vertex 48.88481993737889 77.47885286107848 134
      vertex 49.25844173268921 77.93411233590062 134
      vertex 49.25844173268921 77.93411233590062 138
    endloop
  endfacet
  facet normal 0.729864072697829 -0.6835923020228785 3.7611579806868995e-18
    outer loop
      vertex 49.25844173268921 77.93411233590062 134
      vertex 49.661038969321076 78.36396103067892 134
      vertex 49.661038969321076 78.36396103067892 138
    endloop
  endfacet
  facet normal 0.6835923020228789 -0.7298640726978287 5.011909828117967e-18
    outer loop
      vertex 49.661038969321076 78.36396103067892 134
      vertex 50.090887664099384 78.7665582673108 134
      vertex 50.090887664099384 78.7665582673108 138
    endloop
  endfacet
  facet normal 0.634393284163638 -0.773010453362743 1.891790104877457e-18
    outer loop
      vertex 50.090887664099384 78.7665582673108 134
      vertex 50.54614713892152 79.14018006262111 134
      vertex 50.54614713892152 79.14018006262111 138
    endloop
  endfacet
  facet normal 0.5824776968677974 -0.8128466845916188 3.1465490357022697e-18
    outer loop
      vertex 50.54614713892152 79.14018006262111 134
      vertex 51.02486790282359 79.4832265107229 134
      vertex 51.02486790282359 79.4832265107229 138
    endloop
  endfacet
  facet normal 0.5280678506503773 -0.8492021815265732 7.129589590107229e-19
    outer loop
      vertex 51.02486790282359 79.4832265107229 134
      vertex 51.525000000000006 79.79422863405995 134
      vertex 51.525000000000006 79.79422863405995 138
    endloop
  endfacet
  facet normal 0.4713967368259954 -0.8819212643483563 2.4371724267968156e-18
    outer loop
      vertex 51.525000000000006 79.79422863405995 134
      vertex 52.04440178802899 80.07185467379419 134
      vertex 52.04440178802899 80.07185467379419 138
    endloop
  endfacet
  facet normal 0.41270702980439866 -0.910863824921174 -2.065970761651157e-18
    outer loop
      vertex 52.04440178802899 80.07185467379419 134
      vertex 52.5808491087142 80.31491579260158 134
      vertex 52.5808491087142 80.31491579260158 138
    endloop
  endfacet
  facet normal 0.35225004792123155 -0.9359059267573265 1.7353491412505778e-18
    outer loop
      vertex 52.5808491087142 80.31491579260158 134
      vertex 53.13204481227155 80.52237116545595 134
      vertex 53.13204481227155 80.52237116545595 138
    endloop
  endfacet
  facet normal 0.29028467725447415 -0.9569403357322053 -8.661063236909933e-19
    outer loop
      vertex 53.13204481227155 80.52237116545595 134
      vertex 53.69562859407732 80.69333243660162 134
      vertex 53.69562859407732 80.69333243660162 138
    endloop
  endfacet
  facet normal 0.22707626303435144 -0.9738769792773389 6.008234621955554e-19
    outer loop
      vertex 53.69562859407732 80.69333243660162 134
      vertex 54.269187101854854 80.82706752362907 134
      vertex 54.269187101854854 80.82706752362907 138
    endloop
  endfacet
  facet normal 0.16289547339459984 -0.9866433320848771 4.432552547296032e-19
    outer loop
      vertex 54.269187101854854 80.82706752362907 134
      vertex 54.850264270019544 80.9230037523643 134
      vertex 54.850264270019544 80.9230037523643 138
    endloop
  endfacet
  facet normal 0.09801714032955994 -0.995184726672197 -1.9459981563163294e-19
    outer loop
      vertex 54.850264270019544 80.9230037523643 134
      vertex 55.43637183692872 80.98073030914743 134
      vertex 55.43637183692872 80.98073030914743 138
    endloop
  endfacet
  facet normal 0.03271908282177485 -0.9994645874763656 2.9118005206581596e-19
    outer loop
      vertex 55.43637183692872 80.98073030914743 134
      vertex 56.025000000000006 81 134
      vertex 56.025000000000006 81 138
    endloop
  endfacet
  facet normal -0.03271908282177485 -0.9994645874763656 0
    outer loop
      vertex 56.61362816307129 80.98073030914743 134
      vertex 56.61362816307129 80.98073030914743 138
      vertex 56.025000000000006 81 134
    endloop
  endfacet
  facet normal -0.09801714032955994 -0.995184726672197 1.9459981563163294e-19
    outer loop
      vertex 56.61362816307129 80.98073030914743 134
      vertex 57.19973572998047 80.9230037523643 134
      vertex 57.19973572998047 80.9230037523643 138
    endloop
  endfacet
  facet normal -0.7730104533627479 -0.6343932841636322 0
    outer loop
      vertex 63.16518006262112 77.47885286107848 134
      vertex 63.16518006262112 77.47885286107848 138
      vertex 62.791558267310805 77.93411233590062 134
    endloop
  endfacet
  facet normal -0.729864072697829 -0.6835923020228785 -3.7611579806868995e-18
    outer loop
      vertex 62.388961030678935 78.36396103067892 134
      vertex 62.791558267310805 77.93411233590062 134
      vertex 62.791558267310805 77.93411233590062 138
    endloop
  endfacet
  facet normal -0.6835923020228789 -0.7298640726978287 0
    outer loop
      vertex 62.388961030678935 78.36396103067892 134
      vertex 62.388961030678935 78.36396103067892 138
      vertex 61.95911233590063 78.7665582673108 134
    endloop
  endfacet
  facet normal -0.4713967368259954 -0.8819212643483563 -2.4371724267968156e-18
    outer loop
      vertex 60.00559821197102 80.07185467379419 134
      vertex 60.525000000000006 79.79422863405995 134
      vertex 60.525000000000006 79.79422863405995 138
    endloop
  endfacet
  facet normal -0.41270702980439866 -0.910863824921174 0
    outer loop
      vertex 60.00559821197102 80.07185467379419 134
      vertex 60.00559821197102 80.07185467379419 138
      vertex 59.469150891285814 80.31491579260158 134
    endloop
  endfacet
  facet normal -0.634393284163638 -0.773010453362743 -1.891790104877457e-18
    outer loop
      vertex 61.50385286107849 79.14018006262111 134
      vertex 61.95911233590063 78.7665582673108 134
      vertex 61.95911233590063 78.7665582673108 138
    endloop
  endfacet
  facet normal -0.5824776968677974 -0.8128466845916188 0
    outer loop
      vertex 61.50385286107849 79.14018006262111 134
      vertex 61.50385286107849 79.14018006262111 138
      vertex 61.025132097176424 79.4832265107229 134
    endloop
  endfacet
  facet normal -0.5280678506503773 -0.8492021815265732 0
    outer loop
      vertex 61.025132097176424 79.4832265107229 134
      vertex 61.025132097176424 79.4832265107229 138
      vertex 60.525000000000006 79.79422863405995 134
    endloop
  endfacet
  facet normal -0.29028467725447415 -0.9569403357322053 0
    outer loop
      vertex 58.91795518772846 80.52237116545595 134
      vertex 58.91795518772846 80.52237116545595 138
      vertex 58.35437140592269 80.69333243660162 134
    endloop
  endfacet
  facet normal -0.22707626303435144 -0.9738769792773389 -6.008234621955554e-19
    outer loop
      vertex 57.78081289814516 80.82706752362907 134
      vertex 58.35437140592269 80.69333243660162 134
      vertex 58.35437140592269 80.69333243660162 138
    endloop
  endfacet
  facet normal -0.16289547339459984 -0.9866433320848771 -4.432552547296032e-19
    outer loop
      vertex 57.19973572998047 80.9230037523643 134
      vertex 57.78081289814516 80.82706752362907 134
      vertex 57.78081289814516 80.82706752362907 138
    endloop
  endfacet
  facet normal -0.35225004792123155 -0.9359059267573265 -1.7353491412505778e-18
    outer loop
      vertex 58.91795518772846 80.52237116545595 134
      vertex 59.469150891285814 80.31491579260158 134
      vertex 59.469150891285814 80.31491579260158 138
    endloop
  endfacet
  facet normal 0.9994645874763656 -0.03271908282177446 0
    outer loop
      vertex 47.025000000000006 72 134
      vertex 47.04426969085257 72.58862816307129 138
      vertex 47.025000000000006 72 138
    endloop
  endfacet
  facet normal 0.995184726672197 -0.09801714032955994 0
    outer loop
      vertex 47.04426969085257 72.58862816307129 134
      vertex 47.10199624763571 73.17473572998047 138
      vertex 47.04426969085257 72.58862816307129 138
    endloop
  endfacet
  facet normal 0.9866433320848788 -0.16289547339459007 0
    outer loop
      vertex 47.10199624763571 73.17473572998047 134
      vertex 47.19793247637093 73.75581289814515 138
      vertex 47.10199624763571 73.17473572998047 138
    endloop
  endfacet
  facet normal 0.9738769792773335 -0.2270762630343743 0
    outer loop
      vertex 47.19793247637093 73.75581289814515 134
      vertex 47.33166756339839 74.32937140592269 138
      vertex 47.19793247637093 73.75581289814515 138
    endloop
  endfacet
  facet normal 0.9569403357322096 -0.2902846772544597 0
    outer loop
      vertex 47.33166756339839 74.32937140592269 134
      vertex 47.502628834544055 74.89295518772846 138
      vertex 47.33166756339839 74.32937140592269 138
    endloop
  endfacet
  facet normal 0.9359059267573234 -0.35225004792123943 0
    outer loop
      vertex 47.502628834544055 74.89295518772846 134
      vertex 47.710084207398424 75.4441508912858 138
      vertex 47.502628834544055 74.89295518772846 138
    endloop
  endfacet
  facet normal 0.9108638249211761 -0.4127070298043941 0
    outer loop
      vertex 47.710084207398424 75.4441508912858 134
      vertex 47.953145326205814 75.98059821197101 138
      vertex 47.710084207398424 75.4441508912858 138
    endloop
  endfacet
  facet normal 0.8819212643483563 -0.4713967368259954 0
    outer loop
      vertex 47.953145326205814 75.98059821197101 134
      vertex 48.23077136594006 76.5 138
      vertex 47.953145326205814 75.98059821197101 138
    endloop
  endfacet
  facet normal 0.8492021815265784 -0.5280678506503685 0
    outer loop
      vertex 48.23077136594006 76.5 134
      vertex 48.5417734892771 77.00013209717642 138
      vertex 48.23077136594006 76.5 138
    endloop
  endfacet
  facet normal 0.812846684591609 -0.582477696867811 0
    outer loop
      vertex 48.5417734892771 77.00013209717642 134
      vertex 48.88481993737889 77.47885286107848 138
      vertex 48.5417734892771 77.00013209717642 138
    endloop
  endfacet
  facet normal -0.9994645874763656 -0.03271908282177446 0
    outer loop
      vertex 65.00573030914744 72.58862816307129 134
      vertex 65.025 72 138
      vertex 65.00573030914744 72.58862816307129 138
    endloop
  endfacet
  facet normal -0.995184726672197 -0.09801714032955994 0
    outer loop
      vertex 64.9480037523643 73.17473572998047 134
      vertex 65.00573030914744 72.58862816307129 138
      vertex 64.9480037523643 73.17473572998047 138
    endloop
  endfacet
  facet normal -0.9866433320848768 -0.16289547339460178 0
    outer loop
      vertex 64.85206752362907 73.75581289814515 134
      vertex 64.9480037523643 73.17473572998047 138
      vertex 64.85206752362907 73.75581289814515 138
    endloop
  endfacet
  facet normal -0.9569403357322064 -0.2902846772544708 0
    outer loop
      vertex 64.54737116545596 74.89295518772846 134
      vertex 64.71833243660163 74.32937140592269 138
      vertex 64.54737116545596 74.89295518772846 138
    endloop
  endfacet
  facet normal -0.9738769792773389 -0.22707626303435144 0
    outer loop
      vertex 64.71833243660163 74.32937140592269 134
      vertex 64.85206752362907 73.75581289814515 138
      vertex 64.71833243660163 74.32937140592269 138
    endloop
  endfacet
  facet normal -0.9359059267573234 -0.35225004792123943 0
    outer loop
      vertex 64.33991579260159 75.4441508912858 134
      vertex 64.54737116545596 74.89295518772846 138
      vertex 64.33991579260159 75.4441508912858 138
    endloop
  endfacet
  facet normal -0.9108638249211761 -0.4127070298043941 0
    outer loop
      vertex 64.0968546737942 75.98059821197101 134
      vertex 64.33991579260159 75.4441508912858 138
      vertex 64.0968546737942 75.98059821197101 138
    endloop
  endfacet
  facet normal -0.8819212643483563 -0.4713967368259954 0
    outer loop
      vertex 63.819228634059954 76.5 134
      vertex 64.0968546737942 75.98059821197101 138
      vertex 63.819228634059954 76.5 138
    endloop
  endfacet
  facet normal -0.8492021815265784 -0.5280678506503685 0
    outer loop
      vertex 63.50822651072291 77.00013209717642 134
      vertex 63.819228634059954 76.5 138
      vertex 63.50822651072291 77.00013209717642 138
    endloop
  endfacet
  facet normal -0.812846684591609 -0.582477696867811 0
    outer loop
      vertex 63.16518006262112 77.47885286107848 134
      vertex 63.50822651072291 77.00013209717642 138
      vertex 63.16518006262112 77.47885286107848 138
    endloop
  endfacet
  facet normal 0.7730104533627479 -0.6343932841636322 0
    outer loop
      vertex 48.88481993737889 77.47885286107848 134
      vertex 49.25844173268921 77.93411233590062 138
      vertex 48.88481993737889 77.47885286107848 138
    endloop
  endfacet
  facet normal 0.729864072697829 -0.6835923020228785 0
    outer loop
      vertex 49.25844173268921 77.93411233590062 134
      vertex 49.661038969321076 78.36396103067892 138
      vertex 49.25844173268921 77.93411233590062 138
    endloop
  endfacet
  facet normal 0.6835923020228789 -0.7298640726978287 0
    outer loop
      vertex 49.661038969321076 78.36396103067892 134
      vertex 50.090887664099384 78.7665582673108 138
      vertex 49.661038969321076 78.36396103067892 138
    endloop
  endfacet
  facet normal 0.634393284163638 -0.773010453362743 0
    outer loop
      vertex 50.090887664099384 78.7665582673108 134
      vertex 50.54614713892152 79.14018006262111 138
      vertex 50.090887664099384 78.7665582673108 138
    endloop
  endfacet
  facet normal 0.5824776968677974 -0.8128466845916188 0
    outer loop
      vertex 50.54614713892152 79.14018006262111 134
      vertex 51.02486790282359 79.4832265107229 138
      vertex 50.54614713892152 79.14018006262111 138
    endloop
  endfacet
  facet normal 0.5280678506503773 -0.8492021815265732 0
    outer loop
      vertex 51.02486790282359 79.4832265107229 134
      vertex 51.525000000000006 79.79422863405995 138
      vertex 51.02486790282359 79.4832265107229 138
    endloop
  endfacet
  facet normal 0.4713967368259954 -0.8819212643483563 0
    outer loop
      vertex 51.525000000000006 79.79422863405995 134
      vertex 52.04440178802899 80.07185467379419 138
      vertex 51.525000000000006 79.79422863405995 138
    endloop
  endfacet
  facet normal 0.41270702980439866 -0.910863824921174 0
    outer loop
      vertex 52.04440178802899 80.07185467379419 134
      vertex 52.5808491087142 80.31491579260158 138
      vertex 52.04440178802899 80.07185467379419 138
    endloop
  endfacet
  facet normal 0.35225004792123155 -0.9359059267573265 0
    outer loop
      vertex 52.5808491087142 80.31491579260158 134
      vertex 53.13204481227155 80.52237116545595 138
      vertex 52.5808491087142 80.31491579260158 138
    endloop
  endfacet
  facet normal 0.29028467725447415 -0.9569403357322053 0
    outer loop
      vertex 53.13204481227155 80.52237116545595 134
      vertex 53.69562859407732 80.69333243660162 138
      vertex 53.13204481227155 80.52237116545595 138
    endloop
  endfacet
  facet normal 0.22707626303435144 -0.9738769792773389 0
    outer loop
      vertex 53.69562859407732 80.69333243660162 134
      vertex 54.269187101854854 80.82706752362907 138
      vertex 53.69562859407732 80.69333243660162 138
    endloop
  endfacet
  facet normal 0.16289547339459984 -0.9866433320848771 0
    outer loop
      vertex 54.269187101854854 80.82706752362907 134
      vertex 54.850264270019544 80.9230037523643 138
      vertex 54.269187101854854 80.82706752362907 138
    endloop
  endfacet
  facet normal -0.16289547339459984 -0.9866433320848771 0
    outer loop
      vertex 57.19973572998047 80.9230037523643 134
      vertex 57.78081289814516 80.82706752362907 138
      vertex 57.19973572998047 80.9230037523643 138
    endloop
  endfacet
  facet normal 0.09801714032955994 -0.995184726672197 0
    outer loop
      vertex 54.850264270019544 80.9230037523643 134
      vertex 55.43637183692872 80.98073030914743 138
      vertex 54.850264270019544 80.9230037523643 138
    endloop
  endfacet
  facet normal 0.03271908282177485 -0.9994645874763656 0
    outer loop
      vertex 55.43637183692872 80.98073030914743 134
      vertex 56.025000000000006 81 138
      vertex 55.43637183692872 80.98073030914743 138
    endloop
  endfacet
  facet normal -0.03271908282177485 -0.9994645874763656 0
    outer loop
      vertex 56.025000000000006 81 134
      vertex 56.61362816307129 80.98073030914743 138
      vertex 56.025000000000006 81 138
    endloop
  endfacet
  facet normal -0.09801714032955994 -0.995184726672197 0
    outer loop
      vertex 56.61362816307129 80.98073030914743 134
      vertex 57.19973572998047 80.9230037523643 138
      vertex 56.61362816307129 80.98073030914743 138
    endloop
  endfacet
  facet normal -0.7730104533627479 -0.6343932841636322 0
    outer loop
      vertex 62.791558267310805 77.93411233590062 134
      vertex 63.16518006262112 77.47885286107848 138
      vertex 62.791558267310805 77.93411233590062 138
    endloop
  endfacet
  facet normal -0.729864072697829 -0.6835923020228785 0
    outer loop
      vertex 62.388961030678935 78.36396103067892 134
      vertex 62.791558267310805 77.93411233590062 138
      vertex 62.388961030678935 78.36396103067892 138
    endloop
  endfacet
  facet normal -0.6835923020228789 -0.7298640726978287 0
    outer loop
      vertex 61.95911233590063 78.7665582673108 134
      vertex 62.388961030678935 78.36396103067892 138
      vertex 61.95911233590063 78.7665582673108 138
    endloop
  endfacet
  facet normal -0.41270702980439866 -0.910863824921174 0
    outer loop
      vertex 59.469150891285814 80.31491579260158 134
      vertex 60.00559821197102 80.07185467379419 138
      vertex 59.469150891285814 80.31491579260158 138
    endloop
  endfacet
  facet normal -0.4713967368259954 -0.8819212643483563 0
    outer loop
      vertex 60.00559821197102 80.07185467379419 134
      vertex 60.525000000000006 79.79422863405995 138
      vertex 60.00559821197102 80.07185467379419 138
    endloop
  endfacet
  facet normal -0.634393284163638 -0.773010453362743 0
    outer loop
      vertex 61.50385286107849 79.14018006262111 134
      vertex 61.95911233590063 78.7665582673108 138
      vertex 61.50385286107849 79.14018006262111 138
    endloop
  endfacet
  facet normal -0.5824776968677974 -0.8128466845916188 0
    outer loop
      vertex 61.025132097176424 79.4832265107229 134
      vertex 61.50385286107849 79.14018006262111 138
      vertex 61.025132097176424 79.4832265107229 138
    endloop
  endfacet
  facet normal -0.5280678506503773 -0.8492021815265732 0
    outer loop
      vertex 60.525000000000006 79.79422863405995 134
      vertex 61.025132097176424 79.4832265107229 138
      vertex 60.525000000000006 79.79422863405995 138
    endloop
  endfacet
  facet normal -0.22707626303435144 -0.9738769792773389 0
    outer loop
      vertex 57.78081289814516 80.82706752362907 134
      vertex 58.35437140592269 80.69333243660162 138
      vertex 57.78081289814516 80.82706752362907 138
    endloop
  endfacet
  facet normal -0.29028467725447415 -0.9569403357322053 0
    outer loop
      vertex 58.35437140592269 80.69333243660162 134
      vertex 58.91795518772846 80.52237116545595 138
      vertex 58.35437140592269 80.69333243660162 138
    endloop
  endfacet
  facet normal -0.35225004792123155 -0.9359059267573265 0
    outer loop
      vertex 58.91795518772846 80.52237116545595 134
      vertex 59.469150891285814 80.31491579260158 138
      vertex 58.91795518772846 80.52237116545595 138
    endloop
  endfacet
  facet normal 0 0 -1
    outer loop
      vertex -65.025 72 134
      vertex -92 72 134
      vertex -85.36971321526963 88.21495498434471 134
    endloop
  endfacet
  facet normal 0 0 -1
    outer loop
      vertex -84.43895322453629 87.79323311909273 134
      vertex -65.00573030914744 72.58862816307129 134
      vertex -65.025 72 134
    endloop
  endfacet
  facet normal 0 0 -1
    outer loop
      vertex -85.59099025766973 88.40900974233027 134
      vertex -85.48352808397516 88.3083604331723 134
      vertex -92 72 134
    endloop
  endfacet
  facet normal 0 0 -1
    outer loop
      vertex -85.59099025766973 88.40900974233027 134
      vertex -92 72 134
      vertex -85.6916395668277 88.51647191602484 134
    endloop
  endfacet
  facet normal 0 0 -1
    outer loop
      vertex -85.36971321526963 88.21495498434471 134
      vertex -92 72 134
      vertex -85.48352808397516 88.3083604331723 134
    endloop
  endfacet
  facet normal 0 0 -1
    outer loop
      vertex -84 87.75 134
      vertex -64.9480037523643 73.17473572998047 134
      vertex -65.00573030914744 72.58862816307129 134
    endloop
  endfacet
  facet normal 0 0 -1
    outer loop
      vertex -83.70631606750489 87.76924906190892 134
      vertex -64.85206752362907 73.75581289814515 134
      vertex -64.9480037523643 73.17473572998047 134
    endloop
  endfacet
  facet normal 0 0 -1
    outer loop
      vertex -83.41765714851933 87.8266668908496 134
      vertex -64.71833243660163 74.32937140592269 134
      vertex -64.85206752362907 73.75581289814515 134
    endloop
  endfacet
  facet normal 0 0 -1
    outer loop
      vertex -83.13896227717855 87.9212710518496 134
      vertex -64.54737116545596 74.89295518772846 134
      vertex -64.71833243660163 74.32937140592269 134
    endloop
  endfacet
  facet normal 0 0 -1
    outer loop
      vertex -64.54737116545596 74.89295518772846 134
      vertex -82.74996697570589 88.12919337231928 134
      vertex -64.33991579260159 75.4441508912858 134
    endloop
  endfacet
  facet normal 0 0 -1
    outer loop
      vertex -64.33991579260159 75.4441508912858 134
      vertex -82.51647191602484 88.3083604331723 134
      vertex -64.0968546737942 75.98059821197101 134
    endloop
  endfacet
  facet normal 0 0 -1
    outer loop
      vertex -84.72323879693211 87.869407208636 134
      vertex -84.58234285148067 87.8266668908496 134
      vertex -65.025 72 134
    endloop
  endfacet
  facet normal 0 0 -1
    outer loop
      vertex -84.58234285148067 87.8266668908496 134
      vertex -84.43895322453629 87.79323311909273 134
      vertex -65.025 72 134
    endloop
  endfacet
  facet normal 0 0 -1
    outer loop
      vertex -84.86103772282145 87.9212710518496 134
      vertex -84.72323879693211 87.869407208636 134
      vertex -65.025 72 134
    endloop
  endfacet
  facet normal 0 0 -1
    outer loop
      vertex -84.99514955299276 87.98203633155146 134
      vertex -84.86103772282145 87.9212710518496 134
      vertex -65.025 72 134
    endloop
  endfacet
  facet normal 0 0 -1
    outer loop
      vertex -84.99514955299276 87.98203633155146 134
      vertex -65.025 72 134
      vertex -85.125 88.05144284148501 134
    endloop
  endfacet
  facet normal 0 0 -1
    outer loop
      vertex -65.025 72 134
      vertex -85.25003302429411 88.12919337231928 134
      vertex -85.125 88.05144284148501 134
    endloop
  endfacet
  facet normal 0 0 -1
    outer loop
      vertex -65.025 72 134
      vertex -85.36971321526963 88.21495498434471 134
      vertex -85.25003302429411 88.12919337231928 134
    endloop
  endfacet
  facet normal 0 0 -1
    outer loop
      vertex -84.29368393249511 87.76924906190892 134
      vertex -65.00573030914744 72.58862816307129 134
      vertex -84.43895322453629 87.79323311909273 134
    endloop
  endfacet
  facet normal 0 0 -1
    outer loop
      vertex -84.29368393249511 87.76924906190892 134
      vertex -84.14715704076782 87.75481742271315 134
      vertex -65.00573030914744 72.58862816307129 134
    endloop
  endfacet
  facet normal 0 0 -1
    outer loop
      vertex -84.14715704076782 87.75481742271315 134
      vertex -84 87.75 134
      vertex -65.00573030914744 72.58862816307129 134
    endloop
  endfacet
  facet normal 0 0 -1
    outer loop
      vertex -84 87.75 134
      vertex -83.85284295923218 87.75481742271315 134
      vertex -64.9480037523643 73.17473572998047 134
    endloop
  endfacet
  facet normal 0 0 -1
    outer loop
      vertex -83.85284295923218 87.75481742271315 134
      vertex -83.70631606750489 87.76924906190892 134
      vertex -64.9480037523643 73.17473572998047 134
    endloop
  endfacet
  facet normal 0 0 -1
    outer loop
      vertex -64.0968546737942 75.98059821197101 134
      vertex -82.3083604331723 88.51647191602484 134
      vertex -63.819228634059954 76.5 134
    endloop
  endfacet
  facet normal 0 0 -1
    outer loop
      vertex -63.819228634059954 76.5 134
      vertex -82.12919337231928 88.74996697570589 134
      vertex -63.50822651072291 77.00013209717642 134
    endloop
  endfacet
  facet normal 0 0 -1
    outer loop
      vertex -63.50822651072291 77.00013209717642 134
      vertex -82.05144284148501 88.875 134
      vertex -63.16518006262112 77.47885286107848 134
    endloop
  endfacet
  facet normal 0 0 -1
    outer loop
      vertex -63.16518006262112 77.47885286107848 134
      vertex -81.9212710518496 89.13896227717855 134
      vertex -62.791558267310805 77.93411233590062 134
    endloop
  endfacet
  facet normal 0 0 -1
    outer loop
      vertex -62.791558267310805 77.93411233590062 134
      vertex -81.869407208636 89.27676120306789 134
      vertex -62.388961030678935 78.36396103067892 134
    endloop
  endfacet
  facet normal 0 0 -1
    outer loop
      vertex -62.388961030678935 78.36396103067892 134
      vertex -81.79323311909273 89.56104677546371 134
      vertex -61.95911233590063 78.7665582673108 134
    endloop
  endfacet
  facet normal 0 0 -1
    outer loop
      vertex -61.95911233590063 78.7665582673108 134
      vertex -81.75481742271315 89.85284295923218 134
      vertex -61.50385286107849 79.14018006262111 134
    endloop
  endfacet
  facet normal 0 0 -1
    outer loop
      vertex -61.50385286107849 79.14018006262111 134
      vertex -81.75 90 134
      vertex -61.025132097176424 79.4832265107229 134
    endloop
  endfacet
  facet normal 0 0 -1
    outer loop
      vertex -85.78504501565529 88.63028678473037 134
      vertex -85.6916395668277 88.51647191602484 134
      vertex -92 72 134
    endloop
  endfacet
  facet normal 0 0 -1
    outer loop
      vertex -85.78504501565529 88.63028678473037 134
      vertex -92 72 134
      vertex -85.87080662768072 88.74996697570589 134
    endloop
  endfacet
  facet normal 0 0 -1
    outer loop
      vertex -85.87080662768072 88.74996697570589 134
      vertex -92 72 134
      vertex -85.94855715851499 88.875 134
    endloop
  endfacet
  facet normal 0 0 -1
    outer loop
      vertex -85.94855715851499 88.875 134
      vertex -92 72 134
      vertex -86.01796366844854 89.00485044700724 134
    endloop
  endfacet
  facet normal 0 0 -1
    outer loop
      vertex -86.0787289481504 89.13896227717855 134
      vertex -92 72 134
      vertex -86.130592791364 89.27676120306789 134
    endloop
  endfacet
  facet normal 0 0 -1
    outer loop
      vertex -86.01796366844854 89.00485044700724 134
      vertex -92 72 134
      vertex -86.0787289481504 89.13896227717855 134
    endloop
  endfacet
  facet normal 0 0 -1
    outer loop
      vertex -86.130592791364 89.27676120306789 134
      vertex -92 72 134
      vertex -86.1733331091504 89.41765714851933 134
    endloop
  endfacet
  facet normal 0 0 -1
    outer loop
      vertex -86.1733331091504 89.41765714851933 134
      vertex -92 72 134
      vertex -86.20676688090727 89.56104677546371 134
    endloop
  endfacet
  facet normal 0 0 -1
    outer loop
      vertex -86.20676688090727 89.56104677546371 134
      vertex -92 72 134
      vertex -86.23075093809108 89.70631606750489 134
    endloop
  endfacet
  facet normal 0 0 -1
    outer loop
      vertex -86.23075093809108 89.70631606750489 134
      vertex -92 72 134
      vertex -86.24518257728685 89.85284295923218 134
    endloop
  endfacet
  facet normal 0 0 -1
    outer loop
      vertex -86.24518257728685 89.85284295923218 134
      vertex -92 72 134
      vertex -86.25 90 134
    endloop
  endfacet
  facet normal 0 0 -1
    outer loop
      vertex -83.70631606750489 87.76924906190892 134
      vertex -83.56104677546371 87.79323311909273 134
      vertex -64.85206752362907 73.75581289814515 134
    endloop
  endfacet
  facet normal 0 0 -1
    outer loop
      vertex -83.56104677546371 87.79323311909273 134
      vertex -83.41765714851933 87.8266668908496 134
      vertex -64.85206752362907 73.75581289814515 134
    endloop
  endfacet
  facet normal 0 0 -1
    outer loop
      vertex -83.41765714851933 87.8266668908496 134
      vertex -83.27676120306789 87.869407208636 134
      vertex -64.71833243660163 74.32937140592269 134
    endloop
  endfacet
  facet normal 0 0 -1
    outer loop
      vertex -83.27676120306789 87.869407208636 134
      vertex -83.13896227717855 87.9212710518496 134
      vertex -64.71833243660163 74.32937140592269 134
    endloop
  endfacet
  facet normal 0 0 -1
    outer loop
      vertex -83.13896227717855 87.9212710518496 134
      vertex -83.00485044700724 87.98203633155146 134
      vertex -64.54737116545596 74.89295518772846 134
    endloop
  endfacet
  facet normal 0 0 -1
    outer loop
      vertex -83.00485044700724 87.98203633155146 134
      vertex -82.875 88.05144284148501 134
      vertex -64.54737116545596 74.89295518772846 134
    endloop
  endfacet
  facet normal 0 0 -1
    outer loop
      vertex -64.54737116545596 74.89295518772846 134
      vertex -82.875 88.05144284148501 134
      vertex -82.74996697570589 88.12919337231928 134
    endloop
  endfacet
  facet normal 0 0 -1
    outer loop
      vertex -64.33991579260159 75.4441508912858 134
      vertex -82.74996697570589 88.12919337231928 134
      vertex -82.63028678473037 88.21495498434471 134
    endloop
  endfacet
  facet normal 0 0 -1
    outer loop
      vertex -64.33991579260159 75.4441508912858 134
      vertex -82.63028678473037 88.21495498434471 134
      vertex -82.51647191602484 88.3083604331723 134
    endloop
  endfacet
  facet normal 0 0 -1
    outer loop
      vertex -64.0968546737942 75.98059821197101 134
      vertex -82.51647191602484 88.3083604331723 134
      vertex -82.40900974233027 88.40900974233027 134
    endloop
  endfacet
  facet normal 0 0 -1
    outer loop
      vertex -64.0968546737942 75.98059821197101 134
      vertex -82.40900974233027 88.40900974233027 134
      vertex -82.3083604331723 88.51647191602484 134
    endloop
  endfacet
  facet normal 0 0 -1
    outer loop
      vertex -63.819228634059954 76.5 134
      vertex -82.3083604331723 88.51647191602484 134
      vertex -82.21495498434471 88.63028678473037 134
    endloop
  endfacet
  facet normal 0 0 -1
    outer loop
      vertex -63.819228634059954 76.5 134
      vertex -82.21495498434471 88.63028678473037 134
      vertex -82.12919337231928 88.74996697570589 134
    endloop
  endfacet
  facet normal 0 0 -1
    outer loop
      vertex -63.50822651072291 77.00013209717642 134
      vertex -82.12919337231928 88.74996697570589 134
      vertex -82.05144284148501 88.875 134
    endloop
  endfacet
  facet normal 0 0 -1
    outer loop
      vertex -63.16518006262112 77.47885286107848 134
      vertex -82.05144284148501 88.875 134
      vertex -81.98203633155146 89.00485044700724 134
    endloop
  endfacet
  facet normal 0 0 -1
    outer loop
      vertex -63.16518006262112 77.47885286107848 134
      vertex -81.98203633155146 89.00485044700724 134
      vertex -81.9212710518496 89.13896227717855 134
    endloop
  endfacet
  facet normal 0 0 -1
    outer loop
      vertex -62.791558267310805 77.93411233590062 134
      vertex -81.9212710518496 89.13896227717855 134
      vertex -81.869407208636 89.27676120306789 134
    endloop
  endfacet
  facet normal 0 0 -1
    outer loop
      vertex -62.388961030678935 78.36396103067892 134
      vertex -81.869407208636 89.27676120306789 134
      vertex -81.8266668908496 89.41765714851933 134
    endloop
  endfacet
  facet normal 0 0 -1
    outer loop
      vertex -62.388961030678935 78.36396103067892 134
      vertex -81.8266668908496 89.41765714851933 134
      vertex -81.79323311909273 89.56104677546371 134
    endloop
  endfacet
  facet normal 0 0 -1
    outer loop
      vertex -61.95911233590063 78.7665582673108 134
      vertex -81.79323311909273 89.56104677546371 134
      vertex -81.76924906190892 89.70631606750489 134
    endloop
  endfacet
  facet normal 0 0 -1
    outer loop
      vertex -61.95911233590063 78.7665582673108 134
      vertex -81.76924906190892 89.70631606750489 134
      vertex -81.75481742271315 89.85284295923218 134
    endloop
  endfacet
  facet normal 0 0 -1
    outer loop
      vertex -61.50385286107849 79.14018006262111 134
      vertex -81.75481742271315 89.85284295923218 134
      vertex -81.75 90 134
    endloop
  endfacet
  facet normal 0 0 -1
    outer loop
      vertex -61.025132097176424 79.4832265107229 134
      vertex -81.75 90 134
      vertex -81.75481742271315 90.14715704076782 134
    endloop
  endfacet
  facet normal 0 0 -1
    outer loop
      vertex -60.525000000000006 79.79422863405995 134
      vertex -81.75481742271315 90.14715704076782 134
      vertex -81.76924906190892 90.29368393249511 134
    endloop
  endfacet
  facet normal 0 0 -1
    outer loop
      vertex -60.525000000000006 79.79422863405995 134
      vertex -81.76924906190892 90.29368393249511 134
      vertex -81.79323311909273 90.43895322453629 134
    endloop
  endfacet
  facet normal 0 0 -1
    outer loop
      vertex -60.00559821197102 80.07185467379419 134
      vertex -81.79323311909273 90.43895322453629 134
      vertex -81.8266668908496 90.58234285148067 134
    endloop
  endfacet
  facet normal 0 0 -1
    outer loop
      vertex -59.469150891285814 80.31491579260158 134
      vertex -81.8266668908496 90.58234285148067 134
      vertex -81.869407208636 90.72323879693211 134
    endloop
  endfacet
  facet normal 0 0 -1
    outer loop
      vertex -59.469150891285814 80.31491579260158 134
      vertex -81.869407208636 90.72323879693211 134
      vertex -81.9212710518496 90.86103772282145 134
    endloop
  endfacet
  facet normal 0 0 -1
    outer loop
      vertex -58.91795518772846 80.52237116545595 134
      vertex -81.9212710518496 90.86103772282145 134
      vertex -81.98203633155146 90.99514955299276 134
    endloop
  endfacet
  facet normal 0 0 -1
    outer loop
      vertex -58.35437140592269 80.69333243660162 134
      vertex -81.98203633155146 90.99514955299276 134
      vertex -82.05144284148501 91.125 134
    endloop
  endfacet
  facet normal 0 0 -1
    outer loop
      vertex -57.78081289814516 80.82706752362907 134
      vertex -82.05144284148501 91.125 134
      vertex -82.12919337231928 91.25003302429411 134
    endloop
  endfacet
  facet normal 0 0 -1
    outer loop
      vertex -86.25 90 134
      vertex -92 72 134
      vertex -92 116 134
    endloop
  endfacet
  facet normal 0 0 -1
    outer loop
      vertex -57.78081289814516 80.82706752362907 134
      vertex -82.12919337231928 91.25003302429411 134
      vertex -82.12919337231928 106.74996697570589 134
    endloop
  endfacet
  facet normal 0 0 -1
    outer loop
      vertex -61.025132097176424 79.4832265107229 134
      vertex -81.75481742271315 90.14715704076782 134
      vertex -60.525000000000006 79.79422863405995 134
    endloop
  endfacet
  facet normal 0 0 -1
    outer loop
      vertex -60.525000000000006 79.79422863405995 134
      vertex -81.79323311909273 90.43895322453629 134
      vertex -60.00559821197102 80.07185467379419 134
    endloop
  endfacet
  facet normal 0 0 -1
    outer loop
      vertex -60.00559821197102 80.07185467379419 134
      vertex -81.8266668908496 90.58234285148067 134
      vertex -59.469150891285814 80.31491579260158 134
    endloop
  endfacet
  facet normal 0 0 -1
    outer loop
      vertex -59.469150891285814 80.31491579260158 134
      vertex -81.9212710518496 90.86103772282145 134
      vertex -58.91795518772846 80.52237116545595 134
    endloop
  endfacet
  facet normal 0 0 -1
    outer loop
      vertex -58.91795518772846 80.52237116545595 134
      vertex -81.98203633155146 90.99514955299276 134
      vertex -58.35437140592269 80.69333243660162 134
    endloop
  endfacet
  facet normal 0 0 -1
    outer loop
      vertex -58.35437140592269 80.69333243660162 134
      vertex -82.05144284148501 91.125 134
      vertex -57.78081289814516 80.82706752362907 134
    endloop
  endfacet
  facet normal 0 0 -1
    outer loop
      vertex -57.78081289814516 80.82706752362907 134
      vertex -81.8266668908496 107.41765714851933 134
      vertex -57.19973572998047 80.9230037523643 134
    endloop
  endfacet
  facet normal 0 0 -1
    outer loop
      vertex -57.19973572998047 80.9230037523643 134
      vertex -81.76924906190892 107.70631606750489 134
      vertex -56.61362816307129 80.98073030914743 134
    endloop
  endfacet
  facet normal 0 0 -1
    outer loop
      vertex -56.61362816307129 80.98073030914743 134
      vertex -81.75481742271315 107.85284295923218 134
      vertex -56.025000000000006 81 134
    endloop
  endfacet
  facet normal 0 0 -1
    outer loop
      vertex -55.43637183692872 80.98073030914743 134
      vertex -56.025000000000006 81 134
      vertex -81.75 108 134
    endloop
  endfacet
  facet normal 0 0 -1
    outer loop
      vertex -55.43637183692872 80.98073030914743 134
      vertex -81.75481742271315 108.14715704076782 134
      vertex -54.850264270019544 80.9230037523643 134
    endloop
  endfacet
  facet normal 0 0 -1
    outer loop
      vertex -54.850264270019544 80.9230037523643 134
      vertex -81.76924906190892 108.29368393249511 134
      vertex -54.269187101854854 80.82706752362907 134
    endloop
  endfacet
  facet normal 0 0 -1
    outer loop
      vertex -54.269187101854854 80.82706752362907 134
      vertex -81.8266668908496 108.58234285148067 134
      vertex -53.69562859407732 80.69333243660162 134
    endloop
  endfacet
  facet normal 0 0 -1
    outer loop
      vertex -53.13204481227155 80.52237116545595 134
      vertex -81.8266668908496 108.58234285148067 134
      vertex -52.5808491087142 80.31491579260158 134
    endloop
  endfacet
  facet normal 0 0 -1
    outer loop
      vertex -53.69562859407732 80.69333243660162 134
      vertex -81.8266668908496 108.58234285148067 134
      vertex -53.13204481227155 80.52237116545595 134
    endloop
  endfacet
  facet normal 0 0 -1
    outer loop
      vertex -52.5808491087142 80.31491579260158 134
      vertex -81.8266668908496 108.58234285148067 134
      vertex -22.11915089128581 80.31491579260158 134
    endloop
  endfacet
  facet normal -1 0 0
    outer loop
      vertex -92 116 134
      vertex -92 72 134
      vertex -92 72 138
    endloop
  endfacet
  facet normal 0 0 -1
    outer loop
      vertex -47.025000000000006 72 134
      vertex -47.04426969085257 72.58862816307129 134
      vertex -27.675 72 134
    endloop
  endfacet
  facet normal 0 0 -1
    outer loop
      vertex -47.04426969085257 72.58862816307129 134
      vertex -47.10199624763571 73.17473572998047 134
      vertex -27.65573030914743 72.58862816307129 134
    endloop
  endfacet
  facet normal 0 0 -1
    outer loop
      vertex -47.10199624763571 73.17473572998047 134
      vertex -47.19793247637093 73.75581289814515 134
      vertex -27.598003752364292 73.17473572998047 134
    endloop
  endfacet
  facet normal 0 0 -1
    outer loop
      vertex -47.19793247637093 73.75581289814515 134
      vertex -47.33166756339839 74.32937140592269 134
      vertex -27.502067523629073 73.75581289814515 134
    endloop
  endfacet
  facet normal 0 0 -1
    outer loop
      vertex -47.502628834544055 74.89295518772846 134
      vertex -27.368332436601616 74.32937140592269 134
      vertex -47.33166756339839 74.32937140592269 134
    endloop
  endfacet
  facet normal 0 0 -1
    outer loop
      vertex -47.502628834544055 74.89295518772846 134
      vertex -47.710084207398424 75.4441508912858 134
      vertex -27.19737116545595 74.89295518772846 134
    endloop
  endfacet
  facet normal 0 0 -1
    outer loop
      vertex -47.710084207398424 75.4441508912858 134
      vertex -47.953145326205814 75.98059821197101 134
      vertex -26.98991579260158 75.4441508912858 134
    endloop
  endfacet
  facet normal 0 0 -1
    outer loop
      vertex -48.23077136594006 76.5 134
      vertex -26.746854673794196 75.98059821197101 134
      vertex -47.953145326205814 75.98059821197101 134
    endloop
  endfacet
  facet normal 0 0 -1
    outer loop
      vertex -48.23077136594006 76.5 134
      vertex -48.5417734892771 77.00013209717642 134
      vertex -26.46922863405995 76.5 134
    endloop
  endfacet
  facet normal 0 0 -1
    outer loop
      vertex -48.88481993737889 77.47885286107848 134
      vertex -26.15822651072291 77.00013209717642 134
      vertex -48.5417734892771 77.00013209717642 134
    endloop
  endfacet
  facet normal 0 0 -1
    outer loop
      vertex -47.04426969085257 72.58862816307129 134
      vertex -27.65573030914743 72.58862816307129 134
      vertex -27.675 72 134
    endloop
  endfacet
  facet normal 0 0 -1
    outer loop
      vertex -47.10199624763571 73.17473572998047 134
      vertex -27.598003752364292 73.17473572998047 134
      vertex -27.65573030914743 72.58862816307129 134
    endloop
  endfacet
  facet normal 0 0 -1
    outer loop
      vertex -47.19793247637093 73.75581289814515 134
      vertex -27.502067523629073 73.75581289814515 134
      vertex -27.598003752364292 73.17473572998047 134
    endloop
  endfacet
  facet normal 0 0 -1
    outer loop
      vertex -47.33166756339839 74.32937140592269 134
      vertex -27.368332436601616 74.32937140592269 134
      vertex -27.502067523629073 73.75581289814515 134
    endloop
  endfacet
  facet normal 0 0 -1
    outer loop
      vertex -47.502628834544055 74.89295518772846 134
      vertex -27.19737116545595 74.89295518772846 134
      vertex -27.368332436601616 74.32937140592269 134
    endloop
  endfacet
  facet normal 0 0 -1
    outer loop
      vertex -47.710084207398424 75.4441508912858 134
      vertex -26.98991579260158 75.4441508912858 134
      vertex -27.19737116545595 74.89295518772846 134
    endloop
  endfacet
  facet normal 0 0 -1
    outer loop
      vertex -47.953145326205814 75.98059821197101 134
      vertex -26.746854673794196 75.98059821197101 134
      vertex -26.98991579260158 75.4441508912858 134
    endloop
  endfacet
  facet normal 0 0 -1
    outer loop
      vertex -48.23077136594006 76.5 134
      vertex -26.46922863405995 76.5 134
      vertex -26.746854673794196 75.98059821197101 134
    endloop
  endfacet
  facet normal 0 0 -1
    outer loop
      vertex -48.5417734892771 77.00013209717642 134
      vertex -26.15822651072291 77.00013209717642 134
      vertex -26.46922863405995 76.5 134
    endloop
  endfacet
  facet normal 0 0 -1
    outer loop
      vertex -48.88481993737889 77.47885286107848 134
      vertex -25.815180062621117 77.47885286107848 134
      vertex -26.15822651072291 77.00013209717642 134
    endloop
  endfacet
  facet normal 0 0 -1
    outer loop
      vertex -48.88481993737889 77.47885286107848 134
      vertex -49.25844173268921 77.93411233590062 134
      vertex -25.815180062621117 77.47885286107848 134
    endloop
  endfacet
  facet normal 0 0 -1
    outer loop
      vertex -49.661038969321076 78.36396103067892 134
      vertex -25.441558267310796 77.93411233590062 134
      vertex -49.25844173268921 77.93411233590062 134
    endloop
  endfacet
  facet normal 0 0 -1
    outer loop
      vertex -49.661038969321076 78.36396103067892 134
      vertex -50.090887664099384 78.7665582673108 134
      vertex -25.03896103067893 78.36396103067892 134
    endloop
  endfacet
  facet normal 0 0 -1
    outer loop
      vertex -50.54614713892152 79.14018006262111 134
      vertex -24.60911233590062 78.7665582673108 134
      vertex -50.090887664099384 78.7665582673108 134
    endloop
  endfacet
  facet normal 0 0 -1
    outer loop
      vertex -50.54614713892152 79.14018006262111 134
      vertex -51.02486790282359 79.4832265107229 134
      vertex -24.153852861078487 79.14018006262111 134
    endloop
  endfacet
  facet normal 0 0 -1
    outer loop
      vertex -51.525000000000006 79.79422863405995 134
      vertex -23.67513209717642 79.4832265107229 134
      vertex -51.02486790282359 79.4832265107229 134
    endloop
  endfacet
  facet normal 0 0 -1
    outer loop
      vertex -52.04440178802899 80.07185467379419 134
      vertex -23.175 79.79422863405995 134
      vertex -51.525000000000006 79.79422863405995 134
    endloop
  endfacet
  facet normal 0 0 -1
    outer loop
      vertex -52.04440178802899 80.07185467379419 134
      vertex -52.5808491087142 80.31491579260158 134
      vertex -22.65559821197101 80.07185467379419 134
    endloop
  endfacet
  facet normal 0 0 -1
    outer loop
      vertex -49.25844173268921 77.93411233590062 134
      vertex -25.441558267310796 77.93411233590062 134
      vertex -25.815180062621117 77.47885286107848 134
    endloop
  endfacet
  facet normal 0 0 -1
    outer loop
      vertex -49.661038969321076 78.36396103067892 134
      vertex -25.03896103067893 78.36396103067892 134
      vertex -25.441558267310796 77.93411233590062 134
    endloop
  endfacet
  facet normal 0 0 -1
    outer loop
      vertex -50.090887664099384 78.7665582673108 134
      vertex -24.60911233590062 78.7665582673108 134
      vertex -25.03896103067893 78.36396103067892 134
    endloop
  endfacet
  facet normal 0 0 -1
    outer loop
      vertex -50.54614713892152 79.14018006262111 134
      vertex -24.153852861078487 79.14018006262111 134
      vertex -24.60911233590062 78.7665582673108 134
    endloop
  endfacet
  facet normal 0 0 -1
    outer loop
      vertex -51.02486790282359 79.4832265107229 134
      vertex -23.67513209717642 79.4832265107229 134
      vertex -24.153852861078487 79.14018006262111 134
    endloop
  endfacet
  facet normal 0 0 -1
    outer loop
      vertex -51.525000000000006 79.79422863405995 134
      vertex -23.175 79.79422863405995 134
      vertex -23.67513209717642 79.4832265107229 134
    endloop
  endfacet
  facet normal 0 0 -1
    outer loop
      vertex -52.04440178802899 80.07185467379419 134
      vertex -22.65559821197101 80.07185467379419 134
      vertex -23.175 79.79422863405995 134
    endloop
  endfacet
  facet normal 0 0 -1
    outer loop
      vertex -52.5808491087142 80.31491579260158 134
      vertex -22.11915089128581 80.31491579260158 134
      vertex -22.65559821197101 80.07185467379419 134
    endloop
  endfacet
  facet normal 0 0 -1
    outer loop
      vertex -9.675 72 134
      vertex -9.69426969085257 72.58862816307129 134
      vertex 10.603145326205807 75.98059821197101 134
    endloop
  endfacet
  facet normal 0 0 -1
    outer loop
      vertex -9.69426969085257 72.58862816307129 134
      vertex -9.751996247635708 73.17473572998047 134
      vertex 10.603145326205807 75.98059821197101 134
    endloop
  endfacet
  facet normal 0 0 -1
    outer loop
      vertex -9.751996247635708 73.17473572998047 134
      vertex -9.847932476370927 73.75581289814515 134
      vertex 10.603145326205807 75.98059821197101 134
    endloop
  endfacet
  facet normal 0 0 -1
    outer loop
      vertex -9.847932476370927 73.75581289814515 134
      vertex -9.981667563398386 74.32937140592269 134
      vertex 10.603145326205807 75.98059821197101 134
    endloop
  endfacet
  facet normal 0 0 -1
    outer loop
      vertex -10.15262883454405 74.89295518772846 134
      vertex 10.603145326205807 75.98059821197101 134
      vertex -9.981667563398386 74.32937140592269 134
    endloop
  endfacet
  facet normal 0 0 -1
    outer loop
      vertex -10.15262883454405 74.89295518772846 134
      vertex -10.36008420739842 75.4441508912858 134
      vertex 10.603145326205807 75.98059821197101 134
    endloop
  endfacet
  facet normal 0 0 -1
    outer loop
      vertex -10.36008420739842 75.4441508912858 134
      vertex -10.603145326205807 75.98059821197101 134
      vertex 10.603145326205807 75.98059821197101 134
    endloop
  endfacet
  facet normal 0 0 -1
    outer loop
      vertex -10.880771365940053 76.5 134
      vertex 10.603145326205807 75.98059821197101 134
      vertex -10.603145326205807 75.98059821197101 134
    endloop
  endfacet
  facet normal 0 0 -1
    outer loop
      vertex -10.880771365940053 76.5 134
      vertex -11.191773489277093 77.00013209717642 134
      vertex 10.603145326205807 75.98059821197101 134
    endloop
  endfacet
  facet normal 0 0 -1
    outer loop
      vertex -12.311038969321071 78.36396103067892 134
      vertex 10.603145326205807 75.98059821197101 134
      vertex -11.908441732689203 77.93411233590062 134
    endloop
  endfacet
  facet normal 0 0 -1
    outer loop
      vertex -11.534819937378884 77.47885286107848 134
      vertex 10.603145326205807 75.98059821197101 134
      vertex -11.191773489277093 77.00013209717642 134
    endloop
  endfacet
  facet normal 0 0 -1
    outer loop
      vertex -11.534819937378884 77.47885286107848 134
      vertex -11.908441732689203 77.93411233590062 134
      vertex 10.603145326205807 75.98059821197101 134
    endloop
  endfacet
  facet normal 0 0 -1
    outer loop
      vertex -14.694401788028989 80.07185467379419 134
      vertex 10.603145326205807 75.98059821197101 134
      vertex -14.175 79.79422863405995 134
    endloop
  endfacet
  facet normal 0 0 -1
    outer loop
      vertex -14.694401788028989 80.07185467379419 134
      vertex -15.230849108714192 80.31491579260158 134
      vertex 10.603145326205807 75.98059821197101 134
    endloop
  endfacet
  facet normal 0 0 -1
    outer loop
      vertex -16.919187101854845 80.82706752362907 134
      vertex 10.603145326205807 75.98059821197101 134
      vertex -16.345628594077315 80.69333243660162 134
    endloop
  endfacet
  facet normal 0 0 -1
    outer loop
      vertex -15.782044812271547 80.52237116545595 134
      vertex 10.603145326205807 75.98059821197101 134
      vertex -15.230849108714192 80.31491579260158 134
    endloop
  endfacet
  facet normal 0 0 -1
    outer loop
      vertex -16.345628594077315 80.69333243660162 134
      vertex 10.603145326205807 75.98059821197101 134
      vertex -15.782044812271547 80.52237116545595 134
    endloop
  endfacet
  facet normal 0 0 -1
    outer loop
      vertex -12.311038969321071 78.36396103067892 134
      vertex -12.74088766409938 78.7665582673108 134
      vertex 10.603145326205807 75.98059821197101 134
    endloop
  endfacet
  facet normal 0 0 -1
    outer loop
      vertex -13.196147138921514 79.14018006262111 134
      vertex 10.603145326205807 75.98059821197101 134
      vertex -12.74088766409938 78.7665582673108 134
    endloop
  endfacet
  facet normal 0 0 -1
    outer loop
      vertex -13.196147138921514 79.14018006262111 134
      vertex -13.674867902823582 79.4832265107229 134
      vertex 10.603145326205807 75.98059821197101 134
    endloop
  endfacet
  facet normal 0 0 -1
    outer loop
      vertex -13.674867902823582 79.4832265107229 134
      vertex -14.175 79.79422863405995 134
      vertex 10.603145326205807 75.98059821197101 134
    endloop
  endfacet
  facet normal 0 0 -1
    outer loop
      vertex -81.8266668908496 108.58234285148067 134
      vertex 10.603145326205807 75.98059821197101 134
      vertex -16.919187101854845 80.82706752362907 134
    endloop
  endfacet
  facet normal 0 0 -1
    outer loop
      vertex -81.8266668908496 108.58234285148067 134
      vertex -21.567955187728455 80.52237116545595 134
      vertex -22.11915089128581 80.31491579260158 134
    endloop
  endfacet
  facet normal 0 0 -1
    outer loop
      vertex -81.8266668908496 108.58234285148067 134
      vertex -21.004371405922686 80.69333243660162 134
      vertex -21.567955187728455 80.52237116545595 134
    endloop
  endfacet
  facet normal 0 0 -1
    outer loop
      vertex -81.8266668908496 108.58234285148067 134
      vertex -20.430812898145156 80.82706752362907 134
      vertex -21.004371405922686 80.69333243660162 134
    endloop
  endfacet
  facet normal 0 0 -1
    outer loop
      vertex -81.8266668908496 108.58234285148067 134
      vertex -19.849735729980466 80.9230037523643 134
      vertex -20.430812898145156 80.82706752362907 134
    endloop
  endfacet
  facet normal 0 0 -1
    outer loop
      vertex -81.8266668908496 108.58234285148067 134
      vertex -19.26362816307129 80.98073030914743 134
      vertex -19.849735729980466 80.9230037523643 134
    endloop
  endfacet
  facet normal 0 0 -1
    outer loop
      vertex -81.8266668908496 108.58234285148067 134
      vertex -18.675 81 134
      vertex -19.26362816307129 80.98073030914743 134
    endloop
  endfacet
  facet normal 0 0 -1
    outer loop
      vertex -81.8266668908496 108.58234285148067 134
      vertex -18.086371836928713 80.98073030914743 134
      vertex -18.675 81 134
    endloop
  endfacet
  facet normal 0 0 -1
    outer loop
      vertex -81.8266668908496 108.58234285148067 134
      vertex -17.500264270019535 80.9230037523643 134
      vertex -18.086371836928713 80.98073030914743 134
    endloop
  endfacet
  facet normal 0 0 -1
    outer loop
      vertex -81.8266668908496 108.58234285148067 134
      vertex -16.919187101854845 80.82706752362907 134
      vertex -17.500264270019535 80.9230037523643 134
    endloop
  endfacet
  facet normal 0 0 -1
    outer loop
      vertex -81.8266668908496 108.58234285148067 134
      vertex 10.880771365940053 76.5 134
      vertex 10.603145326205807 75.98059821197101 134
    endloop
  endfacet
  facet normal 0 0 -1
    outer loop
      vertex -81.8266668908496 108.58234285148067 134
      vertex 11.191773489277093 77.00013209717642 134
      vertex 10.880771365940053 76.5 134
    endloop
  endfacet
  facet normal 0 0 -1
    outer loop
      vertex -81.8266668908496 108.58234285148067 134
      vertex 11.534819937378884 77.47885286107848 134
      vertex 11.191773489277093 77.00013209717642 134
    endloop
  endfacet
  facet normal 0 0 -1
    outer loop
      vertex -81.8266668908496 108.58234285148067 134
      vertex 11.908441732689203 77.93411233590062 134
      vertex 11.534819937378884 77.47885286107848 134
    endloop
  endfacet
  facet normal 0 0 -1
    outer loop
      vertex -81.8266668908496 108.58234285148067 134
      vertex 12.311038969321071 78.36396103067892 134
      vertex 11.908441732689203 77.93411233590062 134
    endloop
  endfacet
  facet normal 0 0 -1
    outer loop
      vertex -81.8266668908496 108.58234285148067 134
      vertex 12.74088766409938 78.7665582673108 134
      vertex 12.311038969321071 78.36396103067892 134
    endloop
  endfacet
  facet normal 0 0 -1
    outer loop
      vertex -81.8266668908496 108.58234285148067 134
      vertex 13.196147138921514 79.14018006262111 134
      vertex 12.74088766409938 78.7665582673108 134
    endloop
  endfacet
  facet normal 0 0 -1
    outer loop
      vertex -81.8266668908496 108.58234285148067 134
      vertex 13.674867902823582 79.4832265107229 134
      vertex 13.196147138921514 79.14018006262111 134
    endloop
  endfacet
  facet normal 0 0 -1
    outer loop
      vertex -81.8266668908496 108.58234285148067 134
      vertex 14.175 79.79422863405995 134
      vertex 13.674867902823582 79.4832265107229 134
    endloop
  endfacet
  facet normal 0 0 -1
    outer loop
      vertex -81.8266668908496 108.58234285148067 134
      vertex 14.694401788028989 80.07185467379419 134
      vertex 14.175 79.79422863405995 134
    endloop
  endfacet
  facet normal 0 0 -1
    outer loop
      vertex -81.8266668908496 108.58234285148067 134
      vertex 15.230849108714192 80.31491579260158 134
      vertex 14.694401788028989 80.07185467379419 134
    endloop
  endfacet
  facet normal 0 0 -1
    outer loop
      vertex -81.8266668908496 108.58234285148067 134
      vertex 15.782044812271547 80.52237116545595 134
      vertex 15.230849108714192 80.31491579260158 134
    endloop
  endfacet
  facet normal 0 0 -1
    outer loop
      vertex -81.8266668908496 108.58234285148067 134
      vertex 16.345628594077315 80.69333243660162 134
      vertex 15.782044812271547 80.52237116545595 134
    endloop
  endfacet
  facet normal 0 0 -1
    outer loop
      vertex -81.8266668908496 108.58234285148067 134
      vertex 16.919187101854845 80.82706752362907 134
      vertex 16.345628594077315 80.69333243660162 134
    endloop
  endfacet
  facet normal 0 0 -1
    outer loop
      vertex -81.8266668908496 108.58234285148067 134
      vertex 17.500264270019535 80.9230037523643 134
      vertex 16.919187101854845 80.82706752362907 134
    endloop
  endfacet
  facet normal 0 0 -1
    outer loop
      vertex -81.8266668908496 108.58234285148067 134
      vertex 18.086371836928713 80.98073030914743 134
      vertex 17.500264270019535 80.9230037523643 134
    endloop
  endfacet
  facet normal 0 0 -1
    outer loop
      vertex -81.8266668908496 108.58234285148067 134
      vertex 18.675 81 134
      vertex 18.086371836928713 80.98073030914743 134
    endloop
  endfacet
  facet normal 0 0 1
    outer loop
      vertex -84.86103772282145 87.9212710518496 138
      vertex -92 72 138
      vertex -65.025 72 138
    endloop
  endfacet
  facet normal 0 0 1
    outer loop
      vertex -83.56104677546371 87.79323311909273 138
      vertex -65.025 72 138
      vertex -65.00573030914744 72.58862816307129 138
    endloop
  endfacet
  facet normal 0 0 1
    outer loop
      vertex -85.59099025766973 88.40900974233027 138
      vertex -92 72 138
      vertex -85.48352808397516 88.3083604331723 138
    endloop
  endfacet
  facet normal 0 0 1
    outer loop
      vertex -85.59099025766973 88.40900974233027 138
      vertex -85.6916395668277 88.51647191602484 138
      vertex -92 72 138
    endloop
  endfacet
  facet normal 0 0 1
    outer loop
      vertex -84.99514955299276 87.98203633155146 138
      vertex -92 72 138
      vertex -84.86103772282145 87.9212710518496 138
    endloop
  endfacet
  facet normal 0 0 1
    outer loop
      vertex -84.99514955299276 87.98203633155146 138
      vertex -85.125 88.05144284148501 138
      vertex -92 72 138
    endloop
  endfacet
  facet normal 0 0 1
    outer loop
      vertex -85.25003302429411 88.12919337231928 138
      vertex -92 72 138
      vertex -85.125 88.05144284148501 138
    endloop
  endfacet
  facet normal 0 0 1
    outer loop
      vertex -85.36971321526963 88.21495498434471 138
      vertex -92 72 138
      vertex -85.25003302429411 88.12919337231928 138
    endloop
  endfacet
  facet normal 0 0 1
    outer loop
      vertex -85.36971321526963 88.21495498434471 138
      vertex -85.48352808397516 88.3083604331723 138
      vertex -92 72 138
    endloop
  endfacet
  facet normal 0 0 1
    outer loop
      vertex -83.27676120306789 87.869407208636 138
      vertex -65.00573030914744 72.58862816307129 138
      vertex -64.9480037523643 73.17473572998047 138
    endloop
  endfacet
  facet normal 0 0 1
    outer loop
      vertex -83.13896227717855 87.9212710518496 138
      vertex -64.9480037523643 73.17473572998047 138
      vertex -64.85206752362907 73.75581289814515 138
    endloop
  endfacet
  facet normal 0 0 1
    outer loop
      vertex -83.00485044700724 87.98203633155146 138
      vertex -64.85206752362907 73.75581289814515 138
      vertex -64.71833243660163 74.32937140592269 138
    endloop
  endfacet
  facet normal 0 0 1
    outer loop
      vertex -64.71833243660163 74.32937140592269 138
      vertex -64.54737116545596 74.89295518772846 138
      vertex -82.74996697570589 88.12919337231928 138
    endloop
  endfacet
  facet normal 0 0 1
    outer loop
      vertex -64.54737116545596 74.89295518772846 138
      vertex -64.33991579260159 75.4441508912858 138
      vertex -82.63028678473037 88.21495498434471 138
    endloop
  endfacet
  facet normal 0 0 1
    outer loop
      vertex -64.33991579260159 75.4441508912858 138
      vertex -64.0968546737942 75.98059821197101 138
      vertex -82.40900974233027 88.40900974233027 138
    endloop
  endfacet
  facet normal 0 0 1
    outer loop
      vertex -84.58234285148067 87.8266668908496 138
      vertex -65.025 72 138
      vertex -84.43895322453629 87.79323311909273 138
    endloop
  endfacet
  facet normal 0 0 1
    outer loop
      vertex -84.72323879693211 87.869407208636 138
      vertex -65.025 72 138
      vertex -84.58234285148067 87.8266668908496 138
    endloop
  endfacet
  facet normal 0 0 1
    outer loop
      vertex -84.86103772282145 87.9212710518496 138
      vertex -65.025 72 138
      vertex -84.72323879693211 87.869407208636 138
    endloop
  endfacet
  facet normal 0 0 1
    outer loop
      vertex -84.29368393249511 87.76924906190892 138
      vertex -84.43895322453629 87.79323311909273 138
      vertex -65.025 72 138
    endloop
  endfacet
  facet normal 0 0 1
    outer loop
      vertex -84.29368393249511 87.76924906190892 138
      vertex -65.025 72 138
      vertex -84.14715704076782 87.75481742271315 138
    endloop
  endfacet
  facet normal 0 0 1
    outer loop
      vertex -84.14715704076782 87.75481742271315 138
      vertex -65.025 72 138
      vertex -84 87.75 138
    endloop
  endfacet
  facet normal 0 0 1
    outer loop
      vertex -84 87.75 138
      vertex -65.025 72 138
      vertex -83.85284295923218 87.75481742271315 138
    endloop
  endfacet
  facet normal 0 0 1
    outer loop
      vertex -83.85284295923218 87.75481742271315 138
      vertex -65.025 72 138
      vertex -83.70631606750489 87.76924906190892 138
    endloop
  endfacet
  facet normal 0 0 1
    outer loop
      vertex -83.70631606750489 87.76924906190892 138
      vertex -65.025 72 138
      vertex -83.56104677546371 87.79323311909273 138
    endloop
  endfacet
  facet normal 0 0 1
    outer loop
      vertex -83.56104677546371 87.79323311909273 138
      vertex -65.00573030914744 72.58862816307129 138
      vertex -83.41765714851933 87.8266668908496 138
    endloop
  endfacet
  facet normal 0 0 1
    outer loop
      vertex -83.41765714851933 87.8266668908496 138
      vertex -65.00573030914744 72.58862816307129 138
      vertex -83.27676120306789 87.869407208636 138
    endloop
  endfacet
  facet normal 0 0 1
    outer loop
      vertex -83.27676120306789 87.869407208636 138
      vertex -64.9480037523643 73.17473572998047 138
      vertex -83.13896227717855 87.9212710518496 138
    endloop
  endfacet
  facet normal 0 0 1
    outer loop
      vertex -64.0968546737942 75.98059821197101 138
      vertex -63.819228634059954 76.5 138
      vertex -82.3083604331723 88.51647191602484 138
    endloop
  endfacet
  facet normal 0 0 1
    outer loop
      vertex -63.819228634059954 76.5 138
      vertex -63.50822651072291 77.00013209717642 138
      vertex -82.12919337231928 88.74996697570589 138
    endloop
  endfacet
  facet normal 0 0 1
    outer loop
      vertex -63.50822651072291 77.00013209717642 138
      vertex -63.16518006262112 77.47885286107848 138
      vertex -81.98203633155146 89.00485044700724 138
    endloop
  endfacet
  facet normal 0 0 1
    outer loop
      vertex -63.16518006262112 77.47885286107848 138
      vertex -62.791558267310805 77.93411233590062 138
      vertex -81.869407208636 89.27676120306789 138
    endloop
  endfacet
  facet normal 0 0 1
    outer loop
      vertex -62.791558267310805 77.93411233590062 138
      vertex -62.388961030678935 78.36396103067892 138
      vertex -81.79323311909273 89.56104677546371 138
    endloop
  endfacet
  facet normal 0 0 1
    outer loop
      vertex -62.388961030678935 78.36396103067892 138
      vertex -61.95911233590063 78.7665582673108 138
      vertex -81.76924906190892 89.70631606750489 138
    endloop
  endfacet
  facet normal 0 0 1
    outer loop
      vertex -61.95911233590063 78.7665582673108 138
      vertex -61.50385286107849 79.14018006262111 138
      vertex -81.75 90 138
    endloop
  endfacet
  facet normal 0 0 1
    outer loop
      vertex -61.50385286107849 79.14018006262111 138
      vertex -61.025132097176424 79.4832265107229 138
      vertex -81.75 90 138
    endloop
  endfacet
  facet normal 0 0 1
    outer loop
      vertex -53.13204481227155 80.52237116545595 138
      vertex -26.46922863405995 76.5 138
      vertex -81.75 90 138
    endloop
  endfacet
  facet normal 0 0 1
    outer loop
      vertex -85.78504501565529 88.63028678473037 138
      vertex -92 72 138
      vertex -85.6916395668277 88.51647191602484 138
    endloop
  endfacet
  facet normal 0 0 1
    outer loop
      vertex -85.78504501565529 88.63028678473037 138
      vertex -85.87080662768072 88.74996697570589 138
      vertex -92 72 138
    endloop
  endfacet
  facet normal 0 0 1
    outer loop
      vertex -85.87080662768072 88.74996697570589 138
      vertex -85.94855715851499 88.875 138
      vertex -92 72 138
    endloop
  endfacet
  facet normal 0 0 1
    outer loop
      vertex -85.94855715851499 88.875 138
      vertex -86.01796366844854 89.00485044700724 138
      vertex -92 72 138
    endloop
  endfacet
  facet normal 0 0 1
    outer loop
      vertex -86.0787289481504 89.13896227717855 138
      vertex -86.130592791364 89.27676120306789 138
      vertex -92 72 138
    endloop
  endfacet
  facet normal 0 0 1
    outer loop
      vertex -86.01796366844854 89.00485044700724 138
      vertex -86.0787289481504 89.13896227717855 138
      vertex -92 72 138
    endloop
  endfacet
  facet normal 0 0 1
    outer loop
      vertex -86.130592791364 89.27676120306789 138
      vertex -86.1733331091504 89.41765714851933 138
      vertex -92 72 138
    endloop
  endfacet
  facet normal 0 0 1
    outer loop
      vertex -86.1733331091504 89.41765714851933 138
      vertex -86.20676688090727 89.56104677546371 138
      vertex -92 72 138
    endloop
  endfacet
  facet normal 0 0 1
    outer loop
      vertex -86.20676688090727 89.56104677546371 138
      vertex -86.23075093809108 89.70631606750489 138
      vertex -92 72 138
    endloop
  endfacet
  facet normal 0 0 1
    outer loop
      vertex -86.23075093809108 89.70631606750489 138
      vertex -86.24518257728685 89.85284295923218 138
      vertex -92 72 138
    endloop
  endfacet
  facet normal 0 0 1
    outer loop
      vertex -83.13896227717855 87.9212710518496 138
      vertex -64.85206752362907 73.75581289814515 138
      vertex -83.00485044700724 87.98203633155146 138
    endloop
  endfacet
  facet normal 0 0 1
    outer loop
      vertex -83.00485044700724 87.98203633155146 138
      vertex -64.71833243660163 74.32937140592269 138
      vertex -82.875 88.05144284148501 138
    endloop
  endfacet
  facet normal 0 0 1
    outer loop
      vertex -64.71833243660163 74.32937140592269 138
      vertex -82.74996697570589 88.12919337231928 138
      vertex -82.875 88.05144284148501 138
    endloop
  endfacet
  facet normal 0 0 1
    outer loop
      vertex -64.54737116545596 74.89295518772846 138
      vertex -82.63028678473037 88.21495498434471 138
      vertex -82.74996697570589 88.12919337231928 138
    endloop
  endfacet
  facet normal 0 0 1
    outer loop
      vertex -64.33991579260159 75.4441508912858 138
      vertex -82.51647191602484 88.3083604331723 138
      vertex -82.63028678473037 88.21495498434471 138
    endloop
  endfacet
  facet normal 0 0 1
    outer loop
      vertex -64.33991579260159 75.4441508912858 138
      vertex -82.40900974233027 88.40900974233027 138
      vertex -82.51647191602484 88.3083604331723 138
    endloop
  endfacet
  facet normal 0 0 1
    outer loop
      vertex -64.0968546737942 75.98059821197101 138
      vertex -82.3083604331723 88.51647191602484 138
      vertex -82.40900974233027 88.40900974233027 138
    endloop
  endfacet
  facet normal 0 0 1
    outer loop
      vertex -63.819228634059954 76.5 138
      vertex -82.21495498434471 88.63028678473037 138
      vertex -82.3083604331723 88.51647191602484 138
    endloop
  endfacet
  facet normal 0 0 1
    outer loop
      vertex -63.819228634059954 76.5 138
      vertex -82.12919337231928 88.74996697570589 138
      vertex -82.21495498434471 88.63028678473037 138
    endloop
  endfacet
  facet normal 0 0 1
    outer loop
      vertex -63.50822651072291 77.00013209717642 138
      vertex -82.05144284148501 88.875 138
      vertex -82.12919337231928 88.74996697570589 138
    endloop
  endfacet
  facet normal 0 0 1
    outer loop
      vertex -63.50822651072291 77.00013209717642 138
      vertex -81.98203633155146 89.00485044700724 138
      vertex -82.05144284148501 88.875 138
    endloop
  endfacet
  facet normal 0 0 1
    outer loop
      vertex -63.16518006262112 77.47885286107848 138
      vertex -81.9212710518496 89.13896227717855 138
      vertex -81.98203633155146 89.00485044700724 138
    endloop
  endfacet
  facet normal 0 0 1
    outer loop
      vertex -63.16518006262112 77.47885286107848 138
      vertex -81.869407208636 89.27676120306789 138
      vertex -81.9212710518496 89.13896227717855 138
    endloop
  endfacet
  facet normal 0 0 1
    outer loop
      vertex -62.791558267310805 77.93411233590062 138
      vertex -81.8266668908496 89.41765714851933 138
      vertex -81.869407208636 89.27676120306789 138
    endloop
  endfacet
  facet normal 0 0 1
    outer loop
      vertex -62.791558267310805 77.93411233590062 138
      vertex -81.79323311909273 89.56104677546371 138
      vertex -81.8266668908496 89.41765714851933 138
    endloop
  endfacet
  facet normal 0 0 1
    outer loop
      vertex -62.388961030678935 78.36396103067892 138
      vertex -81.76924906190892 89.70631606750489 138
      vertex -81.79323311909273 89.56104677546371 138
    endloop
  endfacet
  facet normal 0 0 1
    outer loop
      vertex -61.95911233590063 78.7665582673108 138
      vertex -81.75481742271315 89.85284295923218 138
      vertex -81.76924906190892 89.70631606750489 138
    endloop
  endfacet
  facet normal 0 0 1
    outer loop
      vertex -61.95911233590063 78.7665582673108 138
      vertex -81.75 90 138
      vertex -81.75481742271315 89.85284295923218 138
    endloop
  endfacet
  facet normal 0 0 1
    outer loop
      vertex -86.24518257728685 89.85284295923218 138
      vertex -92 116 138
      vertex -92 72 138
    endloop
  endfacet
  facet normal 0 0 1
    outer loop
      vertex -61.025132097176424 79.4832265107229 138
      vertex -60.525000000000006 79.79422863405995 138
      vertex -81.75 90 138
    endloop
  endfacet
  facet normal 0 0 1
    outer loop
      vertex -60.525000000000006 79.79422863405995 138
      vertex -60.00559821197102 80.07185467379419 138
      vertex -81.75 90 138
    endloop
  endfacet
  facet normal 0 0 1
    outer loop
      vertex -60.00559821197102 80.07185467379419 138
      vertex -59.469150891285814 80.31491579260158 138
      vertex -81.75 90 138
    endloop
  endfacet
  facet normal 0 0 1
    outer loop
      vertex -59.469150891285814 80.31491579260158 138
      vertex -58.91795518772846 80.52237116545595 138
      vertex -81.75 90 138
    endloop
  endfacet
  facet normal 0 0 1
    outer loop
      vertex -58.91795518772846 80.52237116545595 138
      vertex -58.35437140592269 80.69333243660162 138
      vertex -81.75 90 138
    endloop
  endfacet
  facet normal 0 0 1
    outer loop
      vertex -58.35437140592269 80.69333243660162 138
      vertex -57.78081289814516 80.82706752362907 138
      vertex -81.75 90 138
    endloop
  endfacet
  facet normal 0 0 1
    outer loop
      vertex -57.78081289814516 80.82706752362907 138
      vertex -57.19973572998047 80.9230037523643 138
      vertex -81.75 90 138
    endloop
  endfacet
  facet normal 0 0 1
    outer loop
      vertex -57.19973572998047 80.9230037523643 138
      vertex -56.61362816307129 80.98073030914743 138
      vertex -81.75 90 138
    endloop
  endfacet
  facet normal 0 0 1
    outer loop
      vertex -56.61362816307129 80.98073030914743 138
      vertex -56.025000000000006 81 138
      vertex -81.75 90 138
    endloop
  endfacet
  facet normal 0 0 1
    outer loop
      vertex -55.43637183692872 80.98073030914743 138
      vertex -81.75 90 138
      vertex -56.025000000000006 81 138
    endloop
  endfacet
  facet normal 0 0 1
    outer loop
      vertex -55.43637183692872 80.98073030914743 138
      vertex -54.850264270019544 80.9230037523643 138
      vertex -81.75 90 138
    endloop
  endfacet
  facet normal 0 0 1
    outer loop
      vertex -54.850264270019544 80.9230037523643 138
      vertex -54.269187101854854 80.82706752362907 138
      vertex -81.75 90 138
    endloop
  endfacet
  facet normal 0 0 1
    outer loop
      vertex -54.269187101854854 80.82706752362907 138
      vertex -53.69562859407732 80.69333243660162 138
      vertex -81.75 90 138
    endloop
  endfacet
  facet normal 0 0 1
    outer loop
      vertex -53.69562859407732 80.69333243660162 138
      vertex -53.13204481227155 80.52237116545595 138
      vertex -81.75 90 138
    endloop
  endfacet
  facet normal 0 0 1
    outer loop
      vertex -81.75 90 138
      vertex -26.46922863405995 76.5 138
      vertex -81.75 108 138
    endloop
  endfacet
  facet normal 0 0 1
    outer loop
      vertex -92 116 138
      vertex -26.46922863405995 76.5 138
      vertex -26.15822651072291 77.00013209717642 138
    endloop
  endfacet
  facet normal 0 0 1
    outer loop
      vertex -92 116 138
      vertex -26.15822651072291 77.00013209717642 138
      vertex -25.815180062621117 77.47885286107848 138
    endloop
  endfacet
  facet normal 0 0 1
    outer loop
      vertex -92 116 138
      vertex -25.815180062621117 77.47885286107848 138
      vertex -25.441558267310796 77.93411233590062 138
    endloop
  endfacet
  facet normal 0 0 1
    outer loop
      vertex -92 116 138
      vertex -25.441558267310796 77.93411233590062 138
      vertex -25.03896103067893 78.36396103067892 138
    endloop
  endfacet
  facet normal 0 0 1
    outer loop
      vertex -92 116 138
      vertex -25.03896103067893 78.36396103067892 138
      vertex -24.60911233590062 78.7665582673108 138
    endloop
  endfacet
  facet normal 0 0 1
    outer loop
      vertex -92 116 138
      vertex -24.60911233590062 78.7665582673108 138
      vertex -24.153852861078487 79.14018006262111 138
    endloop
  endfacet
  facet normal 0 0 1
    outer loop
      vertex -92 116 138
      vertex -24.153852861078487 79.14018006262111 138
      vertex -23.67513209717642 79.4832265107229 138
    endloop
  endfacet
  facet normal 0 0 1
    outer loop
      vertex -92 116 138
      vertex -23.67513209717642 79.4832265107229 138
      vertex -23.175 79.79422863405995 138
    endloop
  endfacet
  facet normal 0 0 1
    outer loop
      vertex -47.025000000000006 72 138
      vertex -27.65573030914743 72.58862816307129 138
      vertex -47.04426969085257 72.58862816307129 138
    endloop
  endfacet
  facet normal 0 0 1
    outer loop
      vertex -47.04426969085257 72.58862816307129 138
      vertex -27.598003752364292 73.17473572998047 138
      vertex -47.10199624763571 73.17473572998047 138
    endloop
  endfacet
  facet normal 0 0 1
    outer loop
      vertex -47.10199624763571 73.17473572998047 138
      vertex -27.502067523629073 73.75581289814515 138
      vertex -47.19793247637093 73.75581289814515 138
    endloop
  endfacet
  facet normal 0 0 1
    outer loop
      vertex -47.19793247637093 73.75581289814515 138
      vertex -27.368332436601616 74.32937140592269 138
      vertex -47.33166756339839 74.32937140592269 138
    endloop
  endfacet
  facet normal 0 0 1
    outer loop
      vertex -47.502628834544055 74.89295518772846 138
      vertex -47.33166756339839 74.32937140592269 138
      vertex -27.19737116545595 74.89295518772846 138
    endloop
  endfacet
  facet normal 0 0 1
    outer loop
      vertex -47.502628834544055 74.89295518772846 138
      vertex -26.98991579260158 75.4441508912858 138
      vertex -47.710084207398424 75.4441508912858 138
    endloop
  endfacet
  facet normal 0 0 1
    outer loop
      vertex -47.710084207398424 75.4441508912858 138
      vertex -26.746854673794196 75.98059821197101 138
      vertex -47.953145326205814 75.98059821197101 138
    endloop
  endfacet
  facet normal 0 0 1
    outer loop
      vertex -48.23077136594006 76.5 138
      vertex -47.953145326205814 75.98059821197101 138
      vertex -26.46922863405995 76.5 138
    endloop
  endfacet
  facet normal 0 0 1
    outer loop
      vertex -48.23077136594006 76.5 138
      vertex -26.46922863405995 76.5 138
      vertex -48.5417734892771 77.00013209717642 138
    endloop
  endfacet
  facet normal 0 0 1
    outer loop
      vertex -48.88481993737889 77.47885286107848 138
      vertex -48.5417734892771 77.00013209717642 138
      vertex -26.46922863405995 76.5 138
    endloop
  endfacet
  facet normal 0 0 1
    outer loop
      vertex -48.88481993737889 77.47885286107848 138
      vertex -26.46922863405995 76.5 138
      vertex -49.25844173268921 77.93411233590062 138
    endloop
  endfacet
  facet normal 0 0 1
    outer loop
      vertex -47.025000000000006 72 138
      vertex -27.675 72 138
      vertex -27.65573030914743 72.58862816307129 138
    endloop
  endfacet
  facet normal 0 0 1
    outer loop
      vertex -47.04426969085257 72.58862816307129 138
      vertex -27.65573030914743 72.58862816307129 138
      vertex -27.598003752364292 73.17473572998047 138
    endloop
  endfacet
  facet normal 0 0 1
    outer loop
      vertex -47.10199624763571 73.17473572998047 138
      vertex -27.598003752364292 73.17473572998047 138
      vertex -27.502067523629073 73.75581289814515 138
    endloop
  endfacet
  facet normal 0 0 1
    outer loop
      vertex -47.19793247637093 73.75581289814515 138
      vertex -27.502067523629073 73.75581289814515 138
      vertex -27.368332436601616 74.32937140592269 138
    endloop
  endfacet
  facet normal 0 0 1
    outer loop
      vertex -47.33166756339839 74.32937140592269 138
      vertex -27.368332436601616 74.32937140592269 138
      vertex -27.19737116545595 74.89295518772846 138
    endloop
  endfacet
  facet normal 0 0 1
    outer loop
      vertex -47.502628834544055 74.89295518772846 138
      vertex -27.19737116545595 74.89295518772846 138
      vertex -26.98991579260158 75.4441508912858 138
    endloop
  endfacet
  facet normal 0 0 1
    outer loop
      vertex -47.710084207398424 75.4441508912858 138
      vertex -26.98991579260158 75.4441508912858 138
      vertex -26.746854673794196 75.98059821197101 138
    endloop
  endfacet
  facet normal 0 0 1
    outer loop
      vertex -47.953145326205814 75.98059821197101 138
      vertex -26.746854673794196 75.98059821197101 138
      vertex -26.46922863405995 76.5 138
    endloop
  endfacet
  facet normal 0 0 1
    outer loop
      vertex -52.04440178802899 80.07185467379419 138
      vertex -51.525000000000006 79.79422863405995 138
      vertex -26.46922863405995 76.5 138
    endloop
  endfacet
  facet normal 0 0 1
    outer loop
      vertex -49.661038969321076 78.36396103067892 138
      vertex -49.25844173268921 77.93411233590062 138
      vertex -26.46922863405995 76.5 138
    endloop
  endfacet
  facet normal 0 0 1
    outer loop
      vertex -49.661038969321076 78.36396103067892 138
      vertex -26.46922863405995 76.5 138
      vertex -50.090887664099384 78.7665582673108 138
    endloop
  endfacet
  facet normal 0 0 1
    outer loop
      vertex -50.54614713892152 79.14018006262111 138
      vertex -50.090887664099384 78.7665582673108 138
      vertex -26.46922863405995 76.5 138
    endloop
  endfacet
  facet normal 0 0 1
    outer loop
      vertex -50.54614713892152 79.14018006262111 138
      vertex -26.46922863405995 76.5 138
      vertex -51.02486790282359 79.4832265107229 138
    endloop
  endfacet
  facet normal 0 0 1
    outer loop
      vertex -51.525000000000006 79.79422863405995 138
      vertex -51.02486790282359 79.4832265107229 138
      vertex -26.46922863405995 76.5 138
    endloop
  endfacet
  facet normal 0 0 1
    outer loop
      vertex -53.13204481227155 80.52237116545595 138
      vertex -52.5808491087142 80.31491579260158 138
      vertex -26.46922863405995 76.5 138
    endloop
  endfacet
  facet normal 0 0 1
    outer loop
      vertex -52.04440178802899 80.07185467379419 138
      vertex -26.46922863405995 76.5 138
      vertex -52.5808491087142 80.31491579260158 138
    endloop
  endfacet
  facet normal 0 0 1
    outer loop
      vertex -9.69426969085257 72.58862816307129 138
      vertex -9.675 72 138
      vertex 9.675 72 138
    endloop
  endfacet
  facet normal 0 0 1
    outer loop
      vertex -9.69426969085257 72.58862816307129 138
      vertex 9.675 72 138
      vertex -9.751996247635708 73.17473572998047 138
    endloop
  endfacet
  facet normal 0 0 1
    outer loop
      vertex -9.751996247635708 73.17473572998047 138
      vertex 9.675 72 138
      vertex -9.847932476370927 73.75581289814515 138
    endloop
  endfacet
  facet normal 0 0 1
    outer loop
      vertex -9.847932476370927 73.75581289814515 138
      vertex 9.675 72 138
      vertex -9.981667563398386 74.32937140592269 138
    endloop
  endfacet
  facet normal 0 0 1
    outer loop
      vertex -10.15262883454405 74.89295518772846 138
      vertex -9.981667563398386 74.32937140592269 138
      vertex 9.675 72 138
    endloop
  endfacet
  facet normal 0 0 1
    outer loop
      vertex -10.15262883454405 74.89295518772846 138
      vertex 9.675 72 138
      vertex -10.36008420739842 75.4441508912858 138
    endloop
  endfacet
  facet normal 0 0 1
    outer loop
      vertex -10.36008420739842 75.4441508912858 138
      vertex 9.675 72 138
      vertex -10.603145326205807 75.98059821197101 138
    endloop
  endfacet
  facet normal 0 0 1
    outer loop
      vertex -92 116 138
      vertex -23.175 79.79422863405995 138
      vertex -22.65559821197101 80.07185467379419 138
    endloop
  endfacet
  facet normal 0 0 1
    outer loop
      vertex -92 116 138
      vertex -22.65559821197101 80.07185467379419 138
      vertex -22.11915089128581 80.31491579260158 138
    endloop
  endfacet
  facet normal 0 0 1
    outer loop
      vertex -92 116 138
      vertex -22.11915089128581 80.31491579260158 138
      vertex -21.567955187728455 80.52237116545595 138
    endloop
  endfacet
  facet normal 0 0 1
    outer loop
      vertex -92 116 138
      vertex -21.567955187728455 80.52237116545595 138
      vertex -21.004371405922686 80.69333243660162 138
    endloop
  endfacet
  facet normal 0 0 1
    outer loop
      vertex -92 116 138
      vertex -21.004371405922686 80.69333243660162 138
      vertex -20.430812898145156 80.82706752362907 138
    endloop
  endfacet
  facet normal 0 0 1
    outer loop
      vertex -92 116 138
      vertex -20.430812898145156 80.82706752362907 138
      vertex -19.849735729980466 80.9230037523643 138
    endloop
  endfacet
  facet normal 0 0 1
    outer loop
      vertex -92 116 138
      vertex -19.849735729980466 80.9230037523643 138
      vertex -19.26362816307129 80.98073030914743 138
    endloop
  endfacet
  facet normal 0 0 1
    outer loop
      vertex -92 116 138
      vertex -19.26362816307129 80.98073030914743 138
      vertex -18.675 81 138
    endloop
  endfacet
  facet normal 0 0 -1
    outer loop
      vertex -86.25 90 134
      vertex -86.24518257728685 107.85284295923218 134
      vertex -86.24518257728685 90.14715704076782 134
    endloop
  endfacet
  facet normal 0 0 -1
    outer loop
      vertex -86.24518257728685 90.14715704076782 134
      vertex -86.23075093809108 107.70631606750489 134
      vertex -86.23075093809108 90.29368393249511 134
    endloop
  endfacet
  facet normal 0 0 -1
    outer loop
      vertex -86.23075093809108 90.29368393249511 134
      vertex -86.20676688090727 107.56104677546371 134
      vertex -86.20676688090727 90.43895322453629 134
    endloop
  endfacet
  facet normal 0 0 -1
    outer loop
      vertex -86.20676688090727 90.43895322453629 134
      vertex -86.1733331091504 107.41765714851933 134
      vertex -86.1733331091504 90.58234285148067 134
    endloop
  endfacet
  facet normal 0 0 -1
    outer loop
      vertex -86.1733331091504 90.58234285148067 134
      vertex -86.130592791364 107.27676120306789 134
      vertex -86.130592791364 90.72323879693211 134
    endloop
  endfacet
  facet normal 0 0 -1
    outer loop
      vertex -86.130592791364 90.72323879693211 134
      vertex -86.0787289481504 107.13896227717855 134
      vertex -86.0787289481504 90.86103772282145 134
    endloop
  endfacet
  facet normal 0 0 -1
    outer loop
      vertex -86.0787289481504 90.86103772282145 134
      vertex -86.01796366844854 107.00485044700724 134
      vertex -86.01796366844854 90.99514955299276 134
    endloop
  endfacet
  facet normal 0 0 -1
    outer loop
      vertex -86.01796366844854 90.99514955299276 134
      vertex -85.94855715851499 106.875 134
      vertex -85.94855715851499 91.125 134
    endloop
  endfacet
  facet normal 0 0 -1
    outer loop
      vertex -85.94855715851499 91.125 134
      vertex -85.87080662768072 106.74996697570589 134
      vertex -85.87080662768072 91.25003302429411 134
    endloop
  endfacet
  facet normal 0 0 -1
    outer loop
      vertex -85.87080662768072 91.25003302429411 134
      vertex -85.78504501565529 106.63028678473037 134
      vertex -85.78504501565529 91.36971321526963 134
    endloop
  endfacet
  facet normal 0 0 -1
    outer loop
      vertex -85.78504501565529 91.36971321526963 134
      vertex -85.6916395668277 106.51647191602484 134
      vertex -85.6916395668277 91.48352808397516 134
    endloop
  endfacet
  facet normal 0 0 -1
    outer loop
      vertex -85.6916395668277 91.48352808397516 134
      vertex -85.59099025766973 106.40900974233027 134
      vertex -85.59099025766973 91.59099025766973 134
    endloop
  endfacet
  facet normal 0 0 -1
    outer loop
      vertex -85.59099025766973 91.59099025766973 134
      vertex -85.48352808397516 106.3083604331723 134
      vertex -85.48352808397516 91.6916395668277 134
    endloop
  endfacet
  facet normal 0 0 -1
    outer loop
      vertex -85.48352808397516 91.6916395668277 134
      vertex -85.36971321526963 106.21495498434471 134
      vertex -85.36971321526963 91.78504501565529 134
    endloop
  endfacet
  facet normal 0 0 -1
    outer loop
      vertex -85.36971321526963 91.78504501565529 134
      vertex -85.25003302429411 106.12919337231928 134
      vertex -85.25003302429411 91.87080662768072 134
    endloop
  endfacet
  facet normal 0 0 -1
    outer loop
      vertex -85.25003302429411 91.87080662768072 134
      vertex -85.125 106.05144284148501 134
      vertex -85.125 91.94855715851499 134
    endloop
  endfacet
  facet normal 0 0 -1
    outer loop
      vertex -85.125 91.94855715851499 134
      vertex -84.99514955299276 105.98203633155146 134
      vertex -84.99514955299276 92.01796366844854 134
    endloop
  endfacet
  facet normal 0 0 -1
    outer loop
      vertex -84.99514955299276 92.01796366844854 134
      vertex -84.86103772282145 105.9212710518496 134
      vertex -84.86103772282145 92.0787289481504 134
    endloop
  endfacet
  facet normal 0 0 -1
    outer loop
      vertex -84.86103772282145 92.0787289481504 134
      vertex -84.72323879693211 105.869407208636 134
      vertex -84.72323879693211 92.130592791364 134
    endloop
  endfacet
  facet normal 0 0 -1
    outer loop
      vertex -84.72323879693211 92.130592791364 134
      vertex -84.58234285148067 105.8266668908496 134
      vertex -84.58234285148067 92.1733331091504 134
    endloop
  endfacet
  facet normal 0 0 -1
    outer loop
      vertex -84.58234285148067 92.1733331091504 134
      vertex -84.43895322453629 105.79323311909273 134
      vertex -84.43895322453629 92.20676688090727 134
    endloop
  endfacet
  facet normal 0 0 -1
    outer loop
      vertex -84.43895322453629 92.20676688090727 134
      vertex -84.29368393249511 105.76924906190892 134
      vertex -84.29368393249511 92.23075093809108 134
    endloop
  endfacet
  facet normal 0 0 -1
    outer loop
      vertex -84.29368393249511 92.23075093809108 134
      vertex -84.14715704076782 105.75481742271315 134
      vertex -84.14715704076782 92.24518257728685 134
    endloop
  endfacet
  facet normal 0 0 -1
    outer loop
      vertex -84.14715704076782 92.24518257728685 134
      vertex -84 105.75 134
      vertex -84 92.25 134
    endloop
  endfacet
  facet normal 0 0 -1
    outer loop
      vertex -83.85284295923218 92.24518257728685 134
      vertex -83.70631606750489 105.76924906190892 134
      vertex -83.70631606750489 92.23075093809108 134
    endloop
  endfacet
  facet normal 0 0 -1
    outer loop
      vertex -83.70631606750489 92.23075093809108 134
      vertex -83.56104677546371 105.79323311909273 134
      vertex -83.56104677546371 92.20676688090727 134
    endloop
  endfacet
  facet normal 0 0 -1
    outer loop
      vertex -83.56104677546371 92.20676688090727 134
      vertex -83.41765714851933 105.8266668908496 134
      vertex -83.41765714851933 92.1733331091504 134
    endloop
  endfacet
  facet normal 0 0 -1
    outer loop
      vertex -83.41765714851933 92.1733331091504 134
      vertex -83.27676120306789 105.869407208636 134
      vertex -83.27676120306789 92.130592791364 134
    endloop
  endfacet
  facet normal 0 0 -1
    outer loop
      vertex -83.13896227717855 92.0787289481504 134
      vertex -83.00485044700724 105.98203633155146 134
      vertex -83.00485044700724 92.01796366844854 134
    endloop
  endfacet
  facet normal 0 0 -1
    outer loop
      vertex -83.27676120306789 92.130592791364 134
      vertex -83.13896227717855 105.9212710518496 134
      vertex -83.13896227717855 92.0787289481504 134
    endloop
  endfacet
  facet normal 0 0 -1
    outer loop
      vertex -82.74996697570589 91.87080662768072 134
      vertex -82.63028678473037 106.21495498434471 134
      vertex -82.63028678473037 91.78504501565529 134
    endloop
  endfacet
  facet normal 0 0 -1
    outer loop
      vertex -82.74996697570589 91.87080662768072 134
      vertex -82.875 91.94855715851499 134
      vertex -82.74996697570589 106.12919337231928 134
    endloop
  endfacet
  facet normal 0 0 -1
    outer loop
      vertex -83.00485044700724 92.01796366844854 134
      vertex -82.875 106.05144284148501 134
      vertex -82.875 91.94855715851499 134
    endloop
  endfacet
  facet normal 0 0 -1
    outer loop
      vertex -82.3083604331723 91.48352808397516 134
      vertex -82.40900974233027 91.59099025766973 134
      vertex -82.3083604331723 106.51647191602484 134
    endloop
  endfacet
  facet normal 0 0 -1
    outer loop
      vertex -82.51647191602484 91.6916395668277 134
      vertex -82.40900974233027 106.40900974233027 134
      vertex -82.40900974233027 91.59099025766973 134
    endloop
  endfacet
  facet normal 0 0 -1
    outer loop
      vertex -82.12919337231928 91.25003302429411 134
      vertex -82.21495498434471 91.36971321526963 134
      vertex -82.12919337231928 106.74996697570589 134
    endloop
  endfacet
  facet normal 0 0 -1
    outer loop
      vertex -82.3083604331723 91.48352808397516 134
      vertex -82.21495498434471 106.63028678473037 134
      vertex -82.21495498434471 91.36971321526963 134
    endloop
  endfacet
  facet normal 0 0 -1
    outer loop
      vertex -82.51647191602484 91.6916395668277 134
      vertex -82.63028678473037 91.78504501565529 134
      vertex -82.51647191602484 106.3083604331723 134
    endloop
  endfacet
  facet normal 0 0 -1
    outer loop
      vertex -84 92.25 134
      vertex -83.85284295923218 105.75481742271315 134
      vertex -83.85284295923218 92.24518257728685 134
    endloop
  endfacet
  facet normal 0 0 -1
    outer loop
      vertex -57.78081289814516 80.82706752362907 134
      vertex -82.12919337231928 106.74996697570589 134
      vertex -82.05144284148501 106.875 134
    endloop
  endfacet
  facet normal 0 0 -1
    outer loop
      vertex -57.78081289814516 80.82706752362907 134
      vertex -82.05144284148501 106.875 134
      vertex -81.98203633155146 107.00485044700724 134
    endloop
  endfacet
  facet normal 0 0 -1
    outer loop
      vertex -57.78081289814516 80.82706752362907 134
      vertex -81.98203633155146 107.00485044700724 134
      vertex -81.9212710518496 107.13896227717855 134
    endloop
  endfacet
  facet normal 0 0 -1
    outer loop
      vertex -57.78081289814516 80.82706752362907 134
      vertex -81.9212710518496 107.13896227717855 134
      vertex -81.869407208636 107.27676120306789 134
    endloop
  endfacet
  facet normal 0 0 -1
    outer loop
      vertex -57.78081289814516 80.82706752362907 134
      vertex -81.869407208636 107.27676120306789 134
      vertex -81.8266668908496 107.41765714851933 134
    endloop
  endfacet
  facet normal 0 0 -1
    outer loop
      vertex -57.19973572998047 80.9230037523643 134
      vertex -81.8266668908496 107.41765714851933 134
      vertex -81.79323311909273 107.56104677546371 134
    endloop
  endfacet
  facet normal 0 0 -1
    outer loop
      vertex -57.19973572998047 80.9230037523643 134
      vertex -81.79323311909273 107.56104677546371 134
      vertex -81.76924906190892 107.70631606750489 134
    endloop
  endfacet
  facet normal 0 0 -1
    outer loop
      vertex -56.61362816307129 80.98073030914743 134
      vertex -81.76924906190892 107.70631606750489 134
      vertex -81.75481742271315 107.85284295923218 134
    endloop
  endfacet
  facet normal 0 0 -1
    outer loop
      vertex -56.025000000000006 81 134
      vertex -81.75481742271315 107.85284295923218 134
      vertex -81.75 108 134
    endloop
  endfacet
  facet normal 0 0 -1
    outer loop
      vertex -55.43637183692872 80.98073030914743 134
      vertex -81.75 108 134
      vertex -81.75481742271315 108.14715704076782 134
    endloop
  endfacet
  facet normal 0 0 -1
    outer loop
      vertex -54.850264270019544 80.9230037523643 134
      vertex -81.75481742271315 108.14715704076782 134
      vertex -81.76924906190892 108.29368393249511 134
    endloop
  endfacet
  facet normal 0 0 -1
    outer loop
      vertex -54.269187101854854 80.82706752362907 134
      vertex -81.76924906190892 108.29368393249511 134
      vertex -81.79323311909273 108.43895322453629 134
    endloop
  endfacet
  facet normal 0 0 -1
    outer loop
      vertex -54.269187101854854 80.82706752362907 134
      vertex -81.79323311909273 108.43895322453629 134
      vertex -81.8266668908496 108.58234285148067 134
    endloop
  endfacet
  facet normal 0 0 -1
    outer loop
      vertex -85.59099025766973 91.59099025766973 134
      vertex -85.59099025766973 106.40900974233027 134
      vertex -85.48352808397516 106.3083604331723 134
    endloop
  endfacet
  facet normal 0 0 -1
    outer loop
      vertex -85.6916395668277 91.48352808397516 134
      vertex -85.6916395668277 106.51647191602484 134
      vertex -85.59099025766973 106.40900974233027 134
    endloop
  endfacet
  facet normal 0 0 -1
    outer loop
      vertex -85.78504501565529 91.36971321526963 134
      vertex -85.78504501565529 106.63028678473037 134
      vertex -85.6916395668277 106.51647191602484 134
    endloop
  endfacet
  facet normal 0 0 -1
    outer loop
      vertex -85.87080662768072 91.25003302429411 134
      vertex -85.87080662768072 106.74996697570589 134
      vertex -85.78504501565529 106.63028678473037 134
    endloop
  endfacet
  facet normal 0 0 -1
    outer loop
      vertex -85.36971321526963 91.78504501565529 134
      vertex -85.36971321526963 106.21495498434471 134
      vertex -85.25003302429411 106.12919337231928 134
    endloop
  endfacet
  facet normal 0 0 -1
    outer loop
      vertex -85.25003302429411 91.87080662768072 134
      vertex -85.25003302429411 106.12919337231928 134
      vertex -85.125 106.05144284148501 134
    endloop
  endfacet
  facet normal 0 0 -1
    outer loop
      vertex -84.86103772282145 92.0787289481504 134
      vertex -84.86103772282145 105.9212710518496 134
      vertex -84.72323879693211 105.869407208636 134
    endloop
  endfacet
  facet normal 0 0 -1
    outer loop
      vertex -85.125 91.94855715851499 134
      vertex -85.125 106.05144284148501 134
      vertex -84.99514955299276 105.98203633155146 134
    endloop
  endfacet
  facet normal 0 0 -1
    outer loop
      vertex -84.99514955299276 92.01796366844854 134
      vertex -84.99514955299276 105.98203633155146 134
      vertex -84.86103772282145 105.9212710518496 134
    endloop
  endfacet
  facet normal 0 0 -1
    outer loop
      vertex -85.48352808397516 91.6916395668277 134
      vertex -85.48352808397516 106.3083604331723 134
      vertex -85.36971321526963 106.21495498434471 134
    endloop
  endfacet
  facet normal 0 0 -1
    outer loop
      vertex -84.72323879693211 92.130592791364 134
      vertex -84.72323879693211 105.869407208636 134
      vertex -84.58234285148067 105.8266668908496 134
    endloop
  endfacet
  facet normal 0 0 -1
    outer loop
      vertex -84.58234285148067 92.1733331091504 134
      vertex -84.58234285148067 105.8266668908496 134
      vertex -84.43895322453629 105.79323311909273 134
    endloop
  endfacet
  facet normal 0 0 -1
    outer loop
      vertex -84.43895322453629 92.20676688090727 134
      vertex -84.43895322453629 105.79323311909273 134
      vertex -84.29368393249511 105.76924906190892 134
    endloop
  endfacet
  facet normal 0 0 -1
    outer loop
      vertex -84.29368393249511 92.23075093809108 134
      vertex -84.29368393249511 105.76924906190892 134
      vertex -84.14715704076782 105.75481742271315 134
    endloop
  endfacet
  facet normal 0 0 -1
    outer loop
      vertex -84.14715704076782 92.24518257728685 134
      vertex -84.14715704076782 105.75481742271315 134
      vertex -84 105.75 134
    endloop
  endfacet
  facet normal 0 0 -1
    outer loop
      vertex -84 92.25 134
      vertex -84 105.75 134
      vertex -83.85284295923218 105.75481742271315 134
    endloop
  endfacet
  facet normal 0 0 -1
    outer loop
      vertex -83.85284295923218 92.24518257728685 134
      vertex -83.85284295923218 105.75481742271315 134
      vertex -83.70631606750489 105.76924906190892 134
    endloop
  endfacet
  facet normal 0 0 -1
    outer loop
      vertex -83.70631606750489 92.23075093809108 134
      vertex -83.70631606750489 105.76924906190892 134
      vertex -83.56104677546371 105.79323311909273 134
    endloop
  endfacet
  facet normal 0 0 -1
    outer loop
      vertex -83.56104677546371 92.20676688090727 134
      vertex -83.56104677546371 105.79323311909273 134
      vertex -83.41765714851933 105.8266668908496 134
    endloop
  endfacet
  facet normal 0 0 -1
    outer loop
      vertex -85.94855715851499 91.125 134
      vertex -85.94855715851499 106.875 134
      vertex -85.87080662768072 106.74996697570589 134
    endloop
  endfacet
  facet normal 0 0 -1
    outer loop
      vertex -86.01796366844854 90.99514955299276 134
      vertex -86.01796366844854 107.00485044700724 134
      vertex -85.94855715851499 106.875 134
    endloop
  endfacet
  facet normal 0 0 -1
    outer loop
      vertex -86.130592791364 90.72323879693211 134
      vertex -86.130592791364 107.27676120306789 134
      vertex -86.0787289481504 107.13896227717855 134
    endloop
  endfacet
  facet normal 0 0 -1
    outer loop
      vertex -86.0787289481504 90.86103772282145 134
      vertex -86.0787289481504 107.13896227717855 134
      vertex -86.01796366844854 107.00485044700724 134
    endloop
  endfacet
  facet normal 0 0 -1
    outer loop
      vertex -86.1733331091504 90.58234285148067 134
      vertex -86.1733331091504 107.41765714851933 134
      vertex -86.130592791364 107.27676120306789 134
    endloop
  endfacet
  facet normal 0 0 -1
    outer loop
      vertex -86.20676688090727 90.43895322453629 134
      vertex -86.20676688090727 107.56104677546371 134
      vertex -86.1733331091504 107.41765714851933 134
    endloop
  endfacet
  facet normal 0 0 -1
    outer loop
      vertex -86.23075093809108 90.29368393249511 134
      vertex -86.23075093809108 107.70631606750489 134
      vertex -86.20676688090727 107.56104677546371 134
    endloop
  endfacet
  facet normal 0 0 -1
    outer loop
      vertex -86.24518257728685 90.14715704076782 134
      vertex -86.24518257728685 107.85284295923218 134
      vertex -86.23075093809108 107.70631606750489 134
    endloop
  endfacet
  facet normal 0 0 -1
    outer loop
      vertex -86.25 90 134
      vertex -86.25 108 134
      vertex -86.24518257728685 107.85284295923218 134
    endloop
  endfacet
  facet normal 0 0 -1
    outer loop
      vertex -83.41765714851933 92.1733331091504 134
      vertex -83.41765714851933 105.8266668908496 134
      vertex -83.27676120306789 105.869407208636 134
    endloop
  endfacet
  facet normal 0 0 -1
    outer loop
      vertex -83.27676120306789 92.130592791364 134
      vertex -83.27676120306789 105.869407208636 134
      vertex -83.13896227717855 105.9212710518496 134
    endloop
  endfacet
  facet normal 0 0 -1
    outer loop
      vertex -83.13896227717855 92.0787289481504 134
      vertex -83.13896227717855 105.9212710518496 134
      vertex -83.00485044700724 105.98203633155146 134
    endloop
  endfacet
  facet normal 0 0 -1
    outer loop
      vertex -83.00485044700724 92.01796366844854 134
      vertex -83.00485044700724 105.98203633155146 134
      vertex -82.875 106.05144284148501 134
    endloop
  endfacet
  facet normal 0 0 -1
    outer loop
      vertex -82.875 91.94855715851499 134
      vertex -82.875 106.05144284148501 134
      vertex -82.74996697570589 106.12919337231928 134
    endloop
  endfacet
  facet normal 0 0 -1
    outer loop
      vertex -82.74996697570589 91.87080662768072 134
      vertex -82.74996697570589 106.12919337231928 134
      vertex -82.63028678473037 106.21495498434471 134
    endloop
  endfacet
  facet normal 0 0 -1
    outer loop
      vertex -82.63028678473037 91.78504501565529 134
      vertex -82.63028678473037 106.21495498434471 134
      vertex -82.51647191602484 106.3083604331723 134
    endloop
  endfacet
  facet normal 0 0 -1
    outer loop
      vertex -82.51647191602484 91.6916395668277 134
      vertex -82.51647191602484 106.3083604331723 134
      vertex -82.40900974233027 106.40900974233027 134
    endloop
  endfacet
  facet normal 0 0 -1
    outer loop
      vertex -82.40900974233027 91.59099025766973 134
      vertex -82.40900974233027 106.40900974233027 134
      vertex -82.3083604331723 106.51647191602484 134
    endloop
  endfacet
  facet normal 0 0 -1
    outer loop
      vertex -82.3083604331723 91.48352808397516 134
      vertex -82.3083604331723 106.51647191602484 134
      vertex -82.21495498434471 106.63028678473037 134
    endloop
  endfacet
  facet normal 0 0 -1
    outer loop
      vertex -82.21495498434471 91.36971321526963 134
      vertex -82.21495498434471 106.63028678473037 134
      vertex -82.12919337231928 106.74996697570589 134
    endloop
  endfacet
  facet normal 0 0 -1
    outer loop
      vertex -86.25 90 134
      vertex -92 116 134
      vertex -86.25 108 134
    endloop
  endfacet
  facet normal 0 0 -1
    outer loop
      vertex -86.25 108 134
      vertex -92 116 134
      vertex -86.24518257728685 108.14715704076782 134
    endloop
  endfacet
  facet normal 0 0 -1
    outer loop
      vertex -86.24518257728685 108.14715704076782 134
      vertex -92 116 134
      vertex -86.23075093809108 108.29368393249511 134
    endloop
  endfacet
  facet normal 0 0 -1
    outer loop
      vertex -86.23075093809108 108.29368393249511 134
      vertex -92 116 134
      vertex -86.20676688090727 108.43895322453629 134
    endloop
  endfacet
  facet normal 0 0 -1
    outer loop
      vertex -86.20676688090727 108.43895322453629 134
      vertex -92 116 134
      vertex -86.1733331091504 108.58234285148067 134
    endloop
  endfacet
  facet normal 0 0 -1
    outer loop
      vertex -86.1733331091504 108.58234285148067 134
      vertex -92 116 134
      vertex -86.130592791364 108.72323879693211 134
    endloop
  endfacet
  facet normal 0 0 -1
    outer loop
      vertex -86.130592791364 108.72323879693211 134
      vertex -92 116 134
      vertex -86.0787289481504 108.86103772282145 134
    endloop
  endfacet
  facet normal 0 0 -1
    outer loop
      vertex -86.0787289481504 108.86103772282145 134
      vertex -92 116 134
      vertex -86.01796366844854 108.99514955299276 134
    endloop
  endfacet
  facet normal 0 0 -1
    outer loop
      vertex -86.01796366844854 108.99514955299276 134
      vertex -92 116 134
      vertex -85.94855715851499 109.125 134
    endloop
  endfacet
  facet normal 0 0 -1
    outer loop
      vertex -92 116 134
      vertex -85.87080662768072 109.25003302429411 134
      vertex -85.94855715851499 109.125 134
    endloop
  endfacet
  facet normal 0 0 -1
    outer loop
      vertex -92 116 134
      vertex -85.78504501565529 109.36971321526963 134
      vertex -85.87080662768072 109.25003302429411 134
    endloop
  endfacet
  facet normal 0 0 -1
    outer loop
      vertex -92 116 134
      vertex -85.6916395668277 109.48352808397516 134
      vertex -85.78504501565529 109.36971321526963 134
    endloop
  endfacet
  facet normal 0 0 -1
    outer loop
      vertex -92 116 134
      vertex -85.59099025766973 109.59099025766973 134
      vertex -85.6916395668277 109.48352808397516 134
    endloop
  endfacet
  facet normal 0 0 -1
    outer loop
      vertex -92 116 134
      vertex -85.48352808397516 109.6916395668277 134
      vertex -85.59099025766973 109.59099025766973 134
    endloop
  endfacet
  facet normal 0 0 -1
    outer loop
      vertex -92 116 134
      vertex -85.36971321526963 109.78504501565529 134
      vertex -85.48352808397516 109.6916395668277 134
    endloop
  endfacet
  facet normal 0 0 -1
    outer loop
      vertex -92 116 134
      vertex -85.25003302429411 109.87080662768072 134
      vertex -85.36971321526963 109.78504501565529 134
    endloop
  endfacet
  facet normal 0 0 -1
    outer loop
      vertex -92 116 134
      vertex -85.125 109.94855715851499 134
      vertex -85.25003302429411 109.87080662768072 134
    endloop
  endfacet
  facet normal 0 0 -1
    outer loop
      vertex -92 116 134
      vertex -84.99514955299276 110.01796366844854 134
      vertex -85.125 109.94855715851499 134
    endloop
  endfacet
  facet normal 0 0 -1
    outer loop
      vertex -92 116 134
      vertex -84.86103772282145 110.0787289481504 134
      vertex -84.99514955299276 110.01796366844854 134
    endloop
  endfacet
  facet normal 0 0 -1
    outer loop
      vertex -92 116 134
      vertex -84.72323879693211 110.130592791364 134
      vertex -84.86103772282145 110.0787289481504 134
    endloop
  endfacet
  facet normal 0 0 -1
    outer loop
      vertex -92 116 134
      vertex -84.58234285148067 110.1733331091504 134
      vertex -84.72323879693211 110.130592791364 134
    endloop
  endfacet
  facet normal 0 0 -1
    outer loop
      vertex -92 116 134
      vertex -84.43895322453629 110.20676688090727 134
      vertex -84.58234285148067 110.1733331091504 134
    endloop
  endfacet
  facet normal 0 0 -1
    outer loop
      vertex -92 116 134
      vertex -84.29368393249511 110.23075093809108 134
      vertex -84.43895322453629 110.20676688090727 134
    endloop
  endfacet
  facet normal 0 0 -1
    outer loop
      vertex -92 116 134
      vertex -84.14715704076782 110.24518257728685 134
      vertex -84.29368393249511 110.23075093809108 134
    endloop
  endfacet
  facet normal 0 0 -1
    outer loop
      vertex -92 116 134
      vertex -84 110.25 134
      vertex -84.14715704076782 110.24518257728685 134
    endloop
  endfacet
  facet normal 0 0 -1
    outer loop
      vertex -92 116 134
      vertex -83.85284295923218 110.24518257728685 134
      vertex -84 110.25 134
    endloop
  endfacet
  facet normal 0 0 -1
    outer loop
      vertex -81.8266668908496 108.58234285148067 134
      vertex -81.869407208636 108.72323879693211 134
      vertex 92 116 134
    endloop
  endfacet
  facet normal 0 0 -1
    outer loop
      vertex -81.869407208636 108.72323879693211 134
      vertex -81.9212710518496 108.86103772282145 134
      vertex 92 116 134
    endloop
  endfacet
  facet normal 0 0 -1
    outer loop
      vertex -81.98203633155146 108.99514955299276 134
      vertex 92 116 134
      vertex -81.9212710518496 108.86103772282145 134
    endloop
  endfacet
  facet normal 0 0 -1
    outer loop
      vertex -81.98203633155146 108.99514955299276 134
      vertex -82.05144284148501 109.125 134
      vertex 92 116 134
    endloop
  endfacet
  facet normal 0 0 -1
    outer loop
      vertex -82.05144284148501 109.125 134
      vertex -82.12919337231928 109.25003302429411 134
      vertex 92 116 134
    endloop
  endfacet
  facet normal 0 0 -1
    outer loop
      vertex -82.12919337231928 109.25003302429411 134
      vertex -82.21495498434471 109.36971321526963 134
      vertex 92 116 134
    endloop
  endfacet
  facet normal 0 0 -1
    outer loop
      vertex -82.21495498434471 109.36971321526963 134
      vertex -82.3083604331723 109.48352808397516 134
      vertex 92 116 134
    endloop
  endfacet
  facet normal 0 0 -1
    outer loop
      vertex -82.3083604331723 109.48352808397516 134
      vertex -82.40900974233027 109.59099025766973 134
      vertex 92 116 134
    endloop
  endfacet
  facet normal 0 0 -1
    outer loop
      vertex -82.40900974233027 109.59099025766973 134
      vertex -82.51647191602484 109.6916395668277 134
      vertex 92 116 134
    endloop
  endfacet
  facet normal 0 0 -1
    outer loop
      vertex -82.51647191602484 109.6916395668277 134
      vertex -82.63028678473037 109.78504501565529 134
      vertex 92 116 134
    endloop
  endfacet
  facet normal 0 0 -1
    outer loop
      vertex -83.85284295923218 110.24518257728685 134
      vertex 92 116 134
      vertex -83.70631606750489 110.23075093809108 134
    endloop
  endfacet
  facet normal 0 0 -1
    outer loop
      vertex -82.74996697570589 109.87080662768072 134
      vertex 92 116 134
      vertex -82.63028678473037 109.78504501565529 134
    endloop
  endfacet
  facet normal 0 0 -1
    outer loop
      vertex -82.74996697570589 109.87080662768072 134
      vertex -82.875 109.94855715851499 134
      vertex 92 116 134
    endloop
  endfacet
  facet normal 0 0 -1
    outer loop
      vertex -82.875 109.94855715851499 134
      vertex -83.00485044700724 110.01796366844854 134
      vertex 92 116 134
    endloop
  endfacet
  facet normal 0 0 -1
    outer loop
      vertex -83.13896227717855 110.0787289481504 134
      vertex 92 116 134
      vertex -83.00485044700724 110.01796366844854 134
    endloop
  endfacet
  facet normal 0 0 -1
    outer loop
      vertex -83.56104677546371 110.20676688090727 134
      vertex 92 116 134
      vertex -83.41765714851933 110.1733331091504 134
    endloop
  endfacet
  facet normal 0 0 -1
    outer loop
      vertex -83.13896227717855 110.0787289481504 134
      vertex -83.27676120306789 110.130592791364 134
      vertex 92 116 134
    endloop
  endfacet
  facet normal 0 0 -1
    outer loop
      vertex -83.41765714851933 110.1733331091504 134
      vertex 92 116 134
      vertex -83.27676120306789 110.130592791364 134
    endloop
  endfacet
  facet normal 0 0 -1
    outer loop
      vertex -83.70631606750489 110.23075093809108 134
      vertex 92 116 134
      vertex -83.56104677546371 110.20676688090727 134
    endloop
  endfacet
  facet normal 0 0 -1
    outer loop
      vertex -92 116 134
      vertex 92 116 134
      vertex -83.85284295923218 110.24518257728685 134
    endloop
  endfacet
  facet normal 0 1 0
    outer loop
      vertex -92 116 134
      vertex -92 116 138
      vertex 92 116 134
    endloop
  endfacet
  facet normal -1 0 0
    outer loop
      vertex -92 116 134
      vertex -92 72 138
      vertex -92 116 138
    endloop
  endfacet
  facet normal 0 0 1
    outer loop
      vertex -86.24518257728685 90.14715704076782 138
      vertex -86.23075093809108 90.29368393249511 138
      vertex -86.24518257728685 107.85284295923218 138
    endloop
  endfacet
  facet normal 0 0 1
    outer loop
      vertex -86.23075093809108 90.29368393249511 138
      vertex -86.20676688090727 90.43895322453629 138
      vertex -86.23075093809108 107.70631606750489 138
    endloop
  endfacet
  facet normal 0 0 1
    outer loop
      vertex -86.20676688090727 90.43895322453629 138
      vertex -86.1733331091504 90.58234285148067 138
      vertex -86.20676688090727 107.56104677546371 138
    endloop
  endfacet
  facet normal 0 0 1
    outer loop
      vertex -86.1733331091504 90.58234285148067 138
      vertex -86.130592791364 90.72323879693211 138
      vertex -86.1733331091504 107.41765714851933 138
    endloop
  endfacet
  facet normal 0 0 1
    outer loop
      vertex -86.130592791364 90.72323879693211 138
      vertex -86.0787289481504 90.86103772282145 138
      vertex -86.130592791364 107.27676120306789 138
    endloop
  endfacet
  facet normal 0 0 1
    outer loop
      vertex -86.0787289481504 90.86103772282145 138
      vertex -86.01796366844854 90.99514955299276 138
      vertex -86.0787289481504 107.13896227717855 138
    endloop
  endfacet
  facet normal 0 0 1
    outer loop
      vertex -86.01796366844854 90.99514955299276 138
      vertex -85.94855715851499 91.125 138
      vertex -86.01796366844854 107.00485044700724 138
    endloop
  endfacet
  facet normal 0 0 1
    outer loop
      vertex -85.94855715851499 91.125 138
      vertex -85.87080662768072 91.25003302429411 138
      vertex -85.94855715851499 106.875 138
    endloop
  endfacet
  facet normal 0 0 1
    outer loop
      vertex -85.87080662768072 91.25003302429411 138
      vertex -85.78504501565529 91.36971321526963 138
      vertex -85.87080662768072 106.74996697570589 138
    endloop
  endfacet
  facet normal 0 0 1
    outer loop
      vertex -85.78504501565529 91.36971321526963 138
      vertex -85.6916395668277 91.48352808397516 138
      vertex -85.78504501565529 106.63028678473037 138
    endloop
  endfacet
  facet normal 0 0 1
    outer loop
      vertex -85.6916395668277 91.48352808397516 138
      vertex -85.59099025766973 91.59099025766973 138
      vertex -85.6916395668277 106.51647191602484 138
    endloop
  endfacet
  facet normal 0 0 1
    outer loop
      vertex -85.59099025766973 91.59099025766973 138
      vertex -85.48352808397516 91.6916395668277 138
      vertex -85.59099025766973 106.40900974233027 138
    endloop
  endfacet
  facet normal 0 0 1
    outer loop
      vertex -85.48352808397516 91.6916395668277 138
      vertex -85.36971321526963 91.78504501565529 138
      vertex -85.48352808397516 106.3083604331723 138
    endloop
  endfacet
  facet normal 0 0 1
    outer loop
      vertex -85.36971321526963 91.78504501565529 138
      vertex -85.25003302429411 91.87080662768072 138
      vertex -85.36971321526963 106.21495498434471 138
    endloop
  endfacet
  facet normal 0 0 1
    outer loop
      vertex -85.25003302429411 91.87080662768072 138
      vertex -85.125 91.94855715851499 138
      vertex -85.25003302429411 106.12919337231928 138
    endloop
  endfacet
  facet normal 0 0 1
    outer loop
      vertex -85.125 91.94855715851499 138
      vertex -84.99514955299276 92.01796366844854 138
      vertex -85.125 106.05144284148501 138
    endloop
  endfacet
  facet normal 0 0 1
    outer loop
      vertex -84.99514955299276 92.01796366844854 138
      vertex -84.86103772282145 92.0787289481504 138
      vertex -84.99514955299276 105.98203633155146 138
    endloop
  endfacet
  facet normal 0 0 1
    outer loop
      vertex -84.86103772282145 92.0787289481504 138
      vertex -84.72323879693211 92.130592791364 138
      vertex -84.86103772282145 105.9212710518496 138
    endloop
  endfacet
  facet normal 0 0 1
    outer loop
      vertex -84.72323879693211 92.130592791364 138
      vertex -84.58234285148067 92.1733331091504 138
      vertex -84.72323879693211 105.869407208636 138
    endloop
  endfacet
  facet normal 0 0 1
    outer loop
      vertex -84.58234285148067 92.1733331091504 138
      vertex -84.43895322453629 92.20676688090727 138
      vertex -84.58234285148067 105.8266668908496 138
    endloop
  endfacet
  facet normal 0 0 1
    outer loop
      vertex -84.43895322453629 92.20676688090727 138
      vertex -84.29368393249511 92.23075093809108 138
      vertex -84.43895322453629 105.79323311909273 138
    endloop
  endfacet
  facet normal 0 0 1
    outer loop
      vertex -84.29368393249511 92.23075093809108 138
      vertex -84.14715704076782 92.24518257728685 138
      vertex -84.29368393249511 105.76924906190892 138
    endloop
  endfacet
  facet normal 0 0 1
    outer loop
      vertex -84 92.25 138
      vertex -83.85284295923218 92.24518257728685 138
      vertex -84 105.75 138
    endloop
  endfacet
  facet normal 0 0 1
    outer loop
      vertex -83.85284295923218 92.24518257728685 138
      vertex -83.70631606750489 92.23075093809108 138
      vertex -83.85284295923218 105.75481742271315 138
    endloop
  endfacet
  facet normal 0 0 1
    outer loop
      vertex -83.70631606750489 92.23075093809108 138
      vertex -83.56104677546371 92.20676688090727 138
      vertex -83.70631606750489 105.76924906190892 138
    endloop
  endfacet
  facet normal 0 0 1
    outer loop
      vertex -83.56104677546371 92.20676688090727 138
      vertex -83.41765714851933 92.1733331091504 138
      vertex -83.56104677546371 105.79323311909273 138
    endloop
  endfacet
  facet normal 0 0 1
    outer loop
      vertex -81.75481742271315 90.14715704076782 138
      vertex -81.76924906190892 107.70631606750489 138
      vertex -81.76924906190892 90.29368393249511 138
    endloop
  endfacet
  facet normal 0 0 1
    outer loop
      vertex -81.75 90 138
      vertex -81.75481742271315 107.85284295923218 138
      vertex -81.75481742271315 90.14715704076782 138
    endloop
  endfacet
  facet normal 0 0 1
    outer loop
      vertex -81.98203633155146 90.99514955299276 138
      vertex -81.9212710518496 90.86103772282145 138
      vertex -81.98203633155146 107.00485044700724 138
    endloop
  endfacet
  facet normal 0 0 1
    outer loop
      vertex -81.98203633155146 90.99514955299276 138
      vertex -82.05144284148501 106.875 138
      vertex -82.05144284148501 91.125 138
    endloop
  endfacet
  facet normal 0 0 1
    outer loop
      vertex -82.12919337231928 91.25003302429411 138
      vertex -82.05144284148501 91.125 138
      vertex -82.12919337231928 106.74996697570589 138
    endloop
  endfacet
  facet normal 0 0 1
    outer loop
      vertex -83.27676120306789 92.130592791364 138
      vertex -83.13896227717855 92.0787289481504 138
      vertex -83.27676120306789 105.869407208636 138
    endloop
  endfacet
  facet normal 0 0 1
    outer loop
      vertex -83.41765714851933 92.1733331091504 138
      vertex -83.27676120306789 92.130592791364 138
      vertex -83.41765714851933 105.8266668908496 138
    endloop
  endfacet
  facet normal 0 0 1
    outer loop
      vertex -83.13896227717855 92.0787289481504 138
      vertex -83.00485044700724 92.01796366844854 138
      vertex -83.13896227717855 105.9212710518496 138
    endloop
  endfacet
  facet normal 0 0 1
    outer loop
      vertex -83.00485044700724 92.01796366844854 138
      vertex -82.875 91.94855715851499 138
      vertex -83.00485044700724 105.98203633155146 138
    endloop
  endfacet
  facet normal 0 0 1
    outer loop
      vertex -82.74996697570589 91.87080662768072 138
      vertex -82.63028678473037 91.78504501565529 138
      vertex -82.74996697570589 106.12919337231928 138
    endloop
  endfacet
  facet normal 0 0 1
    outer loop
      vertex -82.74996697570589 91.87080662768072 138
      vertex -82.875 106.05144284148501 138
      vertex -82.875 91.94855715851499 138
    endloop
  endfacet
  facet normal 0 0 1
    outer loop
      vertex -82.51647191602484 91.6916395668277 138
      vertex -82.40900974233027 91.59099025766973 138
      vertex -82.51647191602484 106.3083604331723 138
    endloop
  endfacet
  facet normal 0 0 1
    outer loop
      vertex -82.51647191602484 91.6916395668277 138
      vertex -82.63028678473037 106.21495498434471 138
      vertex -82.63028678473037 91.78504501565529 138
    endloop
  endfacet
  facet normal 0 0 1
    outer loop
      vertex -82.3083604331723 91.48352808397516 138
      vertex -82.40900974233027 106.40900974233027 138
      vertex -82.40900974233027 91.59099025766973 138
    endloop
  endfacet
  facet normal 0 0 1
    outer loop
      vertex -82.12919337231928 91.25003302429411 138
      vertex -82.21495498434471 106.63028678473037 138
      vertex -82.21495498434471 91.36971321526963 138
    endloop
  endfacet
  facet normal 0 0 1
    outer loop
      vertex -82.3083604331723 91.48352808397516 138
      vertex -82.21495498434471 91.36971321526963 138
      vertex -82.3083604331723 106.51647191602484 138
    endloop
  endfacet
  facet normal 0 0 1
    outer loop
      vertex -81.76924906190892 90.29368393249511 138
      vertex -81.79323311909273 107.56104677546371 138
      vertex -81.79323311909273 90.43895322453629 138
    endloop
  endfacet
  facet normal 0 0 1
    outer loop
      vertex -81.79323311909273 90.43895322453629 138
      vertex -81.8266668908496 107.41765714851933 138
      vertex -81.8266668908496 90.58234285148067 138
    endloop
  endfacet
  facet normal 0 0 1
    outer loop
      vertex -81.8266668908496 90.58234285148067 138
      vertex -81.869407208636 107.27676120306789 138
      vertex -81.869407208636 90.72323879693211 138
    endloop
  endfacet
  facet normal 0 0 1
    outer loop
      vertex -81.869407208636 90.72323879693211 138
      vertex -81.9212710518496 107.13896227717855 138
      vertex -81.9212710518496 90.86103772282145 138
    endloop
  endfacet
  facet normal 0 0 1
    outer loop
      vertex -86.24518257728685 89.85284295923218 138
      vertex -86.25 90 138
      vertex -92 116 138
    endloop
  endfacet
  facet normal 0 0 1
    outer loop
      vertex -86.25 90 138
      vertex -86.24518257728685 90.14715704076782 138
      vertex -92 116 138
    endloop
  endfacet
  facet normal 0 0 1
    outer loop
      vertex -84.14715704076782 92.24518257728685 138
      vertex -84 92.25 138
      vertex -84.14715704076782 105.75481742271315 138
    endloop
  endfacet
  facet normal 0 0 1
    outer loop
      vertex -85.6916395668277 91.48352808397516 138
      vertex -85.6916395668277 106.51647191602484 138
      vertex -85.78504501565529 106.63028678473037 138
    endloop
  endfacet
  facet normal 0 0 1
    outer loop
      vertex -85.59099025766973 91.59099025766973 138
      vertex -85.59099025766973 106.40900974233027 138
      vertex -85.6916395668277 106.51647191602484 138
    endloop
  endfacet
  facet normal 0 0 1
    outer loop
      vertex -84.99514955299276 92.01796366844854 138
      vertex -84.99514955299276 105.98203633155146 138
      vertex -85.125 106.05144284148501 138
    endloop
  endfacet
  facet normal 0 0 1
    outer loop
      vertex -85.125 91.94855715851499 138
      vertex -85.125 106.05144284148501 138
      vertex -85.25003302429411 106.12919337231928 138
    endloop
  endfacet
  facet normal 0 0 1
    outer loop
      vertex -84.86103772282145 92.0787289481504 138
      vertex -84.86103772282145 105.9212710518496 138
      vertex -84.99514955299276 105.98203633155146 138
    endloop
  endfacet
  facet normal 0 0 1
    outer loop
      vertex -85.36971321526963 91.78504501565529 138
      vertex -85.36971321526963 106.21495498434471 138
      vertex -85.48352808397516 106.3083604331723 138
    endloop
  endfacet
  facet normal 0 0 1
    outer loop
      vertex -85.48352808397516 91.6916395668277 138
      vertex -85.48352808397516 106.3083604331723 138
      vertex -85.59099025766973 106.40900974233027 138
    endloop
  endfacet
  facet normal 0 0 1
    outer loop
      vertex -85.25003302429411 91.87080662768072 138
      vertex -85.25003302429411 106.12919337231928 138
      vertex -85.36971321526963 106.21495498434471 138
    endloop
  endfacet
  facet normal 0 0 1
    outer loop
      vertex -84.43895322453629 92.20676688090727 138
      vertex -84.43895322453629 105.79323311909273 138
      vertex -84.58234285148067 105.8266668908496 138
    endloop
  endfacet
  facet normal 0 0 1
    outer loop
      vertex -84.58234285148067 92.1733331091504 138
      vertex -84.58234285148067 105.8266668908496 138
      vertex -84.72323879693211 105.869407208636 138
    endloop
  endfacet
  facet normal 0 0 1
    outer loop
      vertex -84.72323879693211 92.130592791364 138
      vertex -84.72323879693211 105.869407208636 138
      vertex -84.86103772282145 105.9212710518496 138
    endloop
  endfacet
  facet normal 0 0 1
    outer loop
      vertex -84.29368393249511 92.23075093809108 138
      vertex -84.29368393249511 105.76924906190892 138
      vertex -84.43895322453629 105.79323311909273 138
    endloop
  endfacet
  facet normal 0 0 1
    outer loop
      vertex -84.14715704076782 92.24518257728685 138
      vertex -84.14715704076782 105.75481742271315 138
      vertex -84.29368393249511 105.76924906190892 138
    endloop
  endfacet
  facet normal 0 0 1
    outer loop
      vertex -84 92.25 138
      vertex -84 105.75 138
      vertex -84.14715704076782 105.75481742271315 138
    endloop
  endfacet
  facet normal 0 0 1
    outer loop
      vertex -83.70631606750489 92.23075093809108 138
      vertex -83.70631606750489 105.76924906190892 138
      vertex -83.85284295923218 105.75481742271315 138
    endloop
  endfacet
  facet normal 0 0 1
    outer loop
      vertex -83.85284295923218 92.24518257728685 138
      vertex -83.85284295923218 105.75481742271315 138
      vertex -84 105.75 138
    endloop
  endfacet
  facet normal 0 0 1
    outer loop
      vertex -83.56104677546371 92.20676688090727 138
      vertex -83.56104677546371 105.79323311909273 138
      vertex -83.70631606750489 105.76924906190892 138
    endloop
  endfacet
  facet normal 0 0 1
    outer loop
      vertex -83.41765714851933 92.1733331091504 138
      vertex -83.41765714851933 105.8266668908496 138
      vertex -83.56104677546371 105.79323311909273 138
    endloop
  endfacet
  facet normal 0 0 1
    outer loop
      vertex -85.87080662768072 91.25003302429411 138
      vertex -85.87080662768072 106.74996697570589 138
      vertex -85.94855715851499 106.875 138
    endloop
  endfacet
  facet normal 0 0 1
    outer loop
      vertex -85.94855715851499 91.125 138
      vertex -85.94855715851499 106.875 138
      vertex -86.01796366844854 107.00485044700724 138
    endloop
  endfacet
  facet normal 0 0 1
    outer loop
      vertex -86.01796366844854 90.99514955299276 138
      vertex -86.01796366844854 107.00485044700724 138
      vertex -86.0787289481504 107.13896227717855 138
    endloop
  endfacet
  facet normal 0 0 1
    outer loop
      vertex -85.78504501565529 91.36971321526963 138
      vertex -85.78504501565529 106.63028678473037 138
      vertex -85.87080662768072 106.74996697570589 138
    endloop
  endfacet
  facet normal 0 0 1
    outer loop
      vertex -86.0787289481504 90.86103772282145 138
      vertex -86.0787289481504 107.13896227717855 138
      vertex -86.130592791364 107.27676120306789 138
    endloop
  endfacet
  facet normal 0 0 1
    outer loop
      vertex -86.130592791364 90.72323879693211 138
      vertex -86.130592791364 107.27676120306789 138
      vertex -86.1733331091504 107.41765714851933 138
    endloop
  endfacet
  facet normal 0 0 1
    outer loop
      vertex -86.1733331091504 90.58234285148067 138
      vertex -86.1733331091504 107.41765714851933 138
      vertex -86.20676688090727 107.56104677546371 138
    endloop
  endfacet
  facet normal 0 0 1
    outer loop
      vertex -86.20676688090727 90.43895322453629 138
      vertex -86.20676688090727 107.56104677546371 138
      vertex -86.23075093809108 107.70631606750489 138
    endloop
  endfacet
  facet normal 0 0 1
    outer loop
      vertex -86.23075093809108 90.29368393249511 138
      vertex -86.23075093809108 107.70631606750489 138
      vertex -86.24518257728685 107.85284295923218 138
    endloop
  endfacet
  facet normal 0 0 1
    outer loop
      vertex -83.27676120306789 92.130592791364 138
      vertex -83.27676120306789 105.869407208636 138
      vertex -83.41765714851933 105.8266668908496 138
    endloop
  endfacet
  facet normal 0 0 1
    outer loop
      vertex -83.13896227717855 92.0787289481504 138
      vertex -83.13896227717855 105.9212710518496 138
      vertex -83.27676120306789 105.869407208636 138
    endloop
  endfacet
  facet normal 0 0 1
    outer loop
      vertex -83.00485044700724 92.01796366844854 138
      vertex -83.00485044700724 105.98203633155146 138
      vertex -83.13896227717855 105.9212710518496 138
    endloop
  endfacet
  facet normal 0 0 1
    outer loop
      vertex -82.875 91.94855715851499 138
      vertex -82.875 106.05144284148501 138
      vertex -83.00485044700724 105.98203633155146 138
    endloop
  endfacet
  facet normal 0 0 1
    outer loop
      vertex -82.63028678473037 91.78504501565529 138
      vertex -82.63028678473037 106.21495498434471 138
      vertex -82.74996697570589 106.12919337231928 138
    endloop
  endfacet
  facet normal 0 0 1
    outer loop
      vertex -82.74996697570589 91.87080662768072 138
      vertex -82.74996697570589 106.12919337231928 138
      vertex -82.875 106.05144284148501 138
    endloop
  endfacet
  facet normal 0 0 1
    outer loop
      vertex -82.51647191602484 91.6916395668277 138
      vertex -82.51647191602484 106.3083604331723 138
      vertex -82.63028678473037 106.21495498434471 138
    endloop
  endfacet
  facet normal 0 0 1
    outer loop
      vertex -82.40900974233027 91.59099025766973 138
      vertex -82.40900974233027 106.40900974233027 138
      vertex -82.51647191602484 106.3083604331723 138
    endloop
  endfacet
  facet normal 0 0 1
    outer loop
      vertex -82.3083604331723 91.48352808397516 138
      vertex -82.3083604331723 106.51647191602484 138
      vertex -82.40900974233027 106.40900974233027 138
    endloop
  endfacet
  facet normal 0 0 1
    outer loop
      vertex -82.21495498434471 91.36971321526963 138
      vertex -82.21495498434471 106.63028678473037 138
      vertex -82.3083604331723 106.51647191602484 138
    endloop
  endfacet
  facet normal 0 0 1
    outer loop
      vertex -82.12919337231928 91.25003302429411 138
      vertex -82.12919337231928 106.74996697570589 138
      vertex -82.21495498434471 106.63028678473037 138
    endloop
  endfacet
  facet normal 0 0 1
    outer loop
      vertex -82.05144284148501 91.125 138
      vertex -82.05144284148501 106.875 138
      vertex -82.12919337231928 106.74996697570589 138
    endloop
  endfacet
  facet normal 0 0 1
    outer loop
      vertex -81.98203633155146 90.99514955299276 138
      vertex -81.98203633155146 107.00485044700724 138
      vertex -82.05144284148501 106.875 138
    endloop
  endfacet
  facet normal 0 0 1
    outer loop
      vertex -81.9212710518496 90.86103772282145 138
      vertex -81.9212710518496 107.13896227717855 138
      vertex -81.98203633155146 107.00485044700724 138
    endloop
  endfacet
  facet normal 0 0 1
    outer loop
      vertex -81.869407208636 90.72323879693211 138
      vertex -81.869407208636 107.27676120306789 138
      vertex -81.9212710518496 107.13896227717855 138
    endloop
  endfacet
  facet normal 0 0 1
    outer loop
      vertex -81.8266668908496 90.58234285148067 138
      vertex -81.8266668908496 107.41765714851933 138
      vertex -81.869407208636 107.27676120306789 138
    endloop
  endfacet
  facet normal 0 0 1
    outer loop
      vertex -81.79323311909273 90.43895322453629 138
      vertex -81.79323311909273 107.56104677546371 138
      vertex -81.8266668908496 107.41765714851933 138
    endloop
  endfacet
  facet normal 0 0 1
    outer loop
      vertex -81.76924906190892 90.29368393249511 138
      vertex -81.76924906190892 107.70631606750489 138
      vertex -81.79323311909273 107.56104677546371 138
    endloop
  endfacet
  facet normal 0 0 1
    outer loop
      vertex -81.75481742271315 90.14715704076782 138
      vertex -81.75481742271315 107.85284295923218 138
      vertex -81.76924906190892 107.70631606750489 138
    endloop
  endfacet
  facet normal 0 0 1
    outer loop
      vertex -81.75 90 138
      vertex -81.75 108 138
      vertex -81.75481742271315 107.85284295923218 138
    endloop
  endfacet
  facet normal 0 0 1
    outer loop
      vertex -86.24518257728685 90.14715704076782 138
      vertex -86.24518257728685 107.85284295923218 138
      vertex -92 116 138
    endloop
  endfacet
  facet normal 0 0 1
    outer loop
      vertex -81.75 108 138
      vertex -26.46922863405995 76.5 138
      vertex -81.75481742271315 108.14715704076782 138
    endloop
  endfacet
  facet normal 0 0 1
    outer loop
      vertex -81.76924906190892 108.29368393249511 138
      vertex -81.75481742271315 108.14715704076782 138
      vertex -26.46922863405995 76.5 138
    endloop
  endfacet
  facet normal 0 0 1
    outer loop
      vertex -81.76924906190892 108.29368393249511 138
      vertex -26.46922863405995 76.5 138
      vertex -81.79323311909273 108.43895322453629 138
    endloop
  endfacet
  facet normal 0 0 1
    outer loop
      vertex -81.79323311909273 108.43895322453629 138
      vertex -26.46922863405995 76.5 138
      vertex -81.8266668908496 108.58234285148067 138
    endloop
  endfacet
  facet normal 0 0 1
    outer loop
      vertex -81.8266668908496 108.58234285148067 138
      vertex -26.46922863405995 76.5 138
      vertex -81.869407208636 108.72323879693211 138
    endloop
  endfacet
  facet normal 0 0 1
    outer loop
      vertex -81.869407208636 108.72323879693211 138
      vertex -26.46922863405995 76.5 138
      vertex -81.9212710518496 108.86103772282145 138
    endloop
  endfacet
  facet normal 0 0 1
    outer loop
      vertex -81.98203633155146 108.99514955299276 138
      vertex -81.9212710518496 108.86103772282145 138
      vertex -26.46922863405995 76.5 138
    endloop
  endfacet
  facet normal 0 0 1
    outer loop
      vertex -81.98203633155146 108.99514955299276 138
      vertex -26.46922863405995 76.5 138
      vertex -82.05144284148501 109.125 138
    endloop
  endfacet
  facet normal 0 0 1
    outer loop
      vertex -82.05144284148501 109.125 138
      vertex -26.46922863405995 76.5 138
      vertex -82.12919337231928 109.25003302429411 138
    endloop
  endfacet
  facet normal 0 0 1
    outer loop
      vertex -82.21495498434471 109.36971321526963 138
      vertex -26.46922863405995 76.5 138
      vertex -82.3083604331723 109.48352808397516 138
    endloop
  endfacet
  facet normal 0 0 1
    outer loop
      vertex -82.12919337231928 109.25003302429411 138
      vertex -26.46922863405995 76.5 138
      vertex -82.21495498434471 109.36971321526963 138
    endloop
  endfacet
  facet normal 0 0 1
    outer loop
      vertex -82.74996697570589 109.87080662768072 138
      vertex -26.46922863405995 76.5 138
      vertex -82.875 109.94855715851499 138
    endloop
  endfacet
  facet normal 0 0 1
    outer loop
      vertex -82.3083604331723 109.48352808397516 138
      vertex -26.46922863405995 76.5 138
      vertex -82.40900974233027 109.59099025766973 138
    endloop
  endfacet
  facet normal 0 0 1
    outer loop
      vertex -82.40900974233027 109.59099025766973 138
      vertex -26.46922863405995 76.5 138
      vertex -82.51647191602484 109.6916395668277 138
    endloop
  endfacet
  facet normal 0 0 1
    outer loop
      vertex -82.51647191602484 109.6916395668277 138
      vertex -26.46922863405995 76.5 138
      vertex -82.63028678473037 109.78504501565529 138
    endloop
  endfacet
  facet normal 0 0 1
    outer loop
      vertex -82.74996697570589 109.87080662768072 138
      vertex -82.63028678473037 109.78504501565529 138
      vertex -26.46922863405995 76.5 138
    endloop
  endfacet
  facet normal 0 0 1
    outer loop
      vertex -92 116 138
      vertex -82.875 109.94855715851499 138
      vertex -26.46922863405995 76.5 138
    endloop
  endfacet
  facet normal 0 0 1
    outer loop
      vertex -86.24518257728685 107.85284295923218 138
      vertex -86.25 108 138
      vertex -92 116 138
    endloop
  endfacet
  facet normal 0 0 1
    outer loop
      vertex -86.25 108 138
      vertex -86.24518257728685 108.14715704076782 138
      vertex -92 116 138
    endloop
  endfacet
  facet normal 0 0 1
    outer loop
      vertex -86.24518257728685 108.14715704076782 138
      vertex -86.23075093809108 108.29368393249511 138
      vertex -92 116 138
    endloop
  endfacet
  facet normal 0 0 1
    outer loop
      vertex -86.23075093809108 108.29368393249511 138
      vertex -86.20676688090727 108.43895322453629 138
      vertex -92 116 138
    endloop
  endfacet
  facet normal 0 0 1
    outer loop
      vertex -86.20676688090727 108.43895322453629 138
      vertex -86.1733331091504 108.58234285148067 138
      vertex -92 116 138
    endloop
  endfacet
  facet normal 0 0 1
    outer loop
      vertex -86.1733331091504 108.58234285148067 138
      vertex -86.130592791364 108.72323879693211 138
      vertex -92 116 138
    endloop
  endfacet
  facet normal 0 0 1
    outer loop
      vertex -86.130592791364 108.72323879693211 138
      vertex -86.0787289481504 108.86103772282145 138
      vertex -92 116 138
    endloop
  endfacet
  facet normal 0 0 1
    outer loop
      vertex -86.0787289481504 108.86103772282145 138
      vertex -86.01796366844854 108.99514955299276 138
      vertex -92 116 138
    endloop
  endfacet
  facet normal 0 0 1
    outer loop
      vertex -86.01796366844854 108.99514955299276 138
      vertex -85.94855715851499 109.125 138
      vertex -92 116 138
    endloop
  endfacet
  facet normal 0 0 1
    outer loop
      vertex -92 116 138
      vertex -85.94855715851499 109.125 138
      vertex -85.87080662768072 109.25003302429411 138
    endloop
  endfacet
  facet normal 0 0 1
    outer loop
      vertex -92 116 138
      vertex -85.87080662768072 109.25003302429411 138
      vertex -85.78504501565529 109.36971321526963 138
    endloop
  endfacet
  facet normal 0 0 1
    outer loop
      vertex -92 116 138
      vertex -85.78504501565529 109.36971321526963 138
      vertex -85.6916395668277 109.48352808397516 138
    endloop
  endfacet
  facet normal 0 0 1
    outer loop
      vertex -92 116 138
      vertex -85.6916395668277 109.48352808397516 138
      vertex -85.59099025766973 109.59099025766973 138
    endloop
  endfacet
  facet normal 0 0 1
    outer loop
      vertex -92 116 138
      vertex -85.59099025766973 109.59099025766973 138
      vertex -85.48352808397516 109.6916395668277 138
    endloop
  endfacet
  facet normal 0 0 1
    outer loop
      vertex -92 116 138
      vertex -85.48352808397516 109.6916395668277 138
      vertex -85.36971321526963 109.78504501565529 138
    endloop
  endfacet
  facet normal 0 0 1
    outer loop
      vertex -92 116 138
      vertex -85.36971321526963 109.78504501565529 138
      vertex -85.25003302429411 109.87080662768072 138
    endloop
  endfacet
  facet normal 0 0 1
    outer loop
      vertex -92 116 138
      vertex -85.25003302429411 109.87080662768072 138
      vertex -85.125 109.94855715851499 138
    endloop
  endfacet
  facet normal 0 0 1
    outer loop
      vertex -92 116 138
      vertex -85.125 109.94855715851499 138
      vertex -84.99514955299276 110.01796366844854 138
    endloop
  endfacet
  facet normal 0 0 1
    outer loop
      vertex -92 116 138
      vertex -84.99514955299276 110.01796366844854 138
      vertex -84.86103772282145 110.0787289481504 138
    endloop
  endfacet
  facet normal 0 0 1
    outer loop
      vertex -92 116 138
      vertex -84.86103772282145 110.0787289481504 138
      vertex -84.72323879693211 110.130592791364 138
    endloop
  endfacet
  facet normal 0 0 1
    outer loop
      vertex -92 116 138
      vertex -84.72323879693211 110.130592791364 138
      vertex -84.58234285148067 110.1733331091504 138
    endloop
  endfacet
  facet normal 0 0 1
    outer loop
      vertex -92 116 138
      vertex -84.58234285148067 110.1733331091504 138
      vertex -84.43895322453629 110.20676688090727 138
    endloop
  endfacet
  facet normal 0 0 1
    outer loop
      vertex -92 116 138
      vertex -84.43895322453629 110.20676688090727 138
      vertex -84.29368393249511 110.23075093809108 138
    endloop
  endfacet
  facet normal 0 0 1
    outer loop
      vertex -92 116 138
      vertex -84.29368393249511 110.23075093809108 138
      vertex -84.14715704076782 110.24518257728685 138
    endloop
  endfacet
  facet normal 0 0 1
    outer loop
      vertex -92 116 138
      vertex -84.14715704076782 110.24518257728685 138
      vertex -84 110.25 138
    endloop
  endfacet
  facet normal 0 0 1
    outer loop
      vertex -92 116 138
      vertex -84 110.25 138
      vertex -83.85284295923218 110.24518257728685 138
    endloop
  endfacet
  facet normal 0 0 1
    outer loop
      vertex -92 116 138
      vertex -83.56104677546371 110.20676688090727 138
      vertex -83.41765714851933 110.1733331091504 138
    endloop
  endfacet
  facet normal 0 0 1
    outer loop
      vertex -92 116 138
      vertex -83.85284295923218 110.24518257728685 138
      vertex -83.70631606750489 110.23075093809108 138
    endloop
  endfacet
  facet normal 0 0 1
    outer loop
      vertex -92 116 138
      vertex -83.70631606750489 110.23075093809108 138
      vertex -83.56104677546371 110.20676688090727 138
    endloop
  endfacet
  facet normal 0 0 1
    outer loop
      vertex -92 116 138
      vertex -83.00485044700724 110.01796366844854 138
      vertex -82.875 109.94855715851499 138
    endloop
  endfacet
  facet normal 0 0 1
    outer loop
      vertex -92 116 138
      vertex -83.13896227717855 110.0787289481504 138
      vertex -83.00485044700724 110.01796366844854 138
    endloop
  endfacet
  facet normal 0 0 1
    outer loop
      vertex -92 116 138
      vertex -83.27676120306789 110.130592791364 138
      vertex -83.13896227717855 110.0787289481504 138
    endloop
  endfacet
  facet normal 0 0 1
    outer loop
      vertex -92 116 138
      vertex -83.41765714851933 110.1733331091504 138
      vertex -83.27676120306789 110.130592791364 138
    endloop
  endfacet
  facet normal 0 0 1
    outer loop
      vertex -92 116 138
      vertex -18.675 81 138
      vertex 81.8266668908496 108.58234285148067 138
    endloop
  endfacet
  facet normal 0 0 -1
    outer loop
      vertex 9.69426969085257 72.58862816307129 134
      vertex 9.675 72 134
      vertex -9.675 72 134
    endloop
  endfacet
  facet normal 0 0 -1
    outer loop
      vertex 9.69426969085257 72.58862816307129 134
      vertex -9.675 72 134
      vertex 9.751996247635708 73.17473572998047 134
    endloop
  endfacet
  facet normal 0 0 -1
    outer loop
      vertex 9.751996247635708 73.17473572998047 134
      vertex -9.675 72 134
      vertex 9.847932476370927 73.75581289814515 134
    endloop
  endfacet
  facet normal 0 0 -1
    outer loop
      vertex 9.847932476370927 73.75581289814515 134
      vertex -9.675 72 134
      vertex 9.981667563398386 74.32937140592269 134
    endloop
  endfacet
  facet normal 0 0 -1
    outer loop
      vertex 9.981667563398386 74.32937140592269 134
      vertex -9.675 72 134
      vertex 10.15262883454405 74.89295518772846 134
    endloop
  endfacet
  facet normal 0 0 -1
    outer loop
      vertex 10.15262883454405 74.89295518772846 134
      vertex -9.675 72 134
      vertex 10.36008420739842 75.4441508912858 134
    endloop
  endfacet
  facet normal 0 0 -1
    outer loop
      vertex 10.36008420739842 75.4441508912858 134
      vertex -9.675 72 134
      vertex 10.603145326205807 75.98059821197101 134
    endloop
  endfacet
  facet normal 0 0 -1
    outer loop
      vertex 27.675 72 134
      vertex 27.65573030914743 72.58862816307129 134
      vertex 47.025000000000006 72 134
    endloop
  endfacet
  facet normal 0 0 -1
    outer loop
      vertex 27.65573030914743 72.58862816307129 134
      vertex 27.598003752364292 73.17473572998047 134
      vertex 47.04426969085257 72.58862816307129 134
    endloop
  endfacet
  facet normal 0 0 -1
    outer loop
      vertex 27.598003752364292 73.17473572998047 134
      vertex 27.502067523629073 73.75581289814515 134
      vertex 47.10199624763571 73.17473572998047 134
    endloop
  endfacet
  facet normal 0 0 -1
    outer loop
      vertex 27.502067523629073 73.75581289814515 134
      vertex 27.368332436601616 74.32937140592269 134
      vertex 47.19793247637093 73.75581289814515 134
    endloop
  endfacet
  facet normal 0 0 -1
    outer loop
      vertex 27.19737116545595 74.89295518772846 134
      vertex 47.33166756339839 74.32937140592269 134
      vertex 27.368332436601616 74.32937140592269 134
    endloop
  endfacet
  facet normal 0 0 -1
    outer loop
      vertex 27.19737116545595 74.89295518772846 134
      vertex 26.98991579260158 75.4441508912858 134
      vertex 47.502628834544055 74.89295518772846 134
    endloop
  endfacet
  facet normal 0 0 -1
    outer loop
      vertex 26.98991579260158 75.4441508912858 134
      vertex 26.746854673794196 75.98059821197101 134
      vertex 47.710084207398424 75.4441508912858 134
    endloop
  endfacet
  facet normal 0 0 -1
    outer loop
      vertex 26.46922863405995 76.5 134
      vertex 47.953145326205814 75.98059821197101 134
      vertex 26.746854673794196 75.98059821197101 134
    endloop
  endfacet
  facet normal 0 0 -1
    outer loop
      vertex 27.65573030914743 72.58862816307129 134
      vertex 47.04426969085257 72.58862816307129 134
      vertex 47.025000000000006 72 134
    endloop
  endfacet
  facet normal 0 0 -1
    outer loop
      vertex 27.598003752364292 73.17473572998047 134
      vertex 47.10199624763571 73.17473572998047 134
      vertex 47.04426969085257 72.58862816307129 134
    endloop
  endfacet
  facet normal 0 0 -1
    outer loop
      vertex 27.502067523629073 73.75581289814515 134
      vertex 47.19793247637093 73.75581289814515 134
      vertex 47.10199624763571 73.17473572998047 134
    endloop
  endfacet
  facet normal 0 0 -1
    outer loop
      vertex 27.368332436601616 74.32937140592269 134
      vertex 47.33166756339839 74.32937140592269 134
      vertex 47.19793247637093 73.75581289814515 134
    endloop
  endfacet
  facet normal 0 0 -1
    outer loop
      vertex 27.19737116545595 74.89295518772846 134
      vertex 47.502628834544055 74.89295518772846 134
      vertex 47.33166756339839 74.32937140592269 134
    endloop
  endfacet
  facet normal 0 0 -1
    outer loop
      vertex 26.98991579260158 75.4441508912858 134
      vertex 47.710084207398424 75.4441508912858 134
      vertex 47.502628834544055 74.89295518772846 134
    endloop
  endfacet
  facet normal 0 0 -1
    outer loop
      vertex 26.746854673794196 75.98059821197101 134
      vertex 47.953145326205814 75.98059821197101 134
      vertex 47.710084207398424 75.4441508912858 134
    endloop
  endfacet
  facet normal 0 0 -1
    outer loop
      vertex 26.46922863405995 76.5 134
      vertex 48.23077136594006 76.5 134
      vertex 47.953145326205814 75.98059821197101 134
    endloop
  endfacet
  facet normal 0 0 -1
    outer loop
      vertex 26.46922863405995 76.5 134
      vertex 48.5417734892771 77.00013209717642 134
      vertex 48.23077136594006 76.5 134
    endloop
  endfacet
  facet normal 0 0 -1
    outer loop
      vertex 26.46922863405995 76.5 134
      vertex 48.88481993737889 77.47885286107848 134
      vertex 48.5417734892771 77.00013209717642 134
    endloop
  endfacet
  facet normal 0 0 -1
    outer loop
      vertex 26.46922863405995 76.5 134
      vertex 49.25844173268921 77.93411233590062 134
      vertex 48.88481993737889 77.47885286107848 134
    endloop
  endfacet
  facet normal 0 0 -1
    outer loop
      vertex 26.46922863405995 76.5 134
      vertex 49.661038969321076 78.36396103067892 134
      vertex 49.25844173268921 77.93411233590062 134
    endloop
  endfacet
  facet normal 0 0 -1
    outer loop
      vertex 26.46922863405995 76.5 134
      vertex 50.090887664099384 78.7665582673108 134
      vertex 49.661038969321076 78.36396103067892 134
    endloop
  endfacet
  facet normal 0 0 -1
    outer loop
      vertex 26.46922863405995 76.5 134
      vertex 50.54614713892152 79.14018006262111 134
      vertex 50.090887664099384 78.7665582673108 134
    endloop
  endfacet
  facet normal 0 0 -1
    outer loop
      vertex 26.46922863405995 76.5 134
      vertex 51.02486790282359 79.4832265107229 134
      vertex 50.54614713892152 79.14018006262111 134
    endloop
  endfacet
  facet normal 0 0 -1
    outer loop
      vertex 26.46922863405995 76.5 134
      vertex 51.525000000000006 79.79422863405995 134
      vertex 51.02486790282359 79.4832265107229 134
    endloop
  endfacet
  facet normal 0 0 -1
    outer loop
      vertex 26.46922863405995 76.5 134
      vertex 52.04440178802899 80.07185467379419 134
      vertex 51.525000000000006 79.79422863405995 134
    endloop
  endfacet
  facet normal 0 0 -1
    outer loop
      vertex 26.46922863405995 76.5 134
      vertex 52.5808491087142 80.31491579260158 134
      vertex 52.04440178802899 80.07185467379419 134
    endloop
  endfacet
  facet normal 0 0 -1
    outer loop
      vertex 26.46922863405995 76.5 134
      vertex 53.13204481227155 80.52237116545595 134
      vertex 52.5808491087142 80.31491579260158 134
    endloop
  endfacet
  facet normal 0 0 -1
    outer loop
      vertex 19.849735729980466 80.9230037523643 134
      vertex 92 116 134
      vertex 20.430812898145156 80.82706752362907 134
    endloop
  endfacet
  facet normal 0 0 -1
    outer loop
      vertex 20.430812898145156 80.82706752362907 134
      vertex 92 116 134
      vertex 21.004371405922686 80.69333243660162 134
    endloop
  endfacet
  facet normal 0 0 -1
    outer loop
      vertex 21.567955187728455 80.52237116545595 134
      vertex 92 116 134
      vertex 22.11915089128581 80.31491579260158 134
    endloop
  endfacet
  facet normal 0 0 -1
    outer loop
      vertex 22.65559821197101 80.07185467379419 134
      vertex 92 116 134
      vertex 23.175 79.79422863405995 134
    endloop
  endfacet
  facet normal 0 0 -1
    outer loop
      vertex 22.65559821197101 80.07185467379419 134
      vertex 22.11915089128581 80.31491579260158 134
      vertex 92 116 134
    endloop
  endfacet
  facet normal 0 0 -1
    outer loop
      vertex 21.004371405922686 80.69333243660162 134
      vertex 92 116 134
      vertex 21.567955187728455 80.52237116545595 134
    endloop
  endfacet
  facet normal 0 0 -1
    outer loop
      vertex 19.26362816307129 80.98073030914743 134
      vertex 18.675 81 134
      vertex 92 116 134
    endloop
  endfacet
  facet normal 0 0 -1
    outer loop
      vertex 19.26362816307129 80.98073030914743 134
      vertex 92 116 134
      vertex 19.849735729980466 80.9230037523643 134
    endloop
  endfacet
  facet normal 0 0 -1
    outer loop
      vertex 26.46922863405995 76.5 134
      vertex 81.75 90 134
      vertex 53.13204481227155 80.52237116545595 134
    endloop
  endfacet
  facet normal 0 0 -1
    outer loop
      vertex 62.388961030678935 78.36396103067892 134
      vertex 81.79323311909273 89.56104677546371 134
      vertex 62.791558267310805 77.93411233590062 134
    endloop
  endfacet
  facet normal 0 0 -1
    outer loop
      vertex 62.388961030678935 78.36396103067892 134
      vertex 61.95911233590063 78.7665582673108 134
      vertex 81.75481742271315 89.85284295923218 134
    endloop
  endfacet
  facet normal 0 0 -1
    outer loop
      vertex 61.50385286107849 79.14018006262111 134
      vertex 81.75 90 134
      vertex 61.95911233590063 78.7665582673108 134
    endloop
  endfacet
  facet normal 0 0 -1
    outer loop
      vertex 61.50385286107849 79.14018006262111 134
      vertex 61.025132097176424 79.4832265107229 134
      vertex 81.75 90 134
    endloop
  endfacet
  facet normal 0 0 -1
    outer loop
      vertex 65.025 72 134
      vertex 65.00573030914744 72.58862816307129 134
      vertex 83.56104677546371 87.79323311909273 134
    endloop
  endfacet
  facet normal 0 0 -1
    outer loop
      vertex 85.36971321526963 88.21495498434471 134
      vertex 92 72 134
      vertex 65.025 72 134
    endloop
  endfacet
  facet normal 0 0 -1
    outer loop
      vertex 65.00573030914744 72.58862816307129 134
      vertex 64.9480037523643 73.17473572998047 134
      vertex 83.27676120306789 87.869407208636 134
    endloop
  endfacet
  facet normal 0 0 -1
    outer loop
      vertex 64.9480037523643 73.17473572998047 134
      vertex 64.85206752362907 73.75581289814515 134
      vertex 83.13896227717855 87.9212710518496 134
    endloop
  endfacet
  facet normal 0 0 -1
    outer loop
      vertex 64.85206752362907 73.75581289814515 134
      vertex 64.71833243660163 74.32937140592269 134
      vertex 83.00485044700724 87.98203633155146 134
    endloop
  endfacet
  facet normal 0 0 -1
    outer loop
      vertex 64.54737116545596 74.89295518772846 134
      vertex 82.74996697570589 88.12919337231928 134
      vertex 64.71833243660163 74.32937140592269 134
    endloop
  endfacet
  facet normal 0 0 -1
    outer loop
      vertex 64.54737116545596 74.89295518772846 134
      vertex 64.33991579260159 75.4441508912858 134
      vertex 82.63028678473037 88.21495498434471 134
    endloop
  endfacet
  facet normal 0 0 -1
    outer loop
      vertex 64.33991579260159 75.4441508912858 134
      vertex 64.0968546737942 75.98059821197101 134
      vertex 82.40900974233027 88.40900974233027 134
    endloop
  endfacet
  facet normal 0 0 -1
    outer loop
      vertex 63.819228634059954 76.5 134
      vertex 82.3083604331723 88.51647191602484 134
      vertex 64.0968546737942 75.98059821197101 134
    endloop
  endfacet
  facet normal 0 0 -1
    outer loop
      vertex 63.819228634059954 76.5 134
      vertex 63.50822651072291 77.00013209717642 134
      vertex 82.12919337231928 88.74996697570589 134
    endloop
  endfacet
  facet normal 0 0 -1
    outer loop
      vertex 63.16518006262112 77.47885286107848 134
      vertex 81.98203633155146 89.00485044700724 134
      vertex 63.50822651072291 77.00013209717642 134
    endloop
  endfacet
  facet normal 0 0 -1
    outer loop
      vertex 63.16518006262112 77.47885286107848 134
      vertex 62.791558267310805 77.93411233590062 134
      vertex 81.869407208636 89.27676120306789 134
    endloop
  endfacet
  facet normal 0 0 -1
    outer loop
      vertex 65.025 72 134
      vertex 83.56104677546371 87.79323311909273 134
      vertex 83.70631606750489 87.76924906190892 134
    endloop
  endfacet
  facet normal 0 0 -1
    outer loop
      vertex 83.70631606750489 87.76924906190892 134
      vertex 83.85284295923218 87.75481742271315 134
      vertex 65.025 72 134
    endloop
  endfacet
  facet normal 0 0 -1
    outer loop
      vertex 65.00573030914744 72.58862816307129 134
      vertex 83.27676120306789 87.869407208636 134
      vertex 83.41765714851933 87.8266668908496 134
    endloop
  endfacet
  facet normal 0 0 -1
    outer loop
      vertex 65.00573030914744 72.58862816307129 134
      vertex 83.41765714851933 87.8266668908496 134
      vertex 83.56104677546371 87.79323311909273 134
    endloop
  endfacet
  facet normal 0 0 -1
    outer loop
      vertex 64.9480037523643 73.17473572998047 134
      vertex 83.13896227717855 87.9212710518496 134
      vertex 83.27676120306789 87.869407208636 134
    endloop
  endfacet
  facet normal 0 0 -1
    outer loop
      vertex 83.85284295923218 87.75481742271315 134
      vertex 84 87.75 134
      vertex 65.025 72 134
    endloop
  endfacet
  facet normal 0 0 -1
    outer loop
      vertex 84 87.75 134
      vertex 84.14715704076782 87.75481742271315 134
      vertex 65.025 72 134
    endloop
  endfacet
  facet normal 0 0 -1
    outer loop
      vertex 84.29368393249511 87.76924906190892 134
      vertex 84.43895322453629 87.79323311909273 134
      vertex 65.025 72 134
    endloop
  endfacet
  facet normal 0 0 -1
    outer loop
      vertex 84.14715704076782 87.75481742271315 134
      vertex 84.29368393249511 87.76924906190892 134
      vertex 65.025 72 134
    endloop
  endfacet
  facet normal 0 0 -1
    outer loop
      vertex 84.43895322453629 87.79323311909273 134
      vertex 84.58234285148067 87.8266668908496 134
      vertex 65.025 72 134
    endloop
  endfacet
  facet normal 0 0 -1
    outer loop
      vertex 84.58234285148067 87.8266668908496 134
      vertex 84.72323879693211 87.869407208636 134
      vertex 65.025 72 134
    endloop
  endfacet
  facet normal 0 0 -1
    outer loop
      vertex 84.72323879693211 87.869407208636 134
      vertex 84.86103772282145 87.9212710518496 134
      vertex 65.025 72 134
    endloop
  endfacet
  facet normal 0 0 -1
    outer loop
      vertex 84.86103772282145 87.9212710518496 134
      vertex 84.99514955299276 87.98203633155146 134
      vertex 65.025 72 134
    endloop
  endfacet
  facet normal 0 0 -1
    outer loop
      vertex 84.99514955299276 87.98203633155146 134
      vertex 85.125 88.05144284148501 134
      vertex 65.025 72 134
    endloop
  endfacet
  facet normal 0 0 -1
    outer loop
      vertex 85.125 88.05144284148501 134
      vertex 85.25003302429411 88.12919337231928 134
      vertex 65.025 72 134
    endloop
  endfacet
  facet normal 0 0 -1
    outer loop
      vertex 85.25003302429411 88.12919337231928 134
      vertex 85.36971321526963 88.21495498434471 134
      vertex 65.025 72 134
    endloop
  endfacet
  facet normal 0 0 -1
    outer loop
      vertex 85.36971321526963 88.21495498434471 134
      vertex 85.48352808397516 88.3083604331723 134
      vertex 92 72 134
    endloop
  endfacet
  facet normal 0 0 -1
    outer loop
      vertex 85.48352808397516 88.3083604331723 134
      vertex 85.59099025766973 88.40900974233027 134
      vertex 92 72 134
    endloop
  endfacet
  facet normal 0 0 -1
    outer loop
      vertex 85.59099025766973 88.40900974233027 134
      vertex 85.6916395668277 88.51647191602484 134
      vertex 92 72 134
    endloop
  endfacet
  facet normal 0 0 -1
    outer loop
      vertex 53.13204481227155 80.52237116545595 134
      vertex 81.75 90 134
      vertex 53.69562859407732 80.69333243660162 134
    endloop
  endfacet
  facet normal 0 0 -1
    outer loop
      vertex 53.69562859407732 80.69333243660162 134
      vertex 81.75 90 134
      vertex 54.269187101854854 80.82706752362907 134
    endloop
  endfacet
  facet normal 0 0 -1
    outer loop
      vertex 54.269187101854854 80.82706752362907 134
      vertex 81.75 90 134
      vertex 54.850264270019544 80.9230037523643 134
    endloop
  endfacet
  facet normal 0 0 -1
    outer loop
      vertex 54.850264270019544 80.9230037523643 134
      vertex 81.75 90 134
      vertex 55.43637183692872 80.98073030914743 134
    endloop
  endfacet
  facet normal 0 0 -1
    outer loop
      vertex 55.43637183692872 80.98073030914743 134
      vertex 81.75 90 134
      vertex 56.025000000000006 81 134
    endloop
  endfacet
  facet normal 0 0 -1
    outer loop
      vertex 56.61362816307129 80.98073030914743 134
      vertex 56.025000000000006 81 134
      vertex 81.75 90 134
    endloop
  endfacet
  facet normal 0 0 -1
    outer loop
      vertex 56.61362816307129 80.98073030914743 134
      vertex 81.75 90 134
      vertex 57.19973572998047 80.9230037523643 134
    endloop
  endfacet
  facet normal 0 0 -1
    outer loop
      vertex 57.78081289814516 80.82706752362907 134
      vertex 81.75 90 134
      vertex 58.35437140592269 80.69333243660162 134
    endloop
  endfacet
  facet normal 0 0 -1
    outer loop
      vertex 57.19973572998047 80.9230037523643 134
      vertex 81.75 90 134
      vertex 57.78081289814516 80.82706752362907 134
    endloop
  endfacet
  facet normal 0 0 -1
    outer loop
      vertex 60.00559821197102 80.07185467379419 134
      vertex 81.75 90 134
      vertex 60.525000000000006 79.79422863405995 134
    endloop
  endfacet
  facet normal 0 0 -1
    outer loop
      vertex 58.91795518772846 80.52237116545595 134
      vertex 81.75 90 134
      vertex 59.469150891285814 80.31491579260158 134
    endloop
  endfacet
  facet normal 0 0 -1
    outer loop
      vertex 60.00559821197102 80.07185467379419 134
      vertex 59.469150891285814 80.31491579260158 134
      vertex 81.75 90 134
    endloop
  endfacet
  facet normal 0 0 -1
    outer loop
      vertex 61.025132097176424 79.4832265107229 134
      vertex 60.525000000000006 79.79422863405995 134
      vertex 81.75 90 134
    endloop
  endfacet
  facet normal 0 0 -1
    outer loop
      vertex 58.91795518772846 80.52237116545595 134
      vertex 58.35437140592269 80.69333243660162 134
      vertex 81.75 90 134
    endloop
  endfacet
  facet normal 0 0 -1
    outer loop
      vertex 26.46922863405995 76.5 134
      vertex 26.15822651072291 77.00013209717642 134
      vertex 92 116 134
    endloop
  endfacet
  facet normal 0 0 -1
    outer loop
      vertex 25.815180062621117 77.47885286107848 134
      vertex 92 116 134
      vertex 26.15822651072291 77.00013209717642 134
    endloop
  endfacet
  facet normal 0 0 -1
    outer loop
      vertex 25.815180062621117 77.47885286107848 134
      vertex 25.441558267310796 77.93411233590062 134
      vertex 92 116 134
    endloop
  endfacet
  facet normal 0 0 -1
    outer loop
      vertex 25.03896103067893 78.36396103067892 134
      vertex 24.60911233590062 78.7665582673108 134
      vertex 92 116 134
    endloop
  endfacet
  facet normal 0 0 -1
    outer loop
      vertex 25.03896103067893 78.36396103067892 134
      vertex 92 116 134
      vertex 25.441558267310796 77.93411233590062 134
    endloop
  endfacet
  facet normal 0 0 -1
    outer loop
      vertex 24.153852861078487 79.14018006262111 134
      vertex 23.67513209717642 79.4832265107229 134
      vertex 92 116 134
    endloop
  endfacet
  facet normal 0 0 -1
    outer loop
      vertex 24.153852861078487 79.14018006262111 134
      vertex 92 116 134
      vertex 24.60911233590062 78.7665582673108 134
    endloop
  endfacet
  facet normal 0 0 -1
    outer loop
      vertex 23.67513209717642 79.4832265107229 134
      vertex 23.175 79.79422863405995 134
      vertex 92 116 134
    endloop
  endfacet
  facet normal 0 0 -1
    outer loop
      vertex 26.46922863405995 76.5 134
      vertex 81.75 108 134
      vertex 81.75 90 134
    endloop
  endfacet
  facet normal 0 0 -1
    outer loop
      vertex 64.85206752362907 73.75581289814515 134
      vertex 83.00485044700724 87.98203633155146 134
      vertex 83.13896227717855 87.9212710518496 134
    endloop
  endfacet
  facet normal 0 0 -1
    outer loop
      vertex 64.71833243660163 74.32937140592269 134
      vertex 82.875 88.05144284148501 134
      vertex 83.00485044700724 87.98203633155146 134
    endloop
  endfacet
  facet normal 0 0 -1
    outer loop
      vertex 64.71833243660163 74.32937140592269 134
      vertex 82.74996697570589 88.12919337231928 134
      vertex 82.875 88.05144284148501 134
    endloop
  endfacet
  facet normal 0 0 -1
    outer loop
      vertex 64.54737116545596 74.89295518772846 134
      vertex 82.63028678473037 88.21495498434471 134
      vertex 82.74996697570589 88.12919337231928 134
    endloop
  endfacet
  facet normal 0 0 -1
    outer loop
      vertex 64.33991579260159 75.4441508912858 134
      vertex 82.51647191602484 88.3083604331723 134
      vertex 82.63028678473037 88.21495498434471 134
    endloop
  endfacet
  facet normal 0 0 -1
    outer loop
      vertex 64.33991579260159 75.4441508912858 134
      vertex 82.40900974233027 88.40900974233027 134
      vertex 82.51647191602484 88.3083604331723 134
    endloop
  endfacet
  facet normal 0 0 -1
    outer loop
      vertex 64.0968546737942 75.98059821197101 134
      vertex 82.3083604331723 88.51647191602484 134
      vertex 82.40900974233027 88.40900974233027 134
    endloop
  endfacet
  facet normal 0 0 -1
    outer loop
      vertex 63.819228634059954 76.5 134
      vertex 82.21495498434471 88.63028678473037 134
      vertex 82.3083604331723 88.51647191602484 134
    endloop
  endfacet
  facet normal 0 0 -1
    outer loop
      vertex 63.819228634059954 76.5 134
      vertex 82.12919337231928 88.74996697570589 134
      vertex 82.21495498434471 88.63028678473037 134
    endloop
  endfacet
  facet normal 0 0 -1
    outer loop
      vertex 63.50822651072291 77.00013209717642 134
      vertex 82.05144284148501 88.875 134
      vertex 82.12919337231928 88.74996697570589 134
    endloop
  endfacet
  facet normal 0 0 -1
    outer loop
      vertex 63.50822651072291 77.00013209717642 134
      vertex 81.98203633155146 89.00485044700724 134
      vertex 82.05144284148501 88.875 134
    endloop
  endfacet
  facet normal 0 0 -1
    outer loop
      vertex 63.16518006262112 77.47885286107848 134
      vertex 81.9212710518496 89.13896227717855 134
      vertex 81.98203633155146 89.00485044700724 134
    endloop
  endfacet
  facet normal 0 0 -1
    outer loop
      vertex 63.16518006262112 77.47885286107848 134
      vertex 81.869407208636 89.27676120306789 134
      vertex 81.9212710518496 89.13896227717855 134
    endloop
  endfacet
  facet normal 0 0 -1
    outer loop
      vertex 62.791558267310805 77.93411233590062 134
      vertex 81.8266668908496 89.41765714851933 134
      vertex 81.869407208636 89.27676120306789 134
    endloop
  endfacet
  facet normal 0 0 -1
    outer loop
      vertex 62.791558267310805 77.93411233590062 134
      vertex 81.79323311909273 89.56104677546371 134
      vertex 81.8266668908496 89.41765714851933 134
    endloop
  endfacet
  facet normal 0 0 -1
    outer loop
      vertex 62.388961030678935 78.36396103067892 134
      vertex 81.76924906190892 89.70631606750489 134
      vertex 81.79323311909273 89.56104677546371 134
    endloop
  endfacet
  facet normal 0 0 -1
    outer loop
      vertex 62.388961030678935 78.36396103067892 134
      vertex 81.75481742271315 89.85284295923218 134
      vertex 81.76924906190892 89.70631606750489 134
    endloop
  endfacet
  facet normal 0 0 -1
    outer loop
      vertex 61.95911233590063 78.7665582673108 134
      vertex 81.75 90 134
      vertex 81.75481742271315 89.85284295923218 134
    endloop
  endfacet
  facet normal 0 0 -1
    outer loop
      vertex 85.6916395668277 88.51647191602484 134
      vertex 85.78504501565529 88.63028678473037 134
      vertex 92 72 134
    endloop
  endfacet
  facet normal 0 0 -1
    outer loop
      vertex 85.78504501565529 88.63028678473037 134
      vertex 85.87080662768072 88.74996697570589 134
      vertex 92 72 134
    endloop
  endfacet
  facet normal 0 0 -1
    outer loop
      vertex 85.87080662768072 88.74996697570589 134
      vertex 85.94855715851499 88.875 134
      vertex 92 72 134
    endloop
  endfacet
  facet normal 0 0 -1
    outer loop
      vertex 85.94855715851499 88.875 134
      vertex 86.01796366844854 89.00485044700724 134
      vertex 92 72 134
    endloop
  endfacet
  facet normal 0 0 -1
    outer loop
      vertex 86.01796366844854 89.00485044700724 134
      vertex 86.0787289481504 89.13896227717855 134
      vertex 92 72 134
    endloop
  endfacet
  facet normal 0 0 -1
    outer loop
      vertex 86.0787289481504 89.13896227717855 134
      vertex 86.130592791364 89.27676120306789 134
      vertex 92 72 134
    endloop
  endfacet
  facet normal 0 0 -1
    outer loop
      vertex 86.130592791364 89.27676120306789 134
      vertex 86.1733331091504 89.41765714851933 134
      vertex 92 72 134
    endloop
  endfacet
  facet normal 0 0 -1
    outer loop
      vertex 86.1733331091504 89.41765714851933 134
      vertex 86.20676688090727 89.56104677546371 134
      vertex 92 72 134
    endloop
  endfacet
  facet normal 0 0 -1
    outer loop
      vertex 86.20676688090727 89.56104677546371 134
      vertex 86.23075093809108 89.70631606750489 134
      vertex 92 72 134
    endloop
  endfacet
  facet normal 0 0 -1
    outer loop
      vertex 86.23075093809108 89.70631606750489 134
      vertex 86.24518257728685 89.85284295923218 134
      vertex 92 72 134
    endloop
  endfacet
  facet normal 0 0 -1
    outer loop
      vertex 86.24518257728685 89.85284295923218 134
      vertex 92 116 134
      vertex 92 72 134
    endloop
  endfacet
  facet normal 0 0 1
    outer loop
      vertex -10.603145326205807 75.98059821197101 138
      vertex 9.675 72 138
      vertex 9.69426969085257 72.58862816307129 138
    endloop
  endfacet
  facet normal 0 0 1
    outer loop
      vertex -10.603145326205807 75.98059821197101 138
      vertex 9.69426969085257 72.58862816307129 138
      vertex 9.751996247635708 73.17473572998047 138
    endloop
  endfacet
  facet normal 0 0 1
    outer loop
      vertex -10.603145326205807 75.98059821197101 138
      vertex 9.751996247635708 73.17473572998047 138
      vertex 9.847932476370927 73.75581289814515 138
    endloop
  endfacet
  facet normal 0 0 1
    outer loop
      vertex -10.603145326205807 75.98059821197101 138
      vertex 9.847932476370927 73.75581289814515 138
      vertex 9.981667563398386 74.32937140592269 138
    endloop
  endfacet
  facet normal 0 0 1
    outer loop
      vertex -10.603145326205807 75.98059821197101 138
      vertex 9.981667563398386 74.32937140592269 138
      vertex 10.15262883454405 74.89295518772846 138
    endloop
  endfacet
  facet normal 0 0 1
    outer loop
      vertex -10.603145326205807 75.98059821197101 138
      vertex 10.15262883454405 74.89295518772846 138
      vertex 10.36008420739842 75.4441508912858 138
    endloop
  endfacet
  facet normal 0 0 1
    outer loop
      vertex -10.603145326205807 75.98059821197101 138
      vertex 10.36008420739842 75.4441508912858 138
      vertex 10.603145326205807 75.98059821197101 138
    endloop
  endfacet
  facet normal 0 0 1
    outer loop
      vertex -10.603145326205807 75.98059821197101 138
      vertex 10.603145326205807 75.98059821197101 138
      vertex 10.880771365940053 76.5 138
    endloop
  endfacet
  facet normal 0 0 1
    outer loop
      vertex -10.603145326205807 75.98059821197101 138
      vertex 10.880771365940053 76.5 138
      vertex 11.191773489277093 77.00013209717642 138
    endloop
  endfacet
  facet normal 0 0 1
    outer loop
      vertex -10.603145326205807 75.98059821197101 138
      vertex 11.191773489277093 77.00013209717642 138
      vertex 11.534819937378884 77.47885286107848 138
    endloop
  endfacet
  facet normal 0 0 1
    outer loop
      vertex -10.603145326205807 75.98059821197101 138
      vertex 11.534819937378884 77.47885286107848 138
      vertex 11.908441732689203 77.93411233590062 138
    endloop
  endfacet
  facet normal 0 0 1
    outer loop
      vertex -10.603145326205807 75.98059821197101 138
      vertex 11.908441732689203 77.93411233590062 138
      vertex 12.311038969321071 78.36396103067892 138
    endloop
  endfacet
  facet normal 0 0 1
    outer loop
      vertex -10.603145326205807 75.98059821197101 138
      vertex 12.311038969321071 78.36396103067892 138
      vertex 12.74088766409938 78.7665582673108 138
    endloop
  endfacet
  facet normal 0 0 1
    outer loop
      vertex -10.603145326205807 75.98059821197101 138
      vertex 12.74088766409938 78.7665582673108 138
      vertex 13.196147138921514 79.14018006262111 138
    endloop
  endfacet
  facet normal 0 0 1
    outer loop
      vertex -10.603145326205807 75.98059821197101 138
      vertex 13.196147138921514 79.14018006262111 138
      vertex 13.674867902823582 79.4832265107229 138
    endloop
  endfacet
  facet normal 0 0 1
    outer loop
      vertex -10.603145326205807 75.98059821197101 138
      vertex 13.674867902823582 79.4832265107229 138
      vertex 14.175 79.79422863405995 138
    endloop
  endfacet
  facet normal 0 0 1
    outer loop
      vertex -10.603145326205807 75.98059821197101 138
      vertex 14.175 79.79422863405995 138
      vertex 14.694401788028989 80.07185467379419 138
    endloop
  endfacet
  facet normal 0 0 1
    outer loop
      vertex -10.603145326205807 75.98059821197101 138
      vertex 14.694401788028989 80.07185467379419 138
      vertex 15.230849108714192 80.31491579260158 138
    endloop
  endfacet
  facet normal 0 0 1
    outer loop
      vertex -10.603145326205807 75.98059821197101 138
      vertex 15.230849108714192 80.31491579260158 138
      vertex 15.782044812271547 80.52237116545595 138
    endloop
  endfacet
  facet normal 0 0 1
    outer loop
      vertex -10.603145326205807 75.98059821197101 138
      vertex 15.782044812271547 80.52237116545595 138
      vertex 16.345628594077315 80.69333243660162 138
    endloop
  endfacet
  facet normal 0 0 1
    outer loop
      vertex -10.603145326205807 75.98059821197101 138
      vertex 16.345628594077315 80.69333243660162 138
      vertex 16.919187101854845 80.82706752362907 138
    endloop
  endfacet
  facet normal 0 0 1
    outer loop
      vertex 27.675 72 138
      vertex 47.04426969085257 72.58862816307129 138
      vertex 27.65573030914743 72.58862816307129 138
    endloop
  endfacet
  facet normal 0 0 1
    outer loop
      vertex 27.65573030914743 72.58862816307129 138
      vertex 47.10199624763571 73.17473572998047 138
      vertex 27.598003752364292 73.17473572998047 138
    endloop
  endfacet
  facet normal 0 0 1
    outer loop
      vertex 27.598003752364292 73.17473572998047 138
      vertex 47.19793247637093 73.75581289814515 138
      vertex 27.502067523629073 73.75581289814515 138
    endloop
  endfacet
  facet normal 0 0 1
    outer loop
      vertex 27.502067523629073 73.75581289814515 138
      vertex 47.33166756339839 74.32937140592269 138
      vertex 27.368332436601616 74.32937140592269 138
    endloop
  endfacet
  facet normal 0 0 1
    outer loop
      vertex 27.19737116545595 74.89295518772846 138
      vertex 27.368332436601616 74.32937140592269 138
      vertex 47.502628834544055 74.89295518772846 138
    endloop
  endfacet
  facet normal 0 0 1
    outer loop
      vertex 27.19737116545595 74.89295518772846 138
      vertex 47.710084207398424 75.4441508912858 138
      vertex 26.98991579260158 75.4441508912858 138
    endloop
  endfacet
  facet normal 0 0 1
    outer loop
      vertex 26.98991579260158 75.4441508912858 138
      vertex 47.953145326205814 75.98059821197101 138
      vertex 26.746854673794196 75.98059821197101 138
    endloop
  endfacet
  facet normal 0 0 1
    outer loop
      vertex 26.46922863405995 76.5 138
      vertex 26.746854673794196 75.98059821197101 138
      vertex 48.23077136594006 76.5 138
    endloop
  endfacet
  facet normal 0 0 1
    outer loop
      vertex 26.46922863405995 76.5 138
      vertex 48.5417734892771 77.00013209717642 138
      vertex 26.15822651072291 77.00013209717642 138
    endloop
  endfacet
  facet normal 0 0 1
    outer loop
      vertex 25.815180062621117 77.47885286107848 138
      vertex 26.15822651072291 77.00013209717642 138
      vertex 48.88481993737889 77.47885286107848 138
    endloop
  endfacet
  facet normal 0 0 1
    outer loop
      vertex 27.675 72 138
      vertex 47.025000000000006 72 138
      vertex 47.04426969085257 72.58862816307129 138
    endloop
  endfacet
  facet normal 0 0 1
    outer loop
      vertex 27.65573030914743 72.58862816307129 138
      vertex 47.04426969085257 72.58862816307129 138
      vertex 47.10199624763571 73.17473572998047 138
    endloop
  endfacet
  facet normal 0 0 1
    outer loop
      vertex 27.598003752364292 73.17473572998047 138
      vertex 47.10199624763571 73.17473572998047 138
      vertex 47.19793247637093 73.75581289814515 138
    endloop
  endfacet
  facet normal 0 0 1
    outer loop
      vertex 27.502067523629073 73.75581289814515 138
      vertex 47.19793247637093 73.75581289814515 138
      vertex 47.33166756339839 74.32937140592269 138
    endloop
  endfacet
  facet normal 0 0 1
    outer loop
      vertex 27.368332436601616 74.32937140592269 138
      vertex 47.33166756339839 74.32937140592269 138
      vertex 47.502628834544055 74.89295518772846 138
    endloop
  endfacet
  facet normal 0 0 1
    outer loop
      vertex 27.19737116545595 74.89295518772846 138
      vertex 47.502628834544055 74.89295518772846 138
      vertex 47.710084207398424 75.4441508912858 138
    endloop
  endfacet
  facet normal 0 0 1
    outer loop
      vertex 26.98991579260158 75.4441508912858 138
      vertex 47.710084207398424 75.4441508912858 138
      vertex 47.953145326205814 75.98059821197101 138
    endloop
  endfacet
  facet normal 0 0 1
    outer loop
      vertex 26.746854673794196 75.98059821197101 138
      vertex 47.953145326205814 75.98059821197101 138
      vertex 48.23077136594006 76.5 138
    endloop
  endfacet
  facet normal 0 0 1
    outer loop
      vertex 26.46922863405995 76.5 138
      vertex 48.23077136594006 76.5 138
      vertex 48.5417734892771 77.00013209717642 138
    endloop
  endfacet
  facet normal 0 0 1
    outer loop
      vertex 26.15822651072291 77.00013209717642 138
      vertex 48.5417734892771 77.00013209717642 138
      vertex 48.88481993737889 77.47885286107848 138
    endloop
  endfacet
  facet normal 0 0 1
    outer loop
      vertex 25.815180062621117 77.47885286107848 138
      vertex 49.25844173268921 77.93411233590062 138
      vertex 25.441558267310796 77.93411233590062 138
    endloop
  endfacet
  facet normal 0 0 1
    outer loop
      vertex 25.03896103067893 78.36396103067892 138
      vertex 25.441558267310796 77.93411233590062 138
      vertex 49.661038969321076 78.36396103067892 138
    endloop
  endfacet
  facet normal 0 0 1
    outer loop
      vertex 25.03896103067893 78.36396103067892 138
      vertex 50.090887664099384 78.7665582673108 138
      vertex 24.60911233590062 78.7665582673108 138
    endloop
  endfacet
  facet normal 0 0 1
    outer loop
      vertex 24.153852861078487 79.14018006262111 138
      vertex 51.02486790282359 79.4832265107229 138
      vertex 23.67513209717642 79.4832265107229 138
    endloop
  endfacet
  facet normal 0 0 1
    outer loop
      vertex 24.153852861078487 79.14018006262111 138
      vertex 24.60911233590062 78.7665582673108 138
      vertex 50.54614713892152 79.14018006262111 138
    endloop
  endfacet
  facet normal 0 0 1
    outer loop
      vertex 23.67513209717642 79.4832265107229 138
      vertex 51.525000000000006 79.79422863405995 138
      vertex 23.175 79.79422863405995 138
    endloop
  endfacet
  facet normal 0 0 1
    outer loop
      vertex 22.65559821197101 80.07185467379419 138
      vertex 23.175 79.79422863405995 138
      vertex 52.04440178802899 80.07185467379419 138
    endloop
  endfacet
  facet normal 0 0 1
    outer loop
      vertex 22.65559821197101 80.07185467379419 138
      vertex 52.5808491087142 80.31491579260158 138
      vertex 22.11915089128581 80.31491579260158 138
    endloop
  endfacet
  facet normal 0 0 1
    outer loop
      vertex 25.815180062621117 77.47885286107848 138
      vertex 48.88481993737889 77.47885286107848 138
      vertex 49.25844173268921 77.93411233590062 138
    endloop
  endfacet
  facet normal 0 0 1
    outer loop
      vertex 25.441558267310796 77.93411233590062 138
      vertex 49.25844173268921 77.93411233590062 138
      vertex 49.661038969321076 78.36396103067892 138
    endloop
  endfacet
  facet normal 0 0 1
    outer loop
      vertex 25.03896103067893 78.36396103067892 138
      vertex 49.661038969321076 78.36396103067892 138
      vertex 50.090887664099384 78.7665582673108 138
    endloop
  endfacet
  facet normal 0 0 1
    outer loop
      vertex 24.60911233590062 78.7665582673108 138
      vertex 50.090887664099384 78.7665582673108 138
      vertex 50.54614713892152 79.14018006262111 138
    endloop
  endfacet
  facet normal 0 0 1
    outer loop
      vertex 24.153852861078487 79.14018006262111 138
      vertex 50.54614713892152 79.14018006262111 138
      vertex 51.02486790282359 79.4832265107229 138
    endloop
  endfacet
  facet normal 0 0 1
    outer loop
      vertex 23.67513209717642 79.4832265107229 138
      vertex 51.02486790282359 79.4832265107229 138
      vertex 51.525000000000006 79.79422863405995 138
    endloop
  endfacet
  facet normal 0 0 1
    outer loop
      vertex 23.175 79.79422863405995 138
      vertex 51.525000000000006 79.79422863405995 138
      vertex 52.04440178802899 80.07185467379419 138
    endloop
  endfacet
  facet normal 0 0 1
    outer loop
      vertex 22.65559821197101 80.07185467379419 138
      vertex 52.04440178802899 80.07185467379419 138
      vertex 52.5808491087142 80.31491579260158 138
    endloop
  endfacet
  facet normal 0 0 1
    outer loop
      vertex -10.880771365940053 76.5 138
      vertex -10.603145326205807 75.98059821197101 138
      vertex 81.8266668908496 108.58234285148067 138
    endloop
  endfacet
  facet normal 0 0 1
    outer loop
      vertex -10.880771365940053 76.5 138
      vertex 81.8266668908496 108.58234285148067 138
      vertex -11.191773489277093 77.00013209717642 138
    endloop
  endfacet
  facet normal 0 0 1
    outer loop
      vertex -11.534819937378884 77.47885286107848 138
      vertex -11.191773489277093 77.00013209717642 138
      vertex 81.8266668908496 108.58234285148067 138
    endloop
  endfacet
  facet normal 0 0 1
    outer loop
      vertex -11.534819937378884 77.47885286107848 138
      vertex 81.8266668908496 108.58234285148067 138
      vertex -11.908441732689203 77.93411233590062 138
    endloop
  endfacet
  facet normal 0 0 1
    outer loop
      vertex -12.311038969321071 78.36396103067892 138
      vertex -11.908441732689203 77.93411233590062 138
      vertex 81.8266668908496 108.58234285148067 138
    endloop
  endfacet
  facet normal 0 0 1
    outer loop
      vertex -15.782044812271547 80.52237116545595 138
      vertex -15.230849108714192 80.31491579260158 138
      vertex 81.8266668908496 108.58234285148067 138
    endloop
  endfacet
  facet normal 0 0 1
    outer loop
      vertex -18.086371836928713 80.98073030914743 138
      vertex 81.8266668908496 108.58234285148067 138
      vertex -18.675 81 138
    endloop
  endfacet
  facet normal 0 0 1
    outer loop
      vertex -18.086371836928713 80.98073030914743 138
      vertex -17.500264270019535 80.9230037523643 138
      vertex 81.8266668908496 108.58234285148067 138
    endloop
  endfacet
  facet normal 0 0 1
    outer loop
      vertex -17.500264270019535 80.9230037523643 138
      vertex -16.919187101854845 80.82706752362907 138
      vertex 81.8266668908496 108.58234285148067 138
    endloop
  endfacet
  facet normal 0 0 1
    outer loop
      vertex -16.919187101854845 80.82706752362907 138
      vertex -16.345628594077315 80.69333243660162 138
      vertex 81.8266668908496 108.58234285148067 138
    endloop
  endfacet
  facet normal 0 0 1
    outer loop
      vertex -16.345628594077315 80.69333243660162 138
      vertex -15.782044812271547 80.52237116545595 138
      vertex 81.8266668908496 108.58234285148067 138
    endloop
  endfacet
  facet normal 0 0 1
    outer loop
      vertex -13.196147138921514 79.14018006262111 138
      vertex -12.74088766409938 78.7665582673108 138
      vertex 81.8266668908496 108.58234285148067 138
    endloop
  endfacet
  facet normal 0 0 1
    outer loop
      vertex -13.196147138921514 79.14018006262111 138
      vertex 81.8266668908496 108.58234285148067 138
      vertex -13.674867902823582 79.4832265107229 138
    endloop
  endfacet
  facet normal 0 0 1
    outer loop
      vertex -12.311038969321071 78.36396103067892 138
      vertex 81.8266668908496 108.58234285148067 138
      vertex -12.74088766409938 78.7665582673108 138
    endloop
  endfacet
  facet normal 0 0 1
    outer loop
      vertex -14.694401788028989 80.07185467379419 138
      vertex -14.175 79.79422863405995 138
      vertex 81.8266668908496 108.58234285148067 138
    endloop
  endfacet
  facet normal 0 0 1
    outer loop
      vertex -13.674867902823582 79.4832265107229 138
      vertex 81.8266668908496 108.58234285148067 138
      vertex -14.175 79.79422863405995 138
    endloop
  endfacet
  facet normal 0 0 1
    outer loop
      vertex -14.694401788028989 80.07185467379419 138
      vertex 81.8266668908496 108.58234285148067 138
      vertex -15.230849108714192 80.31491579260158 138
    endloop
  endfacet
  facet normal 0 0 1
    outer loop
      vertex -10.603145326205807 75.98059821197101 138
      vertex 16.919187101854845 80.82706752362907 138
      vertex 81.8266668908496 108.58234285148067 138
    endloop
  endfacet
  facet normal 0 0 1
    outer loop
      vertex 16.919187101854845 80.82706752362907 138
      vertex 17.500264270019535 80.9230037523643 138
      vertex 81.8266668908496 108.58234285148067 138
    endloop
  endfacet
  facet normal 0 0 1
    outer loop
      vertex 17.500264270019535 80.9230037523643 138
      vertex 18.086371836928713 80.98073030914743 138
      vertex 81.8266668908496 108.58234285148067 138
    endloop
  endfacet
  facet normal 0 0 1
    outer loop
      vertex 18.086371836928713 80.98073030914743 138
      vertex 18.675 81 138
      vertex 81.8266668908496 108.58234285148067 138
    endloop
  endfacet
  facet normal 0 0 1
    outer loop
      vertex 19.26362816307129 80.98073030914743 138
      vertex 81.8266668908496 108.58234285148067 138
      vertex 18.675 81 138
    endloop
  endfacet
  facet normal 0 0 1
    outer loop
      vertex 21.567955187728455 80.52237116545595 138
      vertex 22.11915089128581 80.31491579260158 138
      vertex 81.8266668908496 108.58234285148067 138
    endloop
  endfacet
  facet normal 0 0 1
    outer loop
      vertex 19.26362816307129 80.98073030914743 138
      vertex 19.849735729980466 80.9230037523643 138
      vertex 81.8266668908496 108.58234285148067 138
    endloop
  endfacet
  facet normal 0 0 1
    outer loop
      vertex 19.849735729980466 80.9230037523643 138
      vertex 20.430812898145156 80.82706752362907 138
      vertex 81.8266668908496 108.58234285148067 138
    endloop
  endfacet
  facet normal 0 0 1
    outer loop
      vertex 20.430812898145156 80.82706752362907 138
      vertex 21.004371405922686 80.69333243660162 138
      vertex 81.8266668908496 108.58234285148067 138
    endloop
  endfacet
  facet normal 0 0 1
    outer loop
      vertex 21.004371405922686 80.69333243660162 138
      vertex 21.567955187728455 80.52237116545595 138
      vertex 81.8266668908496 108.58234285148067 138
    endloop
  endfacet
  facet normal 0 0 1
    outer loop
      vertex 62.388961030678935 78.36396103067892 138
      vertex 81.79323311909273 89.56104677546371 138
      vertex 61.95911233590063 78.7665582673108 138
    endloop
  endfacet
  facet normal 0 0 1
    outer loop
      vertex 61.50385286107849 79.14018006262111 138
      vertex 61.95911233590063 78.7665582673108 138
      vertex 81.75481742271315 89.85284295923218 138
    endloop
  endfacet
  facet normal 0 0 1
    outer loop
      vertex 61.50385286107849 79.14018006262111 138
      vertex 81.75 90 138
      vertex 61.025132097176424 79.4832265107229 138
    endloop
  endfacet
  facet normal 0 0 1
    outer loop
      vertex 65.025 72 138
      vertex 84.43895322453629 87.79323311909273 138
      vertex 65.00573030914744 72.58862816307129 138
    endloop
  endfacet
  facet normal 0 0 1
    outer loop
      vertex 65.025 72 138
      vertex 92 72 138
      vertex 85.36971321526963 88.21495498434471 138
    endloop
  endfacet
  facet normal 0 0 1
    outer loop
      vertex 65.00573030914744 72.58862816307129 138
      vertex 84 87.75 138
      vertex 64.9480037523643 73.17473572998047 138
    endloop
  endfacet
  facet normal 0 0 1
    outer loop
      vertex 64.9480037523643 73.17473572998047 138
      vertex 83.70631606750489 87.76924906190892 138
      vertex 64.85206752362907 73.75581289814515 138
    endloop
  endfacet
  facet normal 0 0 1
    outer loop
      vertex 64.85206752362907 73.75581289814515 138
      vertex 83.41765714851933 87.8266668908496 138
      vertex 64.71833243660163 74.32937140592269 138
    endloop
  endfacet
  facet normal 0 0 1
    outer loop
      vertex 64.54737116545596 74.89295518772846 138
      vertex 64.71833243660163 74.32937140592269 138
      vertex 83.13896227717855 87.9212710518496 138
    endloop
  endfacet
  facet normal 0 0 1
    outer loop
      vertex 64.54737116545596 74.89295518772846 138
      vertex 82.74996697570589 88.12919337231928 138
      vertex 64.33991579260159 75.4441508912858 138
    endloop
  endfacet
  facet normal 0 0 1
    outer loop
      vertex 64.33991579260159 75.4441508912858 138
      vertex 82.51647191602484 88.3083604331723 138
      vertex 64.0968546737942 75.98059821197101 138
    endloop
  endfacet
  facet normal 0 0 1
    outer loop
      vertex 63.819228634059954 76.5 138
      vertex 64.0968546737942 75.98059821197101 138
      vertex 82.3083604331723 88.51647191602484 138
    endloop
  endfacet
  facet normal 0 0 1
    outer loop
      vertex 63.819228634059954 76.5 138
      vertex 82.12919337231928 88.74996697570589 138
      vertex 63.50822651072291 77.00013209717642 138
    endloop
  endfacet
  facet normal 0 0 1
    outer loop
      vertex 63.16518006262112 77.47885286107848 138
      vertex 63.50822651072291 77.00013209717642 138
      vertex 82.05144284148501 88.875 138
    endloop
  endfacet
  facet normal 0 0 1
    outer loop
      vertex 63.16518006262112 77.47885286107848 138
      vertex 81.9212710518496 89.13896227717855 138
      vertex 62.791558267310805 77.93411233590062 138
    endloop
  endfacet
  facet normal 0 0 1
    outer loop
      vertex 62.388961030678935 78.36396103067892 138
      vertex 62.791558267310805 77.93411233590062 138
      vertex 81.869407208636 89.27676120306789 138
    endloop
  endfacet
  facet normal 0 0 1
    outer loop
      vertex 64.9480037523643 73.17473572998047 138
      vertex 84 87.75 138
      vertex 83.85284295923218 87.75481742271315 138
    endloop
  endfacet
  facet normal 0 0 1
    outer loop
      vertex 64.9480037523643 73.17473572998047 138
      vertex 83.85284295923218 87.75481742271315 138
      vertex 83.70631606750489 87.76924906190892 138
    endloop
  endfacet
  facet normal 0 0 1
    outer loop
      vertex 65.025 72 138
      vertex 84.72323879693211 87.869407208636 138
      vertex 84.58234285148067 87.8266668908496 138
    endloop
  endfacet
  facet normal 0 0 1
    outer loop
      vertex 65.025 72 138
      vertex 84.58234285148067 87.8266668908496 138
      vertex 84.43895322453629 87.79323311909273 138
    endloop
  endfacet
  facet normal 0 0 1
    outer loop
      vertex 65.025 72 138
      vertex 84.86103772282145 87.9212710518496 138
      vertex 84.72323879693211 87.869407208636 138
    endloop
  endfacet
  facet normal 0 0 1
    outer loop
      vertex 65.025 72 138
      vertex 84.99514955299276 87.98203633155146 138
      vertex 84.86103772282145 87.9212710518496 138
    endloop
  endfacet
  facet normal 0 0 1
    outer loop
      vertex 65.00573030914744 72.58862816307129 138
      vertex 84.14715704076782 87.75481742271315 138
      vertex 84 87.75 138
    endloop
  endfacet
  facet normal 0 0 1
    outer loop
      vertex 65.00573030914744 72.58862816307129 138
      vertex 84.43895322453629 87.79323311909273 138
      vertex 84.29368393249511 87.76924906190892 138
    endloop
  endfacet
  facet normal 0 0 1
    outer loop
      vertex 65.00573030914744 72.58862816307129 138
      vertex 84.29368393249511 87.76924906190892 138
      vertex 84.14715704076782 87.75481742271315 138
    endloop
  endfacet
  facet normal 0 0 1
    outer loop
      vertex 65.025 72 138
      vertex 85.125 88.05144284148501 138
      vertex 84.99514955299276 87.98203633155146 138
    endloop
  endfacet
  facet normal 0 0 1
    outer loop
      vertex 65.025 72 138
      vertex 85.25003302429411 88.12919337231928 138
      vertex 85.125 88.05144284148501 138
    endloop
  endfacet
  facet normal 0 0 1
    outer loop
      vertex 65.025 72 138
      vertex 85.36971321526963 88.21495498434471 138
      vertex 85.25003302429411 88.12919337231928 138
    endloop
  endfacet
  facet normal 0 0 1
    outer loop
      vertex 85.36971321526963 88.21495498434471 138
      vertex 92 72 138
      vertex 85.48352808397516 88.3083604331723 138
    endloop
  endfacet
  facet normal 0 0 1
    outer loop
      vertex 85.48352808397516 88.3083604331723 138
      vertex 92 72 138
      vertex 85.59099025766973 88.40900974233027 138
    endloop
  endfacet
  facet normal 0 0 1
    outer loop
      vertex 85.59099025766973 88.40900974233027 138
      vertex 92 72 138
      vertex 85.6916395668277 88.51647191602484 138
    endloop
  endfacet
  facet normal 1 0 0
    outer loop
      vertex 92 116 138
      vertex 92 72 138
      vertex 92 72 134
    endloop
  endfacet
  facet normal 0 0 1
    outer loop
      vertex 57.78081289814516 80.82706752362907 138
      vertex 58.35437140592269 80.69333243660162 138
      vertex 82.05144284148501 91.125 138
    endloop
  endfacet
  facet normal 0 0 1
    outer loop
      vertex 60.00559821197102 80.07185467379419 138
      vertex 60.525000000000006 79.79422863405995 138
      vertex 81.79323311909273 90.43895322453629 138
    endloop
  endfacet
  facet normal 0 0 1
    outer loop
      vertex 60.00559821197102 80.07185467379419 138
      vertex 81.8266668908496 90.58234285148067 138
      vertex 59.469150891285814 80.31491579260158 138
    endloop
  endfacet
  facet normal 0 0 1
    outer loop
      vertex 61.025132097176424 79.4832265107229 138
      vertex 81.75481742271315 90.14715704076782 138
      vertex 60.525000000000006 79.79422863405995 138
    endloop
  endfacet
  facet normal 0 0 1
    outer loop
      vertex 58.91795518772846 80.52237116545595 138
      vertex 59.469150891285814 80.31491579260158 138
      vertex 81.9212710518496 90.86103772282145 138
    endloop
  endfacet
  facet normal 0 0 1
    outer loop
      vertex 58.91795518772846 80.52237116545595 138
      vertex 81.98203633155146 90.99514955299276 138
      vertex 58.35437140592269 80.69333243660162 138
    endloop
  endfacet
  facet normal 0 0 1
    outer loop
      vertex 22.11915089128581 80.31491579260158 138
      vertex 52.5808491087142 80.31491579260158 138
      vertex 81.8266668908496 108.58234285148067 138
    endloop
  endfacet
  facet normal 0 0 1
    outer loop
      vertex 52.5808491087142 80.31491579260158 138
      vertex 53.13204481227155 80.52237116545595 138
      vertex 81.8266668908496 108.58234285148067 138
    endloop
  endfacet
  facet normal 0 0 1
    outer loop
      vertex 53.13204481227155 80.52237116545595 138
      vertex 53.69562859407732 80.69333243660162 138
      vertex 81.8266668908496 108.58234285148067 138
    endloop
  endfacet
  facet normal 0 0 1
    outer loop
      vertex 56.61362816307129 80.98073030914743 138
      vertex 57.19973572998047 80.9230037523643 138
      vertex 81.76924906190892 107.70631606750489 138
    endloop
  endfacet
  facet normal 0 0 1
    outer loop
      vertex 57.19973572998047 80.9230037523643 138
      vertex 57.78081289814516 80.82706752362907 138
      vertex 81.8266668908496 107.41765714851933 138
    endloop
  endfacet
  facet normal 0 0 1
    outer loop
      vertex 53.69562859407732 80.69333243660162 138
      vertex 54.269187101854854 80.82706752362907 138
      vertex 81.8266668908496 108.58234285148067 138
    endloop
  endfacet
  facet normal 0 0 1
    outer loop
      vertex 54.269187101854854 80.82706752362907 138
      vertex 54.850264270019544 80.9230037523643 138
      vertex 81.76924906190892 108.29368393249511 138
    endloop
  endfacet
  facet normal 0 0 1
    outer loop
      vertex 54.850264270019544 80.9230037523643 138
      vertex 55.43637183692872 80.98073030914743 138
      vertex 81.75481742271315 108.14715704076782 138
    endloop
  endfacet
  facet normal 0 0 1
    outer loop
      vertex 55.43637183692872 80.98073030914743 138
      vertex 56.025000000000006 81 138
      vertex 81.75 108 138
    endloop
  endfacet
  facet normal 0 0 1
    outer loop
      vertex 56.61362816307129 80.98073030914743 138
      vertex 81.75481742271315 107.85284295923218 138
      vertex 56.025000000000006 81 138
    endloop
  endfacet
  facet normal 0 0 1
    outer loop
      vertex 64.85206752362907 73.75581289814515 138
      vertex 83.70631606750489 87.76924906190892 138
      vertex 83.56104677546371 87.79323311909273 138
    endloop
  endfacet
  facet normal 0 0 1
    outer loop
      vertex 64.85206752362907 73.75581289814515 138
      vertex 83.56104677546371 87.79323311909273 138
      vertex 83.41765714851933 87.8266668908496 138
    endloop
  endfacet
  facet normal 0 0 1
    outer loop
      vertex 64.71833243660163 74.32937140592269 138
      vertex 83.41765714851933 87.8266668908496 138
      vertex 83.27676120306789 87.869407208636 138
    endloop
  endfacet
  facet normal 0 0 1
    outer loop
      vertex 64.54737116545596 74.89295518772846 138
      vertex 83.13896227717855 87.9212710518496 138
      vertex 83.00485044700724 87.98203633155146 138
    endloop
  endfacet
  facet normal 0 0 1
    outer loop
      vertex 64.54737116545596 74.89295518772846 138
      vertex 83.00485044700724 87.98203633155146 138
      vertex 82.875 88.05144284148501 138
    endloop
  endfacet
  facet normal 0 0 1
    outer loop
      vertex 64.71833243660163 74.32937140592269 138
      vertex 83.27676120306789 87.869407208636 138
      vertex 83.13896227717855 87.9212710518496 138
    endloop
  endfacet
  facet normal 0 0 1
    outer loop
      vertex 64.54737116545596 74.89295518772846 138
      vertex 82.875 88.05144284148501 138
      vertex 82.74996697570589 88.12919337231928 138
    endloop
  endfacet
  facet normal 0 0 1
    outer loop
      vertex 64.33991579260159 75.4441508912858 138
      vertex 82.63028678473037 88.21495498434471 138
      vertex 82.51647191602484 88.3083604331723 138
    endloop
  endfacet
  facet normal 0 0 1
    outer loop
      vertex 64.33991579260159 75.4441508912858 138
      vertex 82.74996697570589 88.12919337231928 138
      vertex 82.63028678473037 88.21495498434471 138
    endloop
  endfacet
  facet normal 0 0 1
    outer loop
      vertex 64.0968546737942 75.98059821197101 138
      vertex 82.51647191602484 88.3083604331723 138
      vertex 82.40900974233027 88.40900974233027 138
    endloop
  endfacet
  facet normal 0 0 1
    outer loop
      vertex 64.0968546737942 75.98059821197101 138
      vertex 82.40900974233027 88.40900974233027 138
      vertex 82.3083604331723 88.51647191602484 138
    endloop
  endfacet
  facet normal 0 0 1
    outer loop
      vertex 63.819228634059954 76.5 138
      vertex 82.3083604331723 88.51647191602484 138
      vertex 82.21495498434471 88.63028678473037 138
    endloop
  endfacet
  facet normal 0 0 1
    outer loop
      vertex 63.819228634059954 76.5 138
      vertex 82.21495498434471 88.63028678473037 138
      vertex 82.12919337231928 88.74996697570589 138
    endloop
  endfacet
  facet normal 0 0 1
    outer loop
      vertex 63.50822651072291 77.00013209717642 138
      vertex 82.12919337231928 88.74996697570589 138
      vertex 82.05144284148501 88.875 138
    endloop
  endfacet
  facet normal 0 0 1
    outer loop
      vertex 63.16518006262112 77.47885286107848 138
      vertex 82.05144284148501 88.875 138
      vertex 81.98203633155146 89.00485044700724 138
    endloop
  endfacet
  facet normal 0 0 1
    outer loop
      vertex 63.16518006262112 77.47885286107848 138
      vertex 81.98203633155146 89.00485044700724 138
      vertex 81.9212710518496 89.13896227717855 138
    endloop
  endfacet
  facet normal 0 0 1
    outer loop
      vertex 62.388961030678935 78.36396103067892 138
      vertex 81.869407208636 89.27676120306789 138
      vertex 81.8266668908496 89.41765714851933 138
    endloop
  endfacet
  facet normal 0 0 1
    outer loop
      vertex 62.791558267310805 77.93411233590062 138
      vertex 81.9212710518496 89.13896227717855 138
      vertex 81.869407208636 89.27676120306789 138
    endloop
  endfacet
  facet normal 0 0 1
    outer loop
      vertex 60.525000000000006 79.79422863405995 138
      vertex 81.75481742271315 90.14715704076782 138
      vertex 81.76924906190892 90.29368393249511 138
    endloop
  endfacet
  facet normal 0 0 1
    outer loop
      vertex 60.525000000000006 79.79422863405995 138
      vertex 81.76924906190892 90.29368393249511 138
      vertex 81.79323311909273 90.43895322453629 138
    endloop
  endfacet
  facet normal 0 0 1
    outer loop
      vertex 60.00559821197102 80.07185467379419 138
      vertex 81.79323311909273 90.43895322453629 138
      vertex 81.8266668908496 90.58234285148067 138
    endloop
  endfacet
  facet normal 0 0 1
    outer loop
      vertex 59.469150891285814 80.31491579260158 138
      vertex 81.8266668908496 90.58234285148067 138
      vertex 81.869407208636 90.72323879693211 138
    endloop
  endfacet
  facet normal 0 0 1
    outer loop
      vertex 58.91795518772846 80.52237116545595 138
      vertex 81.9212710518496 90.86103772282145 138
      vertex 81.98203633155146 90.99514955299276 138
    endloop
  endfacet
  facet normal 0 0 1
    outer loop
      vertex 59.469150891285814 80.31491579260158 138
      vertex 81.869407208636 90.72323879693211 138
      vertex 81.9212710518496 90.86103772282145 138
    endloop
  endfacet
  facet normal 0 0 1
    outer loop
      vertex 57.78081289814516 80.82706752362907 138
      vertex 82.05144284148501 91.125 138
      vertex 82.12919337231928 91.25003302429411 138
    endloop
  endfacet
  facet normal 0 0 1
    outer loop
      vertex 58.35437140592269 80.69333243660162 138
      vertex 81.98203633155146 90.99514955299276 138
      vertex 82.05144284148501 91.125 138
    endloop
  endfacet
  facet normal 0 0 1
    outer loop
      vertex 62.388961030678935 78.36396103067892 138
      vertex 81.8266668908496 89.41765714851933 138
      vertex 81.79323311909273 89.56104677546371 138
    endloop
  endfacet
  facet normal 0 0 1
    outer loop
      vertex 61.95911233590063 78.7665582673108 138
      vertex 81.79323311909273 89.56104677546371 138
      vertex 81.76924906190892 89.70631606750489 138
    endloop
  endfacet
  facet normal 0 0 1
    outer loop
      vertex 61.95911233590063 78.7665582673108 138
      vertex 81.76924906190892 89.70631606750489 138
      vertex 81.75481742271315 89.85284295923218 138
    endloop
  endfacet
  facet normal 0 0 1
    outer loop
      vertex 61.50385286107849 79.14018006262111 138
      vertex 81.75481742271315 89.85284295923218 138
      vertex 81.75 90 138
    endloop
  endfacet
  facet normal 0 0 1
    outer loop
      vertex 61.025132097176424 79.4832265107229 138
      vertex 81.75 90 138
      vertex 81.75481742271315 90.14715704076782 138
    endloop
  endfacet
  facet normal 0 0 1
    outer loop
      vertex 85.6916395668277 88.51647191602484 138
      vertex 92 72 138
      vertex 85.78504501565529 88.63028678473037 138
    endloop
  endfacet
  facet normal 0 0 1
    outer loop
      vertex 85.78504501565529 88.63028678473037 138
      vertex 92 72 138
      vertex 85.87080662768072 88.74996697570589 138
    endloop
  endfacet
  facet normal 0 0 1
    outer loop
      vertex 85.87080662768072 88.74996697570589 138
      vertex 92 72 138
      vertex 85.94855715851499 88.875 138
    endloop
  endfacet
  facet normal 0 0 1
    outer loop
      vertex 85.94855715851499 88.875 138
      vertex 92 72 138
      vertex 86.01796366844854 89.00485044700724 138
    endloop
  endfacet
  facet normal 0 0 1
    outer loop
      vertex 86.01796366844854 89.00485044700724 138
      vertex 92 72 138
      vertex 86.0787289481504 89.13896227717855 138
    endloop
  endfacet
  facet normal 0 0 1
    outer loop
      vertex 86.0787289481504 89.13896227717855 138
      vertex 92 72 138
      vertex 86.130592791364 89.27676120306789 138
    endloop
  endfacet
  facet normal 0 0 1
    outer loop
      vertex 86.130592791364 89.27676120306789 138
      vertex 92 72 138
      vertex 86.1733331091504 89.41765714851933 138
    endloop
  endfacet
  facet normal 0 0 1
    outer loop
      vertex 86.1733331091504 89.41765714851933 138
      vertex 92 72 138
      vertex 86.20676688090727 89.56104677546371 138
    endloop
  endfacet
  facet normal 0 0 1
    outer loop
      vertex 86.20676688090727 89.56104677546371 138
      vertex 92 72 138
      vertex 86.23075093809108 89.70631606750489 138
    endloop
  endfacet
  facet normal 0 0 1
    outer loop
      vertex 86.23075093809108 89.70631606750489 138
      vertex 92 72 138
      vertex 86.24518257728685 89.85284295923218 138
    endloop
  endfacet
  facet normal 0 0 1
    outer loop
      vertex 86.24518257728685 89.85284295923218 138
      vertex 92 72 138
      vertex 86.25 90 138
    endloop
  endfacet
  facet normal 0 0 1
    outer loop
      vertex 57.78081289814516 80.82706752362907 138
      vertex 82.12919337231928 91.25003302429411 138
      vertex 82.12919337231928 106.74996697570589 138
    endloop
  endfacet
  facet normal 0 0 1
    outer loop
      vertex 86.25 90 138
      vertex 92 72 138
      vertex 92 116 138
    endloop
  endfacet
  facet normal 0 0 -1
    outer loop
      vertex -81.8266668908496 108.58234285148067 134
      vertex 92 116 134
      vertex 18.675 81 134
    endloop
  endfacet
  facet normal 0 0 -1
    outer loop
      vertex 26.46922863405995 76.5 134
      vertex 81.75481742271315 108.14715704076782 134
      vertex 81.75 108 134
    endloop
  endfacet
  facet normal 0 0 -1
    outer loop
      vertex 26.46922863405995 76.5 134
      vertex 81.76924906190892 108.29368393249511 134
      vertex 81.75481742271315 108.14715704076782 134
    endloop
  endfacet
  facet normal 0 0 -1
    outer loop
      vertex 26.46922863405995 76.5 134
      vertex 81.79323311909273 108.43895322453629 134
      vertex 81.76924906190892 108.29368393249511 134
    endloop
  endfacet
  facet normal 0 0 -1
    outer loop
      vertex 26.46922863405995 76.5 134
      vertex 81.8266668908496 108.58234285148067 134
      vertex 81.79323311909273 108.43895322453629 134
    endloop
  endfacet
  facet normal 0 0 -1
    outer loop
      vertex 26.46922863405995 76.5 134
      vertex 81.869407208636 108.72323879693211 134
      vertex 81.8266668908496 108.58234285148067 134
    endloop
  endfacet
  facet normal 0 0 -1
    outer loop
      vertex 26.46922863405995 76.5 134
      vertex 81.9212710518496 108.86103772282145 134
      vertex 81.869407208636 108.72323879693211 134
    endloop
  endfacet
  facet normal 0 0 -1
    outer loop
      vertex 26.46922863405995 76.5 134
      vertex 81.98203633155146 108.99514955299276 134
      vertex 81.9212710518496 108.86103772282145 134
    endloop
  endfacet
  facet normal 0 0 -1
    outer loop
      vertex 26.46922863405995 76.5 134
      vertex 82.05144284148501 109.125 134
      vertex 81.98203633155146 108.99514955299276 134
    endloop
  endfacet
  facet normal 0 0 -1
    outer loop
      vertex 26.46922863405995 76.5 134
      vertex 82.12919337231928 109.25003302429411 134
      vertex 82.05144284148501 109.125 134
    endloop
  endfacet
  facet normal 0 0 -1
    outer loop
      vertex 26.46922863405995 76.5 134
      vertex 82.21495498434471 109.36971321526963 134
      vertex 82.12919337231928 109.25003302429411 134
    endloop
  endfacet
  facet normal 0 0 -1
    outer loop
      vertex 26.46922863405995 76.5 134
      vertex 82.3083604331723 109.48352808397516 134
      vertex 82.21495498434471 109.36971321526963 134
    endloop
  endfacet
  facet normal 0 0 -1
    outer loop
      vertex 26.46922863405995 76.5 134
      vertex 82.40900974233027 109.59099025766973 134
      vertex 82.3083604331723 109.48352808397516 134
    endloop
  endfacet
  facet normal 0 0 -1
    outer loop
      vertex 26.46922863405995 76.5 134
      vertex 82.51647191602484 109.6916395668277 134
      vertex 82.40900974233027 109.59099025766973 134
    endloop
  endfacet
  facet normal 0 0 -1
    outer loop
      vertex 26.46922863405995 76.5 134
      vertex 82.63028678473037 109.78504501565529 134
      vertex 82.51647191602484 109.6916395668277 134
    endloop
  endfacet
  facet normal 0 0 -1
    outer loop
      vertex 26.46922863405995 76.5 134
      vertex 82.74996697570589 109.87080662768072 134
      vertex 82.63028678473037 109.78504501565529 134
    endloop
  endfacet
  facet normal 0 0 -1
    outer loop
      vertex 26.46922863405995 76.5 134
      vertex 82.875 109.94855715851499 134
      vertex 82.74996697570589 109.87080662768072 134
    endloop
  endfacet
  facet normal 0 0 -1
    outer loop
      vertex 26.46922863405995 76.5 134
      vertex 92 116 134
      vertex 82.875 109.94855715851499 134
    endloop
  endfacet
  facet normal 0 0 -1
    outer loop
      vertex 81.75 90 134
      vertex 81.75481742271315 107.85284295923218 134
      vertex 81.75481742271315 90.14715704076782 134
    endloop
  endfacet
  facet normal 0 0 -1
    outer loop
      vertex 81.75481742271315 90.14715704076782 134
      vertex 81.76924906190892 107.70631606750489 134
      vertex 81.76924906190892 90.29368393249511 134
    endloop
  endfacet
  facet normal 0 0 -1
    outer loop
      vertex 81.76924906190892 90.29368393249511 134
      vertex 81.79323311909273 107.56104677546371 134
      vertex 81.79323311909273 90.43895322453629 134
    endloop
  endfacet
  facet normal 0 0 -1
    outer loop
      vertex 81.79323311909273 90.43895322453629 134
      vertex 81.8266668908496 107.41765714851933 134
      vertex 81.8266668908496 90.58234285148067 134
    endloop
  endfacet
  facet normal 0 0 -1
    outer loop
      vertex 81.8266668908496 90.58234285148067 134
      vertex 81.869407208636 107.27676120306789 134
      vertex 81.869407208636 90.72323879693211 134
    endloop
  endfacet
  facet normal 0 0 -1
    outer loop
      vertex 81.869407208636 90.72323879693211 134
      vertex 81.9212710518496 107.13896227717855 134
      vertex 81.9212710518496 90.86103772282145 134
    endloop
  endfacet
  facet normal 0 0 -1
    outer loop
      vertex 81.9212710518496 90.86103772282145 134
      vertex 81.98203633155146 107.00485044700724 134
      vertex 81.98203633155146 90.99514955299276 134
    endloop
  endfacet
  facet normal 0 0 -1
    outer loop
      vertex 81.98203633155146 90.99514955299276 134
      vertex 82.05144284148501 106.875 134
      vertex 82.05144284148501 91.125 134
    endloop
  endfacet
  facet normal 0 0 -1
    outer loop
      vertex 82.05144284148501 91.125 134
      vertex 82.12919337231928 106.74996697570589 134
      vertex 82.12919337231928 91.25003302429411 134
    endloop
  endfacet
  facet normal 0 0 -1
    outer loop
      vertex 82.12919337231928 91.25003302429411 134
      vertex 82.21495498434471 106.63028678473037 134
      vertex 82.21495498434471 91.36971321526963 134
    endloop
  endfacet
  facet normal 0 0 -1
    outer loop
      vertex 82.21495498434471 91.36971321526963 134
      vertex 82.3083604331723 106.51647191602484 134
      vertex 82.3083604331723 91.48352808397516 134
    endloop
  endfacet
  facet normal 0 0 -1
    outer loop
      vertex 82.3083604331723 91.48352808397516 134
      vertex 82.40900974233027 106.40900974233027 134
      vertex 82.40900974233027 91.59099025766973 134
    endloop
  endfacet
  facet normal 0 0 -1
    outer loop
      vertex 82.40900974233027 91.59099025766973 134
      vertex 82.51647191602484 106.3083604331723 134
      vertex 82.51647191602484 91.6916395668277 134
    endloop
  endfacet
  facet normal 0 0 -1
    outer loop
      vertex 82.51647191602484 91.6916395668277 134
      vertex 82.63028678473037 106.21495498434471 134
      vertex 82.63028678473037 91.78504501565529 134
    endloop
  endfacet
  facet normal 0 0 -1
    outer loop
      vertex 82.63028678473037 91.78504501565529 134
      vertex 82.74996697570589 106.12919337231928 134
      vertex 82.74996697570589 91.87080662768072 134
    endloop
  endfacet
  facet normal 0 0 -1
    outer loop
      vertex 82.74996697570589 91.87080662768072 134
      vertex 82.875 106.05144284148501 134
      vertex 82.875 91.94855715851499 134
    endloop
  endfacet
  facet normal 0 0 -1
    outer loop
      vertex 82.875 91.94855715851499 134
      vertex 83.00485044700724 105.98203633155146 134
      vertex 83.00485044700724 92.01796366844854 134
    endloop
  endfacet
  facet normal 0 0 -1
    outer loop
      vertex 83.00485044700724 92.01796366844854 134
      vertex 83.13896227717855 105.9212710518496 134
      vertex 83.13896227717855 92.0787289481504 134
    endloop
  endfacet
  facet normal 0 0 -1
    outer loop
      vertex 83.13896227717855 92.0787289481504 134
      vertex 83.27676120306789 105.869407208636 134
      vertex 83.27676120306789 92.130592791364 134
    endloop
  endfacet
  facet normal 0 0 -1
    outer loop
      vertex 83.27676120306789 92.130592791364 134
      vertex 83.41765714851933 105.8266668908496 134
      vertex 83.41765714851933 92.1733331091504 134
    endloop
  endfacet
  facet normal 0 0 -1
    outer loop
      vertex 83.41765714851933 92.1733331091504 134
      vertex 83.56104677546371 105.79323311909273 134
      vertex 83.56104677546371 92.20676688090727 134
    endloop
  endfacet
  facet normal 0 0 -1
    outer loop
      vertex 83.56104677546371 92.20676688090727 134
      vertex 83.70631606750489 105.76924906190892 134
      vertex 83.70631606750489 92.23075093809108 134
    endloop
  endfacet
  facet normal 0 0 -1
    outer loop
      vertex 83.70631606750489 92.23075093809108 134
      vertex 83.85284295923218 105.75481742271315 134
      vertex 83.85284295923218 92.24518257728685 134
    endloop
  endfacet
  facet normal 0 0 -1
    outer loop
      vertex 83.85284295923218 92.24518257728685 134
      vertex 84 105.75 134
      vertex 84 92.25 134
    endloop
  endfacet
  facet normal 0 0 -1
    outer loop
      vertex 84.14715704076782 92.24518257728685 134
      vertex 84.29368393249511 105.76924906190892 134
      vertex 84.29368393249511 92.23075093809108 134
    endloop
  endfacet
  facet normal 0 0 -1
    outer loop
      vertex 84.29368393249511 92.23075093809108 134
      vertex 84.43895322453629 105.79323311909273 134
      vertex 84.43895322453629 92.20676688090727 134
    endloop
  endfacet
  facet normal 0 0 -1
    outer loop
      vertex 84.43895322453629 92.20676688090727 134
      vertex 84.58234285148067 105.8266668908496 134
      vertex 84.58234285148067 92.1733331091504 134
    endloop
  endfacet
  facet normal 0 0 -1
    outer loop
      vertex 84.72323879693211 92.130592791364 134
      vertex 84.58234285148067 92.1733331091504 134
      vertex 84.72323879693211 105.869407208636 134
    endloop
  endfacet
  facet normal 0 0 -1
    outer loop
      vertex 86.24518257728685 90.14715704076782 134
      vertex 86.23075093809108 90.29368393249511 134
      vertex 86.24518257728685 107.85284295923218 134
    endloop
  endfacet
  facet normal 0 0 -1
    outer loop
      vertex 86.23075093809108 90.29368393249511 134
      vertex 86.20676688090727 90.43895322453629 134
      vertex 86.23075093809108 107.70631606750489 134
    endloop
  endfacet
  facet normal 0 0 -1
    outer loop
      vertex 86.20676688090727 90.43895322453629 134
      vertex 86.1733331091504 90.58234285148067 134
      vertex 86.20676688090727 107.56104677546371 134
    endloop
  endfacet
  facet normal 0 0 -1
    outer loop
      vertex 86.1733331091504 90.58234285148067 134
      vertex 86.130592791364 90.72323879693211 134
      vertex 86.1733331091504 107.41765714851933 134
    endloop
  endfacet
  facet normal 0 0 -1
    outer loop
      vertex 86.130592791364 90.72323879693211 134
      vertex 86.0787289481504 90.86103772282145 134
      vertex 86.130592791364 107.27676120306789 134
    endloop
  endfacet
  facet normal 0 0 -1
    outer loop
      vertex 86.01796366844854 90.99514955299276 134
      vertex 86.0787289481504 107.13896227717855 134
      vertex 86.0787289481504 90.86103772282145 134
    endloop
  endfacet
  facet normal 0 0 -1
    outer loop
      vertex 86.01796366844854 90.99514955299276 134
      vertex 85.94855715851499 91.125 134
      vertex 86.01796366844854 107.00485044700724 134
    endloop
  endfacet
  facet normal 0 0 -1
    outer loop
      vertex 84.86103772282145 92.0787289481504 134
      vertex 84.99514955299276 105.98203633155146 134
      vertex 84.99514955299276 92.01796366844854 134
    endloop
  endfacet
  facet normal 0 0 -1
    outer loop
      vertex 84.72323879693211 92.130592791364 134
      vertex 84.86103772282145 105.9212710518496 134
      vertex 84.86103772282145 92.0787289481504 134
    endloop
  endfacet
  facet normal 0 0 -1
    outer loop
      vertex 85.125 91.94855715851499 134
      vertex 84.99514955299276 92.01796366844854 134
      vertex 85.125 106.05144284148501 134
    endloop
  endfacet
  facet normal 0 0 -1
    outer loop
      vertex 85.25003302429411 91.87080662768072 134
      vertex 85.36971321526963 106.21495498434471 134
      vertex 85.36971321526963 91.78504501565529 134
    endloop
  endfacet
  facet normal 0 0 -1
    outer loop
      vertex 85.25003302429411 91.87080662768072 134
      vertex 85.125 91.94855715851499 134
      vertex 85.25003302429411 106.12919337231928 134
    endloop
  endfacet
  facet normal 0 0 -1
    outer loop
      vertex 85.48352808397516 91.6916395668277 134
      vertex 85.36971321526963 91.78504501565529 134
      vertex 85.48352808397516 106.3083604331723 134
    endloop
  endfacet
  facet normal 0 0 -1
    outer loop
      vertex 85.87080662768072 91.25003302429411 134
      vertex 85.78504501565529 91.36971321526963 134
      vertex 85.87080662768072 106.74996697570589 134
    endloop
  endfacet
  facet normal 0 0 -1
    outer loop
      vertex 85.6916395668277 91.48352808397516 134
      vertex 85.59099025766973 91.59099025766973 134
      vertex 85.6916395668277 106.51647191602484 134
    endloop
  endfacet
  facet normal 0 0 -1
    outer loop
      vertex 85.48352808397516 91.6916395668277 134
      vertex 85.59099025766973 106.40900974233027 134
      vertex 85.59099025766973 91.59099025766973 134
    endloop
  endfacet
  facet normal 0 0 -1
    outer loop
      vertex 85.6916395668277 91.48352808397516 134
      vertex 85.78504501565529 106.63028678473037 134
      vertex 85.78504501565529 91.36971321526963 134
    endloop
  endfacet
  facet normal 0 0 -1
    outer loop
      vertex 85.87080662768072 91.25003302429411 134
      vertex 85.94855715851499 106.875 134
      vertex 85.94855715851499 91.125 134
    endloop
  endfacet
  facet normal 0 0 -1
    outer loop
      vertex 84 92.25 134
      vertex 84.14715704076782 105.75481742271315 134
      vertex 84.14715704076782 92.24518257728685 134
    endloop
  endfacet
  facet normal 0 0 -1
    outer loop
      vertex 86.24518257728685 89.85284295923218 134
      vertex 86.25 90 134
      vertex 92 116 134
    endloop
  endfacet
  facet normal 0 0 -1
    outer loop
      vertex 86.24518257728685 90.14715704076782 134
      vertex 92 116 134
      vertex 86.25 90 134
    endloop
  endfacet
  facet normal 0 0 -1
    outer loop
      vertex 82.21495498434471 91.36971321526963 134
      vertex 82.21495498434471 106.63028678473037 134
      vertex 82.3083604331723 106.51647191602484 134
    endloop
  endfacet
  facet normal 0 0 -1
    outer loop
      vertex 82.12919337231928 91.25003302429411 134
      vertex 82.12919337231928 106.74996697570589 134
      vertex 82.21495498434471 106.63028678473037 134
    endloop
  endfacet
  facet normal 0 0 -1
    outer loop
      vertex 82.40900974233027 91.59099025766973 134
      vertex 82.40900974233027 106.40900974233027 134
      vertex 82.51647191602484 106.3083604331723 134
    endloop
  endfacet
  facet normal 0 0 -1
    outer loop
      vertex 82.3083604331723 91.48352808397516 134
      vertex 82.3083604331723 106.51647191602484 134
      vertex 82.40900974233027 106.40900974233027 134
    endloop
  endfacet
  facet normal 0 0 -1
    outer loop
      vertex 82.51647191602484 91.6916395668277 134
      vertex 82.51647191602484 106.3083604331723 134
      vertex 82.63028678473037 106.21495498434471 134
    endloop
  endfacet
  facet normal 0 0 -1
    outer loop
      vertex 82.63028678473037 91.78504501565529 134
      vertex 82.63028678473037 106.21495498434471 134
      vertex 82.74996697570589 106.12919337231928 134
    endloop
  endfacet
  facet normal 0 0 -1
    outer loop
      vertex 82.74996697570589 91.87080662768072 134
      vertex 82.74996697570589 106.12919337231928 134
      vertex 82.875 106.05144284148501 134
    endloop
  endfacet
  facet normal 0 0 -1
    outer loop
      vertex 82.875 91.94855715851499 134
      vertex 82.875 106.05144284148501 134
      vertex 83.00485044700724 105.98203633155146 134
    endloop
  endfacet
  facet normal 0 0 -1
    outer loop
      vertex 83.13896227717855 92.0787289481504 134
      vertex 83.13896227717855 105.9212710518496 134
      vertex 83.27676120306789 105.869407208636 134
    endloop
  endfacet
  facet normal 0 0 -1
    outer loop
      vertex 83.27676120306789 92.130592791364 134
      vertex 83.27676120306789 105.869407208636 134
      vertex 83.41765714851933 105.8266668908496 134
    endloop
  endfacet
  facet normal 0 0 -1
    outer loop
      vertex 83.00485044700724 92.01796366844854 134
      vertex 83.00485044700724 105.98203633155146 134
      vertex 83.13896227717855 105.9212710518496 134
    endloop
  endfacet
  facet normal 0 0 -1
    outer loop
      vertex 81.869407208636 90.72323879693211 134
      vertex 81.869407208636 107.27676120306789 134
      vertex 81.9212710518496 107.13896227717855 134
    endloop
  endfacet
  facet normal 0 0 -1
    outer loop
      vertex 81.8266668908496 90.58234285148067 134
      vertex 81.8266668908496 107.41765714851933 134
      vertex 81.869407208636 107.27676120306789 134
    endloop
  endfacet
  facet normal 0 0 -1
    outer loop
      vertex 81.79323311909273 90.43895322453629 134
      vertex 81.79323311909273 107.56104677546371 134
      vertex 81.8266668908496 107.41765714851933 134
    endloop
  endfacet
  facet normal 0 0 -1
    outer loop
      vertex 81.76924906190892 90.29368393249511 134
      vertex 81.76924906190892 107.70631606750489 134
      vertex 81.79323311909273 107.56104677546371 134
    endloop
  endfacet
  facet normal 0 0 -1
    outer loop
      vertex 81.75481742271315 90.14715704076782 134
      vertex 81.75481742271315 107.85284295923218 134
      vertex 81.76924906190892 107.70631606750489 134
    endloop
  endfacet
  facet normal 0 0 -1
    outer loop
      vertex 81.75 90 134
      vertex 81.75 108 134
      vertex 81.75481742271315 107.85284295923218 134
    endloop
  endfacet
  facet normal 0 0 -1
    outer loop
      vertex 82.05144284148501 91.125 134
      vertex 82.05144284148501 106.875 134
      vertex 82.12919337231928 106.74996697570589 134
    endloop
  endfacet
  facet normal 0 0 -1
    outer loop
      vertex 81.98203633155146 90.99514955299276 134
      vertex 81.98203633155146 107.00485044700724 134
      vertex 82.05144284148501 106.875 134
    endloop
  endfacet
  facet normal 0 0 -1
    outer loop
      vertex 81.9212710518496 90.86103772282145 134
      vertex 81.9212710518496 107.13896227717855 134
      vertex 81.98203633155146 107.00485044700724 134
    endloop
  endfacet
  facet normal 0 0 -1
    outer loop
      vertex 83.41765714851933 92.1733331091504 134
      vertex 83.41765714851933 105.8266668908496 134
      vertex 83.56104677546371 105.79323311909273 134
    endloop
  endfacet
  facet normal 0 0 -1
    outer loop
      vertex 83.56104677546371 92.20676688090727 134
      vertex 83.56104677546371 105.79323311909273 134
      vertex 83.70631606750489 105.76924906190892 134
    endloop
  endfacet
  facet normal 0 0 -1
    outer loop
      vertex 83.70631606750489 92.23075093809108 134
      vertex 83.70631606750489 105.76924906190892 134
      vertex 83.85284295923218 105.75481742271315 134
    endloop
  endfacet
  facet normal 0 0 -1
    outer loop
      vertex 83.85284295923218 92.24518257728685 134
      vertex 83.85284295923218 105.75481742271315 134
      vertex 84 105.75 134
    endloop
  endfacet
  facet normal 0 0 -1
    outer loop
      vertex 84 92.25 134
      vertex 84 105.75 134
      vertex 84.14715704076782 105.75481742271315 134
    endloop
  endfacet
  facet normal 0 0 -1
    outer loop
      vertex 84.14715704076782 92.24518257728685 134
      vertex 84.14715704076782 105.75481742271315 134
      vertex 84.29368393249511 105.76924906190892 134
    endloop
  endfacet
  facet normal 0 0 -1
    outer loop
      vertex 84.29368393249511 92.23075093809108 134
      vertex 84.29368393249511 105.76924906190892 134
      vertex 84.43895322453629 105.79323311909273 134
    endloop
  endfacet
  facet normal 0 0 -1
    outer loop
      vertex 84.43895322453629 92.20676688090727 134
      vertex 84.43895322453629 105.79323311909273 134
      vertex 84.58234285148067 105.8266668908496 134
    endloop
  endfacet
  facet normal 0 0 -1
    outer loop
      vertex 84.58234285148067 92.1733331091504 134
      vertex 84.58234285148067 105.8266668908496 134
      vertex 84.72323879693211 105.869407208636 134
    endloop
  endfacet
  facet normal 0 0 -1
    outer loop
      vertex 84.72323879693211 92.130592791364 134
      vertex 84.72323879693211 105.869407208636 134
      vertex 84.86103772282145 105.9212710518496 134
    endloop
  endfacet
  facet normal 0 0 -1
    outer loop
      vertex 84.86103772282145 92.0787289481504 134
      vertex 84.86103772282145 105.9212710518496 134
      vertex 84.99514955299276 105.98203633155146 134
    endloop
  endfacet
  facet normal 0 0 -1
    outer loop
      vertex 84.99514955299276 92.01796366844854 134
      vertex 84.99514955299276 105.98203633155146 134
      vertex 85.125 106.05144284148501 134
    endloop
  endfacet
  facet normal 0 0 -1
    outer loop
      vertex 85.125 91.94855715851499 134
      vertex 85.125 106.05144284148501 134
      vertex 85.25003302429411 106.12919337231928 134
    endloop
  endfacet
  facet normal 0 0 -1
    outer loop
      vertex 85.25003302429411 91.87080662768072 134
      vertex 85.25003302429411 106.12919337231928 134
      vertex 85.36971321526963 106.21495498434471 134
    endloop
  endfacet
  facet normal 0 0 -1
    outer loop
      vertex 85.36971321526963 91.78504501565529 134
      vertex 85.36971321526963 106.21495498434471 134
      vertex 85.48352808397516 106.3083604331723 134
    endloop
  endfacet
  facet normal 0 0 -1
    outer loop
      vertex 85.48352808397516 91.6916395668277 134
      vertex 85.48352808397516 106.3083604331723 134
      vertex 85.59099025766973 106.40900974233027 134
    endloop
  endfacet
  facet normal 0 0 -1
    outer loop
      vertex 85.59099025766973 91.59099025766973 134
      vertex 85.59099025766973 106.40900974233027 134
      vertex 85.6916395668277 106.51647191602484 134
    endloop
  endfacet
  facet normal 0 0 -1
    outer loop
      vertex 85.6916395668277 91.48352808397516 134
      vertex 85.6916395668277 106.51647191602484 134
      vertex 85.78504501565529 106.63028678473037 134
    endloop
  endfacet
  facet normal 0 0 -1
    outer loop
      vertex 85.78504501565529 91.36971321526963 134
      vertex 85.78504501565529 106.63028678473037 134
      vertex 85.87080662768072 106.74996697570589 134
    endloop
  endfacet
  facet normal 0 0 -1
    outer loop
      vertex 85.87080662768072 91.25003302429411 134
      vertex 85.87080662768072 106.74996697570589 134
      vertex 85.94855715851499 106.875 134
    endloop
  endfacet
  facet normal 0 0 -1
    outer loop
      vertex 85.94855715851499 91.125 134
      vertex 85.94855715851499 106.875 134
      vertex 86.01796366844854 107.00485044700724 134
    endloop
  endfacet
  facet normal 0 0 -1
    outer loop
      vertex 86.01796366844854 90.99514955299276 134
      vertex 86.01796366844854 107.00485044700724 134
      vertex 86.0787289481504 107.13896227717855 134
    endloop
  endfacet
  facet normal 0 0 -1
    outer loop
      vertex 86.0787289481504 90.86103772282145 134
      vertex 86.0787289481504 107.13896227717855 134
      vertex 86.130592791364 107.27676120306789 134
    endloop
  endfacet
  facet normal 0 0 -1
    outer loop
      vertex 86.130592791364 90.72323879693211 134
      vertex 86.130592791364 107.27676120306789 134
      vertex 86.1733331091504 107.41765714851933 134
    endloop
  endfacet
  facet normal 0 0 -1
    outer loop
      vertex 86.1733331091504 90.58234285148067 134
      vertex 86.1733331091504 107.41765714851933 134
      vertex 86.20676688090727 107.56104677546371 134
    endloop
  endfacet
  facet normal 0 0 -1
    outer loop
      vertex 86.20676688090727 90.43895322453629 134
      vertex 86.20676688090727 107.56104677546371 134
      vertex 86.23075093809108 107.70631606750489 134
    endloop
  endfacet
  facet normal 0 0 -1
    outer loop
      vertex 86.23075093809108 90.29368393249511 134
      vertex 86.23075093809108 107.70631606750489 134
      vertex 86.24518257728685 107.85284295923218 134
    endloop
  endfacet
  facet normal 0 0 -1
    outer loop
      vertex 86.24518257728685 90.14715704076782 134
      vertex 86.24518257728685 107.85284295923218 134
      vertex 92 116 134
    endloop
  endfacet
  facet normal 1 0 0
    outer loop
      vertex 92 116 134
      vertex 92 116 138
      vertex 92 72 134
    endloop
  endfacet
  facet normal 0 0 -1
    outer loop
      vertex 82.875 109.94855715851499 134
      vertex 92 116 134
      vertex 83.00485044700724 110.01796366844854 134
    endloop
  endfacet
  facet normal 0 0 -1
    outer loop
      vertex 83.00485044700724 110.01796366844854 134
      vertex 92 116 134
      vertex 83.13896227717855 110.0787289481504 134
    endloop
  endfacet
  facet normal 0 0 -1
    outer loop
      vertex 83.13896227717855 110.0787289481504 134
      vertex 92 116 134
      vertex 83.27676120306789 110.130592791364 134
    endloop
  endfacet
  facet normal 0 0 -1
    outer loop
      vertex 83.27676120306789 110.130592791364 134
      vertex 92 116 134
      vertex 83.41765714851933 110.1733331091504 134
    endloop
  endfacet
  facet normal 0 0 -1
    outer loop
      vertex 86.24518257728685 107.85284295923218 134
      vertex 86.25 108 134
      vertex 92 116 134
    endloop
  endfacet
  facet normal 0 0 -1
    outer loop
      vertex 86.24518257728685 108.14715704076782 134
      vertex 92 116 134
      vertex 86.25 108 134
    endloop
  endfacet
  facet normal 0 0 -1
    outer loop
      vertex 86.24518257728685 108.14715704076782 134
      vertex 86.23075093809108 108.29368393249511 134
      vertex 92 116 134
    endloop
  endfacet
  facet normal 0 0 -1
    outer loop
      vertex 86.23075093809108 108.29368393249511 134
      vertex 86.20676688090727 108.43895322453629 134
      vertex 92 116 134
    endloop
  endfacet
  facet normal 0 0 -1
    outer loop
      vertex 86.20676688090727 108.43895322453629 134
      vertex 86.1733331091504 108.58234285148067 134
      vertex 92 116 134
    endloop
  endfacet
  facet normal 0 0 -1
    outer loop
      vertex 86.1733331091504 108.58234285148067 134
      vertex 86.130592791364 108.72323879693211 134
      vertex 92 116 134
    endloop
  endfacet
  facet normal 0 0 -1
    outer loop
      vertex 85.48352808397516 109.6916395668277 134
      vertex 85.36971321526963 109.78504501565529 134
      vertex 92 116 134
    endloop
  endfacet
  facet normal 0 0 -1
    outer loop
      vertex 86.01796366844854 108.99514955299276 134
      vertex 92 116 134
      vertex 86.0787289481504 108.86103772282145 134
    endloop
  endfacet
  facet normal 0 0 -1
    outer loop
      vertex 86.130592791364 108.72323879693211 134
      vertex 86.0787289481504 108.86103772282145 134
      vertex 92 116 134
    endloop
  endfacet
  facet normal 0 0 -1
    outer loop
      vertex 86.01796366844854 108.99514955299276 134
      vertex 85.94855715851499 109.125 134
      vertex 92 116 134
    endloop
  endfacet
  facet normal 0 0 -1
    outer loop
      vertex 85.87080662768072 109.25003302429411 134
      vertex 92 116 134
      vertex 85.94855715851499 109.125 134
    endloop
  endfacet
  facet normal 0 0 -1
    outer loop
      vertex 85.87080662768072 109.25003302429411 134
      vertex 85.78504501565529 109.36971321526963 134
      vertex 92 116 134
    endloop
  endfacet
  facet normal 0 0 -1
    outer loop
      vertex 85.78504501565529 109.36971321526963 134
      vertex 85.6916395668277 109.48352808397516 134
      vertex 92 116 134
    endloop
  endfacet
  facet normal 0 0 -1
    outer loop
      vertex 85.6916395668277 109.48352808397516 134
      vertex 85.59099025766973 109.59099025766973 134
      vertex 92 116 134
    endloop
  endfacet
  facet normal 0 0 -1
    outer loop
      vertex 85.48352808397516 109.6916395668277 134
      vertex 92 116 134
      vertex 85.59099025766973 109.59099025766973 134
    endloop
  endfacet
  facet normal 0 0 -1
    outer loop
      vertex 83.41765714851933 110.1733331091504 134
      vertex 92 116 134
      vertex 83.56104677546371 110.20676688090727 134
    endloop
  endfacet
  facet normal 0 0 -1
    outer loop
      vertex 83.56104677546371 110.20676688090727 134
      vertex 92 116 134
      vertex 83.70631606750489 110.23075093809108 134
    endloop
  endfacet
  facet normal 0 0 -1
    outer loop
      vertex 83.70631606750489 110.23075093809108 134
      vertex 92 116 134
      vertex 83.85284295923218 110.24518257728685 134
    endloop
  endfacet
  facet normal 0 0 -1
    outer loop
      vertex 84 110.25 134
      vertex 92 116 134
      vertex 84.14715704076782 110.24518257728685 134
    endloop
  endfacet
  facet normal 0 0 -1
    outer loop
      vertex 83.85284295923218 110.24518257728685 134
      vertex 92 116 134
      vertex 84 110.25 134
    endloop
  endfacet
  facet normal 0 0 -1
    outer loop
      vertex 84.29368393249511 110.23075093809108 134
      vertex 92 116 134
      vertex 84.43895322453629 110.20676688090727 134
    endloop
  endfacet
  facet normal 0 0 -1
    outer loop
      vertex 84.14715704076782 110.24518257728685 134
      vertex 92 116 134
      vertex 84.29368393249511 110.23075093809108 134
    endloop
  endfacet
  facet normal 0 0 -1
    outer loop
      vertex 84.86103772282145 110.0787289481504 134
      vertex 92 116 134
      vertex 84.99514955299276 110.01796366844854 134
    endloop
  endfacet
  facet normal 0 0 -1
    outer loop
      vertex 85.25003302429411 109.87080662768072 134
      vertex 85.125 109.94855715851499 134
      vertex 92 116 134
    endloop
  endfacet
  facet normal 0 0 -1
    outer loop
      vertex 85.25003302429411 109.87080662768072 134
      vertex 92 116 134
      vertex 85.36971321526963 109.78504501565529 134
    endloop
  endfacet
  facet normal 0 0 -1
    outer loop
      vertex 85.125 109.94855715851499 134
      vertex 84.99514955299276 110.01796366844854 134
      vertex 92 116 134
    endloop
  endfacet
  facet normal 0 0 -1
    outer loop
      vertex 84.58234285148067 110.1733331091504 134
      vertex 92 116 134
      vertex 84.72323879693211 110.130592791364 134
    endloop
  endfacet
  facet normal 0 0 -1
    outer loop
      vertex 84.43895322453629 110.20676688090727 134
      vertex 92 116 134
      vertex 84.58234285148067 110.1733331091504 134
    endloop
  endfacet
  facet normal 0 0 -1
    outer loop
      vertex 84.72323879693211 110.130592791364 134
      vertex 92 116 134
      vertex 84.86103772282145 110.0787289481504 134
    endloop
  endfacet
  facet normal 0 1 0
    outer loop
      vertex -92 116 138
      vertex 92 116 138
      vertex 92 116 134
    endloop
  endfacet
  facet normal 0 0 1
    outer loop
      vertex -92 116 138
      vertex 81.8266668908496 108.58234285148067 138
      vertex 81.869407208636 108.72323879693211 138
    endloop
  endfacet
  facet normal 0 0 1
    outer loop
      vertex -92 116 138
      vertex 81.869407208636 108.72323879693211 138
      vertex 81.9212710518496 108.86103772282145 138
    endloop
  endfacet
  facet normal 0 0 1
    outer loop
      vertex -92 116 138
      vertex 81.9212710518496 108.86103772282145 138
      vertex 81.98203633155146 108.99514955299276 138
    endloop
  endfacet
  facet normal 0 0 1
    outer loop
      vertex -92 116 138
      vertex 81.98203633155146 108.99514955299276 138
      vertex 82.05144284148501 109.125 138
    endloop
  endfacet
  facet normal 0 0 1
    outer loop
      vertex -92 116 138
      vertex 82.05144284148501 109.125 138
      vertex 82.12919337231928 109.25003302429411 138
    endloop
  endfacet
  facet normal 0 0 1
    outer loop
      vertex -92 116 138
      vertex 82.12919337231928 109.25003302429411 138
      vertex 82.21495498434471 109.36971321526963 138
    endloop
  endfacet
  facet normal 0 0 1
    outer loop
      vertex -92 116 138
      vertex 82.21495498434471 109.36971321526963 138
      vertex 82.3083604331723 109.48352808397516 138
    endloop
  endfacet
  facet normal 0 0 1
    outer loop
      vertex -92 116 138
      vertex 82.3083604331723 109.48352808397516 138
      vertex 82.40900974233027 109.59099025766973 138
    endloop
  endfacet
  facet normal 0 0 1
    outer loop
      vertex -92 116 138
      vertex 82.40900974233027 109.59099025766973 138
      vertex 82.51647191602484 109.6916395668277 138
    endloop
  endfacet
  facet normal 0 0 1
    outer loop
      vertex -92 116 138
      vertex 82.51647191602484 109.6916395668277 138
      vertex 82.63028678473037 109.78504501565529 138
    endloop
  endfacet
  facet normal 0 0 1
    outer loop
      vertex -92 116 138
      vertex 82.63028678473037 109.78504501565529 138
      vertex 82.74996697570589 109.87080662768072 138
    endloop
  endfacet
  facet normal 0 0 1
    outer loop
      vertex -92 116 138
      vertex 82.74996697570589 109.87080662768072 138
      vertex 82.875 109.94855715851499 138
    endloop
  endfacet
  facet normal 0 0 1
    outer loop
      vertex -92 116 138
      vertex 82.875 109.94855715851499 138
      vertex 83.00485044700724 110.01796366844854 138
    endloop
  endfacet
  facet normal 0 0 1
    outer loop
      vertex -92 116 138
      vertex 83.00485044700724 110.01796366844854 138
      vertex 83.13896227717855 110.0787289481504 138
    endloop
  endfacet
  facet normal 0 0 1
    outer loop
      vertex -92 116 138
      vertex 83.13896227717855 110.0787289481504 138
      vertex 83.27676120306789 110.130592791364 138
    endloop
  endfacet
  facet normal 0 0 1
    outer loop
      vertex -92 116 138
      vertex 83.27676120306789 110.130592791364 138
      vertex 83.41765714851933 110.1733331091504 138
    endloop
  endfacet
  facet normal 0 0 1
    outer loop
      vertex -92 116 138
      vertex 83.41765714851933 110.1733331091504 138
      vertex 83.56104677546371 110.20676688090727 138
    endloop
  endfacet
  facet normal 0 0 1
    outer loop
      vertex -92 116 138
      vertex 83.56104677546371 110.20676688090727 138
      vertex 83.70631606750489 110.23075093809108 138
    endloop
  endfacet
  facet normal 0 0 1
    outer loop
      vertex -92 116 138
      vertex 83.70631606750489 110.23075093809108 138
      vertex 83.85284295923218 110.24518257728685 138
    endloop
  endfacet
  facet normal 0 0 1
    outer loop
      vertex -92 116 138
      vertex 83.85284295923218 110.24518257728685 138
      vertex 92 116 138
    endloop
  endfacet
  facet normal 0 0 1
    outer loop
      vertex 57.78081289814516 80.82706752362907 138
      vertex 82.12919337231928 106.74996697570589 138
      vertex 82.05144284148501 106.875 138
    endloop
  endfacet
  facet normal 0 0 1
    outer loop
      vertex 57.78081289814516 80.82706752362907 138
      vertex 82.05144284148501 106.875 138
      vertex 81.98203633155146 107.00485044700724 138
    endloop
  endfacet
  facet normal 0 0 1
    outer loop
      vertex 57.78081289814516 80.82706752362907 138
      vertex 81.98203633155146 107.00485044700724 138
      vertex 81.9212710518496 107.13896227717855 138
    endloop
  endfacet
  facet normal 0 0 1
    outer loop
      vertex 57.78081289814516 80.82706752362907 138
      vertex 81.9212710518496 107.13896227717855 138
      vertex 81.869407208636 107.27676120306789 138
    endloop
  endfacet
  facet normal 0 0 1
    outer loop
      vertex 57.19973572998047 80.9230037523643 138
      vertex 81.8266668908496 107.41765714851933 138
      vertex 81.79323311909273 107.56104677546371 138
    endloop
  endfacet
  facet normal 0 0 1
    outer loop
      vertex 57.78081289814516 80.82706752362907 138
      vertex 81.869407208636 107.27676120306789 138
      vertex 81.8266668908496 107.41765714851933 138
    endloop
  endfacet
  facet normal 0 0 1
    outer loop
      vertex 57.19973572998047 80.9230037523643 138
      vertex 81.79323311909273 107.56104677546371 138
      vertex 81.76924906190892 107.70631606750489 138
    endloop
  endfacet
  facet normal 0 0 1
    outer loop
      vertex 56.025000000000006 81 138
      vertex 81.75481742271315 107.85284295923218 138
      vertex 81.75 108 138
    endloop
  endfacet
  facet normal 0 0 1
    outer loop
      vertex 54.850264270019544 80.9230037523643 138
      vertex 81.75481742271315 108.14715704076782 138
      vertex 81.76924906190892 108.29368393249511 138
    endloop
  endfacet
  facet normal 0 0 1
    outer loop
      vertex 55.43637183692872 80.98073030914743 138
      vertex 81.75 108 138
      vertex 81.75481742271315 108.14715704076782 138
    endloop
  endfacet
  facet normal 0 0 1
    outer loop
      vertex 54.269187101854854 80.82706752362907 138
      vertex 81.76924906190892 108.29368393249511 138
      vertex 81.79323311909273 108.43895322453629 138
    endloop
  endfacet
  facet normal 0 0 1
    outer loop
      vertex 54.269187101854854 80.82706752362907 138
      vertex 81.79323311909273 108.43895322453629 138
      vertex 81.8266668908496 108.58234285148067 138
    endloop
  endfacet
  facet normal 0 0 1
    outer loop
      vertex 56.61362816307129 80.98073030914743 138
      vertex 81.76924906190892 107.70631606750489 138
      vertex 81.75481742271315 107.85284295923218 138
    endloop
  endfacet
  facet normal 0 0 1
    outer loop
      vertex 82.12919337231928 91.25003302429411 138
      vertex 82.21495498434471 91.36971321526963 138
      vertex 82.12919337231928 106.74996697570589 138
    endloop
  endfacet
  facet normal 0 0 1
    outer loop
      vertex 82.21495498434471 91.36971321526963 138
      vertex 82.3083604331723 91.48352808397516 138
      vertex 82.21495498434471 106.63028678473037 138
    endloop
  endfacet
  facet normal 0 0 1
    outer loop
      vertex 82.3083604331723 91.48352808397516 138
      vertex 82.40900974233027 91.59099025766973 138
      vertex 82.3083604331723 106.51647191602484 138
    endloop
  endfacet
  facet normal 0 0 1
    outer loop
      vertex 82.40900974233027 91.59099025766973 138
      vertex 82.51647191602484 91.6916395668277 138
      vertex 82.40900974233027 106.40900974233027 138
    endloop
  endfacet
  facet normal 0 0 1
    outer loop
      vertex 82.51647191602484 91.6916395668277 138
      vertex 82.63028678473037 91.78504501565529 138
      vertex 82.51647191602484 106.3083604331723 138
    endloop
  endfacet
  facet normal 0 0 1
    outer loop
      vertex 82.63028678473037 91.78504501565529 138
      vertex 82.74996697570589 91.87080662768072 138
      vertex 82.63028678473037 106.21495498434471 138
    endloop
  endfacet
  facet normal 0 0 1
    outer loop
      vertex 82.74996697570589 91.87080662768072 138
      vertex 82.875 91.94855715851499 138
      vertex 82.74996697570589 106.12919337231928 138
    endloop
  endfacet
  facet normal 0 0 1
    outer loop
      vertex 82.875 91.94855715851499 138
      vertex 83.00485044700724 92.01796366844854 138
      vertex 82.875 106.05144284148501 138
    endloop
  endfacet
  facet normal 0 0 1
    outer loop
      vertex 83.00485044700724 92.01796366844854 138
      vertex 83.13896227717855 92.0787289481504 138
      vertex 83.00485044700724 105.98203633155146 138
    endloop
  endfacet
  facet normal 0 0 1
    outer loop
      vertex 83.13896227717855 92.0787289481504 138
      vertex 83.27676120306789 92.130592791364 138
      vertex 83.13896227717855 105.9212710518496 138
    endloop
  endfacet
  facet normal 0 0 1
    outer loop
      vertex 83.27676120306789 92.130592791364 138
      vertex 83.41765714851933 92.1733331091504 138
      vertex 83.27676120306789 105.869407208636 138
    endloop
  endfacet
  facet normal 0 0 1
    outer loop
      vertex 86.24518257728685 90.14715704076782 138
      vertex 86.25 90 138
      vertex 86.24518257728685 107.85284295923218 138
    endloop
  endfacet
  facet normal 0 0 1
    outer loop
      vertex 86.24518257728685 90.14715704076782 138
      vertex 86.23075093809108 107.70631606750489 138
      vertex 86.23075093809108 90.29368393249511 138
    endloop
  endfacet
  facet normal 0 0 1
    outer loop
      vertex 83.41765714851933 92.1733331091504 138
      vertex 83.56104677546371 92.20676688090727 138
      vertex 83.41765714851933 105.8266668908496 138
    endloop
  endfacet
  facet normal 0 0 1
    outer loop
      vertex 83.56104677546371 92.20676688090727 138
      vertex 83.70631606750489 92.23075093809108 138
      vertex 83.56104677546371 105.79323311909273 138
    endloop
  endfacet
  facet normal 0 0 1
    outer loop
      vertex 83.70631606750489 92.23075093809108 138
      vertex 83.85284295923218 92.24518257728685 138
      vertex 83.70631606750489 105.76924906190892 138
    endloop
  endfacet
  facet normal 0 0 1
    outer loop
      vertex 84 92.25 138
      vertex 84.14715704076782 92.24518257728685 138
      vertex 84 105.75 138
    endloop
  endfacet
  facet normal 0 0 1
    outer loop
      vertex 84.14715704076782 92.24518257728685 138
      vertex 84.29368393249511 92.23075093809108 138
      vertex 84.14715704076782 105.75481742271315 138
    endloop
  endfacet
  facet normal 0 0 1
    outer loop
      vertex 84.29368393249511 92.23075093809108 138
      vertex 84.43895322453629 92.20676688090727 138
      vertex 84.29368393249511 105.76924906190892 138
    endloop
  endfacet
  facet normal 0 0 1
    outer loop
      vertex 84.72323879693211 92.130592791364 138
      vertex 84.58234285148067 105.8266668908496 138
      vertex 84.58234285148067 92.1733331091504 138
    endloop
  endfacet
  facet normal 0 0 1
    outer loop
      vertex 84.43895322453629 92.20676688090727 138
      vertex 84.58234285148067 92.1733331091504 138
      vertex 84.43895322453629 105.79323311909273 138
    endloop
  endfacet
  facet normal 0 0 1
    outer loop
      vertex 84.72323879693211 92.130592791364 138
      vertex 84.86103772282145 92.0787289481504 138
      vertex 84.72323879693211 105.869407208636 138
    endloop
  endfacet
  facet normal 0 0 1
    outer loop
      vertex 86.23075093809108 90.29368393249511 138
      vertex 86.20676688090727 107.56104677546371 138
      vertex 86.20676688090727 90.43895322453629 138
    endloop
  endfacet
  facet normal 0 0 1
    outer loop
      vertex 86.20676688090727 90.43895322453629 138
      vertex 86.1733331091504 107.41765714851933 138
      vertex 86.1733331091504 90.58234285148067 138
    endloop
  endfacet
  facet normal 0 0 1
    outer loop
      vertex 86.1733331091504 90.58234285148067 138
      vertex 86.130592791364 107.27676120306789 138
      vertex 86.130592791364 90.72323879693211 138
    endloop
  endfacet
  facet normal 0 0 1
    outer loop
      vertex 86.01796366844854 90.99514955299276 138
      vertex 86.0787289481504 90.86103772282145 138
      vertex 86.01796366844854 107.00485044700724 138
    endloop
  endfacet
  facet normal 0 0 1
    outer loop
      vertex 86.130592791364 90.72323879693211 138
      vertex 86.0787289481504 107.13896227717855 138
      vertex 86.0787289481504 90.86103772282145 138
    endloop
  endfacet
  facet normal 0 0 1
    outer loop
      vertex 86.01796366844854 90.99514955299276 138
      vertex 85.94855715851499 106.875 138
      vertex 85.94855715851499 91.125 138
    endloop
  endfacet
  facet normal 0 0 1
    outer loop
      vertex 85.87080662768072 91.25003302429411 138
      vertex 85.94855715851499 91.125 138
      vertex 85.87080662768072 106.74996697570589 138
    endloop
  endfacet
  facet normal 0 0 1
    outer loop
      vertex 85.48352808397516 91.6916395668277 138
      vertex 85.59099025766973 91.59099025766973 138
      vertex 85.48352808397516 106.3083604331723 138
    endloop
  endfacet
  facet normal 0 0 1
    outer loop
      vertex 85.48352808397516 91.6916395668277 138
      vertex 85.36971321526963 106.21495498434471 138
      vertex 85.36971321526963 91.78504501565529 138
    endloop
  endfacet
  facet normal 0 0 1
    outer loop
      vertex 85.25003302429411 91.87080662768072 138
      vertex 85.125 106.05144284148501 138
      vertex 85.125 91.94855715851499 138
    endloop
  endfacet
  facet normal 0 0 1
    outer loop
      vertex 85.125 91.94855715851499 138
      vertex 84.99514955299276 105.98203633155146 138
      vertex 84.99514955299276 92.01796366844854 138
    endloop
  endfacet
  facet normal 0 0 1
    outer loop
      vertex 84.86103772282145 92.0787289481504 138
      vertex 84.99514955299276 92.01796366844854 138
      vertex 84.86103772282145 105.9212710518496 138
    endloop
  endfacet
  facet normal 0 0 1
    outer loop
      vertex 85.25003302429411 91.87080662768072 138
      vertex 85.36971321526963 91.78504501565529 138
      vertex 85.25003302429411 106.12919337231928 138
    endloop
  endfacet
  facet normal 0 0 1
    outer loop
      vertex 85.87080662768072 91.25003302429411 138
      vertex 85.78504501565529 106.63028678473037 138
      vertex 85.78504501565529 91.36971321526963 138
    endloop
  endfacet
  facet normal 0 0 1
    outer loop
      vertex 85.6916395668277 91.48352808397516 138
      vertex 85.78504501565529 91.36971321526963 138
      vertex 85.6916395668277 106.51647191602484 138
    endloop
  endfacet
  facet normal 0 0 1
    outer loop
      vertex 85.6916395668277 91.48352808397516 138
      vertex 85.59099025766973 106.40900974233027 138
      vertex 85.59099025766973 91.59099025766973 138
    endloop
  endfacet
  facet normal 0 0 1
    outer loop
      vertex 83.85284295923218 92.24518257728685 138
      vertex 84 92.25 138
      vertex 83.85284295923218 105.75481742271315 138
    endloop
  endfacet
  facet normal 0 0 1
    outer loop
      vertex 82.3083604331723 91.48352808397516 138
      vertex 82.3083604331723 106.51647191602484 138
      vertex 82.21495498434471 106.63028678473037 138
    endloop
  endfacet
  facet normal 0 0 1
    outer loop
      vertex 82.63028678473037 91.78504501565529 138
      vertex 82.63028678473037 106.21495498434471 138
      vertex 82.51647191602484 106.3083604331723 138
    endloop
  endfacet
  facet normal 0 0 1
    outer loop
      vertex 82.51647191602484 91.6916395668277 138
      vertex 82.51647191602484 106.3083604331723 138
      vertex 82.40900974233027 106.40900974233027 138
    endloop
  endfacet
  facet normal 0 0 1
    outer loop
      vertex 82.40900974233027 91.59099025766973 138
      vertex 82.40900974233027 106.40900974233027 138
      vertex 82.3083604331723 106.51647191602484 138
    endloop
  endfacet
  facet normal 0 0 1
    outer loop
      vertex 82.875 91.94855715851499 138
      vertex 82.875 106.05144284148501 138
      vertex 82.74996697570589 106.12919337231928 138
    endloop
  endfacet
  facet normal 0 0 1
    outer loop
      vertex 83.00485044700724 92.01796366844854 138
      vertex 83.00485044700724 105.98203633155146 138
      vertex 82.875 106.05144284148501 138
    endloop
  endfacet
  facet normal 0 0 1
    outer loop
      vertex 83.41765714851933 92.1733331091504 138
      vertex 83.41765714851933 105.8266668908496 138
      vertex 83.27676120306789 105.869407208636 138
    endloop
  endfacet
  facet normal 0 0 1
    outer loop
      vertex 83.13896227717855 92.0787289481504 138
      vertex 83.13896227717855 105.9212710518496 138
      vertex 83.00485044700724 105.98203633155146 138
    endloop
  endfacet
  facet normal 0 0 1
    outer loop
      vertex 83.27676120306789 92.130592791364 138
      vertex 83.27676120306789 105.869407208636 138
      vertex 83.13896227717855 105.9212710518496 138
    endloop
  endfacet
  facet normal 0 0 1
    outer loop
      vertex 82.74996697570589 91.87080662768072 138
      vertex 82.74996697570589 106.12919337231928 138
      vertex 82.63028678473037 106.21495498434471 138
    endloop
  endfacet
  facet normal 0 0 1
    outer loop
      vertex 82.21495498434471 91.36971321526963 138
      vertex 82.21495498434471 106.63028678473037 138
      vertex 82.12919337231928 106.74996697570589 138
    endloop
  endfacet
  facet normal 0 0 1
    outer loop
      vertex 83.56104677546371 92.20676688090727 138
      vertex 83.56104677546371 105.79323311909273 138
      vertex 83.41765714851933 105.8266668908496 138
    endloop
  endfacet
  facet normal 0 0 1
    outer loop
      vertex 83.70631606750489 92.23075093809108 138
      vertex 83.70631606750489 105.76924906190892 138
      vertex 83.56104677546371 105.79323311909273 138
    endloop
  endfacet
  facet normal 0 0 1
    outer loop
      vertex 83.85284295923218 92.24518257728685 138
      vertex 83.85284295923218 105.75481742271315 138
      vertex 83.70631606750489 105.76924906190892 138
    endloop
  endfacet
  facet normal 0 0 1
    outer loop
      vertex 84 92.25 138
      vertex 84 105.75 138
      vertex 83.85284295923218 105.75481742271315 138
    endloop
  endfacet
  facet normal 0 0 1
    outer loop
      vertex 84.29368393249511 92.23075093809108 138
      vertex 84.29368393249511 105.76924906190892 138
      vertex 84.14715704076782 105.75481742271315 138
    endloop
  endfacet
  facet normal 0 0 1
    outer loop
      vertex 84.14715704076782 92.24518257728685 138
      vertex 84.14715704076782 105.75481742271315 138
      vertex 84 105.75 138
    endloop
  endfacet
  facet normal 0 0 1
    outer loop
      vertex 84.43895322453629 92.20676688090727 138
      vertex 84.43895322453629 105.79323311909273 138
      vertex 84.29368393249511 105.76924906190892 138
    endloop
  endfacet
  facet normal 0 0 1
    outer loop
      vertex 84.58234285148067 92.1733331091504 138
      vertex 84.58234285148067 105.8266668908496 138
      vertex 84.43895322453629 105.79323311909273 138
    endloop
  endfacet
  facet normal 0 0 1
    outer loop
      vertex 84.72323879693211 92.130592791364 138
      vertex 84.72323879693211 105.869407208636 138
      vertex 84.58234285148067 105.8266668908496 138
    endloop
  endfacet
  facet normal 0 0 1
    outer loop
      vertex 84.86103772282145 92.0787289481504 138
      vertex 84.86103772282145 105.9212710518496 138
      vertex 84.72323879693211 105.869407208636 138
    endloop
  endfacet
  facet normal 0 0 1
    outer loop
      vertex 84.99514955299276 92.01796366844854 138
      vertex 84.99514955299276 105.98203633155146 138
      vertex 84.86103772282145 105.9212710518496 138
    endloop
  endfacet
  facet normal 0 0 1
    outer loop
      vertex 85.125 91.94855715851499 138
      vertex 85.125 106.05144284148501 138
      vertex 84.99514955299276 105.98203633155146 138
    endloop
  endfacet
  facet normal 0 0 1
    outer loop
      vertex 85.36971321526963 91.78504501565529 138
      vertex 85.36971321526963 106.21495498434471 138
      vertex 85.25003302429411 106.12919337231928 138
    endloop
  endfacet
  facet normal 0 0 1
    outer loop
      vertex 85.25003302429411 91.87080662768072 138
      vertex 85.25003302429411 106.12919337231928 138
      vertex 85.125 106.05144284148501 138
    endloop
  endfacet
  facet normal 0 0 1
    outer loop
      vertex 85.48352808397516 91.6916395668277 138
      vertex 85.48352808397516 106.3083604331723 138
      vertex 85.36971321526963 106.21495498434471 138
    endloop
  endfacet
  facet normal 0 0 1
    outer loop
      vertex 85.59099025766973 91.59099025766973 138
      vertex 85.59099025766973 106.40900974233027 138
      vertex 85.48352808397516 106.3083604331723 138
    endloop
  endfacet
  facet normal 0 0 1
    outer loop
      vertex 85.6916395668277 91.48352808397516 138
      vertex 85.6916395668277 106.51647191602484 138
      vertex 85.59099025766973 106.40900974233027 138
    endloop
  endfacet
  facet normal 0 0 1
    outer loop
      vertex 85.78504501565529 91.36971321526963 138
      vertex 85.78504501565529 106.63028678473037 138
      vertex 85.6916395668277 106.51647191602484 138
    endloop
  endfacet
  facet normal 0 0 1
    outer loop
      vertex 85.87080662768072 91.25003302429411 138
      vertex 85.87080662768072 106.74996697570589 138
      vertex 85.78504501565529 106.63028678473037 138
    endloop
  endfacet
  facet normal 0 0 1
    outer loop
      vertex 85.94855715851499 91.125 138
      vertex 85.94855715851499 106.875 138
      vertex 85.87080662768072 106.74996697570589 138
    endloop
  endfacet
  facet normal 0 0 1
    outer loop
      vertex 86.01796366844854 90.99514955299276 138
      vertex 86.01796366844854 107.00485044700724 138
      vertex 85.94855715851499 106.875 138
    endloop
  endfacet
  facet normal 0 0 1
    outer loop
      vertex 86.0787289481504 90.86103772282145 138
      vertex 86.0787289481504 107.13896227717855 138
      vertex 86.01796366844854 107.00485044700724 138
    endloop
  endfacet
  facet normal 0 0 1
    outer loop
      vertex 86.130592791364 90.72323879693211 138
      vertex 86.130592791364 107.27676120306789 138
      vertex 86.0787289481504 107.13896227717855 138
    endloop
  endfacet
  facet normal 0 0 1
    outer loop
      vertex 86.1733331091504 90.58234285148067 138
      vertex 86.1733331091504 107.41765714851933 138
      vertex 86.130592791364 107.27676120306789 138
    endloop
  endfacet
  facet normal 0 0 1
    outer loop
      vertex 86.20676688090727 90.43895322453629 138
      vertex 86.20676688090727 107.56104677546371 138
      vertex 86.1733331091504 107.41765714851933 138
    endloop
  endfacet
  facet normal 0 0 1
    outer loop
      vertex 86.23075093809108 90.29368393249511 138
      vertex 86.23075093809108 107.70631606750489 138
      vertex 86.20676688090727 107.56104677546371 138
    endloop
  endfacet
  facet normal 0 0 1
    outer loop
      vertex 86.24518257728685 90.14715704076782 138
      vertex 86.24518257728685 107.85284295923218 138
      vertex 86.23075093809108 107.70631606750489 138
    endloop
  endfacet
  facet normal 0 0 1
    outer loop
      vertex 86.25 90 138
      vertex 86.25 108 138
      vertex 86.24518257728685 107.85284295923218 138
    endloop
  endfacet
  facet normal 0 0 1
    outer loop
      vertex 86.25 90 138
      vertex 92 116 138
      vertex 86.25 108 138
    endloop
  endfacet
  facet normal 0 0 1
    outer loop
      vertex 86.24518257728685 108.14715704076782 138
      vertex 86.25 108 138
      vertex 92 116 138
    endloop
  endfacet
  facet normal 0 0 1
    outer loop
      vertex 86.24518257728685 108.14715704076782 138
      vertex 92 116 138
      vertex 86.23075093809108 108.29368393249511 138
    endloop
  endfacet
  facet normal 0 0 1
    outer loop
      vertex 86.23075093809108 108.29368393249511 138
      vertex 92 116 138
      vertex 86.20676688090727 108.43895322453629 138
    endloop
  endfacet
  facet normal 0 0 1
    outer loop
      vertex 86.20676688090727 108.43895322453629 138
      vertex 92 116 138
      vertex 86.1733331091504 108.58234285148067 138
    endloop
  endfacet
  facet normal 0 0 1
    outer loop
      vertex 86.1733331091504 108.58234285148067 138
      vertex 92 116 138
      vertex 86.130592791364 108.72323879693211 138
    endloop
  endfacet
  facet normal 0 0 1
    outer loop
      vertex 85.48352808397516 109.6916395668277 138
      vertex 92 116 138
      vertex 85.36971321526963 109.78504501565529 138
    endloop
  endfacet
  facet normal 0 0 1
    outer loop
      vertex 86.01796366844854 108.99514955299276 138
      vertex 86.0787289481504 108.86103772282145 138
      vertex 92 116 138
    endloop
  endfacet
  facet normal 0 0 1
    outer loop
      vertex 86.130592791364 108.72323879693211 138
      vertex 92 116 138
      vertex 86.0787289481504 108.86103772282145 138
    endloop
  endfacet
  facet normal 0 0 1
    outer loop
      vertex 86.01796366844854 108.99514955299276 138
      vertex 92 116 138
      vertex 85.94855715851499 109.125 138
    endloop
  endfacet
  facet normal 0 0 1
    outer loop
      vertex 85.87080662768072 109.25003302429411 138
      vertex 85.94855715851499 109.125 138
      vertex 92 116 138
    endloop
  endfacet
  facet normal 0 0 1
    outer loop
      vertex 85.87080662768072 109.25003302429411 138
      vertex 92 116 138
      vertex 85.78504501565529 109.36971321526963 138
    endloop
  endfacet
  facet normal 0 0 1
    outer loop
      vertex 85.78504501565529 109.36971321526963 138
      vertex 92 116 138
      vertex 85.6916395668277 109.48352808397516 138
    endloop
  endfacet
  facet normal 0 0 1
    outer loop
      vertex 85.6916395668277 109.48352808397516 138
      vertex 92 116 138
      vertex 85.59099025766973 109.59099025766973 138
    endloop
  endfacet
  facet normal 0 0 1
    outer loop
      vertex 85.48352808397516 109.6916395668277 138
      vertex 85.59099025766973 109.59099025766973 138
      vertex 92 116 138
    endloop
  endfacet
  facet normal 0 0 1
    outer loop
      vertex 84 110.25 138
      vertex 84.14715704076782 110.24518257728685 138
      vertex 92 116 138
    endloop
  endfacet
  facet normal 0 0 1
    outer loop
      vertex 83.85284295923218 110.24518257728685 138
      vertex 84 110.25 138
      vertex 92 116 138
    endloop
  endfacet
  facet normal 0 0 1
    outer loop
      vertex 84.29368393249511 110.23075093809108 138
      vertex 84.43895322453629 110.20676688090727 138
      vertex 92 116 138
    endloop
  endfacet
  facet normal 0 0 1
    outer loop
      vertex 84.14715704076782 110.24518257728685 138
      vertex 84.29368393249511 110.23075093809108 138
      vertex 92 116 138
    endloop
  endfacet
  facet normal 0 0 1
    outer loop
      vertex 84.86103772282145 110.0787289481504 138
      vertex 84.99514955299276 110.01796366844854 138
      vertex 92 116 138
    endloop
  endfacet
  facet normal 0 0 1
    outer loop
      vertex 85.25003302429411 109.87080662768072 138
      vertex 92 116 138
      vertex 85.125 109.94855715851499 138
    endloop
  endfacet
  facet normal 0 0 1
    outer loop
      vertex 85.25003302429411 109.87080662768072 138
      vertex 85.36971321526963 109.78504501565529 138
      vertex 92 116 138
    endloop
  endfacet
  facet normal 0 0 1
    outer loop
      vertex 85.125 109.94855715851499 138
      vertex 92 116 138
      vertex 84.99514955299276 110.01796366844854 138
    endloop
  endfacet
  facet normal 0 0 1
    outer loop
      vertex 84.58234285148067 110.1733331091504 138
      vertex 84.72323879693211 110.130592791364 138
      vertex 92 116 138
    endloop
  endfacet
  facet normal 0 0 1
    outer loop
      vertex 84.43895322453629 110.20676688090727 138
      vertex 84.58234285148067 110.1733331091504 138
      vertex 92 116 138
    endloop
  endfacet
  facet normal 0 0 1
    outer loop
      vertex 84.72323879693211 110.130592791364 138
      vertex 84.86103772282145 110.0787289481504 138
      vertex 92 116 138
    endloop
  endfacet
  facet normal 0 -1 0
    outer loop
      vertex -92 72 134
      vertex -65.025 72 134
      vertex -65.025 72 138
    endloop
  endfacet
  facet normal 0 -1 0
    outer loop
      vertex -47.025000000000006 72 138
      vertex -47.025000000000006 72 134
      vertex -27.675 72 134
    endloop
  endfacet
  facet normal 0 -1 0
    outer loop
      vertex -92 72 134
      vertex -65.025 72 138
      vertex -92 72 138
    endloop
  endfacet
  facet normal 0 -1 0
    outer loop
      vertex -47.025000000000006 72 138
      vertex -27.675 72 134
      vertex -27.675 72 138
    endloop
  endfacet
  facet normal 0 -1 0
    outer loop
      vertex -9.675 72 134
      vertex 9.675 72 138
      vertex -9.675 72 138
    endloop
  endfacet
  facet normal 0 -1 0
    outer loop
      vertex -9.675 72 134
      vertex 9.675 72 134
      vertex 9.675 72 138
    endloop
  endfacet
  facet normal 0 -1 0
    outer loop
      vertex 27.675 72 134
      vertex 47.025000000000006 72 134
      vertex 27.675 72 138
    endloop
  endfacet
  facet normal 0 -1 0
    outer loop
      vertex 92 72 134
      vertex 92 72 138
      vertex 65.025 72 134
    endloop
  endfacet
  facet normal 0 -1 0
    outer loop
      vertex 47.025000000000006 72 134
      vertex 47.025000000000006 72 138
      vertex 27.675 72 138
    endloop
  endfacet
  facet normal 0 -1 0
    outer loop
      vertex 65.025 72 134
      vertex 92 72 138
      vertex 65.025 72 138
    endloop
  endfacet
endsolid OpenSCAD_Model
